# Blender v2.79 (sub 0) OBJ File: 'game.blend'
# www.blender.org
mtllib cooktop.mtl
o fogao
v -9.575310 0.000000 2.980996
v -9.575310 -1.931477 2.980996
v -4.763791 -0.542212 2.899297
v -4.866338 -0.552312 2.899297
v -4.964943 -0.582223 2.899297
v -5.055820 -0.630798 2.899297
v -5.135473 -0.696167 2.899297
v -5.200843 -0.775821 2.899297
v -5.249417 -0.866697 2.899297
v -5.279329 -0.965303 2.899297
v -5.289429 -1.067850 2.899297
v -5.279329 -1.170396 2.899297
v -5.249417 -1.269002 2.899297
v -5.200843 -1.359878 2.899297
v -5.135473 -1.439532 2.899297
v -5.055820 -1.504902 2.899297
v -4.964943 -1.553476 2.899297
v -4.866337 -1.583388 2.899297
v -4.763791 -1.593488 2.899297
v -4.661243 -1.583388 2.899297
v -4.562638 -1.553476 2.899297
v -4.471762 -1.504902 2.899297
v -4.392108 -1.439532 2.899297
v -4.326739 -1.359878 2.899297
v -4.278164 -1.269002 2.899297
v -4.248253 -1.170396 2.899297
v -4.238153 -1.067849 2.899297
v -4.248253 -0.965302 2.899297
v -4.278165 -0.866696 2.899297
v -4.326739 -0.775820 2.899297
v -4.392109 -0.696167 2.899297
v -4.471763 -0.630797 2.899297
v -4.562639 -0.582223 2.899297
v -4.661245 -0.552311 2.899297
v -4.763791 -0.542212 3.309765
v -4.866338 -0.552312 3.309765
v -4.964943 -0.582223 3.309765
v -5.055820 -0.630798 3.309765
v -5.135473 -0.696167 3.309765
v -5.200843 -0.775821 3.309765
v -5.249417 -0.866697 3.309765
v -5.279329 -0.965303 3.309765
v -5.289429 -1.067850 3.309765
v -5.279329 -1.170396 3.309765
v -5.249417 -1.269002 3.309765
v -5.200843 -1.359878 3.309765
v -5.135473 -1.439532 3.309767
v -5.055820 -1.504902 3.309765
v -4.964943 -1.553476 3.309765
v -4.866337 -1.583388 3.309765
v -4.763791 -1.593488 3.309765
v -4.661243 -1.583388 3.309765
v -4.562638 -1.553476 3.309765
v -4.471762 -1.504902 3.309765
v -4.392108 -1.439532 3.309767
v -4.326739 -1.359878 3.309765
v -4.278164 -1.269002 3.309765
v -4.248253 -1.170396 3.309765
v -4.238153 -1.067849 3.309765
v -4.248253 -0.965302 3.309765
v -4.278165 -0.866696 3.309765
v -4.326739 -0.775820 3.309765
v -4.392109 -0.696167 3.309765
v -4.471763 -0.630797 3.309765
v -4.562639 -0.582223 3.309765
v -4.661245 -0.552311 3.309765
v -4.865755 -1.372914 3.448217
v -4.865755 -0.694041 3.448217
v -4.865755 -1.372914 3.309765
v -4.865755 -0.694041 3.309765
v -4.651413 -1.372914 3.448217
v -4.651413 -0.694041 3.448217
v -4.651413 -1.372914 3.309765
v -4.651413 -0.694041 3.309765
v -4.722860 -1.372914 3.309765
v -4.794308 -1.372914 3.309765
v -4.794308 -0.694041 3.309765
v -4.722860 -0.694041 3.309765
v -4.794308 -1.372914 3.479489
v -4.722860 -1.372914 3.479489
v -4.722860 -0.694041 3.479489
v -4.794308 -0.694041 3.479489
v -4.865755 -1.219259 3.510699
v -4.865755 -0.821917 3.510699
v -4.865755 -0.821917 3.309765
v -4.865755 -1.219259 3.309765
v -4.651413 -0.821917 3.309765
v -4.651413 -1.219259 3.309765
v -4.651413 -0.821917 3.510699
v -4.651413 -1.219259 3.510699
v -4.722860 -0.821917 3.541970
v -4.722860 -1.219259 3.541970
v -4.794308 -0.821917 3.541970
v -4.794308 -1.219259 3.541970
v -4.794308 -0.821917 3.309765
v -4.794308 -1.219259 3.309765
v -4.722860 -0.821917 3.309765
v -4.722860 -1.219259 3.309765
v -4.222475 -1.292070 2.973966
v -4.222475 -1.292070 3.240875
v -4.189132 -1.182156 3.240875
v -4.189132 -1.182156 2.973966
v -5.338449 -1.182156 2.973966
v -5.338449 -1.182156 3.240875
v -5.305107 -1.292070 3.240875
v -5.305107 -1.292070 2.973966
v -4.177874 -1.067849 3.240875
v -4.177874 -1.067849 2.973966
v -5.250963 -1.393367 3.240875
v -5.250963 -1.393367 2.973966
v -4.189133 -0.953542 3.240875
v -4.189133 -0.953542 2.973966
v -5.178096 -1.482155 3.240875
v -5.178096 -1.482155 2.973966
v -4.222475 -0.843628 3.240875
v -4.222475 -0.843628 2.973966
v -5.089309 -1.555021 3.240875
v -5.089309 -1.555022 2.973966
v -4.276619 -0.742331 3.240875
v -4.276619 -0.742331 2.973966
v -4.988011 -1.609166 3.240875
v -4.988011 -1.609166 2.973966
v -4.763791 -0.481933 2.973966
v -4.763791 -0.481933 3.240875
v -4.878097 -0.493191 3.240875
v -4.878097 -0.493191 2.973966
v -4.349486 -0.653543 3.240875
v -4.349486 -0.653544 2.973966
v -4.878097 -1.642508 3.240875
v -4.878097 -1.642508 2.973966
v -4.988011 -0.526533 3.240875
v -4.988011 -0.526533 2.973966
v -4.438274 -0.580677 3.240875
v -4.438274 -0.580677 2.973966
v -4.763791 -1.653766 3.240875
v -4.763791 -1.653766 2.973966
v -5.089309 -0.580678 3.240875
v -5.089309 -0.580678 2.973966
v -4.539571 -0.526533 3.240875
v -4.539571 -0.526533 2.973966
v -4.649484 -1.642508 3.240875
v -4.649484 -1.642508 2.973966
v -5.178096 -0.653544 3.240875
v -5.178096 -0.653544 2.973966
v -4.649485 -0.493191 3.240875
v -4.649485 -0.493191 2.973966
v -4.539570 -1.609166 3.240875
v -4.539570 -1.609166 2.973966
v -5.250963 -0.742332 3.240875
v -5.250963 -0.742332 2.973966
v -4.438273 -1.555021 3.240875
v -4.438273 -1.555021 2.973966
v -5.305107 -0.843629 3.240875
v -5.305107 -0.843629 2.973966
v -4.349485 -1.482155 3.240875
v -4.349485 -1.482155 2.973966
v -5.338449 -0.953543 3.240875
v -5.338449 -0.953543 2.973966
v -4.276619 -1.393367 3.240875
v -4.276619 -1.393367 2.973966
v -5.349707 -1.067850 3.240875
v -5.349707 -1.067850 2.973966
v -4.758584 -0.694041 3.309765
v -4.865755 -0.921252 3.309765
v -4.865755 -1.119924 3.309765
v -4.865755 -1.020588 3.309765
v -4.758584 -1.372914 3.309765
v -4.651413 -1.119924 3.309765
v -4.651413 -1.070256 3.309765
v -4.651413 -1.020588 3.309765
v -4.651413 -0.921252 3.309765
v -4.865755 -1.372914 3.317140
v -4.865755 -0.694041 3.317140
v -4.651413 -1.372914 3.317140
v -4.651413 -0.694041 3.317140
v -4.722860 -0.694041 3.317140
v -4.794308 -0.694041 3.317140
v -4.794308 -1.372914 3.317140
v -4.722860 -1.372914 3.317140
v -4.651413 -1.219259 3.317140
v -4.651413 -0.821917 3.317140
v -4.865755 -1.219259 3.317140
v -4.865755 -0.821917 3.317140
v -1.131108 -0.542212 2.899297
v -1.233655 -0.552312 2.899297
v -1.332261 -0.582223 2.899297
v -1.423137 -0.630798 2.899297
v -1.502790 -0.696167 2.899297
v -1.568160 -0.775821 2.899297
v -1.616734 -0.866697 2.899297
v -1.646646 -0.965303 2.899297
v -1.656746 -1.067850 2.899297
v -1.646646 -1.170396 2.899297
v -1.616734 -1.269002 2.899297
v -1.568160 -1.359878 2.899297
v -1.502790 -1.439532 2.899297
v -1.423137 -1.504902 2.899297
v -1.332261 -1.553476 2.899297
v -1.233655 -1.583388 2.899297
v -1.131107 -1.593488 2.899297
v -1.028561 -1.583388 2.899297
v -0.929955 -1.553476 2.899297
v -0.839079 -1.504902 2.899297
v -0.759425 -1.439532 2.899297
v -0.694055 -1.359878 2.899297
v -0.645481 -1.269002 2.899297
v -0.615570 -1.170396 2.899297
v -0.605470 -1.067849 2.899297
v -0.615570 -0.965302 2.899297
v -0.645482 -0.866696 2.899297
v -0.694056 -0.775820 2.899297
v -0.759426 -0.696167 2.899297
v -0.839079 -0.630797 2.899297
v -0.929955 -0.582223 2.899297
v -1.028562 -0.552311 2.899297
v -1.131108 -0.542212 3.309765
v -1.233655 -0.552312 3.309765
v -1.332261 -0.582223 3.309765
v -1.423137 -0.630798 3.309765
v -1.502790 -0.696167 3.309765
v -1.568160 -0.775821 3.309765
v -1.616734 -0.866697 3.309765
v -1.646646 -0.965303 3.309765
v -1.656746 -1.067850 3.309765
v -1.646646 -1.170396 3.309765
v -1.616734 -1.269002 3.309765
v -1.568160 -1.359878 3.309765
v -1.502790 -1.439532 3.309767
v -1.423137 -1.504902 3.309765
v -1.332261 -1.553476 3.309765
v -1.233655 -1.583388 3.309765
v -1.131107 -1.593488 3.309765
v -1.028561 -1.583388 3.309765
v -0.929955 -1.553476 3.309765
v -0.839079 -1.504902 3.309765
v -0.759425 -1.439532 3.309767
v -0.694055 -1.359878 3.309765
v -0.645481 -1.269002 3.309765
v -0.615570 -1.170396 3.309765
v -0.605470 -1.067849 3.309765
v -0.615570 -0.965302 3.309765
v -0.645482 -0.866696 3.309765
v -0.694056 -0.775820 3.309765
v -0.759426 -0.696167 3.309765
v -0.839079 -0.630797 3.309765
v -0.929955 -0.582223 3.309765
v -1.028562 -0.552311 3.309765
v -1.233072 -1.372914 3.448217
v -1.233072 -0.694041 3.448217
v -1.233072 -1.372914 3.309765
v -1.233072 -0.694041 3.309765
v -1.018730 -1.372914 3.448217
v -1.018730 -0.694041 3.448217
v -1.018730 -1.372914 3.309765
v -1.018730 -0.694041 3.309765
v -1.090178 -1.372914 3.309765
v -1.161625 -1.372914 3.309765
v -1.161625 -0.694041 3.309765
v -1.090178 -0.694041 3.309765
v -1.161625 -1.372914 3.479489
v -1.090178 -1.372914 3.479489
v -1.090178 -0.694041 3.479489
v -1.161625 -0.694041 3.479489
v -1.233072 -1.219259 3.510699
v -1.233072 -0.821917 3.510699
v -1.233072 -0.821917 3.309765
v -1.233072 -1.219259 3.309765
v -1.018730 -0.821917 3.309765
v -1.018730 -1.219259 3.309765
v -1.018730 -0.821917 3.510699
v -1.018730 -1.219259 3.510699
v -1.090178 -0.821917 3.541970
v -1.090178 -1.219259 3.541970
v -1.161625 -0.821917 3.541970
v -1.161625 -1.219259 3.541970
v -1.161625 -0.821917 3.309765
v -1.161625 -1.219259 3.309765
v -1.090178 -0.821917 3.309765
v -1.090178 -1.219259 3.309765
v -0.589791 -1.292070 2.973966
v -0.589791 -1.292070 3.240875
v -0.556449 -1.182156 3.240875
v -0.556449 -1.182156 2.973966
v -1.705766 -1.182156 2.973966
v -1.705766 -1.182156 3.240875
v -1.672424 -1.292070 3.240875
v -1.672424 -1.292070 2.973966
v -0.545191 -1.067849 3.240875
v -0.545191 -1.067849 2.973966
v -1.618280 -1.393367 3.240875
v -1.618280 -1.393367 2.973966
v -0.556449 -0.953542 3.240875
v -0.556449 -0.953542 2.973966
v -1.545414 -1.482155 3.240875
v -1.545414 -1.482155 2.973966
v -0.589792 -0.843628 3.240875
v -0.589792 -0.843628 2.973966
v -1.456626 -1.555021 3.240875
v -1.456626 -1.555022 2.973966
v -0.643936 -0.742331 3.240875
v -0.643936 -0.742331 2.973966
v -1.355328 -1.609166 3.240875
v -1.355328 -1.609166 2.973966
v -1.131108 -0.481933 2.973966
v -1.131108 -0.481933 3.240875
v -1.245414 -0.493191 3.240875
v -1.245414 -0.493191 2.973966
v -0.716803 -0.653543 3.240875
v -0.716803 -0.653544 2.973966
v -1.245414 -1.642508 3.240875
v -1.245414 -1.642508 2.973966
v -1.355329 -0.526533 3.240875
v -1.355329 -0.526533 2.973966
v -0.805591 -0.580677 3.240875
v -0.805591 -0.580677 2.973966
v -1.131107 -1.653766 3.240875
v -1.131107 -1.653766 2.973966
v -1.456626 -0.580678 3.240875
v -1.456626 -0.580678 2.973966
v -0.906888 -0.526533 3.240875
v -0.906888 -0.526533 2.973966
v -1.016801 -1.642508 3.240875
v -1.016801 -1.642508 2.973966
v -1.545414 -0.653544 3.240875
v -1.545414 -0.653544 2.973966
v -1.016802 -0.493191 3.240875
v -1.016802 -0.493191 2.973966
v -0.906887 -1.609166 3.240875
v -0.906887 -1.609166 2.973966
v -1.618280 -0.742332 3.240875
v -1.618280 -0.742332 2.973966
v -0.805590 -1.555021 3.240875
v -0.805590 -1.555021 2.973966
v -1.672424 -0.843629 3.240875
v -1.672424 -0.843629 2.973966
v -0.716802 -1.482155 3.240875
v -0.716802 -1.482155 2.973966
v -1.705766 -0.953543 3.240875
v -1.705766 -0.953543 2.973966
v -0.643936 -1.393367 3.240875
v -0.643936 -1.393367 2.973966
v -1.717025 -1.067850 3.240875
v -1.717025 -1.067850 2.973966
v -1.125901 -0.694041 3.309765
v -1.233072 -0.921252 3.309765
v -1.233072 -1.119924 3.309765
v -1.233072 -1.020588 3.309765
v -1.125901 -1.372914 3.309765
v -1.018730 -1.119924 3.309765
v -1.018730 -1.070256 3.309765
v -1.018730 -1.020588 3.309765
v -1.018730 -0.921252 3.309765
v -1.233072 -1.372914 3.317140
v -1.233072 -0.694041 3.317140
v -1.018730 -1.372914 3.317140
v -1.018730 -0.694041 3.317140
v -1.090178 -0.694041 3.317140
v -1.161625 -0.694041 3.317140
v -1.161625 -1.372914 3.317140
v -1.090178 -1.372914 3.317140
v -1.018730 -1.219259 3.317140
v -1.018730 -0.821917 3.317140
v -1.233072 -1.219259 3.317140
v -1.233072 -0.821917 3.317140
v -3.135418 0.174356 1.343634
v -3.132436 0.159963 1.341147
v -3.125103 0.147110 1.339338
v -3.114138 0.137055 1.338383
v -3.100614 0.130782 1.338376
v -3.085854 0.128906 1.339318
v -3.071305 0.131610 1.341117
v -3.058388 0.138629 1.343596
v -3.048370 0.149277 1.346513
v -3.042231 0.162511 1.349582
v -3.040571 0.177036 1.352503
v -3.172699 0.091699 1.775075
v -3.169959 0.077090 1.773926
v -3.162994 0.063911 1.774137
v -3.152484 0.053452 1.775687
v -3.139459 0.046737 1.778424
v -3.125193 0.044423 1.782081
v -3.111082 0.046737 1.786300
v -3.098510 0.053452 1.790667
v -3.088704 0.063911 1.794755
v -3.082626 0.077090 1.798165
v -3.080872 0.091699 1.800562
v -3.316291 0.072718 2.076092
v -3.314748 0.057917 2.076988
v -3.310055 0.044374 2.081088
v -3.302675 0.033413 2.087990
v -3.293328 0.026108 2.097019
v -3.282929 0.023174 2.107290
v -3.272497 0.024899 2.117800
v -3.263052 0.031112 2.127517
v -3.255520 0.041206 2.135493
v -3.250637 0.054194 2.140945
v -3.248881 0.068803 2.143341
v -3.616308 0.073107 2.219362
v -3.615881 0.058285 2.220908
v -3.614255 0.044685 2.226793
v -3.611588 0.033637 2.236441
v -3.608143 0.026223 2.248907
v -3.604256 0.023168 2.262972
v -3.600308 0.024772 2.277257
v -3.596685 0.030878 2.290367
v -3.593743 0.040888 2.301015
v -3.591768 0.053821 2.308162
v -3.590954 0.068413 2.311106
v -4.043434 0.073107 2.256379
v -4.043363 0.058285 2.257981
v -4.043094 0.044685 2.264081
v -4.042653 0.033637 2.274081
v -4.042082 0.026223 2.287002
v -4.041440 0.023168 2.301579
v -4.040786 0.024772 2.316386
v -4.040187 0.030878 2.329973
v -4.039700 0.040888 2.341010
v -4.039373 0.053821 2.348417
v -4.039238 0.068413 2.351469
v -4.517811 0.073107 2.256332
v -4.517811 0.058285 2.257936
v -4.517811 0.044685 2.264041
v -4.517811 0.033637 2.274051
v -4.517811 0.026223 2.286985
v -4.517811 0.023168 2.301577
v -4.517811 0.024772 2.316398
v -4.517811 0.030878 2.329998
v -4.517811 0.040888 2.341046
v -4.517811 0.053821 2.348460
v -4.517811 0.068413 2.351514
v -4.994302 0.073107 2.256332
v -4.994302 0.058285 2.257936
v -4.994302 0.044685 2.264041
v -4.994302 0.033637 2.274051
v -4.994302 0.026223 2.286985
v -4.994302 0.023168 2.301577
v -4.994302 0.024772 2.316398
v -4.994302 0.030878 2.329998
v -4.994302 0.040888 2.341046
v -4.994302 0.053821 2.348460
v -4.994302 0.068413 2.351514
v -5.470793 0.073107 2.256332
v -5.470793 0.058285 2.257936
v -5.470793 0.044685 2.264041
v -5.470793 0.033637 2.274051
v -5.470793 0.026223 2.286985
v -5.470793 0.023168 2.301577
v -5.470793 0.024772 2.316398
v -5.470793 0.030878 2.329998
v -5.470793 0.040888 2.341046
v -5.470793 0.053821 2.348460
v -5.470793 0.068413 2.351514
v -5.945170 0.073107 2.256379
v -5.945240 0.058285 2.257981
v -5.945510 0.044685 2.264081
v -5.945951 0.033637 2.274081
v -5.946522 0.026223 2.287002
v -5.947165 0.023168 2.301579
v -5.947818 0.024772 2.316386
v -5.948417 0.030878 2.329973
v -5.948904 0.040888 2.341010
v -5.949231 0.053821 2.348417
v -5.949366 0.068413 2.351469
v -6.372295 0.073107 2.219362
v -6.372723 0.058285 2.220908
v -6.374349 0.044685 2.226793
v -6.377016 0.033637 2.236441
v -6.380460 0.026223 2.248907
v -6.384347 0.023168 2.262972
v -6.388296 0.024772 2.277257
v -6.391919 0.030878 2.290367
v -6.394861 0.040888 2.301015
v -6.396836 0.053821 2.308162
v -6.397650 0.068413 2.311106
v -6.672313 0.072718 2.076092
v -6.673857 0.057917 2.076988
v -6.678548 0.044374 2.081088
v -6.685929 0.033413 2.087990
v -6.695275 0.026108 2.097019
v -6.705675 0.023174 2.107290
v -6.716107 0.024899 2.117800
v -6.725552 0.031112 2.127517
v -6.733084 0.041206 2.135493
v -6.737967 0.054194 2.140945
v -6.739723 0.068803 2.143341
v -6.815905 0.091699 1.775075
v -6.818645 0.077090 1.773926
v -6.825610 0.063911 1.774137
v -6.836120 0.053452 1.775687
v -6.849145 0.046737 1.778424
v -6.863411 0.044423 1.782081
v -6.877522 0.046737 1.786300
v -6.890094 0.053452 1.790667
v -6.899899 0.063911 1.794755
v -6.905977 0.077090 1.798165
v -6.907732 0.091699 1.800562
v -6.852787 0.174836 1.347319
v -6.855346 0.160150 1.347316
v -6.862312 0.146971 1.347519
v -6.873005 0.136591 1.347907
v -6.886379 0.130026 1.348443
v -6.901124 0.127917 1.349074
v -6.915796 0.130473 1.349738
v -6.928960 0.137441 1.350371
v -6.939326 0.148141 1.350909
v -6.945881 0.161525 1.351302
v -6.947982 0.176283 1.351510
v -6.852723 0.091045 0.868442
v -6.855250 0.076420 0.869840
v -6.862194 0.063287 0.871095
v -6.872874 0.052934 0.872085
v -6.886246 0.046372 0.872712
v -6.901000 0.044245 0.872915
v -6.915692 0.046761 0.872675
v -6.928884 0.053673 0.872014
v -6.939285 0.064305 0.870998
v -6.945876 0.077616 0.869726
v -6.948013 0.092303 0.868322
v -6.852723 0.080573 0.291468
v -6.855250 0.065896 0.290785
v -6.862194 0.052719 0.290171
v -6.872874 0.042329 0.289687
v -6.886246 0.035745 0.289380
v -6.901000 0.033610 0.289280
v -6.915692 0.036135 0.289398
v -6.928884 0.043071 0.289721
v -6.939285 0.053739 0.290218
v -6.945876 0.067096 0.290841
v -6.948013 0.081834 0.291528
v -3.135881 0.080573 0.291468
v -3.133354 0.065896 0.290785
v -3.126410 0.052719 0.290171
v -3.115730 0.042329 0.289687
v -3.102358 0.035745 0.289380
v -3.087604 0.033610 0.289281
v -3.072912 0.036135 0.289398
v -3.059720 0.043071 0.289721
v -3.049319 0.053739 0.290218
v -3.042727 0.067096 0.290841
v -3.040591 0.081834 0.291528
v -3.135881 0.091045 0.868442
v -3.133354 0.076420 0.869840
v -3.126410 0.063287 0.871095
v -3.115730 0.052934 0.872085
v -3.102358 0.046372 0.872712
v -3.087604 0.044245 0.872915
v -3.072912 0.046761 0.872675
v -3.059720 0.053673 0.872014
v -3.049319 0.064305 0.870998
v -3.042727 0.077616 0.869726
v -3.040591 0.092303 0.868322
v -3.135881 0.177419 1.355378
v -3.133354 0.167160 1.365896
v -3.126410 0.157949 1.375340
v -3.115730 0.150687 1.382786
v -3.102358 0.146085 1.387504
v -3.087604 0.144593 1.389034
v -3.072912 0.146357 1.387225
v -3.059720 0.151205 1.382254
v -3.049319 0.158663 1.374608
v -3.042727 0.167999 1.365036
v -3.040591 0.178301 1.354474
v -3.135881 0.450750 1.397369
v -3.133354 0.445538 1.411105
v -3.126410 0.440857 1.423439
v -3.115730 0.437167 1.433163
v -3.102358 0.434829 1.439326
v -3.087604 0.434070 1.441324
v -3.072912 0.434967 1.438961
v -3.059720 0.437430 1.432469
v -3.049319 0.441220 1.422484
v -3.042727 0.445964 1.409982
v -3.040591 0.451199 1.396188
v -3.135637 0.683788 1.549049
v -3.132872 0.672770 1.558704
v -3.125726 0.663134 1.567553
v -3.114897 0.655822 1.574731
v -3.101446 0.651549 1.579533
v -3.086690 0.650735 1.581492
v -3.072073 0.653459 1.580414
v -3.059025 0.659453 1.576405
v -3.048825 0.668133 1.569858
v -3.042470 0.678647 1.561413
v -3.040582 0.689967 1.551897
v -3.171211 0.802124 1.817416
v -3.167421 0.788634 1.822505
v -3.159596 0.777364 1.828339
v -3.148505 0.769419 1.834347
v -3.135232 0.765576 1.839942
v -3.121077 0.766210 1.844576
v -3.107424 0.771260 1.847794
v -3.095612 0.780232 1.849283
v -3.086795 0.792247 1.848895
v -3.081837 0.806129 1.846670
v -3.081223 0.820520 1.842825
v -3.312523 0.829296 2.078393
v -3.308791 0.815823 2.083569
v -3.302376 0.804967 2.091521
v -3.293906 0.797791 2.101472
v -3.284211 0.794997 2.112447
v -3.274240 0.796859 2.123372
v -3.264968 0.803195 2.133177
v -3.257303 0.813384 2.140903
v -3.251996 0.826429 2.145793
v -3.249566 0.841052 2.147369
v -3.250251 0.855824 2.145477
v -3.610284 0.828607 2.203403
v -3.609263 0.815215 2.209871
v -3.607647 0.804501 2.220111
v -3.605594 0.797515 2.233119
v -3.603305 0.794941 2.247624
v -3.601003 0.797030 2.262204
v -3.598916 0.803578 2.275433
v -3.597245 0.813945 2.286016
v -3.596156 0.827115 2.292916
v -3.595755 0.841799 2.295459
v -3.596081 0.856560 2.293396
v -4.020060 0.828607 2.174732
v -4.024440 0.815215 2.179599
v -4.031374 0.804501 2.187305
v -4.040184 0.797515 2.197095
v -4.050005 0.794941 2.208011
v -4.059879 0.797030 2.218983
v -4.068838 0.803578 2.228938
v -4.076004 0.813945 2.236902
v -4.080677 0.827115 2.242095
v -4.082399 0.841799 2.244009
v -4.081001 0.856560 2.242456
v -4.061057 0.828607 1.920630
v -4.067363 0.815215 1.922397
v -4.077345 0.804501 1.925193
v -4.090027 0.797515 1.928746
v -4.104167 0.794941 1.932707
v -4.118380 0.797030 1.936689
v -4.131276 0.803578 1.940302
v -4.141593 0.813945 1.943192
v -4.148319 0.827115 1.945077
v -4.150798 0.841799 1.945772
v -4.148786 0.856560 1.945208
v -4.182278 0.828607 1.592027
v -4.188142 0.815215 1.594941
v -4.197426 0.804501 1.599554
v -4.209220 0.797515 1.605413
v -4.222371 0.794941 1.611947
v -4.235590 0.797030 1.618515
v -4.247584 0.803578 1.624474
v -4.257179 0.813945 1.629241
v -4.263435 0.827115 1.632349
v -4.265740 0.841799 1.633494
v -4.263869 0.856560 1.632565
v -4.385788 0.828607 1.274256
v -4.390750 0.815215 1.278530
v -4.398605 0.804501 1.285295
v -4.408585 0.797515 1.293889
v -4.419712 0.794941 1.303471
v -4.430896 0.797030 1.313103
v -4.441044 0.803578 1.321843
v -4.449162 0.813945 1.328835
v -4.454456 0.827115 1.333393
v -4.456407 0.841799 1.335073
v -4.454823 0.856560 1.333709
v -4.665143 0.828607 1.031033
v -4.668273 0.815215 1.036785
v -4.673228 0.804501 1.045891
v -4.679524 0.797515 1.057458
v -4.686543 0.794941 1.070356
v -4.693598 0.797030 1.083322
v -4.700000 0.803578 1.095085
v -4.705121 0.813945 1.104496
v -4.708460 0.827115 1.110632
v -4.709691 0.841799 1.112893
v -4.708693 0.856560 1.111058
v -4.994302 0.828607 0.937484
v -4.994302 0.815215 0.944032
v -4.994302 0.804501 0.954399
v -4.994302 0.797515 0.967569
v -4.994302 0.794941 0.982253
v -4.994302 0.797030 0.997014
v -4.994302 0.803578 1.010406
v -4.994302 0.813945 1.021120
v -4.994302 0.827115 1.028105
v -4.994302 0.841799 1.030680
v -4.994302 0.856560 1.028591
v -5.323461 0.828607 1.031033
v -5.320330 0.815215 1.036785
v -5.315375 0.804501 1.045891
v -5.309080 0.797515 1.057458
v -5.302061 0.794941 1.070356
v -5.295005 0.797030 1.083322
v -5.288603 0.803578 1.095085
v -5.283483 0.813945 1.104496
v -5.280143 0.827115 1.110632
v -5.278913 0.841799 1.112893
v -5.279911 0.856560 1.111058
v -5.602815 0.828607 1.274256
v -5.597853 0.815215 1.278530
v -5.589998 0.804501 1.285295
v -5.580019 0.797515 1.293889
v -5.568892 0.794941 1.303471
v -5.557708 0.797030 1.313103
v -5.547560 0.803578 1.321843
v -5.539442 0.813945 1.328835
v -5.534148 0.827115 1.333393
v -5.532197 0.841799 1.335073
v -5.533781 0.856560 1.333709
v -5.806326 0.828607 1.592027
v -5.800462 0.815215 1.594941
v -5.791178 0.804501 1.599554
v -5.779384 0.797515 1.605413
v -5.766233 0.794941 1.611947
v -5.753014 0.797030 1.618515
v -5.741020 0.803578 1.624474
v -5.731425 0.813945 1.629241
v -5.725169 0.827115 1.632349
v -5.722863 0.841799 1.633494
v -5.724734 0.856560 1.632565
v -5.927547 0.828607 1.920630
v -5.921241 0.815215 1.922397
v -5.911259 0.804501 1.925193
v -5.898577 0.797515 1.928746
v -5.884438 0.794941 1.932707
v -5.870224 0.797030 1.936689
v -5.857328 0.803578 1.940302
v -5.847011 0.813945 1.943192
v -5.840284 0.827115 1.945077
v -5.837806 0.841799 1.945772
v -5.839818 0.856560 1.945208
v -5.968544 0.828607 2.174732
v -5.964164 0.815215 2.179599
v -5.957230 0.804501 2.187305
v -5.948420 0.797515 2.197095
v -5.938598 0.794941 2.208011
v -5.928725 0.797030 2.218983
v -5.919766 0.803578 2.228938
v -5.912600 0.813945 2.236902
v -5.907927 0.827115 2.242095
v -5.906205 0.841799 2.244009
v -5.907602 0.856560 2.242456
v -6.378319 0.828607 2.203403
v -6.379340 0.815215 2.209871
v -6.380956 0.804501 2.220111
v -6.383009 0.797515 2.233119
v -6.385299 0.794941 2.247624
v -6.387600 0.797030 2.262204
v -6.389688 0.803578 2.275433
v -6.391358 0.813945 2.286016
v -6.392447 0.827115 2.292916
v -6.392848 0.841799 2.295459
v -6.392523 0.856560 2.293396
v -6.676080 0.829296 2.078393
v -6.679813 0.815823 2.083569
v -6.686228 0.804967 2.091521
v -6.694698 0.797791 2.101472
v -6.704392 0.794997 2.112447
v -6.714364 0.796859 2.123372
v -6.723636 0.803195 2.133177
v -6.731300 0.813384 2.140903
v -6.736608 0.826429 2.145793
v -6.739038 0.841052 2.147369
v -6.738353 0.855824 2.145477
v -6.817393 0.802124 1.817416
v -6.821183 0.788634 1.822505
v -6.829008 0.777364 1.828339
v -6.840098 0.769419 1.834347
v -6.853371 0.765576 1.839942
v -6.867527 0.766210 1.844576
v -6.881179 0.771260 1.847794
v -6.892992 0.780232 1.849283
v -6.901808 0.792247 1.848895
v -6.906766 0.806129 1.846670
v -6.907380 0.820520 1.842825
v -6.852967 0.683788 1.549049
v -6.855731 0.672770 1.558704
v -6.862878 0.663134 1.567553
v -6.873707 0.655822 1.574730
v -6.887158 0.651549 1.579533
v -6.901914 0.650735 1.581492
v -6.916531 0.653459 1.580414
v -6.929579 0.659453 1.576405
v -6.939780 0.668133 1.569858
v -6.946135 0.678647 1.561413
v -6.948021 0.689967 1.551897
v -6.852723 0.450750 1.397369
v -6.855250 0.445538 1.411105
v -6.862194 0.440857 1.423439
v -6.872874 0.437167 1.433163
v -6.886246 0.434828 1.439326
v -6.901000 0.434070 1.441324
v -6.915692 0.434967 1.438961
v -6.928884 0.437430 1.432469
v -6.939285 0.441220 1.422484
v -6.945876 0.445964 1.409982
v -6.948013 0.451199 1.396188
v -6.852723 0.181969 1.357634
v -6.855250 0.179810 1.372166
v -6.862194 0.177872 1.385215
v -6.872874 0.176344 1.395504
v -6.886246 0.175375 1.402023
v -6.901000 0.175061 1.404137
v -6.915692 0.175433 1.401637
v -6.928884 0.176453 1.394769
v -6.939285 0.178022 1.384204
v -6.945876 0.179987 1.370978
v -6.948013 0.182155 1.356384
v -3.041256 0.192008 1.355303
v -3.081381 0.106827 1.802398
v -3.248771 0.084030 2.144117
v -3.590754 0.083642 2.311830
v -4.039206 0.083642 2.352219
v -4.517811 0.083642 2.352266
v -4.994302 0.083642 2.352266
v -5.470793 0.083642 2.352266
v -5.949398 0.083642 2.352219
v -6.397850 0.083642 2.311830
v -6.739833 0.084030 2.144117
v -6.907222 0.106827 1.802398
v -6.947746 0.191528 1.351619
v -6.947811 0.107480 0.866871
v -6.947811 0.097064 0.292237
v -3.040793 0.097064 0.292237
v -3.040793 0.107480 0.866871
v -3.040793 0.188946 1.343559
v -3.040793 0.456608 1.381933
v -3.041037 0.701532 1.541971
v -3.082869 0.834955 1.838199
v -3.252538 0.870448 2.141817
v -3.596778 0.871137 2.288978
v -4.078010 0.871136 2.239131
v -4.144480 0.871137 1.944002
v -4.259864 0.871137 1.630575
v -4.451434 0.871137 1.330791
v -4.706554 0.871137 1.107129
v -4.994302 0.871137 1.024118
v -5.282049 0.871137 1.107129
v -5.537169 0.871137 1.330791
v -5.728740 0.871137 1.630575
v -5.844124 0.871137 1.944002
v -5.910594 0.871136 2.239131
v -6.391826 0.871137 2.288978
v -6.736065 0.870448 2.141817
v -6.905735 0.834955 1.838200
v -6.947567 0.701532 1.541971
v -6.947811 0.456608 1.381933
v -6.947811 0.184395 1.341303
v -3.136103 0.189329 1.346434
v -3.173208 0.106827 1.776911
v -3.316181 0.087946 2.076869
v -3.616108 0.088336 2.220086
v -4.043400 0.088336 2.257129
v -4.517811 0.088336 2.257083
v -4.994302 0.088336 2.257083
v -5.470793 0.088336 2.257083
v -5.945203 0.088336 2.257129
v -6.372496 0.088336 2.220086
v -6.672423 0.087946 2.076869
v -6.815396 0.106827 1.776911
v -6.852551 0.190082 1.347428
v -6.852521 0.106223 0.866991
v -6.852521 0.095803 0.292178
v -3.136083 0.095803 0.292178
v -3.136083 0.106223 0.866991
v -3.136083 0.188064 1.344463
v -3.136083 0.456160 1.383114
v -3.136091 0.695353 1.539123
v -3.172856 0.816560 1.812790
v -3.314811 0.843920 2.074733
v -3.610981 0.843184 2.198985
v -4.017068 0.843184 2.171407
v -4.056751 0.843184 1.919424
v -4.178273 0.843184 1.590037
v -4.382400 0.843184 1.271338
v -4.663005 0.843184 1.027105
v -4.994302 0.843184 0.933012
v -5.325598 0.843184 1.027105
v -5.606204 0.843184 1.271338
v -5.810331 0.843184 1.590037
v -5.931853 0.843184 1.919424
v -5.971535 0.843184 2.171407
v -6.377622 0.843184 2.198985
v -6.673793 0.843920 2.074733
v -6.815748 0.816560 1.812790
v -6.852512 0.695353 1.539123
v -6.852521 0.456160 1.383114
v -6.852521 0.184210 1.342553
v -3.044238 0.206402 1.357790
v -3.051571 0.219255 1.359599
v -3.062536 0.229310 1.360554
v -3.076060 0.235582 1.360561
v -3.090819 0.237459 1.359619
v -3.105369 0.234755 1.357821
v -3.118285 0.227735 1.355342
v -3.128303 0.217087 1.352425
v -3.134443 0.203853 1.349355
v -3.084120 0.121436 1.803547
v -3.091086 0.134615 1.803336
v -3.101595 0.145073 1.801786
v -3.114621 0.151789 1.799048
v -3.128887 0.154102 1.795392
v -3.142997 0.151789 1.791173
v -3.155570 0.145073 1.786806
v -3.165375 0.134615 1.782717
v -3.171453 0.121436 1.779308
v -3.250314 0.098831 2.143221
v -3.255006 0.112375 2.139122
v -3.262387 0.123335 2.132220
v -3.271734 0.130640 2.123191
v -3.282132 0.133574 2.112919
v -3.292565 0.131850 2.102410
v -3.302009 0.125637 2.092692
v -3.309542 0.115542 2.084716
v -3.314425 0.102555 2.079265
v -3.591181 0.098463 2.310284
v -3.592808 0.112064 2.304399
v -3.595474 0.123112 2.294751
v -3.598919 0.130526 2.282284
v -3.602806 0.133580 2.268220
v -3.606754 0.131976 2.253934
v -3.610377 0.125871 2.240825
v -3.613320 0.115861 2.230176
v -3.615295 0.102928 2.223030
v -4.039276 0.098463 2.350616
v -4.039545 0.112064 2.344517
v -4.039986 0.123112 2.334517
v -4.040556 0.130526 2.321596
v -4.041199 0.133580 2.307019
v -4.041852 0.131976 2.292212
v -4.042452 0.125871 2.278625
v -4.042939 0.115861 2.267588
v -4.043266 0.102928 2.260180
v -4.517811 0.098463 2.350662
v -4.517811 0.112064 2.344556
v -4.517811 0.123112 2.334547
v -4.517811 0.130526 2.321613
v -4.517811 0.133580 2.307021
v -4.517811 0.131976 2.292200
v -4.517811 0.125871 2.278599
v -4.517811 0.115861 2.267551
v -4.517811 0.102928 2.260138
v -4.994302 0.098463 2.350662
v -4.994302 0.112064 2.344556
v -4.994302 0.123112 2.334547
v -4.994302 0.130526 2.321613
v -4.994302 0.133580 2.307021
v -4.994302 0.131976 2.292200
v -4.994302 0.125871 2.278599
v -4.994302 0.115861 2.267551
v -4.994302 0.102928 2.260138
v -5.470793 0.098463 2.350662
v -5.470793 0.112064 2.344556
v -5.470793 0.123112 2.334547
v -5.470793 0.130526 2.321613
v -5.470793 0.133580 2.307021
v -5.470793 0.131976 2.292200
v -5.470793 0.125871 2.278599
v -5.470793 0.115861 2.267551
v -5.470793 0.102928 2.260138
v -5.949327 0.098463 2.350616
v -5.949058 0.112064 2.344517
v -5.948617 0.123112 2.334517
v -5.948047 0.130526 2.321596
v -5.947404 0.133580 2.307019
v -5.946751 0.131976 2.292212
v -5.946151 0.125871 2.278625
v -5.945665 0.115861 2.267588
v -5.945338 0.102928 2.260180
v -6.397423 0.098463 2.310284
v -6.395796 0.112064 2.304399
v -6.393130 0.123112 2.294751
v -6.389685 0.130526 2.282284
v -6.385798 0.133580 2.268220
v -6.381850 0.131976 2.253934
v -6.378227 0.125871 2.240825
v -6.375284 0.115861 2.230176
v -6.373310 0.102928 2.223030
v -6.738289 0.098831 2.143221
v -6.733597 0.112375 2.139122
v -6.726217 0.123335 2.132220
v -6.716870 0.130640 2.123191
v -6.706471 0.133574 2.112919
v -6.696039 0.131850 2.102410
v -6.686594 0.125637 2.092692
v -6.679062 0.115542 2.084716
v -6.674178 0.102555 2.079265
v -6.904483 0.121436 1.803547
v -6.897518 0.134615 1.803336
v -6.887009 0.145073 1.801786
v -6.873983 0.151789 1.799048
v -6.859717 0.154102 1.795392
v -6.845607 0.151789 1.791173
v -6.833034 0.145073 1.786806
v -6.823228 0.134615 1.782717
v -6.817151 0.121436 1.779308
v -6.945188 0.206215 1.351621
v -6.938222 0.219393 1.351418
v -6.927528 0.229773 1.351030
v -6.914155 0.236339 1.350494
v -6.899410 0.238447 1.349863
v -6.884737 0.235892 1.349199
v -6.871574 0.228923 1.348567
v -6.861207 0.218223 1.348028
v -6.854653 0.204840 1.347635
v -6.945284 0.122105 0.865473
v -6.938340 0.135238 0.864218
v -6.927660 0.145592 0.863228
v -6.914288 0.152153 0.862601
v -6.899535 0.154280 0.862398
v -6.884842 0.151764 0.862638
v -6.871650 0.144852 0.863299
v -6.861249 0.134221 0.864315
v -6.854658 0.120910 0.865588
v -6.945284 0.111741 0.292921
v -6.938340 0.124919 0.293535
v -6.927660 0.135308 0.294019
v -6.914288 0.141892 0.294326
v -6.899535 0.144027 0.294425
v -6.884842 0.141502 0.294307
v -6.871650 0.134566 0.293984
v -6.861249 0.123898 0.293487
v -6.854658 0.110541 0.292865
v -3.043320 0.111741 0.292921
v -3.050263 0.124919 0.293535
v -3.060944 0.135308 0.294019
v -3.074316 0.141892 0.294326
v -3.089069 0.144027 0.294425
v -3.103762 0.141502 0.294307
v -3.116954 0.134566 0.293984
v -3.127355 0.123898 0.293487
v -3.133946 0.110541 0.292865
v -3.043320 0.122105 0.865473
v -3.050263 0.135238 0.864218
v -3.060944 0.145592 0.863228
v -3.074316 0.152153 0.862601
v -3.089069 0.154280 0.862398
v -3.103762 0.151764 0.862638
v -3.116954 0.144852 0.863299
v -3.127355 0.134221 0.864315
v -3.133946 0.120910 0.865588
v -3.043320 0.199204 1.333041
v -3.050263 0.208415 1.323597
v -3.060944 0.215678 1.316151
v -3.074316 0.220280 1.311433
v -3.089069 0.221772 1.309903
v -3.103762 0.220007 1.311712
v -3.116954 0.215159 1.316683
v -3.127355 0.207702 1.324329
v -3.133946 0.198366 1.333901
v -3.043320 0.461820 1.368197
v -3.050263 0.466501 1.355863
v -3.060944 0.470191 1.346138
v -3.074316 0.472529 1.339976
v -3.089069 0.473288 1.337978
v -3.103762 0.472391 1.340341
v -3.116954 0.469927 1.346833
v -3.127355 0.466138 1.356818
v -3.133946 0.461394 1.369320
v -3.043801 0.712550 1.532316
v -3.050948 0.722186 1.523467
v -3.061777 0.729499 1.516290
v -3.075227 0.733771 1.511487
v -3.089984 0.734585 1.509529
v -3.104601 0.731862 1.510607
v -3.117649 0.725867 1.514616
v -3.127849 0.717187 1.521163
v -3.134204 0.706673 1.529608
v -3.086659 0.848445 1.833110
v -3.094483 0.859715 1.827277
v -3.105574 0.867660 1.821268
v -3.118847 0.871504 1.815673
v -3.133003 0.870869 1.811039
v -3.146655 0.865819 1.807821
v -3.158468 0.856847 1.806333
v -3.167284 0.844832 1.806720
v -3.172242 0.830950 1.808945
v -3.256271 0.883921 2.136641
v -3.262686 0.894777 2.128688
v -3.271156 0.901953 2.118738
v -3.280851 0.904747 2.107762
v -3.290822 0.902885 2.096838
v -3.300094 0.896549 2.087032
v -3.307758 0.886360 2.079307
v -3.313065 0.873315 2.074416
v -3.315495 0.858692 2.072840
v -3.597799 0.884529 2.282510
v -3.599415 0.895243 2.272270
v -3.601468 0.902229 2.259261
v -3.603757 0.904803 2.244757
v -3.606059 0.902714 2.230176
v -3.608146 0.896165 2.216948
v -3.609817 0.885799 2.206365
v -3.610906 0.872629 2.199464
v -3.611307 0.857945 2.196921
v -4.073629 0.884529 2.234263
v -4.066696 0.895243 2.226558
v -4.057886 0.902229 2.216768
v -4.048064 0.904803 2.205853
v -4.038190 0.902714 2.194880
v -4.029232 0.896165 2.184925
v -4.022066 0.885799 2.176960
v -4.017393 0.872629 2.171768
v -4.015671 0.857945 2.169854
v -4.138174 0.884529 1.942235
v -4.128192 0.895243 1.939438
v -4.115511 0.902229 1.935885
v -4.101371 0.904803 1.931924
v -4.087157 0.902714 1.927942
v -4.074261 0.896165 1.924330
v -4.063945 0.885799 1.921439
v -4.057218 0.872629 1.919554
v -4.054739 0.857945 1.918860
v -4.254000 0.884529 1.627661
v -4.244716 0.895243 1.623049
v -4.232921 0.902229 1.617189
v -4.219771 0.904803 1.610655
v -4.206552 0.902714 1.604087
v -4.194558 0.896165 1.598129
v -4.184963 0.885799 1.593362
v -4.178707 0.872629 1.590253
v -4.176402 0.857945 1.589108
v -4.446472 0.884529 1.326518
v -4.438617 0.895243 1.319753
v -4.428638 0.902229 1.311159
v -4.417511 0.904803 1.301577
v -4.406327 0.902714 1.291944
v -4.396179 0.896166 1.283205
v -4.388061 0.885799 1.276213
v -4.382767 0.872629 1.271654
v -4.380816 0.857945 1.269974
v -4.703424 0.884529 1.101377
v -4.698469 0.895243 1.092272
v -4.692174 0.902229 1.080704
v -4.685155 0.904803 1.067806
v -4.678100 0.902714 1.054841
v -4.671698 0.896165 1.043077
v -4.666577 0.885799 1.033667
v -4.663238 0.872629 1.027531
v -4.662007 0.857945 1.025270
v -4.994302 0.884529 1.017570
v -4.994302 0.895243 1.007204
v -4.994302 0.902229 0.994034
v -4.994302 0.904803 0.979350
v -4.994302 0.902714 0.964589
v -4.994302 0.896165 0.951196
v -4.994302 0.885799 0.940483
v -4.994302 0.872629 0.933497
v -4.994302 0.857945 0.930922
v -5.285179 0.884529 1.101377
v -5.290134 0.895243 1.092272
v -5.296430 0.902229 1.080704
v -5.303448 0.904803 1.067806
v -5.310504 0.902714 1.054841
v -5.316905 0.896165 1.043077
v -5.322027 0.885799 1.033667
v -5.325366 0.872629 1.027531
v -5.326596 0.857945 1.025270
v -5.542131 0.884529 1.326518
v -5.549986 0.895243 1.319753
v -5.559966 0.902229 1.311159
v -5.571092 0.904803 1.301577
v -5.582277 0.902714 1.291944
v -5.592425 0.896165 1.283205
v -5.600543 0.885799 1.276213
v -5.605836 0.872629 1.271654
v -5.607787 0.857945 1.269974
v -5.734604 0.884529 1.627661
v -5.743888 0.895243 1.623049
v -5.755682 0.902229 1.617189
v -5.768833 0.904803 1.610655
v -5.782052 0.902714 1.604087
v -5.794046 0.896165 1.598129
v -5.803640 0.885799 1.593362
v -5.809897 0.872629 1.590253
v -5.812202 0.857945 1.589108
v -5.850430 0.884529 1.942235
v -5.860412 0.895243 1.939438
v -5.873093 0.902229 1.935885
v -5.887232 0.904803 1.931924
v -5.901446 0.902714 1.927942
v -5.914342 0.896165 1.924329
v -5.924659 0.885799 1.921439
v -5.931386 0.872629 1.919554
v -5.933865 0.857945 1.918860
v -5.914974 0.884529 2.234263
v -5.921908 0.895243 2.226558
v -5.930717 0.902229 2.216768
v -5.940540 0.904803 2.205853
v -5.950413 0.902714 2.194880
v -5.959372 0.896165 2.184925
v -5.966538 0.885799 2.176960
v -5.971211 0.872629 2.171768
v -5.972933 0.857945 2.169854
v -6.390805 0.884529 2.282510
v -6.389189 0.895243 2.272270
v -6.387136 0.902229 2.259261
v -6.384846 0.904803 2.244757
v -6.382545 0.902714 2.230176
v -6.380457 0.896165 2.216948
v -6.378787 0.885799 2.206365
v -6.377697 0.872629 2.199464
v -6.377296 0.857945 2.196921
v -6.732332 0.883921 2.136641
v -6.725918 0.894777 2.128688
v -6.717448 0.901953 2.118738
v -6.707753 0.904747 2.107762
v -6.697782 0.902885 2.096838
v -6.688510 0.896549 2.087032
v -6.680845 0.886360 2.079307
v -6.675539 0.873315 2.074416
v -6.673109 0.858692 2.072840
v -6.901944 0.848445 1.833110
v -6.894121 0.859715 1.827277
v -6.883029 0.867660 1.821268
v -6.869756 0.871504 1.815673
v -6.855601 0.870869 1.811039
v -6.841949 0.865819 1.807821
v -6.830136 0.856847 1.806333
v -6.821319 0.844832 1.806720
v -6.816362 0.830950 1.808945
v -6.944802 0.712550 1.532316
v -6.937656 0.722186 1.523467
v -6.926827 0.729499 1.516290
v -6.913376 0.733771 1.511487
v -6.898620 0.734585 1.509529
v -6.884003 0.731862 1.510607
v -6.870955 0.725867 1.514616
v -6.860755 0.717187 1.521163
v -6.854400 0.706673 1.529608
v -6.945284 0.461820 1.368197
v -6.938340 0.466501 1.355863
v -6.927660 0.470191 1.346138
v -6.914288 0.472529 1.339976
v -6.899535 0.473288 1.337978
v -6.884842 0.472391 1.340341
v -6.871650 0.469927 1.346833
v -6.861249 0.466138 1.356818
v -6.854658 0.461394 1.369320
v -6.945284 0.186554 1.326771
v -6.938340 0.188492 1.313722
v -6.927660 0.190021 1.303434
v -6.914288 0.190989 1.296914
v -6.899535 0.191303 1.294800
v -6.884842 0.190932 1.297300
v -6.871650 0.189912 1.304168
v -6.861249 0.188342 1.314733
v -6.854658 0.186377 1.327959
v -5.947386 0.842248 2.253935
v -5.947003 0.827524 2.251635
v -5.945893 0.814241 2.244958
v -5.944164 0.803699 2.234560
v -5.941984 0.796931 2.221457
v -5.939569 0.794599 2.206932
v -5.937153 0.796931 2.192407
v -5.934974 0.803699 2.179304
v -5.933245 0.814241 2.168905
v -5.932134 0.827524 2.162229
v -5.931752 0.842248 2.159928
v -5.475680 0.842248 2.332291
v -5.475441 0.827524 2.329971
v -5.474747 0.814241 2.323239
v -5.473666 0.803699 2.312753
v -5.472303 0.796931 2.299540
v -5.470793 0.794599 2.284893
v -5.469283 0.796931 2.270247
v -5.467920 0.803699 2.257033
v -5.466839 0.814241 2.246548
v -5.466145 0.827524 2.239816
v -5.465906 0.842248 2.237495
v -4.994302 0.842248 2.351948
v -4.994302 0.827524 2.349616
v -4.994302 0.814241 2.342848
v -4.994302 0.803699 2.332306
v -4.994302 0.796931 2.319023
v -4.994302 0.794599 2.304299
v -4.994302 0.796931 2.289575
v -4.994302 0.803699 2.276291
v -4.994302 0.814241 2.265750
v -4.994302 0.827524 2.258982
v -4.994302 0.842248 2.256649
v -4.512923 0.842248 2.332291
v -4.513163 0.827524 2.329971
v -4.513856 0.814241 2.323239
v -4.514938 0.803699 2.312753
v -4.516301 0.796931 2.299540
v -4.517811 0.794599 2.284893
v -4.519321 0.796931 2.270247
v -4.520683 0.803699 2.257033
v -4.521765 0.814241 2.246548
v -4.522459 0.827524 2.239816
v -4.522698 0.842248 2.237495
v -4.041218 0.842248 2.253935
v -4.041600 0.827524 2.251635
v -4.042711 0.814241 2.244958
v -4.044440 0.803699 2.234560
v -4.046619 0.796931 2.221457
v -4.049035 0.794599 2.206932
v -4.051451 0.796931 2.192407
v -4.053629 0.803699 2.179304
v -4.055359 0.814241 2.168905
v -4.056469 0.827524 2.162229
v -4.056852 0.842248 2.159928
v -5.931752 0.857496 2.159928
v -5.465906 0.857496 2.237495
v -4.994302 0.857496 2.256649
v -4.522698 0.857496 2.237495
v -4.056852 0.857496 2.159928
v -5.947386 0.857496 2.253935
v -5.475680 0.857496 2.332291
v -4.994302 0.857496 2.351948
v -4.512923 0.857496 2.332291
v -4.041218 0.857496 2.253935
v -5.932135 0.872220 2.162229
v -5.933245 0.885503 2.168905
v -5.934974 0.896045 2.179304
v -5.937153 0.902813 2.192407
v -5.939569 0.905145 2.206932
v -5.941984 0.902813 2.221457
v -5.944164 0.896045 2.234560
v -5.945893 0.885503 2.244958
v -5.947003 0.872220 2.251635
v -5.466145 0.872220 2.239816
v -5.466839 0.885503 2.246548
v -5.467920 0.896045 2.257033
v -5.469283 0.902813 2.270247
v -5.470793 0.905145 2.284893
v -5.472303 0.902813 2.299540
v -5.473666 0.896045 2.312753
v -5.474747 0.885503 2.323239
v -5.475441 0.872220 2.329971
v -4.994302 0.872220 2.258982
v -4.994302 0.885503 2.265750
v -4.994302 0.896045 2.276291
v -4.994302 0.902813 2.289575
v -4.994302 0.905145 2.304299
v -4.994302 0.902813 2.319023
v -4.994302 0.896045 2.332306
v -4.994302 0.885503 2.342848
v -4.994302 0.872220 2.349616
v -4.522459 0.872220 2.239816
v -4.521765 0.885503 2.246548
v -4.520683 0.896045 2.257033
v -4.519321 0.902813 2.270247
v -4.517811 0.905145 2.284893
v -4.516301 0.902813 2.299540
v -4.514938 0.896045 2.312753
v -4.513856 0.885503 2.323239
v -4.513163 0.872220 2.329971
v -4.056469 0.872220 2.162229
v -4.055359 0.885503 2.168905
v -4.053629 0.896045 2.179304
v -4.051451 0.902813 2.192407
v -4.049035 0.905145 2.206932
v -4.046619 0.902813 2.221457
v -4.044440 0.896045 2.234560
v -4.042711 0.885503 2.244958
v -4.041600 0.872220 2.251635
v -3.135418 0.174356 -0.546967
v -3.132436 0.159963 -0.544480
v -3.125103 0.147110 -0.542670
v -3.114138 0.137055 -0.541716
v -3.100614 0.130782 -0.541709
v -3.085854 0.128906 -0.542651
v -3.071305 0.131610 -0.544449
v -3.058388 0.138629 -0.546929
v -3.048370 0.149277 -0.549845
v -3.042231 0.162511 -0.552915
v -3.040571 0.177036 -0.555836
v -3.172699 0.091699 -0.978408
v -3.169959 0.077090 -0.977259
v -3.162994 0.063911 -0.977469
v -3.152484 0.053452 -0.979019
v -3.139459 0.046737 -0.981757
v -3.125193 0.044423 -0.985414
v -3.111082 0.046737 -0.989633
v -3.098510 0.053452 -0.994000
v -3.088704 0.063911 -0.998088
v -3.082626 0.077090 -1.001498
v -3.080872 0.091699 -1.003894
v -3.316291 0.072718 -1.279425
v -3.314748 0.057917 -1.280321
v -3.310055 0.044374 -1.284421
v -3.302675 0.033413 -1.291323
v -3.293328 0.026108 -1.300351
v -3.282929 0.023174 -1.310623
v -3.272497 0.024899 -1.321132
v -3.263052 0.031112 -1.330850
v -3.255520 0.041206 -1.338826
v -3.250637 0.054194 -1.344278
v -3.248881 0.068803 -1.346673
v -3.616308 0.073107 -1.422695
v -3.615881 0.058285 -1.424241
v -3.614255 0.044685 -1.430126
v -3.611588 0.033637 -1.439774
v -3.608143 0.026223 -1.452240
v -3.604256 0.023168 -1.466305
v -3.600308 0.024772 -1.480590
v -3.596685 0.030878 -1.493699
v -3.593743 0.040888 -1.504348
v -3.591768 0.053821 -1.511494
v -3.590954 0.068413 -1.514439
v -4.043434 0.073107 -1.459712
v -4.043363 0.058285 -1.461314
v -4.043094 0.044685 -1.467413
v -4.042653 0.033637 -1.477413
v -4.042082 0.026223 -1.490334
v -4.041440 0.023168 -1.504912
v -4.040786 0.024772 -1.519719
v -4.040187 0.030878 -1.533306
v -4.039700 0.040888 -1.544343
v -4.039373 0.053821 -1.551750
v -4.039238 0.068413 -1.554801
v -4.517811 0.073107 -1.459665
v -4.517811 0.058285 -1.461269
v -4.517811 0.044685 -1.467374
v -4.517811 0.033637 -1.477384
v -4.517811 0.026223 -1.490318
v -4.517811 0.023168 -1.504909
v -4.517811 0.024772 -1.519731
v -4.517811 0.030878 -1.533331
v -4.517811 0.040888 -1.544379
v -4.517811 0.053821 -1.551793
v -4.517811 0.068413 -1.554847
v -4.994302 0.073107 -1.459665
v -4.994302 0.058285 -1.461269
v -4.994302 0.044685 -1.467374
v -4.994302 0.033637 -1.477384
v -4.994302 0.026223 -1.490318
v -4.994302 0.023168 -1.504909
v -4.994302 0.024772 -1.519731
v -4.994302 0.030878 -1.533331
v -4.994302 0.040888 -1.544379
v -4.994302 0.053821 -1.551793
v -4.994302 0.068413 -1.554847
v -5.470793 0.073107 -1.459665
v -5.470793 0.058285 -1.461269
v -5.470793 0.044685 -1.467374
v -5.470793 0.033637 -1.477384
v -5.470793 0.026223 -1.490318
v -5.470793 0.023168 -1.504909
v -5.470793 0.024772 -1.519731
v -5.470793 0.030878 -1.533331
v -5.470793 0.040888 -1.544379
v -5.470793 0.053821 -1.551793
v -5.470793 0.068413 -1.554847
v -5.945170 0.073107 -1.459711
v -5.945240 0.058285 -1.461314
v -5.945510 0.044685 -1.467413
v -5.945951 0.033637 -1.477413
v -5.946522 0.026223 -1.490334
v -5.947165 0.023168 -1.504912
v -5.947818 0.024772 -1.519719
v -5.948417 0.030878 -1.533306
v -5.948904 0.040888 -1.544343
v -5.949231 0.053821 -1.551750
v -5.949366 0.068413 -1.554801
v -6.372295 0.073107 -1.422695
v -6.372723 0.058285 -1.424241
v -6.374349 0.044685 -1.430126
v -6.377016 0.033637 -1.439774
v -6.380460 0.026223 -1.452240
v -6.384347 0.023168 -1.466305
v -6.388296 0.024772 -1.480590
v -6.391919 0.030878 -1.493699
v -6.394861 0.040888 -1.504348
v -6.396836 0.053821 -1.511494
v -6.397650 0.068413 -1.514439
v -6.672313 0.072718 -1.279425
v -6.673857 0.057917 -1.280321
v -6.678548 0.044374 -1.284421
v -6.685929 0.033413 -1.291323
v -6.695275 0.026108 -1.300351
v -6.705675 0.023174 -1.310623
v -6.716107 0.024899 -1.321132
v -6.725552 0.031112 -1.330850
v -6.733084 0.041206 -1.338826
v -6.737967 0.054194 -1.344278
v -6.739723 0.068803 -1.346673
v -6.815905 0.091699 -0.978408
v -6.818645 0.077090 -0.977259
v -6.825610 0.063911 -0.977469
v -6.836120 0.053452 -0.979019
v -6.849145 0.046737 -0.981757
v -6.863411 0.044423 -0.985414
v -6.877522 0.046737 -0.989633
v -6.890094 0.053452 -0.994000
v -6.899899 0.063911 -0.998088
v -6.905977 0.077090 -1.001498
v -6.907732 0.091699 -1.003894
v -6.852787 0.174836 -0.550652
v -6.855346 0.160150 -0.550649
v -6.862312 0.146971 -0.550852
v -6.873005 0.136591 -0.551240
v -6.886379 0.130026 -0.551776
v -6.901124 0.127917 -0.552407
v -6.915796 0.130473 -0.553071
v -6.928960 0.137441 -0.553703
v -6.939326 0.148141 -0.554242
v -6.945881 0.161525 -0.554635
v -6.947982 0.176283 -0.554842
v -6.852723 0.091045 -0.071775
v -6.855250 0.076420 -0.073173
v -6.862194 0.063287 -0.074428
v -6.872874 0.052934 -0.075418
v -6.886246 0.046372 -0.076045
v -6.901000 0.044245 -0.076248
v -6.915692 0.046761 -0.076008
v -6.928884 0.053673 -0.075347
v -6.939285 0.064305 -0.074331
v -6.945876 0.077616 -0.073058
v -6.948013 0.092303 -0.071655
v -6.852723 0.080573 0.505199
v -6.855250 0.065896 0.505883
v -6.862194 0.052719 0.506496
v -6.872874 0.042329 0.506981
v -6.886246 0.035745 0.507287
v -6.901000 0.033610 0.507387
v -6.915692 0.036135 0.507269
v -6.928884 0.043071 0.506946
v -6.939285 0.053739 0.506449
v -6.945876 0.067096 0.505827
v -6.948013 0.081834 0.505140
v -3.135881 0.080573 0.505199
v -3.133354 0.065896 0.505883
v -3.126410 0.052719 0.506496
v -3.115730 0.042329 0.506981
v -3.102358 0.035745 0.507287
v -3.087604 0.033610 0.507387
v -3.072912 0.036135 0.507269
v -3.059720 0.043071 0.506946
v -3.049319 0.053739 0.506449
v -3.042727 0.067096 0.505827
v -3.040591 0.081834 0.505140
v -3.135881 0.091045 -0.071775
v -3.133354 0.076420 -0.073173
v -3.126410 0.063287 -0.074428
v -3.115730 0.052934 -0.075418
v -3.102358 0.046372 -0.076045
v -3.087604 0.044245 -0.076248
v -3.072912 0.046761 -0.076008
v -3.059720 0.053673 -0.075347
v -3.049319 0.064305 -0.074331
v -3.042727 0.077616 -0.073058
v -3.040591 0.092303 -0.071655
v -3.135881 0.177419 -0.558711
v -3.133354 0.167160 -0.569229
v -3.126410 0.157949 -0.578673
v -3.115730 0.150687 -0.586118
v -3.102358 0.146085 -0.590837
v -3.087604 0.144593 -0.592367
v -3.072912 0.146357 -0.590558
v -3.059720 0.151205 -0.585587
v -3.049319 0.158663 -0.577941
v -3.042727 0.167999 -0.568369
v -3.040591 0.178301 -0.557806
v -3.135881 0.450750 -0.600702
v -3.133354 0.445538 -0.614438
v -3.126410 0.440857 -0.626772
v -3.115730 0.437167 -0.636496
v -3.102358 0.434829 -0.642659
v -3.087604 0.434070 -0.644656
v -3.072912 0.434967 -0.642294
v -3.059720 0.437430 -0.635802
v -3.049319 0.441220 -0.625817
v -3.042727 0.445964 -0.613315
v -3.040591 0.451199 -0.599521
v -3.135637 0.683788 -0.752382
v -3.132872 0.672770 -0.762037
v -3.125726 0.663134 -0.770886
v -3.114897 0.655822 -0.778063
v -3.101446 0.651549 -0.782866
v -3.086690 0.650735 -0.784824
v -3.072073 0.653459 -0.783746
v -3.059025 0.659453 -0.779738
v -3.048825 0.668133 -0.773190
v -3.042470 0.678647 -0.764746
v -3.040582 0.689967 -0.755230
v -3.171211 0.802124 -1.020749
v -3.167421 0.788634 -1.025837
v -3.159596 0.777364 -1.031672
v -3.148505 0.769419 -1.037680
v -3.135232 0.765576 -1.043275
v -3.121077 0.766210 -1.047908
v -3.107424 0.771260 -1.051127
v -3.095612 0.780232 -1.052615
v -3.086795 0.792247 -1.052228
v -3.081837 0.806129 -1.050003
v -3.081223 0.820520 -1.046158
v -3.312523 0.829296 -1.281726
v -3.308791 0.815823 -1.286901
v -3.302376 0.804967 -1.294854
v -3.293906 0.797791 -1.304805
v -3.284211 0.794997 -1.315780
v -3.274240 0.796859 -1.326705
v -3.264968 0.803195 -1.336510
v -3.257303 0.813384 -1.344236
v -3.251996 0.826429 -1.349126
v -3.249566 0.841052 -1.350702
v -3.250251 0.855824 -1.348809
v -3.610284 0.828607 -1.406736
v -3.609263 0.815215 -1.413204
v -3.607647 0.804501 -1.423444
v -3.605594 0.797515 -1.436453
v -3.603305 0.794941 -1.450957
v -3.601003 0.797030 -1.465537
v -3.598916 0.803578 -1.478766
v -3.597245 0.813945 -1.489349
v -3.596156 0.827115 -1.496249
v -3.595755 0.841799 -1.498792
v -3.596081 0.856560 -1.496728
v -4.020060 0.828607 -1.378065
v -4.024440 0.815215 -1.382932
v -4.031374 0.804501 -1.390638
v -4.040184 0.797515 -1.400428
v -4.050005 0.794941 -1.411343
v -4.059879 0.797030 -1.422316
v -4.068838 0.803578 -1.432271
v -4.076004 0.813945 -1.440235
v -4.080677 0.827115 -1.445428
v -4.082399 0.841799 -1.447342
v -4.081001 0.856560 -1.445789
v -4.061057 0.828607 -1.123963
v -4.067363 0.815215 -1.125730
v -4.077345 0.804501 -1.128526
v -4.090027 0.797515 -1.132079
v -4.104167 0.794941 -1.136040
v -4.118380 0.797030 -1.140022
v -4.131276 0.803578 -1.143635
v -4.141593 0.813945 -1.146525
v -4.148319 0.827115 -1.148410
v -4.150798 0.841799 -1.149104
v -4.148786 0.856560 -1.148541
v -4.182278 0.828607 -0.795360
v -4.188142 0.815215 -0.798274
v -4.197426 0.804501 -0.802886
v -4.209220 0.797515 -0.808746
v -4.222371 0.794941 -0.815280
v -4.235590 0.797030 -0.821847
v -4.247584 0.803578 -0.827806
v -4.257179 0.813945 -0.832573
v -4.263435 0.827115 -0.835682
v -4.265740 0.841799 -0.836827
v -4.263869 0.856560 -0.835897
v -4.385788 0.828607 -0.477589
v -4.390750 0.815215 -0.481862
v -4.398605 0.804501 -0.488627
v -4.408585 0.797515 -0.497221
v -4.419712 0.794941 -0.506804
v -4.430896 0.797030 -0.516436
v -4.441044 0.803578 -0.525176
v -4.449162 0.813945 -0.532167
v -4.454456 0.827115 -0.536726
v -4.456407 0.841799 -0.538406
v -4.454823 0.856560 -0.537042
v -4.665143 0.828607 -0.234366
v -4.668273 0.815215 -0.240118
v -4.673228 0.804501 -0.249223
v -4.679524 0.797515 -0.260791
v -4.686543 0.794941 -0.273689
v -4.693598 0.797030 -0.286654
v -4.700000 0.803578 -0.298418
v -4.705121 0.813945 -0.307828
v -4.708460 0.827115 -0.313965
v -4.709691 0.841799 -0.316226
v -4.708693 0.856560 -0.314391
v -4.994302 0.828607 -0.140817
v -4.994302 0.815215 -0.147365
v -4.994302 0.804501 -0.157732
v -4.994302 0.797515 -0.170902
v -4.994302 0.794941 -0.185585
v -4.994302 0.797030 -0.200346
v -4.994302 0.803578 -0.213739
v -4.994302 0.813945 -0.224452
v -4.994302 0.827115 -0.231438
v -4.994302 0.841799 -0.234013
v -4.994302 0.856560 -0.231924
v -5.323461 0.828607 -0.234366
v -5.320330 0.815215 -0.240118
v -5.315375 0.804501 -0.249223
v -5.309080 0.797515 -0.260791
v -5.302061 0.794941 -0.273689
v -5.295005 0.797030 -0.286654
v -5.288603 0.803578 -0.298418
v -5.283483 0.813945 -0.307828
v -5.280143 0.827115 -0.313965
v -5.278913 0.841799 -0.316226
v -5.279911 0.856560 -0.314391
v -5.602815 0.828607 -0.477589
v -5.597853 0.815215 -0.481862
v -5.589998 0.804501 -0.488627
v -5.580019 0.797515 -0.497221
v -5.568892 0.794941 -0.506804
v -5.557708 0.797030 -0.516436
v -5.547560 0.803578 -0.525176
v -5.539442 0.813945 -0.532167
v -5.534148 0.827115 -0.536726
v -5.532197 0.841799 -0.538406
v -5.533781 0.856560 -0.537042
v -5.806326 0.828607 -0.795360
v -5.800462 0.815215 -0.798274
v -5.791178 0.804501 -0.802886
v -5.779384 0.797515 -0.808746
v -5.766233 0.794941 -0.815280
v -5.753014 0.797030 -0.821847
v -5.741020 0.803578 -0.827806
v -5.731425 0.813945 -0.832573
v -5.725169 0.827115 -0.835682
v -5.722863 0.841799 -0.836827
v -5.724734 0.856560 -0.835897
v -5.927547 0.828607 -1.123963
v -5.921241 0.815215 -1.125730
v -5.911259 0.804501 -1.128526
v -5.898577 0.797515 -1.132079
v -5.884438 0.794941 -1.136040
v -5.870224 0.797030 -1.140022
v -5.857328 0.803578 -1.143635
v -5.847011 0.813945 -1.146525
v -5.840284 0.827115 -1.148410
v -5.837806 0.841799 -1.149104
v -5.839818 0.856560 -1.148541
v -5.968544 0.828607 -1.378065
v -5.964164 0.815215 -1.382932
v -5.957230 0.804501 -1.390638
v -5.948420 0.797515 -1.400428
v -5.938598 0.794941 -1.411343
v -5.928725 0.797030 -1.422316
v -5.919766 0.803578 -1.432271
v -5.912600 0.813945 -1.440235
v -5.907927 0.827115 -1.445428
v -5.906205 0.841799 -1.447342
v -5.907602 0.856560 -1.445789
v -6.378319 0.828607 -1.406736
v -6.379340 0.815215 -1.413204
v -6.380956 0.804501 -1.423444
v -6.383009 0.797515 -1.436453
v -6.385299 0.794941 -1.450957
v -6.387600 0.797030 -1.465537
v -6.389688 0.803578 -1.478766
v -6.391358 0.813945 -1.489349
v -6.392447 0.827115 -1.496249
v -6.392848 0.841799 -1.498792
v -6.392523 0.856560 -1.496728
v -6.676080 0.829296 -1.281725
v -6.679813 0.815823 -1.286901
v -6.686228 0.804967 -1.294854
v -6.694698 0.797791 -1.304805
v -6.704392 0.794997 -1.315780
v -6.714364 0.796859 -1.326705
v -6.723636 0.803195 -1.336510
v -6.731300 0.813384 -1.344236
v -6.736608 0.826429 -1.349126
v -6.739038 0.841052 -1.350702
v -6.738353 0.855824 -1.348809
v -6.817393 0.802124 -1.020748
v -6.821183 0.788634 -1.025837
v -6.829008 0.777364 -1.031672
v -6.840098 0.769419 -1.037680
v -6.853371 0.765576 -1.043275
v -6.867527 0.766210 -1.047908
v -6.881179 0.771260 -1.051127
v -6.892992 0.780232 -1.052615
v -6.901808 0.792247 -1.052228
v -6.906766 0.806129 -1.050003
v -6.907380 0.820520 -1.046158
v -6.852967 0.683788 -0.752382
v -6.855731 0.672770 -0.762037
v -6.862878 0.663134 -0.770886
v -6.873707 0.655822 -0.778063
v -6.887158 0.651549 -0.782866
v -6.901914 0.650735 -0.784824
v -6.916531 0.653459 -0.783746
v -6.929579 0.659453 -0.779738
v -6.939780 0.668133 -0.773190
v -6.946135 0.678647 -0.764746
v -6.948021 0.689967 -0.755230
v -6.852723 0.450750 -0.600702
v -6.855250 0.445538 -0.614438
v -6.862194 0.440857 -0.626772
v -6.872874 0.437167 -0.636496
v -6.886246 0.434828 -0.642659
v -6.901000 0.434070 -0.644656
v -6.915692 0.434967 -0.642294
v -6.928884 0.437430 -0.635802
v -6.939285 0.441220 -0.625817
v -6.945876 0.445964 -0.613315
v -6.948013 0.451199 -0.599521
v -6.852723 0.181969 -0.560966
v -6.855250 0.179810 -0.575499
v -6.862194 0.177872 -0.588548
v -6.872874 0.176344 -0.598836
v -6.886246 0.175375 -0.605356
v -6.901000 0.175061 -0.607470
v -6.915692 0.175433 -0.604970
v -6.928884 0.176453 -0.598102
v -6.939285 0.178022 -0.587537
v -6.945876 0.179987 -0.574311
v -6.948013 0.182155 -0.559717
v -3.041256 0.192008 -0.558636
v -3.081381 0.106827 -1.005730
v -3.248771 0.084030 -1.347450
v -3.590754 0.083642 -1.515162
v -4.039206 0.083642 -1.555552
v -4.517811 0.083642 -1.555598
v -4.994302 0.083642 -1.555598
v -5.470793 0.083642 -1.555598
v -5.949398 0.083642 -1.555552
v -6.397850 0.083642 -1.515162
v -6.739833 0.084030 -1.347450
v -6.907222 0.106827 -1.005730
v -6.947746 0.191528 -0.554951
v -6.947811 0.107480 -0.070204
v -6.947811 0.097064 0.504430
v -3.040793 0.097064 0.504430
v -3.040793 0.107480 -0.070204
v -3.040793 0.188946 -0.546892
v -3.040793 0.456608 -0.585266
v -3.041037 0.701532 -0.745304
v -3.082869 0.834955 -1.041532
v -3.252538 0.870448 -1.345150
v -3.596778 0.871137 -1.492311
v -4.078010 0.871136 -1.442464
v -4.144480 0.871137 -1.147334
v -4.259864 0.871137 -0.833907
v -4.451434 0.871137 -0.534124
v -4.706554 0.871137 -0.310462
v -4.994302 0.871137 -0.227451
v -5.282049 0.871137 -0.310462
v -5.537169 0.871137 -0.534124
v -5.728740 0.871137 -0.833907
v -5.844124 0.871137 -1.147334
v -5.910594 0.871136 -1.442464
v -6.391826 0.871137 -1.492311
v -6.736065 0.870448 -1.345150
v -6.905735 0.834955 -1.041532
v -6.947567 0.701532 -0.745304
v -6.947811 0.456608 -0.585266
v -6.947811 0.184395 -0.544636
v -3.136103 0.189329 -0.549767
v -3.173208 0.106827 -0.980244
v -3.316181 0.087946 -1.280201
v -3.616108 0.088336 -1.423419
v -4.043400 0.088336 -1.460462
v -4.517811 0.088336 -1.460416
v -4.994302 0.088336 -1.460416
v -5.470793 0.088336 -1.460416
v -5.945203 0.088336 -1.460462
v -6.372496 0.088336 -1.423419
v -6.815396 0.106827 -0.980244
v -6.852551 0.190082 -0.550760
v -6.852521 0.106223 -0.070324
v -6.852521 0.095803 0.504489
v -3.136083 0.095803 0.504489
v -3.136083 0.106223 -0.070324
v -3.136083 0.188064 -0.547796
v -3.136083 0.456160 -0.586447
v -3.136091 0.695353 -0.742456
v -3.172856 0.816560 -1.016123
v -4.017068 0.843184 -1.374740
v -4.056751 0.843184 -1.122756
v -4.178273 0.843184 -0.793370
v -4.382400 0.843184 -0.474671
v -4.663005 0.843184 -0.230438
v -4.994302 0.843184 -0.136344
v -5.325598 0.843184 -0.230438
v -5.606204 0.843184 -0.474671
v -5.810331 0.843184 -0.793370
v -5.931853 0.843184 -1.122756
v -5.971535 0.843184 -1.374740
v -6.377622 0.843184 -1.402318
v -6.673793 0.843920 -1.278065
v -6.852512 0.695353 -0.742456
v -6.852521 0.456160 -0.586447
v -6.852521 0.184210 -0.545886
v -3.044238 0.206402 -0.561123
v -3.051571 0.219255 -0.562932
v -3.062536 0.229310 -0.563887
v -3.076060 0.235582 -0.563894
v -3.090819 0.237459 -0.562952
v -3.105369 0.234755 -0.561153
v -3.118285 0.227735 -0.558674
v -3.128303 0.217087 -0.555757
v -3.134443 0.203853 -0.552688
v -3.084120 0.121436 -1.006879
v -3.091086 0.134615 -1.006669
v -3.101595 0.145073 -1.005119
v -3.114621 0.151789 -1.002381
v -3.128887 0.154102 -0.998724
v -3.142997 0.151789 -0.994506
v -3.155570 0.145073 -0.990138
v -3.165375 0.134615 -0.986050
v -3.171453 0.121436 -0.982641
v -3.250314 0.098831 -1.346554
v -3.255006 0.112375 -1.342454
v -3.262387 0.123335 -1.335552
v -3.271734 0.130640 -1.326524
v -3.282132 0.133574 -1.316252
v -3.292565 0.131850 -1.305743
v -3.302009 0.125637 -1.296025
v -3.309542 0.115542 -1.288049
v -3.314425 0.102555 -1.282597
v -3.591181 0.098463 -1.513616
v -3.592808 0.112064 -1.507731
v -3.595474 0.123112 -1.498084
v -3.598919 0.130526 -1.485617
v -3.602806 0.133580 -1.471553
v -3.606754 0.131976 -1.457267
v -3.610377 0.125871 -1.444158
v -3.613320 0.115861 -1.433509
v -3.615295 0.102928 -1.426363
v -4.039276 0.098463 -1.553949
v -4.039545 0.112064 -1.547850
v -4.039986 0.123112 -1.537850
v -4.040556 0.130526 -1.524929
v -4.041199 0.133580 -1.510352
v -4.041852 0.131976 -1.495544
v -4.042452 0.125871 -1.481957
v -4.042939 0.115861 -1.470920
v -4.043266 0.102928 -1.463513
v -4.517811 0.098463 -1.553994
v -4.517811 0.112064 -1.547889
v -4.517811 0.123112 -1.537879
v -4.517811 0.130526 -1.524946
v -4.517811 0.133580 -1.510354
v -4.517811 0.131976 -1.495533
v -4.517811 0.125871 -1.481932
v -4.517811 0.115861 -1.470884
v -4.517811 0.102928 -1.463470
v -4.994302 0.098463 -1.553994
v -4.994302 0.112064 -1.547889
v -4.994302 0.123112 -1.537879
v -4.994302 0.130526 -1.524946
v -4.994302 0.133580 -1.510354
v -4.994302 0.131976 -1.495533
v -4.994302 0.125871 -1.481932
v -4.994302 0.115861 -1.470884
v -4.994302 0.102928 -1.463470
v -5.470793 0.098463 -1.553994
v -5.470793 0.112064 -1.547889
v -5.470793 0.123112 -1.537879
v -5.470793 0.130526 -1.524946
v -5.470793 0.133580 -1.510354
v -5.470793 0.131976 -1.495533
v -5.470793 0.125871 -1.481932
v -5.470793 0.115861 -1.470884
v -5.470793 0.102928 -1.463470
v -5.949327 0.098463 -1.553949
v -5.949058 0.112064 -1.547850
v -5.948617 0.123112 -1.537850
v -5.948047 0.130526 -1.524929
v -5.947404 0.133580 -1.510352
v -5.946751 0.131976 -1.495544
v -5.946151 0.125871 -1.481957
v -5.945665 0.115861 -1.470920
v -5.945338 0.102928 -1.463513
v -6.397423 0.098463 -1.513616
v -6.395796 0.112064 -1.507731
v -6.393130 0.123112 -1.498084
v -6.389685 0.130526 -1.485617
v -6.385798 0.133580 -1.471553
v -6.381850 0.131976 -1.457267
v -6.378227 0.125871 -1.444158
v -6.375284 0.115861 -1.433509
v -6.373310 0.102928 -1.426363
v -6.738289 0.098831 -1.346554
v -6.733597 0.112375 -1.342454
v -6.726217 0.123335 -1.335552
v -6.716870 0.130640 -1.326524
v -6.706471 0.133574 -1.316252
v -6.696039 0.131850 -1.305743
v -6.686594 0.125637 -1.296025
v -6.679062 0.115542 -1.288049
v -6.674178 0.102555 -1.282597
v -6.672423 0.087946 -1.280201
v -6.904483 0.121436 -1.006879
v -6.897518 0.134615 -1.006669
v -6.887009 0.145073 -1.005119
v -6.873983 0.151789 -1.002381
v -6.859717 0.154102 -0.998724
v -6.845607 0.151789 -0.994506
v -6.833034 0.145073 -0.990138
v -6.823228 0.134615 -0.986050
v -6.817151 0.121436 -0.982640
v -6.945188 0.206215 -0.554954
v -6.938222 0.219393 -0.554751
v -6.927528 0.229773 -0.554363
v -6.914155 0.236339 -0.553827
v -6.899410 0.238447 -0.553196
v -6.884737 0.235892 -0.552532
v -6.871574 0.228923 -0.551899
v -6.861207 0.218223 -0.551360
v -6.854653 0.204840 -0.550968
v -6.945284 0.122105 -0.068806
v -6.938340 0.135238 -0.067551
v -6.927660 0.145592 -0.066561
v -6.914288 0.152153 -0.065934
v -6.899535 0.154280 -0.065731
v -6.884842 0.151764 -0.065971
v -6.871650 0.144852 -0.066632
v -6.861249 0.134221 -0.067648
v -6.854658 0.120910 -0.068920
v -6.945284 0.111741 0.503747
v -6.938340 0.124919 0.503132
v -6.927660 0.135308 0.502648
v -6.914288 0.141892 0.502342
v -6.899535 0.144027 0.502242
v -6.884842 0.141502 0.502360
v -6.871650 0.134566 0.502683
v -6.861249 0.123898 0.503180
v -6.854658 0.110541 0.503803
v -3.043320 0.111741 0.503747
v -3.050263 0.124919 0.503132
v -3.060944 0.135308 0.502648
v -3.074316 0.141892 0.502342
v -3.089069 0.144027 0.502242
v -3.103762 0.141502 0.502360
v -3.116954 0.134566 0.502683
v -3.127355 0.123898 0.503180
v -3.133946 0.110541 0.503802
v -3.043320 0.122105 -0.068806
v -3.050263 0.135238 -0.067551
v -3.060944 0.145592 -0.066561
v -3.074316 0.152153 -0.065934
v -3.089069 0.154280 -0.065731
v -3.103762 0.151764 -0.065971
v -3.116954 0.144852 -0.066632
v -3.127355 0.134221 -0.067648
v -3.133946 0.120910 -0.068920
v -3.043320 0.199204 -0.536374
v -3.050263 0.208415 -0.526930
v -3.060944 0.215678 -0.519484
v -3.074316 0.220280 -0.514766
v -3.089069 0.221772 -0.513236
v -3.103762 0.220007 -0.515045
v -3.116954 0.215159 -0.520016
v -3.127355 0.207702 -0.527662
v -3.133946 0.198366 -0.537234
v -3.043320 0.461820 -0.571530
v -3.050263 0.466501 -0.559196
v -3.060944 0.470191 -0.549471
v -3.074316 0.472529 -0.543309
v -3.089069 0.473288 -0.541311
v -3.103762 0.472391 -0.543674
v -3.116954 0.469927 -0.550166
v -3.127355 0.466138 -0.560151
v -3.133946 0.461394 -0.572653
v -3.043801 0.712550 -0.735649
v -3.050948 0.722186 -0.726800
v -3.061777 0.729499 -0.719623
v -3.075227 0.733771 -0.714820
v -3.089984 0.734585 -0.712861
v -3.104601 0.731862 -0.713940
v -3.117649 0.725867 -0.717948
v -3.127849 0.717187 -0.724495
v -3.134204 0.706673 -0.732940
v -3.086659 0.848445 -1.036443
v -3.094483 0.859715 -1.030609
v -3.105574 0.867660 -1.024600
v -3.118847 0.871504 -1.019006
v -3.133003 0.870869 -1.014372
v -3.146655 0.865819 -1.011154
v -3.158468 0.856847 -1.009665
v -3.167284 0.844832 -1.010053
v -3.172242 0.830950 -1.012278
v -3.256271 0.883921 -1.339974
v -3.262686 0.894777 -1.332021
v -3.271156 0.901953 -1.322070
v -3.280851 0.904747 -1.311095
v -3.290822 0.902885 -1.300171
v -3.300094 0.896549 -1.290365
v -3.307758 0.886360 -1.282639
v -3.313065 0.873315 -1.277749
v -3.315495 0.858692 -1.276173
v -3.314811 0.843920 -1.278066
v -3.597799 0.884529 -1.485842
v -3.599415 0.895243 -1.475603
v -3.601468 0.902229 -1.462594
v -3.603757 0.904803 -1.448090
v -3.606059 0.902714 -1.433509
v -3.608146 0.896165 -1.420280
v -3.609817 0.885799 -1.409698
v -3.610906 0.872629 -1.402797
v -3.611307 0.857945 -1.400254
v -3.610981 0.843184 -1.402318
v -4.073629 0.884529 -1.437596
v -4.066696 0.895243 -1.429891
v -4.057886 0.902229 -1.420101
v -4.048064 0.904803 -1.409185
v -4.038190 0.902714 -1.398213
v -4.029232 0.896165 -1.388258
v -4.022066 0.885799 -1.380293
v -4.017393 0.872629 -1.375100
v -4.015671 0.857945 -1.373187
v -4.138174 0.884529 -1.145568
v -4.128192 0.895243 -1.142771
v -4.115511 0.902229 -1.139218
v -4.101371 0.904803 -1.135257
v -4.087157 0.902714 -1.131275
v -4.074261 0.896165 -1.127662
v -4.063945 0.885799 -1.124772
v -4.057218 0.872629 -1.122887
v -4.054739 0.857945 -1.122193
v -4.254000 0.884529 -0.830994
v -4.244716 0.895243 -0.826381
v -4.232921 0.902229 -0.820522
v -4.219771 0.904803 -0.813988
v -4.206552 0.902714 -0.807420
v -4.194558 0.896165 -0.801462
v -4.184963 0.885799 -0.796695
v -4.178707 0.872629 -0.793586
v -4.176402 0.857945 -0.792441
v -4.446472 0.884529 -0.529851
v -4.438617 0.895243 -0.523086
v -4.428638 0.902229 -0.514492
v -4.417511 0.904803 -0.504909
v -4.406327 0.902714 -0.495277
v -4.396179 0.896166 -0.486537
v -4.388061 0.885799 -0.479546
v -4.382767 0.872629 -0.474987
v -4.380816 0.857945 -0.473307
v -4.703424 0.884529 -0.304711
v -4.698469 0.895243 -0.295605
v -4.692174 0.902229 -0.284037
v -4.685155 0.904803 -0.271139
v -4.678100 0.902714 -0.258174
v -4.671698 0.896165 -0.246410
v -4.666577 0.885799 -0.237000
v -4.663238 0.872629 -0.230864
v -4.662007 0.857945 -0.228603
v -4.994302 0.884529 -0.220903
v -4.994302 0.895243 -0.210536
v -4.994302 0.902229 -0.197366
v -4.994302 0.904803 -0.182683
v -4.994302 0.902714 -0.167922
v -4.994302 0.896165 -0.154529
v -4.994302 0.885799 -0.143815
v -4.994302 0.872629 -0.136829
v -4.994302 0.857945 -0.134255
v -5.285179 0.884529 -0.304711
v -5.290134 0.895243 -0.295605
v -5.296430 0.902229 -0.284037
v -5.303448 0.904803 -0.271139
v -5.310504 0.902714 -0.258174
v -5.316905 0.896165 -0.246410
v -5.322027 0.885799 -0.237000
v -5.325366 0.872629 -0.230864
v -5.326596 0.857945 -0.228603
v -5.542131 0.884529 -0.529851
v -5.549986 0.895243 -0.523086
v -5.559966 0.902229 -0.514492
v -5.571092 0.904803 -0.504909
v -5.582277 0.902714 -0.495277
v -5.592425 0.896165 -0.486537
v -5.600543 0.885799 -0.479546
v -5.605836 0.872629 -0.474987
v -5.607787 0.857945 -0.473307
v -5.734604 0.884529 -0.830994
v -5.743888 0.895243 -0.826381
v -5.755682 0.902229 -0.820522
v -5.768833 0.904803 -0.813988
v -5.782052 0.902714 -0.807420
v -5.794046 0.896165 -0.801461
v -5.803640 0.885799 -0.796695
v -5.809897 0.872629 -0.793586
v -5.812202 0.857945 -0.792441
v -5.850430 0.884529 -1.145568
v -5.860412 0.895243 -1.142771
v -5.873093 0.902229 -1.139218
v -5.887232 0.904803 -1.135257
v -5.901446 0.902714 -1.131275
v -5.914342 0.896165 -1.127662
v -5.924659 0.885799 -1.124772
v -5.931386 0.872629 -1.122887
v -5.933865 0.857945 -1.122193
v -5.914974 0.884529 -1.437596
v -5.921908 0.895243 -1.429891
v -5.930717 0.902229 -1.420101
v -5.940540 0.904803 -1.409185
v -5.950413 0.902714 -1.398213
v -5.959372 0.896165 -1.388258
v -5.966538 0.885799 -1.380293
v -5.971211 0.872629 -1.375100
v -5.972933 0.857945 -1.373187
v -6.390805 0.884529 -1.485842
v -6.389189 0.895243 -1.475603
v -6.387136 0.902229 -1.462594
v -6.384846 0.904803 -1.448090
v -6.382545 0.902714 -1.433509
v -6.380457 0.896165 -1.420280
v -6.378787 0.885799 -1.409698
v -6.377697 0.872629 -1.402797
v -6.377296 0.857945 -1.400254
v -6.732332 0.883921 -1.339974
v -6.725918 0.894777 -1.332021
v -6.717448 0.901953 -1.322070
v -6.707753 0.904747 -1.311095
v -6.697782 0.902885 -1.300171
v -6.688510 0.896549 -1.290365
v -6.680845 0.886360 -1.282639
v -6.675539 0.873315 -1.277749
v -6.673109 0.858692 -1.276173
v -6.901944 0.848445 -1.036443
v -6.894121 0.859715 -1.030609
v -6.883029 0.867660 -1.024601
v -6.869756 0.871504 -1.019006
v -6.855601 0.870869 -1.014372
v -6.841949 0.865819 -1.011154
v -6.830136 0.856847 -1.009665
v -6.821319 0.844832 -1.010053
v -6.816362 0.830950 -1.012278
v -6.815748 0.816559 -1.016123
v -6.944802 0.712550 -0.735649
v -6.937656 0.722186 -0.726800
v -6.926827 0.729499 -0.719623
v -6.913376 0.733771 -0.714820
v -6.898620 0.734585 -0.712861
v -6.884003 0.731862 -0.713940
v -6.870955 0.725867 -0.717948
v -6.860755 0.717187 -0.724495
v -6.854400 0.706673 -0.732940
v -6.945284 0.461820 -0.571530
v -6.938340 0.466501 -0.559196
v -6.927660 0.470191 -0.549471
v -6.914288 0.472529 -0.543309
v -6.899535 0.473288 -0.541311
v -6.884842 0.472391 -0.543674
v -6.871650 0.469927 -0.550166
v -6.861249 0.466138 -0.560151
v -6.854658 0.461394 -0.572653
v -6.945284 0.186554 -0.530103
v -6.938340 0.188492 -0.517054
v -6.927660 0.190021 -0.506766
v -6.914288 0.190989 -0.500247
v -6.899535 0.191303 -0.498133
v -6.884842 0.190932 -0.500633
v -6.871650 0.189912 -0.507501
v -6.861249 0.188342 -0.518065
v -6.854658 0.186377 -0.531292
v -5.947386 0.842248 -1.457268
v -5.947003 0.827524 -1.454967
v -5.945893 0.814241 -1.448291
v -5.944164 0.803699 -1.437892
v -5.941984 0.796931 -1.424789
v -5.939569 0.794599 -1.410264
v -5.937153 0.796931 -1.395740
v -5.934974 0.803699 -1.382636
v -5.933245 0.814241 -1.372238
v -5.932134 0.827524 -1.365561
v -5.931752 0.842248 -1.363261
v -5.475680 0.842248 -1.535624
v -5.475441 0.827524 -1.533304
v -5.474747 0.814241 -1.526572
v -5.473666 0.803699 -1.516086
v -5.472303 0.796931 -1.502873
v -5.470793 0.794599 -1.488226
v -5.469283 0.796931 -1.473579
v -5.467920 0.803699 -1.460366
v -5.466839 0.814241 -1.449880
v -5.466145 0.827524 -1.443148
v -5.465906 0.842248 -1.440828
v -4.994302 0.842248 -1.555281
v -4.994302 0.827524 -1.552949
v -4.994302 0.814241 -1.546180
v -4.994302 0.803699 -1.535639
v -4.994302 0.796931 -1.522356
v -4.994302 0.794599 -1.507632
v -4.994302 0.796931 -1.492907
v -4.994302 0.803699 -1.479624
v -4.994302 0.814241 -1.469083
v -4.994302 0.827524 -1.462315
v -4.994302 0.842248 -1.459983
v -4.512923 0.842248 -1.535624
v -4.513163 0.827524 -1.533304
v -4.513856 0.814241 -1.526572
v -4.514938 0.803699 -1.516086
v -4.516301 0.796931 -1.502873
v -4.517811 0.794599 -1.488226
v -4.519321 0.796931 -1.473579
v -4.520683 0.803699 -1.460366
v -4.521765 0.814241 -1.449880
v -4.522459 0.827524 -1.443148
v -4.522698 0.842248 -1.440828
v -4.041218 0.842248 -1.457268
v -4.041600 0.827524 -1.454967
v -4.042711 0.814241 -1.448291
v -4.044440 0.803699 -1.437892
v -4.046619 0.796931 -1.424789
v -4.049035 0.794599 -1.410264
v -4.051451 0.796931 -1.395740
v -4.053629 0.803699 -1.382636
v -4.055359 0.814241 -1.372238
v -4.056469 0.827524 -1.365561
v -4.056852 0.842248 -1.363261
v -5.931752 0.857496 -1.363261
v -5.465906 0.857496 -1.440828
v -4.994302 0.857496 -1.459983
v -4.522698 0.857496 -1.440828
v -4.056852 0.857496 -1.363261
v -5.947386 0.857496 -1.457268
v -5.475680 0.857496 -1.535624
v -4.994302 0.857496 -1.555281
v -4.512923 0.857496 -1.535624
v -4.041218 0.857496 -1.457268
v -5.932135 0.872220 -1.365561
v -5.933245 0.885503 -1.372238
v -5.934974 0.896045 -1.382636
v -5.937153 0.902813 -1.395740
v -5.939569 0.905145 -1.410264
v -5.941984 0.902813 -1.424789
v -5.944164 0.896045 -1.437892
v -5.945893 0.885503 -1.448291
v -5.947003 0.872220 -1.454967
v -5.466145 0.872220 -1.443148
v -5.466839 0.885503 -1.449880
v -5.467920 0.896045 -1.460366
v -5.469283 0.902813 -1.473580
v -5.470793 0.905145 -1.488226
v -5.472303 0.902813 -1.502873
v -5.473666 0.896045 -1.516086
v -5.474747 0.885503 -1.526572
v -5.475441 0.872220 -1.533304
v -4.994302 0.872220 -1.462315
v -4.994302 0.885503 -1.469083
v -4.994302 0.896045 -1.479624
v -4.994302 0.902813 -1.492907
v -4.994302 0.905145 -1.507632
v -4.994302 0.902813 -1.522356
v -4.994302 0.896045 -1.535639
v -4.994302 0.885503 -1.546180
v -4.994302 0.872220 -1.552949
v -4.522459 0.872220 -1.443148
v -4.521765 0.885503 -1.449880
v -4.520683 0.896045 -1.460366
v -4.519321 0.902813 -1.473580
v -4.517811 0.905145 -1.488226
v -4.516301 0.902813 -1.502873
v -4.514938 0.896045 -1.516086
v -4.513856 0.885503 -1.526572
v -4.513163 0.872220 -1.533304
v -4.056469 0.872220 -1.365561
v -4.055359 0.885503 -1.372238
v -4.053629 0.896045 -1.382636
v -4.051451 0.902813 -1.395740
v -4.049035 0.905145 -1.410264
v -4.046619 0.902813 -1.424789
v -4.044440 0.896045 -1.437892
v -4.042711 0.885503 -1.448291
v -4.041600 0.872220 -1.454967
v -9.575310 0.000000 -2.515522
v -9.575310 -1.931477 -2.515522
v -5.000000 0.028486 -0.589290
v -5.342021 0.028486 -0.528982
v -5.642787 0.028486 -0.355334
v -5.866025 0.028486 -0.089290
v -5.984807 0.028486 0.237062
v -5.984807 0.028486 0.584359
v -5.866025 0.028486 0.910711
v -5.642787 0.028486 1.176755
v -5.342021 0.028486 1.350403
v -5.000000 0.028486 1.410710
v -4.657980 0.028486 1.350403
v -4.357213 0.028486 1.176755
v -4.133975 0.028486 0.910711
v -4.015193 0.028486 0.584359
v -4.015193 0.028486 0.237062
v -4.133975 0.028486 -0.089289
v -4.357212 0.028486 -0.355334
v -4.657979 0.028486 -0.528982
v -5.000000 0.313904 -0.479278
v -5.304394 0.313904 -0.425605
v -5.572073 0.313904 -0.271060
v -5.770752 0.313904 -0.034284
v -5.876467 0.313904 0.256166
v -5.876467 0.313904 0.565255
v -5.770752 0.313904 0.855705
v -5.572073 0.313904 1.092481
v -5.304394 0.313904 1.247026
v -5.000000 0.313904 1.300699
v -4.695606 0.313904 1.247026
v -4.427927 0.313904 1.092481
v -4.229248 0.313904 0.855705
v -4.123533 0.313904 0.565255
v -4.123533 0.313904 0.256166
v -4.229248 0.313904 -0.034283
v -4.427927 0.313904 -0.271060
v -4.695605 0.313904 -0.425605
v -5.000000 0.557280 -0.171263
v -5.199047 0.557280 -0.136166
v -5.374085 0.557280 -0.035107
v -5.504004 0.557280 0.119724
v -5.573132 0.557280 0.309652
v -5.573132 0.557280 0.511769
v -5.504004 0.557280 0.701697
v -5.374085 0.557280 0.856528
v -5.199047 0.557280 0.957587
v -5.000000 0.557280 0.992684
v -4.800953 0.557280 0.957587
v -4.625915 0.557280 0.856528
v -4.495996 0.557280 0.701697
v -4.426868 0.557280 0.511769
v -4.426868 0.557280 0.309652
v -4.495996 0.557280 0.119724
v -4.625914 0.557280 -0.035107
v -4.800952 0.557280 -0.136166
v 10.330923 0.000000 2.980996
v 0.377806 0.000000 2.980996
v 10.330923 -1.931477 2.980996
v 0.377806 -1.931477 2.980996
v 5.519404 -0.542212 2.899297
v 5.621951 -0.552312 2.899297
v 5.720557 -0.582223 2.899297
v 5.811433 -0.630798 2.899297
v 5.891087 -0.696167 2.899297
v 5.956456 -0.775821 2.899297
v 6.005030 -0.866697 2.899297
v 6.034942 -0.965303 2.899297
v 6.045042 -1.067850 2.899297
v 6.034942 -1.170396 2.899297
v 6.005031 -1.269002 2.899297
v 5.956456 -1.359878 2.899297
v 5.891087 -1.439532 2.899297
v 5.811433 -1.504902 2.899297
v 5.720557 -1.553476 2.899297
v 5.621951 -1.583388 2.899297
v 5.519404 -1.593488 2.899297
v 5.416857 -1.583388 2.899297
v 5.318250 -1.553476 2.899297
v 5.227375 -1.504902 2.899297
v 5.147721 -1.439532 2.899297
v 5.082351 -1.359878 2.899297
v 5.033777 -1.269002 2.899297
v 5.003865 -1.170396 2.899297
v 4.993765 -1.067849 2.899297
v 5.003866 -0.965302 2.899297
v 5.033778 -0.866696 2.899297
v 5.082352 -0.775820 2.899297
v 5.147722 -0.696167 2.899297
v 5.227376 -0.630797 2.899297
v 5.318252 -0.582223 2.899297
v 5.416858 -0.552311 2.899297
v 5.519404 -0.542212 3.309765
v 5.621951 -0.552312 3.309765
v 5.720557 -0.582223 3.309765
v 5.811433 -0.630798 3.309765
v 5.891087 -0.696167 3.309765
v 5.956456 -0.775821 3.309765
v 6.005030 -0.866697 3.309765
v 6.034942 -0.965303 3.309765
v 6.045042 -1.067850 3.309765
v 6.034942 -1.170396 3.309765
v 6.005031 -1.269002 3.309765
v 5.956456 -1.359878 3.309765
v 5.891087 -1.439532 3.309767
v 5.811433 -1.504902 3.309765
v 5.720557 -1.553476 3.309765
v 5.621951 -1.583388 3.309765
v 5.519404 -1.593488 3.309765
v 5.416857 -1.583388 3.309765
v 5.318250 -1.553476 3.309765
v 5.227375 -1.504902 3.309765
v 5.147721 -1.439532 3.309767
v 5.082351 -1.359878 3.309765
v 5.033777 -1.269002 3.309765
v 5.003865 -1.170396 3.309765
v 4.993765 -1.067849 3.309765
v 5.003866 -0.965302 3.309765
v 5.033778 -0.866696 3.309765
v 5.082352 -0.775820 3.309765
v 5.147722 -0.696167 3.309765
v 5.227376 -0.630797 3.309765
v 5.318252 -0.582223 3.309765
v 5.416858 -0.552311 3.309765
v 5.621368 -1.372914 3.448217
v 5.621368 -0.694041 3.448217
v 5.621368 -1.372914 3.309765
v 5.621368 -0.694041 3.309765
v 5.407026 -1.372914 3.448217
v 5.407026 -0.694041 3.448217
v 5.407026 -1.372914 3.309765
v 5.407026 -0.694041 3.309765
v 5.478474 -1.372914 3.309765
v 5.549921 -1.372914 3.309765
v 5.549921 -0.694041 3.309765
v 5.478474 -0.694041 3.309765
v 5.549921 -1.372914 3.479489
v 5.478474 -1.372914 3.479489
v 5.478474 -0.694041 3.479489
v 5.549921 -0.694041 3.479489
v 5.621368 -1.219259 3.510699
v 5.621368 -0.821917 3.510699
v 5.621368 -0.821917 3.309765
v 5.621368 -1.219259 3.309765
v 5.407026 -0.821917 3.309765
v 5.407026 -1.219259 3.309765
v 5.407026 -0.821917 3.510699
v 5.407026 -1.219259 3.510699
v 5.478474 -0.821917 3.541970
v 5.478474 -1.219259 3.541970
v 5.549921 -0.821917 3.541970
v 5.549921 -1.219259 3.541970
v 5.549921 -0.821917 3.309765
v 5.549921 -1.219259 3.309765
v 5.478474 -0.821917 3.309765
v 5.478474 -1.219259 3.309765
v 4.978087 -1.292070 2.973966
v 4.978087 -1.292070 3.240875
v 4.944745 -1.182156 3.240875
v 4.944745 -1.182156 2.973966
v 6.094062 -1.182156 2.973966
v 6.094062 -1.182156 3.240875
v 6.060720 -1.292070 3.240875
v 6.060720 -1.292070 2.973966
v 4.933487 -1.067849 3.240875
v 4.933487 -1.067849 2.973966
v 6.006576 -1.393367 3.240875
v 6.006576 -1.393367 2.973966
v 4.944746 -0.953542 3.240875
v 4.944746 -0.953542 2.973966
v 5.933710 -1.482155 3.240875
v 5.933710 -1.482155 2.973966
v 4.978088 -0.843628 3.240875
v 4.978088 -0.843628 2.973966
v 5.844922 -1.555021 3.240875
v 5.844922 -1.555022 2.973966
v 5.032232 -0.742331 3.240875
v 5.032232 -0.742331 2.973966
v 5.743625 -1.609166 3.240875
v 5.743625 -1.609166 2.973966
v 5.519404 -0.481933 2.973966
v 5.519404 -0.481933 3.240875
v 5.633710 -0.493191 3.240875
v 5.633710 -0.493191 2.973966
v 5.105099 -0.653543 3.240875
v 5.105099 -0.653544 2.973966
v 5.633710 -1.642508 3.240875
v 5.633710 -1.642508 2.973966
v 5.743625 -0.526533 3.240875
v 5.743625 -0.526533 2.973966
v 5.193887 -0.580677 3.240875
v 5.193887 -0.580677 2.973966
v 5.519404 -1.653766 3.240875
v 5.519404 -1.653766 2.973966
v 5.844922 -0.580678 3.240875
v 5.844922 -0.580678 2.973966
v 5.295184 -0.526533 3.240875
v 5.295184 -0.526533 2.973966
v 5.405097 -1.642508 3.240875
v 5.405097 -1.642508 2.973966
v 5.933710 -0.653544 3.240875
v 5.933710 -0.653544 2.973966
v 5.405098 -0.493191 3.240875
v 5.405098 -0.493191 2.973966
v 5.295183 -1.609166 3.240875
v 5.295183 -1.609166 2.973966
v 6.006576 -0.742332 3.240875
v 6.006576 -0.742332 2.973966
v 5.193886 -1.555021 3.240875
v 5.193886 -1.555021 2.973966
v 6.060720 -0.843629 3.240875
v 6.060720 -0.843629 2.973966
v 5.105098 -1.482155 3.240875
v 5.105098 -1.482155 2.973966
v 6.094062 -0.953543 3.240875
v 6.094062 -0.953543 2.973966
v 5.032232 -1.393367 3.240875
v 5.032232 -1.393367 2.973966
v 6.105320 -1.067850 3.240875
v 6.105320 -1.067850 2.973966
v 5.514197 -0.694041 3.309765
v 5.621368 -0.921252 3.309765
v 5.621368 -1.119924 3.309765
v 5.621368 -1.020588 3.309765
v 5.514197 -1.372914 3.309765
v 5.407026 -1.119924 3.309765
v 5.407026 -1.070256 3.309765
v 5.407026 -1.020588 3.309765
v 5.407026 -0.921252 3.309765
v 5.621368 -1.372914 3.317140
v 5.621368 -0.694041 3.317140
v 5.407026 -1.372914 3.317140
v 5.407026 -0.694041 3.317140
v 5.478474 -0.694041 3.317140
v 5.549921 -0.694041 3.317140
v 5.549921 -1.372914 3.317140
v 5.478474 -1.372914 3.317140
v 5.407026 -1.219259 3.317140
v 5.407026 -0.821917 3.317140
v 5.621368 -1.219259 3.317140
v 5.621368 -0.821917 3.317140
v 1.886721 -0.542212 2.899297
v 1.989267 -0.552312 2.899297
v 2.087873 -0.582223 2.899297
v 2.178749 -0.630798 2.899297
v 2.258403 -0.696167 2.899297
v 2.323772 -0.775821 2.899297
v 2.372347 -0.866697 2.899297
v 2.402259 -0.965303 2.899297
v 2.412359 -1.067850 2.899297
v 2.402259 -1.170396 2.899297
v 2.372347 -1.269002 2.899297
v 2.323772 -1.359878 2.899297
v 2.258403 -1.439532 2.899297
v 2.178749 -1.504902 2.899297
v 2.087873 -1.553476 2.899297
v 1.989267 -1.583388 2.899297
v 1.886720 -1.593488 2.899297
v 1.784173 -1.583388 2.899297
v 1.685567 -1.553476 2.899297
v 1.594692 -1.504902 2.899297
v 1.515038 -1.439532 2.899297
v 1.449668 -1.359878 2.899297
v 1.401094 -1.269002 2.899297
v 1.371183 -1.170396 2.899297
v 1.361083 -1.067849 2.899297
v 1.371183 -0.965302 2.899297
v 1.401095 -0.866696 2.899297
v 1.449669 -0.775820 2.899297
v 1.515039 -0.696167 2.899297
v 1.594692 -0.630797 2.899297
v 1.685568 -0.582223 2.899297
v 1.784175 -0.552311 2.899297
v 1.886721 -0.542212 3.309765
v 1.989267 -0.552312 3.309765
v 2.087873 -0.582223 3.309765
v 2.178749 -0.630798 3.309765
v 2.258403 -0.696167 3.309765
v 2.323772 -0.775821 3.309765
v 2.372347 -0.866697 3.309765
v 2.402259 -0.965303 3.309765
v 2.412359 -1.067850 3.309765
v 2.402259 -1.170396 3.309765
v 2.372347 -1.269002 3.309765
v 2.323772 -1.359878 3.309765
v 2.258403 -1.439532 3.309767
v 2.178749 -1.504902 3.309765
v 2.087873 -1.553476 3.309765
v 1.989267 -1.583388 3.309765
v 1.886720 -1.593488 3.309765
v 1.784173 -1.583388 3.309765
v 1.685567 -1.553476 3.309765
v 1.594692 -1.504902 3.309765
v 1.515038 -1.439532 3.309767
v 1.449668 -1.359878 3.309765
v 1.401094 -1.269002 3.309765
v 1.371183 -1.170396 3.309765
v 1.361083 -1.067849 3.309765
v 1.371183 -0.965302 3.309765
v 1.401095 -0.866696 3.309765
v 1.449669 -0.775820 3.309765
v 1.515039 -0.696167 3.309765
v 1.594692 -0.630797 3.309765
v 1.685568 -0.582223 3.309765
v 1.784175 -0.552311 3.309765
v 1.988685 -1.372914 3.448217
v 1.988685 -0.694041 3.448217
v 1.988685 -1.372914 3.309765
v 1.988685 -0.694041 3.309765
v 1.774343 -1.372914 3.448217
v 1.774343 -0.694041 3.448217
v 1.774343 -1.372914 3.309765
v 1.774343 -0.694041 3.309765
v 1.845790 -1.372914 3.309765
v 1.917237 -1.372914 3.309765
v 1.917237 -0.694041 3.309765
v 1.845790 -0.694041 3.309765
v 1.917237 -1.372914 3.479489
v 1.845790 -1.372914 3.479489
v 1.845790 -0.694041 3.479489
v 1.917237 -0.694041 3.479489
v 1.988685 -1.219259 3.510699
v 1.988685 -0.821917 3.510699
v 1.988685 -0.821917 3.309765
v 1.988685 -1.219259 3.309765
v 1.774343 -0.821917 3.309765
v 1.774343 -1.219259 3.309765
v 1.774343 -0.821917 3.510699
v 1.774343 -1.219259 3.510699
v 1.845790 -0.821917 3.541970
v 1.845790 -1.219259 3.541970
v 1.917237 -0.821917 3.541970
v 1.917237 -1.219259 3.541970
v 1.917237 -0.821917 3.309765
v 1.917237 -1.219259 3.309765
v 1.845790 -0.821917 3.309765
v 1.845790 -1.219259 3.309765
v 1.345404 -1.292070 2.973966
v 1.345404 -1.292070 3.240875
v 1.312062 -1.182156 3.240875
v 1.312062 -1.182156 2.973966
v 2.461379 -1.182156 2.973966
v 2.461379 -1.182156 3.240875
v 2.428037 -1.292070 3.240875
v 2.428037 -1.292070 2.973966
v 1.300804 -1.067849 3.240875
v 1.300804 -1.067849 2.973966
v 2.373893 -1.393367 3.240875
v 2.373893 -1.393367 2.973966
v 1.312062 -0.953542 3.240875
v 1.312062 -0.953542 2.973966
v 2.301026 -1.482155 3.240875
v 2.301026 -1.482155 2.973966
v 1.345405 -0.843628 3.240875
v 1.345405 -0.843628 2.973966
v 2.212238 -1.555021 3.240875
v 2.212238 -1.555022 2.973966
v 1.399549 -0.742331 3.240875
v 1.399549 -0.742331 2.973966
v 2.110941 -1.609166 3.240875
v 2.110941 -1.609166 2.973966
v 1.886721 -0.481933 2.973966
v 1.886721 -0.481933 3.240875
v 2.001027 -0.493191 3.240875
v 2.001027 -0.493191 2.973966
v 1.472416 -0.653543 3.240875
v 1.472416 -0.653544 2.973966
v 2.001027 -1.642508 3.240875
v 2.001027 -1.642508 2.973966
v 2.110941 -0.526533 3.240875
v 2.110941 -0.526533 2.973966
v 1.561203 -0.580677 3.240875
v 1.561203 -0.580677 2.973966
v 1.886720 -1.653766 3.240875
v 1.886720 -1.653766 2.973966
v 2.212238 -0.580678 3.240875
v 2.212238 -0.580678 2.973966
v 1.662501 -0.526533 3.240875
v 1.662501 -0.526533 2.973966
v 1.772414 -1.642508 3.240875
v 1.772414 -1.642508 2.973966
v 2.301026 -0.653544 3.240875
v 2.301026 -0.653544 2.973966
v 1.772415 -0.493191 3.240875
v 1.772415 -0.493191 2.973966
v 1.662500 -1.609166 3.240875
v 1.662500 -1.609166 2.973966
v 2.373893 -0.742332 3.240875
v 2.373893 -0.742332 2.973966
v 1.561203 -1.555021 3.240875
v 1.561203 -1.555021 2.973966
v 2.428037 -0.843629 3.240875
v 2.428037 -0.843629 2.973966
v 1.472415 -1.482155 3.240875
v 1.472415 -1.482155 2.973966
v 2.461379 -0.953543 3.240875
v 2.461379 -0.953543 2.973966
v 1.399549 -1.393367 3.240875
v 1.399549 -1.393367 2.973966
v 2.472637 -1.067850 3.240875
v 2.472637 -1.067850 2.973966
v 1.881514 -0.694041 3.309765
v 1.988685 -0.921252 3.309765
v 1.988685 -1.119924 3.309765
v 1.988685 -1.020588 3.309765
v 1.881514 -1.372914 3.309765
v 1.774343 -1.119924 3.309765
v 1.774343 -1.070256 3.309765
v 1.774343 -1.020588 3.309765
v 1.774343 -0.921252 3.309765
v 1.988685 -1.372914 3.317140
v 1.988685 -0.694041 3.317140
v 1.774343 -1.372914 3.317140
v 1.774343 -0.694041 3.317140
v 1.845790 -0.694041 3.317140
v 1.917237 -0.694041 3.317140
v 1.917237 -1.372914 3.317140
v 1.845790 -1.372914 3.317140
v 1.774343 -1.219259 3.317140
v 1.774343 -0.821917 3.317140
v 1.988685 -1.219259 3.317140
v 1.988685 -0.821917 3.317140
v 3.891031 0.174356 1.343634
v 3.888048 0.159963 1.341147
v 3.880716 0.147110 1.339338
v 3.869751 0.137055 1.338383
v 3.856227 0.130782 1.338376
v 3.841467 0.128906 1.339318
v 3.826917 0.131610 1.341117
v 3.814001 0.138629 1.343596
v 3.803983 0.149277 1.346513
v 3.797843 0.162511 1.349582
v 3.796184 0.177036 1.352503
v 3.928311 0.091699 1.775075
v 3.925572 0.077090 1.773926
v 3.918607 0.063911 1.774137
v 3.908097 0.053452 1.775687
v 3.895072 0.046737 1.778424
v 3.880805 0.044423 1.782081
v 3.866695 0.046737 1.786300
v 3.854122 0.053452 1.790667
v 3.844317 0.063911 1.794755
v 3.838239 0.077090 1.798165
v 3.836484 0.091699 1.800562
v 4.071903 0.072718 2.076092
v 4.070360 0.057917 2.076988
v 4.065668 0.044374 2.081088
v 4.058288 0.033413 2.087990
v 4.048941 0.026108 2.097019
v 4.038542 0.023174 2.107290
v 4.028110 0.024899 2.117800
v 4.018665 0.031112 2.127517
v 4.011132 0.041206 2.135493
v 4.006249 0.054194 2.140945
v 4.004493 0.068803 2.143341
v 4.371921 0.073107 2.219362
v 4.371494 0.058285 2.220908
v 4.369867 0.044685 2.226793
v 4.367201 0.033637 2.236441
v 4.363756 0.026223 2.248907
v 4.359869 0.023168 2.262972
v 4.355921 0.024772 2.277257
v 4.352298 0.030878 2.290367
v 4.349355 0.040888 2.301015
v 4.347380 0.053821 2.308162
v 4.346566 0.068413 2.311106
v 4.799047 0.073107 2.256379
v 4.798975 0.058285 2.257981
v 4.798707 0.044685 2.264081
v 4.798265 0.033637 2.274081
v 4.797695 0.026223 2.287002
v 4.797052 0.023168 2.301579
v 4.796399 0.024772 2.316386
v 4.795799 0.030878 2.329973
v 4.795312 0.040888 2.341010
v 4.794986 0.053821 2.348417
v 4.794851 0.068413 2.351469
v 5.273423 0.073107 2.256332
v 5.273423 0.058285 2.257936
v 5.273423 0.044685 2.264041
v 5.273423 0.033637 2.274051
v 5.273423 0.026223 2.286985
v 5.273423 0.023168 2.301577
v 5.273423 0.024772 2.316398
v 5.273423 0.030878 2.329998
v 5.273423 0.040888 2.341046
v 5.273423 0.053821 2.348460
v 5.273423 0.068413 2.351514
v 5.749915 0.073107 2.256332
v 5.749915 0.058285 2.257936
v 5.749915 0.044685 2.264041
v 5.749915 0.033637 2.274051
v 5.749915 0.026223 2.286985
v 5.749915 0.023168 2.301577
v 5.749915 0.024772 2.316398
v 5.749915 0.030878 2.329998
v 5.749915 0.040888 2.341046
v 5.749915 0.053821 2.348460
v 5.749915 0.068413 2.351514
v 6.226406 0.073107 2.256332
v 6.226406 0.058285 2.257936
v 6.226406 0.044685 2.264041
v 6.226406 0.033637 2.274051
v 6.226406 0.026223 2.286985
v 6.226406 0.023168 2.301577
v 6.226406 0.024772 2.316398
v 6.226406 0.030878 2.329998
v 6.226406 0.040888 2.341046
v 6.226406 0.053821 2.348460
v 6.226406 0.068413 2.351514
v 6.700783 0.073107 2.256379
v 6.700854 0.058285 2.257981
v 6.701123 0.044685 2.264081
v 6.701565 0.033637 2.274081
v 6.702135 0.026223 2.287002
v 6.702778 0.023168 2.301579
v 6.703431 0.024772 2.316386
v 6.704031 0.030878 2.329973
v 6.704517 0.040888 2.341010
v 6.704844 0.053821 2.348417
v 6.704979 0.068413 2.351469
v 7.127909 0.073107 2.219362
v 7.128336 0.058285 2.220908
v 7.129962 0.044685 2.226793
v 7.132629 0.033637 2.236441
v 7.136074 0.026223 2.248907
v 7.139961 0.023168 2.262972
v 7.143909 0.024772 2.277257
v 7.147532 0.030878 2.290367
v 7.150475 0.040888 2.301015
v 7.152449 0.053821 2.308162
v 7.153263 0.068413 2.311106
v 7.427927 0.072718 2.076092
v 7.429470 0.057917 2.076988
v 7.434162 0.044374 2.081088
v 7.441542 0.033413 2.087990
v 7.450889 0.026108 2.097019
v 7.461288 0.023174 2.107290
v 7.471720 0.024899 2.117800
v 7.481165 0.031112 2.127517
v 7.488698 0.041206 2.135493
v 7.493580 0.054194 2.140945
v 7.495337 0.068803 2.143341
v 7.571518 0.091699 1.775075
v 7.574258 0.077090 1.773926
v 7.581223 0.063911 1.774137
v 7.591733 0.053452 1.775687
v 7.604758 0.046737 1.778424
v 7.619024 0.044423 1.782081
v 7.633135 0.046737 1.786300
v 7.645708 0.053452 1.790667
v 7.655513 0.063911 1.794755
v 7.661591 0.077090 1.798165
v 7.663345 0.091699 1.800562
v 7.608401 0.174836 1.347319
v 7.610959 0.160150 1.347316
v 7.617926 0.146971 1.347519
v 7.628619 0.136591 1.347907
v 7.641993 0.130026 1.348443
v 7.656737 0.127917 1.349074
v 7.671410 0.130473 1.349738
v 7.684573 0.137441 1.350371
v 7.694940 0.148141 1.350909
v 7.701495 0.161525 1.351302
v 7.703596 0.176283 1.351510
v 7.608336 0.091045 0.868442
v 7.610863 0.076420 0.869840
v 7.617807 0.063287 0.871095
v 7.628487 0.052934 0.872085
v 7.641859 0.046372 0.872712
v 7.656613 0.044245 0.872915
v 7.671305 0.046761 0.872675
v 7.684497 0.053673 0.872014
v 7.694898 0.064305 0.870998
v 7.701489 0.077616 0.869726
v 7.703626 0.092303 0.868322
v 7.608336 0.080573 0.291468
v 7.610863 0.065896 0.290785
v 7.617807 0.052719 0.290171
v 7.628487 0.042329 0.289687
v 7.641859 0.035745 0.289380
v 7.656613 0.033610 0.289280
v 7.671305 0.036135 0.289398
v 7.684497 0.043071 0.289721
v 7.694898 0.053739 0.290218
v 7.701489 0.067096 0.290841
v 7.703626 0.081834 0.291528
v 3.891494 0.080573 0.291468
v 3.888966 0.065896 0.290785
v 3.882023 0.052719 0.290171
v 3.871343 0.042329 0.289687
v 3.857971 0.035745 0.289380
v 3.843217 0.033610 0.289281
v 3.828525 0.036135 0.289398
v 3.815332 0.043071 0.289721
v 3.804932 0.053739 0.290218
v 3.798340 0.067096 0.290841
v 3.796203 0.081834 0.291528
v 3.891494 0.091045 0.868442
v 3.888966 0.076420 0.869840
v 3.882023 0.063287 0.871095
v 3.871343 0.052934 0.872085
v 3.857971 0.046372 0.872712
v 3.843217 0.044245 0.872915
v 3.828525 0.046761 0.872675
v 3.815332 0.053673 0.872014
v 3.804932 0.064305 0.870998
v 3.798340 0.077616 0.869726
v 3.796203 0.092303 0.868322
v 3.891494 0.177419 1.355378
v 3.888966 0.167160 1.365896
v 3.882023 0.157949 1.375340
v 3.871343 0.150687 1.382786
v 3.857971 0.146085 1.387504
v 3.843217 0.144593 1.389034
v 3.828525 0.146357 1.387225
v 3.815332 0.151205 1.382254
v 3.804932 0.158663 1.374608
v 3.798340 0.167999 1.365036
v 3.796203 0.178301 1.354474
v 3.891494 0.450750 1.397369
v 3.888966 0.445538 1.411105
v 3.882023 0.440857 1.423439
v 3.871343 0.437167 1.433163
v 3.857971 0.434829 1.439326
v 3.843217 0.434070 1.441324
v 3.828525 0.434967 1.438961
v 3.815332 0.437430 1.432469
v 3.804932 0.441220 1.422484
v 3.798340 0.445964 1.409982
v 3.796203 0.451199 1.396188
v 3.891250 0.683788 1.549049
v 3.888485 0.672770 1.558704
v 3.881338 0.663134 1.567553
v 3.870510 0.655822 1.574731
v 3.857059 0.651549 1.579533
v 3.842302 0.650735 1.581492
v 3.827685 0.653459 1.580414
v 3.814637 0.659453 1.576405
v 3.804437 0.668133 1.569858
v 3.798082 0.678647 1.561413
v 3.796195 0.689967 1.551897
v 3.926824 0.802124 1.817416
v 3.923033 0.788634 1.822505
v 3.915209 0.777364 1.828339
v 3.904118 0.769419 1.834347
v 3.890845 0.765576 1.839942
v 3.876690 0.766210 1.844576
v 3.863037 0.771260 1.847794
v 3.851225 0.780232 1.849283
v 3.842408 0.792247 1.848895
v 3.837450 0.806129 1.846670
v 3.836836 0.820520 1.842825
v 4.068136 0.829296 2.078393
v 4.064404 0.815823 2.083569
v 4.057988 0.804967 2.091521
v 4.049519 0.797791 2.101472
v 4.039824 0.794997 2.112447
v 4.029852 0.796859 2.123372
v 4.020580 0.803195 2.133177
v 4.012916 0.813384 2.140903
v 4.007609 0.826429 2.145793
v 4.005179 0.841052 2.147369
v 4.005864 0.855824 2.145477
v 4.365897 0.828607 2.203403
v 4.364876 0.815215 2.209871
v 4.363260 0.804501 2.220111
v 4.361207 0.797515 2.233119
v 4.358917 0.794941 2.247624
v 4.356616 0.797030 2.262204
v 4.354528 0.803578 2.275433
v 4.352858 0.813945 2.286016
v 4.351768 0.827115 2.292916
v 4.351367 0.841799 2.295459
v 4.351693 0.856560 2.293396
v 4.775672 0.828607 2.174732
v 4.780053 0.815215 2.179599
v 4.786987 0.804501 2.187305
v 4.795796 0.797515 2.197095
v 4.805618 0.794941 2.208011
v 4.815492 0.797030 2.218983
v 4.824450 0.803578 2.228938
v 4.831617 0.813945 2.236902
v 4.836290 0.827115 2.242095
v 4.838012 0.841799 2.244009
v 4.836614 0.856560 2.242456
v 4.816670 0.828607 1.920630
v 4.822976 0.815215 1.922397
v 4.832958 0.804501 1.925193
v 4.845639 0.797515 1.928746
v 4.859779 0.794941 1.932707
v 4.873992 0.797030 1.936689
v 4.886889 0.803578 1.940302
v 4.897205 0.813945 1.943192
v 4.903932 0.827115 1.945077
v 4.906411 0.841799 1.945772
v 4.904399 0.856560 1.945208
v 4.937891 0.828607 1.592027
v 4.943755 0.815215 1.594941
v 4.953039 0.804501 1.599554
v 4.964833 0.797515 1.605413
v 4.977983 0.794941 1.611947
v 4.991202 0.797030 1.618515
v 5.003197 0.803578 1.624474
v 5.012792 0.813945 1.629241
v 5.019048 0.827115 1.632349
v 5.021353 0.841799 1.633494
v 5.019482 0.856560 1.632565
v 5.141401 0.828607 1.274256
v 5.146363 0.815215 1.278530
v 5.154218 0.804501 1.285295
v 5.164197 0.797515 1.293889
v 5.175324 0.794941 1.303471
v 5.186509 0.797030 1.313103
v 5.196657 0.803578 1.321843
v 5.204775 0.813945 1.328835
v 5.210069 0.827115 1.333393
v 5.212019 0.841799 1.335073
v 5.210436 0.856560 1.333709
v 5.420757 0.828607 1.031033
v 5.423887 0.815215 1.036785
v 5.428842 0.804501 1.045891
v 5.435137 0.797515 1.057458
v 5.442156 0.794941 1.070356
v 5.449212 0.797030 1.083322
v 5.455614 0.803578 1.095085
v 5.460734 0.813945 1.104496
v 5.464074 0.827115 1.110632
v 5.465304 0.841799 1.112893
v 5.464306 0.856560 1.111058
v 5.749915 0.828607 0.937484
v 5.749915 0.815215 0.944032
v 5.749915 0.804501 0.954399
v 5.749915 0.797515 0.967569
v 5.749915 0.794941 0.982253
v 5.749915 0.797030 0.997014
v 5.749915 0.803578 1.010406
v 5.749915 0.813945 1.021120
v 5.749915 0.827115 1.028105
v 5.749915 0.841799 1.030680
v 5.749915 0.856560 1.028591
v 6.079074 0.828607 1.031033
v 6.075943 0.815215 1.036785
v 6.070988 0.804501 1.045891
v 6.064693 0.797515 1.057458
v 6.057674 0.794941 1.070356
v 6.050619 0.797030 1.083322
v 6.044217 0.803578 1.095085
v 6.039096 0.813945 1.104496
v 6.035756 0.827115 1.110632
v 6.034526 0.841799 1.112893
v 6.035524 0.856560 1.111058
v 6.358428 0.828607 1.274256
v 6.353467 0.815215 1.278530
v 6.345611 0.804501 1.285295
v 6.335632 0.797515 1.293889
v 6.324506 0.794941 1.303471
v 6.313321 0.797030 1.313103
v 6.303173 0.803578 1.321843
v 6.295055 0.813945 1.328835
v 6.289761 0.827115 1.333393
v 6.287811 0.841799 1.335073
v 6.289394 0.856560 1.333709
v 6.561939 0.828607 1.592027
v 6.556075 0.815215 1.594941
v 6.546791 0.804501 1.599554
v 6.534997 0.797515 1.605413
v 6.521846 0.794941 1.611947
v 6.508627 0.797030 1.618515
v 6.496633 0.803578 1.624474
v 6.487038 0.813945 1.629241
v 6.480782 0.827115 1.632349
v 6.478477 0.841799 1.633494
v 6.480348 0.856560 1.632565
v 6.683160 0.828607 1.920630
v 6.676854 0.815215 1.922397
v 6.666872 0.804501 1.925193
v 6.654190 0.797515 1.928746
v 6.640051 0.794941 1.932707
v 6.625837 0.797030 1.936689
v 6.612941 0.803578 1.940302
v 6.602624 0.813945 1.943192
v 6.595898 0.827115 1.945077
v 6.593419 0.841799 1.945772
v 6.595431 0.856560 1.945208
v 6.724157 0.828607 2.174732
v 6.719777 0.815215 2.179599
v 6.712843 0.804501 2.187305
v 6.704033 0.797515 2.197095
v 6.694211 0.794941 2.208011
v 6.684338 0.797030 2.218983
v 6.675379 0.803578 2.228938
v 6.668213 0.813945 2.236902
v 6.663540 0.827115 2.242095
v 6.661818 0.841799 2.244009
v 6.663216 0.856560 2.242456
v 7.133933 0.828607 2.203403
v 7.134953 0.815215 2.209871
v 7.136569 0.804501 2.220111
v 7.138623 0.797515 2.233119
v 7.140913 0.794941 2.247624
v 7.143214 0.797030 2.262204
v 7.145301 0.803578 2.275433
v 7.146972 0.813945 2.286016
v 7.148061 0.827115 2.292916
v 7.148462 0.841799 2.295459
v 7.148136 0.856560 2.293396
v 7.431694 0.829296 2.078393
v 7.435426 0.815823 2.083569
v 7.441842 0.804967 2.091521
v 7.450311 0.797791 2.101472
v 7.460006 0.794997 2.112447
v 7.469977 0.796859 2.123372
v 7.479249 0.803195 2.133177
v 7.486914 0.813384 2.140903
v 7.492221 0.826429 2.145793
v 7.494651 0.841052 2.147369
v 7.493966 0.855824 2.145477
v 7.573006 0.802124 1.817416
v 7.576797 0.788634 1.822505
v 7.584621 0.777364 1.828339
v 7.595712 0.769419 1.834347
v 7.608984 0.765576 1.839942
v 7.623140 0.766210 1.844576
v 7.636793 0.771260 1.847794
v 7.648605 0.780232 1.849283
v 7.657422 0.792247 1.848895
v 7.662380 0.806129 1.846670
v 7.662993 0.820520 1.842825
v 7.608580 0.683788 1.549049
v 7.611344 0.672770 1.558704
v 7.618492 0.663134 1.567553
v 7.629320 0.655822 1.574730
v 7.642771 0.651549 1.579533
v 7.657527 0.650735 1.581492
v 7.672144 0.653459 1.580414
v 7.685193 0.659453 1.576405
v 7.695393 0.668133 1.569858
v 7.701748 0.678647 1.561413
v 7.703635 0.689967 1.551897
v 7.608336 0.450750 1.397369
v 7.610863 0.445538 1.411105
v 7.617807 0.440857 1.423439
v 7.628487 0.437167 1.433163
v 7.641859 0.434828 1.439326
v 7.656613 0.434070 1.441324
v 7.671305 0.434967 1.438961
v 7.684497 0.437430 1.432469
v 7.694898 0.441220 1.422484
v 7.701489 0.445964 1.409982
v 7.703626 0.451199 1.396188
v 7.608336 0.181969 1.357634
v 7.610863 0.179810 1.372166
v 7.617807 0.177872 1.385215
v 7.628487 0.176344 1.395504
v 7.641859 0.175375 1.402023
v 7.656613 0.175061 1.404137
v 7.671305 0.175433 1.401637
v 7.684497 0.176453 1.394769
v 7.694898 0.178022 1.384204
v 7.701489 0.179987 1.370978
v 7.703626 0.182155 1.356384
v 3.796869 0.192008 1.355303
v 3.836994 0.106827 1.802398
v 4.004384 0.084030 2.144117
v 4.346366 0.083642 2.311830
v 4.794818 0.083642 2.352219
v 5.273423 0.083642 2.352266
v 5.749915 0.083642 2.352266
v 6.226406 0.083642 2.352266
v 6.705011 0.083642 2.352219
v 7.153463 0.083642 2.311830
v 7.495446 0.084030 2.144117
v 7.662836 0.106827 1.802398
v 7.703360 0.191528 1.351619
v 7.703424 0.107480 0.866871
v 7.703424 0.097064 0.292237
v 3.796405 0.097064 0.292237
v 3.796405 0.107480 0.866871
v 3.796405 0.188946 1.343559
v 3.796405 0.456608 1.381933
v 3.796649 0.701532 1.541971
v 3.838481 0.834955 1.838199
v 4.008151 0.870448 2.141817
v 4.352390 0.871137 2.288978
v 4.833622 0.871136 2.239131
v 4.900093 0.871137 1.944002
v 5.015477 0.871137 1.630575
v 5.207047 0.871137 1.330791
v 5.462168 0.871137 1.107129
v 5.749915 0.871137 1.024118
v 6.037663 0.871137 1.107129
v 6.292783 0.871137 1.330791
v 6.484353 0.871137 1.630575
v 6.599737 0.871137 1.944002
v 6.666207 0.871136 2.239131
v 7.147439 0.871137 2.288978
v 7.491679 0.870448 2.141817
v 7.661348 0.834955 1.838200
v 7.703180 0.701532 1.541971
v 7.703424 0.456608 1.381933
v 7.703424 0.184395 1.341303
v 3.891716 0.189329 1.346434
v 3.928821 0.106827 1.776911
v 4.071794 0.087946 2.076869
v 4.371721 0.088336 2.220086
v 4.799013 0.088336 2.257129
v 5.273423 0.088336 2.257083
v 5.749915 0.088336 2.257083
v 6.226406 0.088336 2.257083
v 6.700817 0.088336 2.257129
v 7.128109 0.088336 2.220086
v 7.428036 0.087946 2.076869
v 7.571009 0.106827 1.776911
v 7.608165 0.190082 1.347428
v 7.608134 0.106223 0.866991
v 7.608134 0.095803 0.292178
v 3.891695 0.095803 0.292178
v 3.891695 0.106223 0.866991
v 3.891695 0.188064 1.344463
v 3.891695 0.456160 1.383114
v 3.891704 0.695353 1.539123
v 3.928469 0.816560 1.812790
v 4.070423 0.843920 2.074733
v 4.366594 0.843184 2.198985
v 4.772681 0.843184 2.171407
v 4.812364 0.843184 1.919424
v 4.933886 0.843184 1.590037
v 5.138013 0.843184 1.271338
v 5.418619 0.843184 1.027105
v 5.749915 0.843184 0.933012
v 6.081211 0.843184 1.027105
v 6.361817 0.843184 1.271338
v 6.565944 0.843184 1.590037
v 6.687466 0.843184 1.919424
v 6.727149 0.843184 2.171407
v 7.133235 0.843184 2.198985
v 7.429407 0.843920 2.074733
v 7.571361 0.816560 1.812790
v 7.608126 0.695353 1.539123
v 7.608134 0.456160 1.383114
v 7.608134 0.184210 1.342553
v 3.799851 0.206402 1.357790
v 3.807183 0.219255 1.359599
v 3.818148 0.229310 1.360554
v 3.831672 0.235582 1.360561
v 3.846432 0.237459 1.359619
v 3.860982 0.234755 1.357821
v 3.873898 0.227735 1.355342
v 3.883916 0.217087 1.352425
v 3.890056 0.203853 1.349355
v 3.839733 0.121436 1.803547
v 3.846698 0.134615 1.803336
v 3.857208 0.145073 1.801786
v 3.870234 0.151789 1.799048
v 3.884500 0.154102 1.795392
v 3.898610 0.151789 1.791173
v 3.911183 0.145073 1.786806
v 3.920988 0.134615 1.782717
v 3.927066 0.121436 1.779308
v 4.005927 0.098831 2.143221
v 4.010619 0.112375 2.139122
v 4.018000 0.123335 2.132220
v 4.027347 0.130640 2.123191
v 4.037745 0.133574 2.112919
v 4.048177 0.131850 2.102410
v 4.057622 0.125637 2.092692
v 4.065155 0.115542 2.084716
v 4.070038 0.102555 2.079265
v 4.346794 0.098463 2.310284
v 4.348420 0.112064 2.304399
v 4.351087 0.123112 2.294751
v 4.354531 0.130526 2.282284
v 4.358418 0.133580 2.268220
v 4.362367 0.131976 2.253934
v 4.365990 0.125871 2.240825
v 4.368932 0.115861 2.230176
v 4.370907 0.102928 2.223030
v 4.794889 0.098463 2.350616
v 4.795158 0.112064 2.344517
v 4.795599 0.123112 2.334517
v 4.796169 0.130526 2.321596
v 4.796812 0.133580 2.307019
v 4.797465 0.131976 2.292212
v 4.798065 0.125871 2.278625
v 4.798552 0.115861 2.267588
v 4.798879 0.102928 2.260180
v 5.273423 0.098463 2.350662
v 5.273423 0.112064 2.344556
v 5.273423 0.123112 2.334547
v 5.273423 0.130526 2.321613
v 5.273423 0.133580 2.307021
v 5.273423 0.131976 2.292200
v 5.273423 0.125871 2.278599
v 5.273423 0.115861 2.267551
v 5.273423 0.102928 2.260138
v 5.749915 0.098463 2.350662
v 5.749915 0.112064 2.344556
v 5.749915 0.123112 2.334547
v 5.749915 0.130526 2.321613
v 5.749915 0.133580 2.307021
v 5.749915 0.131976 2.292200
v 5.749915 0.125871 2.278599
v 5.749915 0.115861 2.267551
v 5.749915 0.102928 2.260138
v 6.226406 0.098463 2.350662
v 6.226406 0.112064 2.344556
v 6.226406 0.123112 2.334547
v 6.226406 0.130526 2.321613
v 6.226406 0.133580 2.307021
v 6.226406 0.131976 2.292200
v 6.226406 0.125871 2.278599
v 6.226406 0.115861 2.267551
v 6.226406 0.102928 2.260138
v 6.704941 0.098463 2.350616
v 6.704671 0.112064 2.344517
v 6.704231 0.123112 2.334517
v 6.703660 0.130526 2.321596
v 6.703018 0.133580 2.307019
v 6.702364 0.131976 2.292212
v 6.701765 0.125871 2.278625
v 6.701278 0.115861 2.267588
v 6.700951 0.102928 2.260180
v 7.153036 0.098463 2.310284
v 7.151409 0.112064 2.304399
v 7.148743 0.123112 2.294751
v 7.145298 0.130526 2.282284
v 7.141411 0.133580 2.268220
v 7.137463 0.131976 2.253934
v 7.133840 0.125871 2.240825
v 7.130897 0.115861 2.230176
v 7.128923 0.102928 2.223030
v 7.493903 0.098831 2.143221
v 7.489211 0.112375 2.139122
v 7.481831 0.123335 2.132220
v 7.472483 0.130640 2.123191
v 7.462085 0.133574 2.112919
v 7.451653 0.131850 2.102410
v 7.442208 0.125637 2.092692
v 7.434675 0.115542 2.084716
v 7.429791 0.102555 2.079265
v 7.660097 0.121436 1.803547
v 7.653131 0.134615 1.803336
v 7.642622 0.145073 1.801786
v 7.629597 0.151789 1.799048
v 7.615330 0.154102 1.795392
v 7.601220 0.151789 1.791173
v 7.588647 0.145073 1.786806
v 7.578841 0.134615 1.782717
v 7.572764 0.121436 1.779308
v 7.700801 0.206215 1.351621
v 7.693835 0.219393 1.351418
v 7.683142 0.229773 1.351030
v 7.669768 0.236339 1.350494
v 7.655023 0.238447 1.349863
v 7.640351 0.235892 1.349199
v 7.627187 0.228923 1.348567
v 7.616820 0.218223 1.348028
v 7.610266 0.204840 1.347635
v 7.700897 0.122105 0.865473
v 7.693954 0.135238 0.864218
v 7.683273 0.145592 0.863228
v 7.669901 0.152153 0.862601
v 7.655148 0.154280 0.862398
v 7.640455 0.151764 0.862638
v 7.627263 0.144852 0.863299
v 7.616862 0.134221 0.864315
v 7.610271 0.120910 0.865588
v 7.700897 0.111741 0.292921
v 7.693954 0.124919 0.293535
v 7.683273 0.135308 0.294019
v 7.669901 0.141892 0.294326
v 7.655148 0.144027 0.294425
v 7.640455 0.141502 0.294307
v 7.627263 0.134566 0.293984
v 7.616862 0.123898 0.293487
v 7.610271 0.110541 0.292865
v 3.798933 0.111741 0.292921
v 3.805876 0.124919 0.293535
v 3.816556 0.135308 0.294019
v 3.829928 0.141892 0.294326
v 3.844682 0.144027 0.294425
v 3.859374 0.141502 0.294307
v 3.872566 0.134566 0.293984
v 3.882967 0.123898 0.293487
v 3.889559 0.110541 0.292865
v 3.798933 0.122105 0.865473
v 3.805876 0.135238 0.864218
v 3.816556 0.145592 0.863228
v 3.829928 0.152153 0.862601
v 3.844682 0.154280 0.862398
v 3.859374 0.151764 0.862638
v 3.872566 0.144852 0.863299
v 3.882967 0.134221 0.864315
v 3.889559 0.120910 0.865588
v 3.798933 0.199204 1.333041
v 3.805876 0.208415 1.323597
v 3.816556 0.215678 1.316151
v 3.829928 0.220280 1.311433
v 3.844682 0.221772 1.309903
v 3.859374 0.220007 1.311712
v 3.872566 0.215159 1.316683
v 3.882967 0.207702 1.324329
v 3.889559 0.198366 1.333901
v 3.798933 0.461820 1.368197
v 3.805876 0.466501 1.355863
v 3.816556 0.470191 1.346138
v 3.829928 0.472529 1.339976
v 3.844682 0.473288 1.337978
v 3.859374 0.472391 1.340341
v 3.872566 0.469927 1.346833
v 3.882967 0.466138 1.356818
v 3.889559 0.461394 1.369320
v 3.799414 0.712550 1.532316
v 3.806561 0.722186 1.523467
v 3.817389 0.729499 1.516290
v 3.830840 0.733771 1.511487
v 3.845597 0.734585 1.509529
v 3.860214 0.731862 1.510607
v 3.873261 0.725867 1.514616
v 3.883462 0.717187 1.521163
v 3.889817 0.706673 1.529608
v 3.842272 0.848445 1.833110
v 3.850096 0.859715 1.827277
v 3.861187 0.867660 1.821268
v 3.874460 0.871504 1.815673
v 3.888615 0.870869 1.811039
v 3.902268 0.865819 1.807821
v 3.914080 0.856847 1.806333
v 3.922897 0.844832 1.806720
v 3.927855 0.830950 1.808945
v 4.011884 0.883921 2.136641
v 4.018299 0.894777 2.128688
v 4.026769 0.901953 2.118738
v 4.036464 0.904747 2.107762
v 4.046434 0.902885 2.096838
v 4.055706 0.896549 2.087032
v 4.063371 0.886360 2.079307
v 4.068678 0.873315 2.074416
v 4.071108 0.858692 2.072840
v 4.353411 0.884529 2.282510
v 4.355027 0.895243 2.272270
v 4.357080 0.902229 2.259261
v 4.359370 0.904803 2.244757
v 4.361671 0.902714 2.230176
v 4.363759 0.896165 2.216948
v 4.365429 0.885799 2.206365
v 4.366518 0.872629 2.199464
v 4.366920 0.857945 2.196921
v 4.829242 0.884529 2.234263
v 4.822309 0.895243 2.226558
v 4.813499 0.902229 2.216768
v 4.803677 0.904803 2.205853
v 4.793803 0.902714 2.194880
v 4.784845 0.896165 2.184925
v 4.777678 0.885799 2.176960
v 4.773005 0.872629 2.171768
v 4.771283 0.857945 2.169854
v 4.893787 0.884529 1.942235
v 4.883805 0.895243 1.939438
v 4.871123 0.902229 1.935885
v 4.856984 0.904803 1.931924
v 4.842770 0.902714 1.927942
v 4.829874 0.896165 1.924330
v 4.819558 0.885799 1.921439
v 4.812830 0.872629 1.919554
v 4.810352 0.857945 1.918860
v 5.009612 0.884529 1.627661
v 5.000329 0.895243 1.623049
v 4.988534 0.902229 1.617189
v 4.975384 0.904803 1.610655
v 4.962164 0.902714 1.604087
v 4.950171 0.896165 1.598129
v 4.940576 0.885799 1.593362
v 4.934319 0.872629 1.590253
v 4.932014 0.857945 1.589108
v 5.202085 0.884529 1.326518
v 5.194230 0.895243 1.319753
v 5.184251 0.902229 1.311159
v 5.173124 0.904803 1.301577
v 5.161940 0.902714 1.291944
v 5.151792 0.896166 1.283205
v 5.143673 0.885799 1.276213
v 5.138380 0.872629 1.271654
v 5.136429 0.857945 1.269974
v 5.459038 0.884529 1.101377
v 5.454082 0.895243 1.092272
v 5.447787 0.902229 1.080704
v 5.440768 0.904803 1.067806
v 5.433713 0.902714 1.054841
v 5.427311 0.896165 1.043077
v 5.422190 0.885799 1.033667
v 5.418851 0.872629 1.027531
v 5.417620 0.857945 1.025270
v 5.749915 0.884529 1.017570
v 5.749915 0.895243 1.007204
v 5.749915 0.902229 0.994034
v 5.749915 0.904803 0.979350
v 5.749915 0.902714 0.964589
v 5.749915 0.896165 0.951196
v 5.749915 0.885799 0.940483
v 5.749915 0.872629 0.933497
v 5.749915 0.857945 0.930922
v 6.040792 0.884529 1.101377
v 6.045747 0.895243 1.092272
v 6.052043 0.902229 1.080704
v 6.059062 0.904803 1.067806
v 6.066117 0.902714 1.054841
v 6.072519 0.896165 1.043077
v 6.077640 0.885799 1.033667
v 6.080979 0.872629 1.027531
v 6.082210 0.857945 1.025270
v 6.297745 0.884529 1.326518
v 6.305599 0.895243 1.319753
v 6.315579 0.902229 1.311159
v 6.326705 0.904803 1.301577
v 6.337890 0.902714 1.291944
v 6.348038 0.896165 1.283205
v 6.356156 0.885799 1.276213
v 6.361450 0.872629 1.271654
v 6.363400 0.857945 1.269974
v 6.490218 0.884529 1.627661
v 6.499501 0.895243 1.623049
v 6.511296 0.902229 1.617189
v 6.524446 0.904803 1.610655
v 6.537665 0.902714 1.604087
v 6.549659 0.896165 1.598129
v 6.559254 0.885799 1.593362
v 6.565510 0.872629 1.590253
v 6.567815 0.857945 1.589108
v 6.606043 0.884529 1.942235
v 6.616025 0.895243 1.939438
v 6.628706 0.902229 1.935885
v 6.642846 0.904803 1.931924
v 6.657060 0.902714 1.927942
v 6.669956 0.896165 1.924329
v 6.680273 0.885799 1.921439
v 6.686999 0.872629 1.919554
v 6.689478 0.857945 1.918860
v 6.670588 0.884529 2.234263
v 6.677521 0.895243 2.226558
v 6.686331 0.902229 2.216768
v 6.696153 0.904803 2.205853
v 6.706027 0.902714 2.194880
v 6.714985 0.896165 2.184925
v 6.722151 0.885799 2.176960
v 6.726824 0.872629 2.171768
v 6.728547 0.857945 2.169854
v 7.146418 0.884529 2.282510
v 7.144802 0.895243 2.272270
v 7.142749 0.902229 2.259261
v 7.140460 0.904803 2.244757
v 7.138158 0.902714 2.230176
v 7.136070 0.896165 2.216948
v 7.134400 0.885799 2.206365
v 7.133311 0.872629 2.199464
v 7.132910 0.857945 2.196921
v 7.487946 0.883921 2.136641
v 7.481531 0.894777 2.128688
v 7.473061 0.901953 2.118738
v 7.463366 0.904747 2.107762
v 7.453395 0.902885 2.096838
v 7.444123 0.896549 2.087032
v 7.436459 0.886360 2.079307
v 7.431152 0.873315 2.074416
v 7.428722 0.858692 2.072840
v 7.657557 0.848445 1.833110
v 7.649734 0.859715 1.827277
v 7.638642 0.867660 1.821268
v 7.625370 0.871504 1.815673
v 7.611214 0.870869 1.811039
v 7.597562 0.865819 1.807821
v 7.585749 0.856847 1.806333
v 7.576932 0.844832 1.806720
v 7.571975 0.830950 1.808945
v 7.700416 0.712550 1.532316
v 7.693269 0.722186 1.523467
v 7.682440 0.729499 1.516290
v 7.668990 0.733771 1.511487
v 7.654233 0.734585 1.509529
v 7.639616 0.731862 1.510607
v 7.626569 0.725867 1.514616
v 7.616368 0.717187 1.521163
v 7.610013 0.706673 1.529608
v 7.700897 0.461820 1.368197
v 7.693954 0.466501 1.355863
v 7.683273 0.470191 1.346138
v 7.669901 0.472529 1.339976
v 7.655148 0.473288 1.337978
v 7.640455 0.472391 1.340341
v 7.627263 0.469927 1.346833
v 7.616862 0.466138 1.356818
v 7.610271 0.461394 1.369320
v 7.700897 0.186554 1.326771
v 7.693954 0.188492 1.313722
v 7.683273 0.190021 1.303434
v 7.669901 0.190989 1.296914
v 7.655148 0.191303 1.294800
v 7.640455 0.190932 1.297300
v 7.627263 0.189912 1.304168
v 7.616862 0.188342 1.314733
v 7.610271 0.186377 1.327959
v 6.702999 0.842248 2.253935
v 6.702617 0.827524 2.251635
v 6.701507 0.814241 2.244958
v 6.699777 0.803699 2.234560
v 6.697598 0.796931 2.221457
v 6.695182 0.794599 2.206932
v 6.692767 0.796931 2.192407
v 6.690587 0.803699 2.179304
v 6.688858 0.814241 2.168905
v 6.687747 0.827524 2.162229
v 6.687365 0.842248 2.159928
v 6.231294 0.842248 2.332291
v 6.231055 0.827524 2.329971
v 6.230360 0.814241 2.323239
v 6.229279 0.803699 2.312753
v 6.227917 0.796931 2.299540
v 6.226406 0.794599 2.284893
v 6.224896 0.796931 2.270247
v 6.223534 0.803699 2.257033
v 6.222452 0.814241 2.246548
v 6.221758 0.827524 2.239816
v 6.221519 0.842248 2.237495
v 5.749915 0.842248 2.351948
v 5.749915 0.827524 2.349616
v 5.749915 0.814241 2.342848
v 5.749915 0.803699 2.332306
v 5.749915 0.796931 2.319023
v 5.749915 0.794599 2.304299
v 5.749915 0.796931 2.289575
v 5.749915 0.803699 2.276291
v 5.749915 0.814241 2.265750
v 5.749915 0.827524 2.258982
v 5.749915 0.842248 2.256649
v 5.268536 0.842248 2.332291
v 5.268775 0.827524 2.329971
v 5.269469 0.814241 2.323239
v 5.270551 0.803699 2.312753
v 5.271913 0.796931 2.299540
v 5.273423 0.794599 2.284893
v 5.274934 0.796931 2.270247
v 5.276296 0.803699 2.257033
v 5.277378 0.814241 2.246548
v 5.278072 0.827524 2.239816
v 5.278311 0.842248 2.237495
v 4.796831 0.842248 2.253935
v 4.797213 0.827524 2.251635
v 4.798324 0.814241 2.244958
v 4.800053 0.803699 2.234560
v 4.802232 0.796931 2.221457
v 4.804647 0.794599 2.206932
v 4.807063 0.796931 2.192407
v 4.809242 0.803699 2.179304
v 4.810972 0.814241 2.168905
v 4.812082 0.827524 2.162229
v 4.812465 0.842248 2.159928
v 6.687365 0.857496 2.159928
v 6.221519 0.857496 2.237495
v 5.749915 0.857496 2.256649
v 5.278311 0.857496 2.237495
v 4.812465 0.857496 2.159928
v 6.702999 0.857496 2.253935
v 6.231294 0.857496 2.332291
v 5.749915 0.857496 2.351948
v 5.268536 0.857496 2.332291
v 4.796831 0.857496 2.253935
v 6.687748 0.872220 2.162229
v 6.688858 0.885503 2.168905
v 6.690587 0.896045 2.179304
v 6.692767 0.902813 2.192407
v 6.695182 0.905145 2.206932
v 6.697598 0.902813 2.221457
v 6.699777 0.896045 2.234560
v 6.701507 0.885503 2.244958
v 6.702617 0.872220 2.251635
v 6.221758 0.872220 2.239816
v 6.222452 0.885503 2.246548
v 6.223534 0.896045 2.257033
v 6.224896 0.902813 2.270247
v 6.226406 0.905145 2.284893
v 6.227917 0.902813 2.299540
v 6.229279 0.896045 2.312753
v 6.230360 0.885503 2.323239
v 6.231055 0.872220 2.329971
v 5.749915 0.872220 2.258982
v 5.749915 0.885503 2.265750
v 5.749915 0.896045 2.276291
v 5.749915 0.902813 2.289575
v 5.749915 0.905145 2.304299
v 5.749915 0.902813 2.319023
v 5.749915 0.896045 2.332306
v 5.749915 0.885503 2.342848
v 5.749915 0.872220 2.349616
v 5.278072 0.872220 2.239816
v 5.277378 0.885503 2.246548
v 5.276296 0.896045 2.257033
v 5.274934 0.902813 2.270247
v 5.273423 0.905145 2.284893
v 5.271913 0.902813 2.299540
v 5.270551 0.896045 2.312753
v 5.269469 0.885503 2.323239
v 5.268775 0.872220 2.329971
v 4.812082 0.872220 2.162229
v 4.810972 0.885503 2.168905
v 4.809242 0.896045 2.179304
v 4.807063 0.902813 2.192407
v 4.804647 0.905145 2.206932
v 4.802232 0.902813 2.221457
v 4.800053 0.896045 2.234560
v 4.798324 0.885503 2.244958
v 4.797213 0.872220 2.251635
v 3.891031 0.174356 -0.546967
v 3.888048 0.159963 -0.544480
v 3.880716 0.147110 -0.542670
v 3.869751 0.137055 -0.541716
v 3.856227 0.130782 -0.541709
v 3.841467 0.128906 -0.542651
v 3.826917 0.131610 -0.544449
v 3.814001 0.138629 -0.546929
v 3.803983 0.149277 -0.549845
v 3.797843 0.162511 -0.552915
v 3.796184 0.177036 -0.555836
v 3.928311 0.091699 -0.978408
v 3.925572 0.077090 -0.977259
v 3.918607 0.063911 -0.977469
v 3.908097 0.053452 -0.979019
v 3.895072 0.046737 -0.981757
v 3.880805 0.044423 -0.985414
v 3.866695 0.046737 -0.989633
v 3.854122 0.053452 -0.994000
v 3.844317 0.063911 -0.998088
v 3.838239 0.077090 -1.001498
v 3.836484 0.091699 -1.003894
v 4.071903 0.072718 -1.279425
v 4.070360 0.057917 -1.280321
v 4.065668 0.044374 -1.284421
v 4.058288 0.033413 -1.291323
v 4.048941 0.026108 -1.300351
v 4.038542 0.023174 -1.310623
v 4.028110 0.024899 -1.321132
v 4.018665 0.031112 -1.330850
v 4.011132 0.041206 -1.338826
v 4.006249 0.054194 -1.344278
v 4.004493 0.068803 -1.346673
v 4.371921 0.073107 -1.422695
v 4.371494 0.058285 -1.424241
v 4.369867 0.044685 -1.430126
v 4.367201 0.033637 -1.439774
v 4.363756 0.026223 -1.452240
v 4.359869 0.023168 -1.466305
v 4.355921 0.024772 -1.480590
v 4.352298 0.030878 -1.493699
v 4.349355 0.040888 -1.504348
v 4.347380 0.053821 -1.511494
v 4.346566 0.068413 -1.514439
v 4.799047 0.073107 -1.459712
v 4.798975 0.058285 -1.461314
v 4.798707 0.044685 -1.467413
v 4.798265 0.033637 -1.477413
v 4.797695 0.026223 -1.490334
v 4.797052 0.023168 -1.504912
v 4.796399 0.024772 -1.519719
v 4.795799 0.030878 -1.533306
v 4.795312 0.040888 -1.544343
v 4.794986 0.053821 -1.551750
v 4.794851 0.068413 -1.554801
v 5.273423 0.073107 -1.459665
v 5.273423 0.058285 -1.461269
v 5.273423 0.044685 -1.467374
v 5.273423 0.033637 -1.477384
v 5.273423 0.026223 -1.490318
v 5.273423 0.023168 -1.504909
v 5.273423 0.024772 -1.519731
v 5.273423 0.030878 -1.533331
v 5.273423 0.040888 -1.544379
v 5.273423 0.053821 -1.551793
v 5.273423 0.068413 -1.554847
v 5.749915 0.073107 -1.459665
v 5.749915 0.058285 -1.461269
v 5.749915 0.044685 -1.467374
v 5.749915 0.033637 -1.477384
v 5.749915 0.026223 -1.490318
v 5.749915 0.023168 -1.504909
v 5.749915 0.024772 -1.519731
v 5.749915 0.030878 -1.533331
v 5.749915 0.040888 -1.544379
v 5.749915 0.053821 -1.551793
v 5.749915 0.068413 -1.554847
v 6.226406 0.073107 -1.459665
v 6.226406 0.058285 -1.461269
v 6.226406 0.044685 -1.467374
v 6.226406 0.033637 -1.477384
v 6.226406 0.026223 -1.490318
v 6.226406 0.023168 -1.504909
v 6.226406 0.024772 -1.519731
v 6.226406 0.030878 -1.533331
v 6.226406 0.040888 -1.544379
v 6.226406 0.053821 -1.551793
v 6.226406 0.068413 -1.554847
v 6.700783 0.073107 -1.459711
v 6.700854 0.058285 -1.461314
v 6.701123 0.044685 -1.467413
v 6.701565 0.033637 -1.477413
v 6.702135 0.026223 -1.490334
v 6.702778 0.023168 -1.504912
v 6.703431 0.024772 -1.519719
v 6.704031 0.030878 -1.533306
v 6.704517 0.040888 -1.544343
v 6.704844 0.053821 -1.551750
v 6.704979 0.068413 -1.554801
v 7.127909 0.073107 -1.422695
v 7.128336 0.058285 -1.424241
v 7.129962 0.044685 -1.430126
v 7.132629 0.033637 -1.439774
v 7.136074 0.026223 -1.452240
v 7.139961 0.023168 -1.466305
v 7.143909 0.024772 -1.480590
v 7.147532 0.030878 -1.493699
v 7.150475 0.040888 -1.504348
v 7.152449 0.053821 -1.511494
v 7.153263 0.068413 -1.514439
v 7.427927 0.072718 -1.279425
v 7.429470 0.057917 -1.280321
v 7.434162 0.044374 -1.284421
v 7.441542 0.033413 -1.291323
v 7.450889 0.026108 -1.300351
v 7.461288 0.023174 -1.310623
v 7.471720 0.024899 -1.321132
v 7.481165 0.031112 -1.330850
v 7.488698 0.041206 -1.338826
v 7.493580 0.054194 -1.344278
v 7.495337 0.068803 -1.346673
v 7.571518 0.091699 -0.978408
v 7.574258 0.077090 -0.977259
v 7.581223 0.063911 -0.977469
v 7.591733 0.053452 -0.979019
v 7.604758 0.046737 -0.981757
v 7.619024 0.044423 -0.985414
v 7.633135 0.046737 -0.989633
v 7.645708 0.053452 -0.994000
v 7.655513 0.063911 -0.998088
v 7.661591 0.077090 -1.001498
v 7.663345 0.091699 -1.003894
v 7.608401 0.174836 -0.550652
v 7.610959 0.160150 -0.550649
v 7.617926 0.146971 -0.550852
v 7.628619 0.136591 -0.551240
v 7.641993 0.130026 -0.551776
v 7.656737 0.127917 -0.552407
v 7.671410 0.130473 -0.553071
v 7.684573 0.137441 -0.553703
v 7.694940 0.148141 -0.554242
v 7.701495 0.161525 -0.554635
v 7.703596 0.176283 -0.554842
v 7.608336 0.091045 -0.071775
v 7.610863 0.076420 -0.073173
v 7.617807 0.063287 -0.074428
v 7.628487 0.052934 -0.075418
v 7.641859 0.046372 -0.076045
v 7.656613 0.044245 -0.076248
v 7.671305 0.046761 -0.076008
v 7.684497 0.053673 -0.075347
v 7.694898 0.064305 -0.074331
v 7.701489 0.077616 -0.073058
v 7.703626 0.092303 -0.071655
v 7.608336 0.080573 0.505199
v 7.610863 0.065896 0.505883
v 7.617807 0.052719 0.506496
v 7.628487 0.042329 0.506981
v 7.641859 0.035745 0.507287
v 7.656613 0.033610 0.507387
v 7.671305 0.036135 0.507269
v 7.684497 0.043071 0.506946
v 7.694898 0.053739 0.506449
v 7.701489 0.067096 0.505827
v 7.703626 0.081834 0.505140
v 3.891494 0.080573 0.505199
v 3.888966 0.065896 0.505883
v 3.882023 0.052719 0.506496
v 3.871343 0.042329 0.506981
v 3.857971 0.035745 0.507287
v 3.843217 0.033610 0.507387
v 3.828525 0.036135 0.507269
v 3.815332 0.043071 0.506946
v 3.804932 0.053739 0.506449
v 3.798340 0.067096 0.505827
v 3.796203 0.081834 0.505140
v 3.891494 0.091045 -0.071775
v 3.888966 0.076420 -0.073173
v 3.882023 0.063287 -0.074428
v 3.871343 0.052934 -0.075418
v 3.857971 0.046372 -0.076045
v 3.843217 0.044245 -0.076248
v 3.828525 0.046761 -0.076008
v 3.815332 0.053673 -0.075347
v 3.804932 0.064305 -0.074331
v 3.798340 0.077616 -0.073058
v 3.796203 0.092303 -0.071655
v 3.891494 0.177419 -0.558711
v 3.888966 0.167160 -0.569229
v 3.882023 0.157949 -0.578673
v 3.871343 0.150687 -0.586118
v 3.857971 0.146085 -0.590837
v 3.843217 0.144593 -0.592367
v 3.828525 0.146357 -0.590558
v 3.815332 0.151205 -0.585587
v 3.804932 0.158663 -0.577941
v 3.798340 0.167999 -0.568369
v 3.796203 0.178301 -0.557806
v 3.891494 0.450750 -0.600702
v 3.888966 0.445538 -0.614438
v 3.882023 0.440857 -0.626772
v 3.871343 0.437167 -0.636496
v 3.857971 0.434829 -0.642659
v 3.843217 0.434070 -0.644656
v 3.828525 0.434967 -0.642294
v 3.815332 0.437430 -0.635802
v 3.804932 0.441220 -0.625817
v 3.798340 0.445964 -0.613315
v 3.796203 0.451199 -0.599521
v 3.891250 0.683788 -0.752382
v 3.888485 0.672770 -0.762037
v 3.881338 0.663134 -0.770886
v 3.870510 0.655822 -0.778063
v 3.857059 0.651549 -0.782866
v 3.842302 0.650735 -0.784824
v 3.827685 0.653459 -0.783746
v 3.814637 0.659453 -0.779738
v 3.804437 0.668133 -0.773190
v 3.798082 0.678647 -0.764746
v 3.796195 0.689967 -0.755230
v 3.926824 0.802124 -1.020749
v 3.923033 0.788634 -1.025837
v 3.915209 0.777364 -1.031672
v 3.904118 0.769419 -1.037680
v 3.890845 0.765576 -1.043275
v 3.876690 0.766210 -1.047908
v 3.863037 0.771260 -1.051127
v 3.851225 0.780232 -1.052615
v 3.842408 0.792247 -1.052228
v 3.837450 0.806129 -1.050003
v 3.836836 0.820520 -1.046158
v 4.068136 0.829296 -1.281726
v 4.064404 0.815823 -1.286901
v 4.057988 0.804967 -1.294854
v 4.049519 0.797791 -1.304805
v 4.039824 0.794997 -1.315780
v 4.029852 0.796859 -1.326705
v 4.020580 0.803195 -1.336510
v 4.012916 0.813384 -1.344236
v 4.007609 0.826429 -1.349126
v 4.005179 0.841052 -1.350702
v 4.005864 0.855824 -1.348809
v 4.365897 0.828607 -1.406736
v 4.364876 0.815215 -1.413204
v 4.363260 0.804501 -1.423444
v 4.361207 0.797515 -1.436453
v 4.358917 0.794941 -1.450957
v 4.356616 0.797030 -1.465537
v 4.354528 0.803578 -1.478766
v 4.352858 0.813945 -1.489349
v 4.351768 0.827115 -1.496249
v 4.351367 0.841799 -1.498792
v 4.351693 0.856560 -1.496728
v 4.775672 0.828607 -1.378065
v 4.780053 0.815215 -1.382932
v 4.786987 0.804501 -1.390638
v 4.795796 0.797515 -1.400428
v 4.805618 0.794941 -1.411343
v 4.815492 0.797030 -1.422316
v 4.824450 0.803578 -1.432271
v 4.831617 0.813945 -1.440235
v 4.836290 0.827115 -1.445428
v 4.838012 0.841799 -1.447342
v 4.836614 0.856560 -1.445789
v 4.816670 0.828607 -1.123963
v 4.822976 0.815215 -1.125730
v 4.832958 0.804501 -1.128526
v 4.845639 0.797515 -1.132079
v 4.859779 0.794941 -1.136040
v 4.873992 0.797030 -1.140022
v 4.886889 0.803578 -1.143635
v 4.897205 0.813945 -1.146525
v 4.903932 0.827115 -1.148410
v 4.906411 0.841799 -1.149104
v 4.904399 0.856560 -1.148541
v 4.937891 0.828607 -0.795360
v 4.943755 0.815215 -0.798274
v 4.953039 0.804501 -0.802886
v 4.964833 0.797515 -0.808746
v 4.977983 0.794941 -0.815280
v 4.991202 0.797030 -0.821847
v 5.003197 0.803578 -0.827806
v 5.012792 0.813945 -0.832573
v 5.019048 0.827115 -0.835682
v 5.021353 0.841799 -0.836827
v 5.019482 0.856560 -0.835897
v 5.141401 0.828607 -0.477589
v 5.146363 0.815215 -0.481862
v 5.154218 0.804501 -0.488627
v 5.164197 0.797515 -0.497221
v 5.175324 0.794941 -0.506804
v 5.186509 0.797030 -0.516436
v 5.196657 0.803578 -0.525176
v 5.204775 0.813945 -0.532167
v 5.210069 0.827115 -0.536726
v 5.212019 0.841799 -0.538406
v 5.210436 0.856560 -0.537042
v 5.420757 0.828607 -0.234366
v 5.423887 0.815215 -0.240118
v 5.428842 0.804501 -0.249223
v 5.435137 0.797515 -0.260791
v 5.442156 0.794941 -0.273689
v 5.449212 0.797030 -0.286654
v 5.455614 0.803578 -0.298418
v 5.460734 0.813945 -0.307828
v 5.464074 0.827115 -0.313965
v 5.465304 0.841799 -0.316226
v 5.464306 0.856560 -0.314391
v 5.749915 0.828607 -0.140817
v 5.749915 0.815215 -0.147365
v 5.749915 0.804501 -0.157732
v 5.749915 0.797515 -0.170902
v 5.749915 0.794941 -0.185585
v 5.749915 0.797030 -0.200346
v 5.749915 0.803578 -0.213739
v 5.749915 0.813945 -0.224452
v 5.749915 0.827115 -0.231438
v 5.749915 0.841799 -0.234013
v 5.749915 0.856560 -0.231924
v 6.079074 0.828607 -0.234366
v 6.075943 0.815215 -0.240118
v 6.070988 0.804501 -0.249223
v 6.064693 0.797515 -0.260791
v 6.057674 0.794941 -0.273689
v 6.050619 0.797030 -0.286654
v 6.044217 0.803578 -0.298418
v 6.039096 0.813945 -0.307828
v 6.035756 0.827115 -0.313965
v 6.034526 0.841799 -0.316226
v 6.035524 0.856560 -0.314391
v 6.358428 0.828607 -0.477589
v 6.353467 0.815215 -0.481862
v 6.345611 0.804501 -0.488627
v 6.335632 0.797515 -0.497221
v 6.324506 0.794941 -0.506804
v 6.313321 0.797030 -0.516436
v 6.303173 0.803578 -0.525176
v 6.295055 0.813945 -0.532167
v 6.289761 0.827115 -0.536726
v 6.287811 0.841799 -0.538406
v 6.289394 0.856560 -0.537042
v 6.561939 0.828607 -0.795360
v 6.556075 0.815215 -0.798274
v 6.546791 0.804501 -0.802886
v 6.534997 0.797515 -0.808746
v 6.521846 0.794941 -0.815280
v 6.508627 0.797030 -0.821847
v 6.496633 0.803578 -0.827806
v 6.487038 0.813945 -0.832573
v 6.480782 0.827115 -0.835682
v 6.478477 0.841799 -0.836827
v 6.480348 0.856560 -0.835897
v 6.683160 0.828607 -1.123963
v 6.676854 0.815215 -1.125730
v 6.666872 0.804501 -1.128526
v 6.654190 0.797515 -1.132079
v 6.640051 0.794941 -1.136040
v 6.625837 0.797030 -1.140022
v 6.612941 0.803578 -1.143635
v 6.602624 0.813945 -1.146525
v 6.595898 0.827115 -1.148410
v 6.593419 0.841799 -1.149104
v 6.595431 0.856560 -1.148541
v 6.724157 0.828607 -1.378065
v 6.719777 0.815215 -1.382932
v 6.712843 0.804501 -1.390638
v 6.704033 0.797515 -1.400428
v 6.694211 0.794941 -1.411343
v 6.684338 0.797030 -1.422316
v 6.675379 0.803578 -1.432271
v 6.668213 0.813945 -1.440235
v 6.663540 0.827115 -1.445428
v 6.661818 0.841799 -1.447342
v 6.663216 0.856560 -1.445789
v 7.133933 0.828607 -1.406736
v 7.134953 0.815215 -1.413204
v 7.136569 0.804501 -1.423444
v 7.138623 0.797515 -1.436453
v 7.140913 0.794941 -1.450957
v 7.143214 0.797030 -1.465537
v 7.145301 0.803578 -1.478766
v 7.146972 0.813945 -1.489349
v 7.148061 0.827115 -1.496249
v 7.148462 0.841799 -1.498792
v 7.148136 0.856560 -1.496728
v 7.431694 0.829296 -1.281725
v 7.435426 0.815823 -1.286901
v 7.441842 0.804967 -1.294854
v 7.450311 0.797791 -1.304805
v 7.460006 0.794997 -1.315780
v 7.469977 0.796859 -1.326705
v 7.479249 0.803195 -1.336510
v 7.486914 0.813384 -1.344236
v 7.492221 0.826429 -1.349126
v 7.494651 0.841052 -1.350702
v 7.493966 0.855824 -1.348809
v 7.573006 0.802124 -1.020748
v 7.576797 0.788634 -1.025837
v 7.584621 0.777364 -1.031672
v 7.595712 0.769419 -1.037680
v 7.608984 0.765576 -1.043275
v 7.623140 0.766210 -1.047908
v 7.636793 0.771260 -1.051127
v 7.648605 0.780232 -1.052615
v 7.657422 0.792247 -1.052228
v 7.662380 0.806129 -1.050003
v 7.662993 0.820520 -1.046158
v 7.608580 0.683788 -0.752382
v 7.611344 0.672770 -0.762037
v 7.618492 0.663134 -0.770886
v 7.629320 0.655822 -0.778063
v 7.642771 0.651549 -0.782866
v 7.657527 0.650735 -0.784824
v 7.672144 0.653459 -0.783746
v 7.685193 0.659453 -0.779738
v 7.695393 0.668133 -0.773190
v 7.701748 0.678647 -0.764746
v 7.703635 0.689967 -0.755230
v 7.608336 0.450750 -0.600702
v 7.610863 0.445538 -0.614438
v 7.617807 0.440857 -0.626772
v 7.628487 0.437167 -0.636496
v 7.641859 0.434828 -0.642659
v 7.656613 0.434070 -0.644656
v 7.671305 0.434967 -0.642294
v 7.684497 0.437430 -0.635802
v 7.694898 0.441220 -0.625817
v 7.701489 0.445964 -0.613315
v 7.703626 0.451199 -0.599521
v 7.608336 0.181969 -0.560966
v 7.610863 0.179810 -0.575499
v 7.617807 0.177872 -0.588548
v 7.628487 0.176344 -0.598836
v 7.641859 0.175375 -0.605356
v 7.656613 0.175061 -0.607470
v 7.671305 0.175433 -0.604970
v 7.684497 0.176453 -0.598102
v 7.694898 0.178022 -0.587537
v 7.701489 0.179987 -0.574311
v 7.703626 0.182155 -0.559717
v 3.796869 0.192008 -0.558636
v 3.836994 0.106827 -1.005730
v 4.004384 0.084030 -1.347450
v 4.346366 0.083642 -1.515162
v 4.794818 0.083642 -1.555552
v 5.273423 0.083642 -1.555598
v 5.749915 0.083642 -1.555598
v 6.226406 0.083642 -1.555598
v 6.705011 0.083642 -1.555552
v 7.153463 0.083642 -1.515162
v 7.495446 0.084030 -1.347450
v 7.662836 0.106827 -1.005730
v 7.703360 0.191528 -0.554951
v 7.703424 0.107480 -0.070204
v 7.703424 0.097064 0.504430
v 3.796405 0.097064 0.504430
v 3.796405 0.107480 -0.070204
v 3.796405 0.188946 -0.546892
v 3.796405 0.456608 -0.585266
v 3.796649 0.701532 -0.745304
v 3.838481 0.834955 -1.041532
v 4.008151 0.870448 -1.345150
v 4.352390 0.871137 -1.492311
v 4.833622 0.871136 -1.442464
v 4.900093 0.871137 -1.147334
v 5.015477 0.871137 -0.833907
v 5.207047 0.871137 -0.534124
v 5.462168 0.871137 -0.310462
v 5.749915 0.871137 -0.227451
v 6.037663 0.871137 -0.310462
v 6.292783 0.871137 -0.534124
v 6.484353 0.871137 -0.833907
v 6.599737 0.871137 -1.147334
v 6.666207 0.871136 -1.442464
v 7.147439 0.871137 -1.492311
v 7.491679 0.870448 -1.345150
v 7.661348 0.834955 -1.041532
v 7.703180 0.701532 -0.745304
v 7.703424 0.456608 -0.585266
v 7.703424 0.184395 -0.544636
v 3.891716 0.189329 -0.549767
v 3.928821 0.106827 -0.980244
v 4.071794 0.087946 -1.280201
v 4.371721 0.088336 -1.423419
v 4.799013 0.088336 -1.460462
v 5.273423 0.088336 -1.460416
v 5.749915 0.088336 -1.460416
v 6.226406 0.088336 -1.460416
v 6.700817 0.088336 -1.460462
v 7.128109 0.088336 -1.423419
v 7.571009 0.106827 -0.980244
v 7.608165 0.190082 -0.550760
v 7.608134 0.106223 -0.070324
v 7.608134 0.095803 0.504489
v 3.891695 0.095803 0.504489
v 3.891695 0.106223 -0.070324
v 3.891695 0.188064 -0.547796
v 3.891695 0.456160 -0.586447
v 3.891704 0.695353 -0.742456
v 3.928469 0.816560 -1.016123
v 4.772681 0.843184 -1.374740
v 4.812364 0.843184 -1.122756
v 4.933886 0.843184 -0.793370
v 5.138013 0.843184 -0.474671
v 5.418619 0.843184 -0.230438
v 5.749915 0.843184 -0.136344
v 6.081211 0.843184 -0.230438
v 6.361817 0.843184 -0.474671
v 6.565944 0.843184 -0.793370
v 6.687466 0.843184 -1.122756
v 6.727149 0.843184 -1.374740
v 7.133235 0.843184 -1.402318
v 7.429407 0.843920 -1.278065
v 7.608126 0.695353 -0.742456
v 7.608134 0.456160 -0.586447
v 7.608134 0.184210 -0.545886
v 3.799851 0.206402 -0.561123
v 3.807183 0.219255 -0.562932
v 3.818148 0.229310 -0.563887
v 3.831672 0.235582 -0.563894
v 3.846432 0.237459 -0.562952
v 3.860982 0.234755 -0.561153
v 3.873898 0.227735 -0.558674
v 3.883916 0.217087 -0.555757
v 3.890056 0.203853 -0.552688
v 3.839733 0.121436 -1.006879
v 3.846698 0.134615 -1.006669
v 3.857208 0.145073 -1.005119
v 3.870234 0.151789 -1.002381
v 3.884500 0.154102 -0.998724
v 3.898610 0.151789 -0.994506
v 3.911183 0.145073 -0.990138
v 3.920988 0.134615 -0.986050
v 3.927066 0.121436 -0.982641
v 4.005927 0.098831 -1.346554
v 4.010619 0.112375 -1.342454
v 4.018000 0.123335 -1.335552
v 4.027347 0.130640 -1.326524
v 4.037745 0.133574 -1.316252
v 4.048177 0.131850 -1.305743
v 4.057622 0.125637 -1.296025
v 4.065155 0.115542 -1.288049
v 4.070038 0.102555 -1.282597
v 4.346794 0.098463 -1.513616
v 4.348420 0.112064 -1.507731
v 4.351087 0.123112 -1.498084
v 4.354531 0.130526 -1.485617
v 4.358418 0.133580 -1.471553
v 4.362367 0.131976 -1.457267
v 4.365990 0.125871 -1.444158
v 4.368932 0.115861 -1.433509
v 4.370907 0.102928 -1.426363
v 4.794889 0.098463 -1.553949
v 4.795158 0.112064 -1.547850
v 4.795599 0.123112 -1.537850
v 4.796169 0.130526 -1.524929
v 4.796812 0.133580 -1.510352
v 4.797465 0.131976 -1.495544
v 4.798065 0.125871 -1.481957
v 4.798552 0.115861 -1.470920
v 4.798879 0.102928 -1.463513
v 5.273423 0.098463 -1.553994
v 5.273423 0.112064 -1.547889
v 5.273423 0.123112 -1.537879
v 5.273423 0.130526 -1.524946
v 5.273423 0.133580 -1.510354
v 5.273423 0.131976 -1.495533
v 5.273423 0.125871 -1.481932
v 5.273423 0.115861 -1.470884
v 5.273423 0.102928 -1.463470
v 5.749915 0.098463 -1.553994
v 5.749915 0.112064 -1.547889
v 5.749915 0.123112 -1.537879
v 5.749915 0.130526 -1.524946
v 5.749915 0.133580 -1.510354
v 5.749915 0.131976 -1.495533
v 5.749915 0.125871 -1.481932
v 5.749915 0.115861 -1.470884
v 5.749915 0.102928 -1.463470
v 6.226406 0.098463 -1.553994
v 6.226406 0.112064 -1.547889
v 6.226406 0.123112 -1.537879
v 6.226406 0.130526 -1.524946
v 6.226406 0.133580 -1.510354
v 6.226406 0.131976 -1.495533
v 6.226406 0.125871 -1.481932
v 6.226406 0.115861 -1.470884
v 6.226406 0.102928 -1.463470
v 6.704941 0.098463 -1.553949
v 6.704671 0.112064 -1.547850
v 6.704231 0.123112 -1.537850
v 6.703660 0.130526 -1.524929
v 6.703018 0.133580 -1.510352
v 6.702364 0.131976 -1.495544
v 6.701765 0.125871 -1.481957
v 6.701278 0.115861 -1.470920
v 6.700951 0.102928 -1.463513
v 7.153036 0.098463 -1.513616
v 7.151409 0.112064 -1.507731
v 7.148743 0.123112 -1.498084
v 7.145298 0.130526 -1.485617
v 7.141411 0.133580 -1.471553
v 7.137463 0.131976 -1.457267
v 7.133840 0.125871 -1.444158
v 7.130897 0.115861 -1.433509
v 7.128923 0.102928 -1.426363
v 7.493903 0.098831 -1.346554
v 7.489211 0.112375 -1.342454
v 7.481831 0.123335 -1.335552
v 7.472483 0.130640 -1.326524
v 7.462085 0.133574 -1.316252
v 7.451653 0.131850 -1.305743
v 7.442208 0.125637 -1.296025
v 7.434675 0.115542 -1.288049
v 7.429791 0.102555 -1.282597
v 7.428036 0.087946 -1.280201
v 7.660097 0.121436 -1.006879
v 7.653131 0.134615 -1.006669
v 7.642622 0.145073 -1.005119
v 7.629597 0.151789 -1.002381
v 7.615330 0.154102 -0.998724
v 7.601220 0.151789 -0.994506
v 7.588647 0.145073 -0.990138
v 7.578841 0.134615 -0.986050
v 7.572764 0.121436 -0.982640
v 7.700801 0.206215 -0.554954
v 7.693835 0.219393 -0.554751
v 7.683142 0.229773 -0.554363
v 7.669768 0.236339 -0.553827
v 7.655023 0.238447 -0.553196
v 7.640351 0.235892 -0.552532
v 7.627187 0.228923 -0.551899
v 7.616820 0.218223 -0.551360
v 7.610266 0.204840 -0.550968
v 7.700897 0.122105 -0.068806
v 7.693954 0.135238 -0.067551
v 7.683273 0.145592 -0.066561
v 7.669901 0.152153 -0.065934
v 7.655148 0.154280 -0.065731
v 7.640455 0.151764 -0.065971
v 7.627263 0.144852 -0.066632
v 7.616862 0.134221 -0.067648
v 7.610271 0.120910 -0.068920
v 7.700897 0.111741 0.503747
v 7.693954 0.124919 0.503132
v 7.683273 0.135308 0.502648
v 7.669901 0.141892 0.502342
v 7.655148 0.144027 0.502242
v 7.640455 0.141502 0.502360
v 7.627263 0.134566 0.502683
v 7.616862 0.123898 0.503180
v 7.610271 0.110541 0.503803
v 3.798933 0.111741 0.503747
v 3.805876 0.124919 0.503132
v 3.816556 0.135308 0.502648
v 3.829928 0.141892 0.502342
v 3.844682 0.144027 0.502242
v 3.859374 0.141502 0.502360
v 3.872566 0.134566 0.502683
v 3.882967 0.123898 0.503180
v 3.889559 0.110541 0.503802
v 3.798933 0.122105 -0.068806
v 3.805876 0.135238 -0.067551
v 3.816556 0.145592 -0.066561
v 3.829928 0.152153 -0.065934
v 3.844682 0.154280 -0.065731
v 3.859374 0.151764 -0.065971
v 3.872566 0.144852 -0.066632
v 3.882967 0.134221 -0.067648
v 3.889559 0.120910 -0.068920
v 3.798933 0.199204 -0.536374
v 3.805876 0.208415 -0.526930
v 3.816556 0.215678 -0.519484
v 3.829928 0.220280 -0.514766
v 3.844682 0.221772 -0.513236
v 3.859374 0.220007 -0.515045
v 3.872566 0.215159 -0.520016
v 3.882967 0.207702 -0.527662
v 3.889559 0.198366 -0.537234
v 3.798933 0.461820 -0.571530
v 3.805876 0.466501 -0.559196
v 3.816556 0.470191 -0.549471
v 3.829928 0.472529 -0.543309
v 3.844682 0.473288 -0.541311
v 3.859374 0.472391 -0.543674
v 3.872566 0.469927 -0.550166
v 3.882967 0.466138 -0.560151
v 3.889559 0.461394 -0.572653
v 3.799414 0.712550 -0.735649
v 3.806561 0.722186 -0.726800
v 3.817389 0.729499 -0.719623
v 3.830840 0.733771 -0.714820
v 3.845597 0.734585 -0.712861
v 3.860214 0.731862 -0.713940
v 3.873261 0.725867 -0.717948
v 3.883462 0.717187 -0.724495
v 3.889817 0.706673 -0.732940
v 3.842272 0.848445 -1.036443
v 3.850096 0.859715 -1.030609
v 3.861187 0.867660 -1.024600
v 3.874460 0.871504 -1.019006
v 3.888615 0.870869 -1.014372
v 3.902268 0.865819 -1.011154
v 3.914080 0.856847 -1.009665
v 3.922897 0.844832 -1.010053
v 3.927855 0.830950 -1.012278
v 4.011884 0.883921 -1.339974
v 4.018299 0.894777 -1.332021
v 4.026769 0.901953 -1.322070
v 4.036464 0.904747 -1.311095
v 4.046434 0.902885 -1.300171
v 4.055706 0.896549 -1.290365
v 4.063371 0.886360 -1.282639
v 4.068678 0.873315 -1.277749
v 4.071108 0.858692 -1.276173
v 4.070423 0.843920 -1.278066
v 4.353411 0.884529 -1.485842
v 4.355027 0.895243 -1.475603
v 4.357080 0.902229 -1.462594
v 4.359370 0.904803 -1.448090
v 4.361671 0.902714 -1.433509
v 4.363759 0.896165 -1.420280
v 4.365429 0.885799 -1.409698
v 4.366518 0.872629 -1.402797
v 4.366920 0.857945 -1.400254
v 4.366594 0.843184 -1.402318
v 4.829242 0.884529 -1.437596
v 4.822309 0.895243 -1.429891
v 4.813499 0.902229 -1.420101
v 4.803677 0.904803 -1.409185
v 4.793803 0.902714 -1.398213
v 4.784845 0.896165 -1.388258
v 4.777678 0.885799 -1.380293
v 4.773005 0.872629 -1.375100
v 4.771283 0.857945 -1.373187
v 4.893787 0.884529 -1.145568
v 4.883805 0.895243 -1.142771
v 4.871123 0.902229 -1.139218
v 4.856984 0.904803 -1.135257
v 4.842770 0.902714 -1.131275
v 4.829874 0.896165 -1.127662
v 4.819558 0.885799 -1.124772
v 4.812830 0.872629 -1.122887
v 4.810352 0.857945 -1.122193
v 5.009612 0.884529 -0.830994
v 5.000329 0.895243 -0.826381
v 4.988534 0.902229 -0.820522
v 4.975384 0.904803 -0.813988
v 4.962164 0.902714 -0.807420
v 4.950171 0.896165 -0.801462
v 4.940576 0.885799 -0.796695
v 4.934319 0.872629 -0.793586
v 4.932014 0.857945 -0.792441
v 5.202085 0.884529 -0.529851
v 5.194230 0.895243 -0.523086
v 5.184251 0.902229 -0.514492
v 5.173124 0.904803 -0.504909
v 5.161940 0.902714 -0.495277
v 5.151792 0.896166 -0.486537
v 5.143673 0.885799 -0.479546
v 5.138380 0.872629 -0.474987
v 5.136429 0.857945 -0.473307
v 5.459038 0.884529 -0.304711
v 5.454082 0.895243 -0.295605
v 5.447787 0.902229 -0.284037
v 5.440768 0.904803 -0.271139
v 5.433713 0.902714 -0.258174
v 5.427311 0.896165 -0.246410
v 5.422190 0.885799 -0.237000
v 5.418851 0.872629 -0.230864
v 5.417620 0.857945 -0.228603
v 5.749915 0.884529 -0.220903
v 5.749915 0.895243 -0.210536
v 5.749915 0.902229 -0.197366
v 5.749915 0.904803 -0.182683
v 5.749915 0.902714 -0.167922
v 5.749915 0.896165 -0.154529
v 5.749915 0.885799 -0.143815
v 5.749915 0.872629 -0.136829
v 5.749915 0.857945 -0.134255
v 6.040792 0.884529 -0.304711
v 6.045747 0.895243 -0.295605
v 6.052043 0.902229 -0.284037
v 6.059062 0.904803 -0.271139
v 6.066117 0.902714 -0.258174
v 6.072519 0.896165 -0.246410
v 6.077640 0.885799 -0.237000
v 6.080979 0.872629 -0.230864
v 6.082210 0.857945 -0.228603
v 6.297745 0.884529 -0.529851
v 6.305599 0.895243 -0.523086
v 6.315579 0.902229 -0.514492
v 6.326705 0.904803 -0.504909
v 6.337890 0.902714 -0.495277
v 6.348038 0.896165 -0.486537
v 6.356156 0.885799 -0.479546
v 6.361450 0.872629 -0.474987
v 6.363400 0.857945 -0.473307
v 6.490218 0.884529 -0.830994
v 6.499501 0.895243 -0.826381
v 6.511296 0.902229 -0.820522
v 6.524446 0.904803 -0.813988
v 6.537665 0.902714 -0.807420
v 6.549659 0.896165 -0.801461
v 6.559254 0.885799 -0.796695
v 6.565510 0.872629 -0.793586
v 6.567815 0.857945 -0.792441
v 6.606043 0.884529 -1.145568
v 6.616025 0.895243 -1.142771
v 6.628706 0.902229 -1.139218
v 6.642846 0.904803 -1.135257
v 6.657060 0.902714 -1.131275
v 6.669956 0.896165 -1.127662
v 6.680273 0.885799 -1.124772
v 6.686999 0.872629 -1.122887
v 6.689478 0.857945 -1.122193
v 6.670588 0.884529 -1.437596
v 6.677521 0.895243 -1.429891
v 6.686331 0.902229 -1.420101
v 6.696153 0.904803 -1.409185
v 6.706027 0.902714 -1.398213
v 6.714985 0.896165 -1.388258
v 6.722151 0.885799 -1.380293
v 6.726824 0.872629 -1.375100
v 6.728547 0.857945 -1.373187
v 7.146418 0.884529 -1.485842
v 7.144802 0.895243 -1.475603
v 7.142749 0.902229 -1.462594
v 7.140460 0.904803 -1.448090
v 7.138158 0.902714 -1.433509
v 7.136070 0.896165 -1.420280
v 7.134400 0.885799 -1.409698
v 7.133311 0.872629 -1.402797
v 7.132910 0.857945 -1.400254
v 7.487946 0.883921 -1.339974
v 7.481531 0.894777 -1.332021
v 7.473061 0.901953 -1.322070
v 7.463366 0.904747 -1.311095
v 7.453395 0.902885 -1.300171
v 7.444123 0.896549 -1.290365
v 7.436459 0.886360 -1.282639
v 7.431152 0.873315 -1.277749
v 7.428722 0.858692 -1.276173
v 7.657557 0.848445 -1.036443
v 7.649734 0.859715 -1.030609
v 7.638642 0.867660 -1.024601
v 7.625370 0.871504 -1.019006
v 7.611214 0.870869 -1.014372
v 7.597562 0.865819 -1.011154
v 7.585749 0.856847 -1.009665
v 7.576932 0.844832 -1.010053
v 7.571975 0.830950 -1.012278
v 7.571361 0.816559 -1.016123
v 7.700416 0.712550 -0.735649
v 7.693269 0.722186 -0.726800
v 7.682440 0.729499 -0.719623
v 7.668990 0.733771 -0.714820
v 7.654233 0.734585 -0.712861
v 7.639616 0.731862 -0.713940
v 7.626569 0.725867 -0.717948
v 7.616368 0.717187 -0.724495
v 7.610013 0.706673 -0.732940
v 7.700897 0.461820 -0.571530
v 7.693954 0.466501 -0.559196
v 7.683273 0.470191 -0.549471
v 7.669901 0.472529 -0.543309
v 7.655148 0.473288 -0.541311
v 7.640455 0.472391 -0.543674
v 7.627263 0.469927 -0.550166
v 7.616862 0.466138 -0.560151
v 7.610271 0.461394 -0.572653
v 7.700897 0.186554 -0.530103
v 7.693954 0.188492 -0.517054
v 7.683273 0.190021 -0.506766
v 7.669901 0.190989 -0.500247
v 7.655148 0.191303 -0.498133
v 7.640455 0.190932 -0.500633
v 7.627263 0.189912 -0.507501
v 7.616862 0.188342 -0.518065
v 7.610271 0.186377 -0.531292
v 6.702999 0.842248 -1.457268
v 6.702617 0.827524 -1.454967
v 6.701507 0.814241 -1.448291
v 6.699777 0.803699 -1.437892
v 6.697598 0.796931 -1.424789
v 6.695182 0.794599 -1.410264
v 6.692767 0.796931 -1.395740
v 6.690587 0.803699 -1.382636
v 6.688858 0.814241 -1.372238
v 6.687747 0.827524 -1.365561
v 6.687365 0.842248 -1.363261
v 6.231294 0.842248 -1.535624
v 6.231055 0.827524 -1.533304
v 6.230360 0.814241 -1.526572
v 6.229279 0.803699 -1.516086
v 6.227917 0.796931 -1.502873
v 6.226406 0.794599 -1.488226
v 6.224896 0.796931 -1.473579
v 6.223534 0.803699 -1.460366
v 6.222452 0.814241 -1.449880
v 6.221758 0.827524 -1.443148
v 6.221519 0.842248 -1.440828
v 5.749915 0.842248 -1.555281
v 5.749915 0.827524 -1.552949
v 5.749915 0.814241 -1.546180
v 5.749915 0.803699 -1.535639
v 5.749915 0.796931 -1.522356
v 5.749915 0.794599 -1.507632
v 5.749915 0.796931 -1.492907
v 5.749915 0.803699 -1.479624
v 5.749915 0.814241 -1.469083
v 5.749915 0.827524 -1.462315
v 5.749915 0.842248 -1.459983
v 5.268536 0.842248 -1.535624
v 5.268775 0.827524 -1.533304
v 5.269469 0.814241 -1.526572
v 5.270551 0.803699 -1.516086
v 5.271913 0.796931 -1.502873
v 5.273423 0.794599 -1.488226
v 5.274934 0.796931 -1.473579
v 5.276296 0.803699 -1.460366
v 5.277378 0.814241 -1.449880
v 5.278072 0.827524 -1.443148
v 5.278311 0.842248 -1.440828
v 4.796831 0.842248 -1.457268
v 4.797213 0.827524 -1.454967
v 4.798324 0.814241 -1.448291
v 4.800053 0.803699 -1.437892
v 4.802232 0.796931 -1.424789
v 4.804647 0.794599 -1.410264
v 4.807063 0.796931 -1.395740
v 4.809242 0.803699 -1.382636
v 4.810972 0.814241 -1.372238
v 4.812082 0.827524 -1.365561
v 4.812465 0.842248 -1.363261
v 6.687365 0.857496 -1.363261
v 6.221519 0.857496 -1.440828
v 5.749915 0.857496 -1.459983
v 5.278311 0.857496 -1.440828
v 4.812465 0.857496 -1.363261
v 6.702999 0.857496 -1.457268
v 6.231294 0.857496 -1.535624
v 5.749915 0.857496 -1.555281
v 5.268536 0.857496 -1.535624
v 4.796831 0.857496 -1.457268
v 6.687748 0.872220 -1.365561
v 6.688858 0.885503 -1.372238
v 6.690587 0.896045 -1.382636
v 6.692767 0.902813 -1.395740
v 6.695182 0.905145 -1.410264
v 6.697598 0.902813 -1.424789
v 6.699777 0.896045 -1.437892
v 6.701507 0.885503 -1.448291
v 6.702617 0.872220 -1.454967
v 6.221758 0.872220 -1.443148
v 6.222452 0.885503 -1.449880
v 6.223534 0.896045 -1.460366
v 6.224896 0.902813 -1.473580
v 6.226406 0.905145 -1.488226
v 6.227917 0.902813 -1.502873
v 6.229279 0.896045 -1.516086
v 6.230360 0.885503 -1.526572
v 6.231055 0.872220 -1.533304
v 5.749915 0.872220 -1.462315
v 5.749915 0.885503 -1.469083
v 5.749915 0.896045 -1.479624
v 5.749915 0.902813 -1.492907
v 5.749915 0.905145 -1.507632
v 5.749915 0.902813 -1.522356
v 5.749915 0.896045 -1.535639
v 5.749915 0.885503 -1.546180
v 5.749915 0.872220 -1.552949
v 5.278072 0.872220 -1.443148
v 5.277378 0.885503 -1.449880
v 5.276296 0.896045 -1.460366
v 5.274934 0.902813 -1.473580
v 5.273423 0.905145 -1.488226
v 5.271913 0.902813 -1.502873
v 5.270551 0.896045 -1.516086
v 5.269469 0.885503 -1.526572
v 5.268775 0.872220 -1.533304
v 4.812082 0.872220 -1.365561
v 4.810972 0.885503 -1.372238
v 4.809242 0.896045 -1.382636
v 4.807063 0.902813 -1.395740
v 4.804647 0.905145 -1.410264
v 4.802232 0.902813 -1.424789
v 4.800053 0.896045 -1.437892
v 4.798324 0.885503 -1.448291
v 4.797213 0.872220 -1.454967
v 10.330923 0.000000 -2.515522
v 0.377806 0.000000 -2.515522
v 10.330923 -1.931477 -2.515522
v 0.377806 -1.931477 -2.515522
v 5.755613 0.028486 -0.589290
v 6.097634 0.028486 -0.528982
v 6.398400 0.028486 -0.355334
v 6.621639 0.028486 -0.089290
v 6.740421 0.028486 0.237062
v 6.740421 0.028486 0.584359
v 6.621639 0.028486 0.910711
v 6.398400 0.028486 1.176755
v 6.097634 0.028486 1.350403
v 5.755613 0.028486 1.410710
v 5.413593 0.028486 1.350403
v 5.112825 0.028486 1.176755
v 4.889588 0.028486 0.910711
v 4.770805 0.028486 0.584359
v 4.770805 0.028486 0.237062
v 4.889587 0.028486 -0.089289
v 5.112825 0.028486 -0.355334
v 5.413592 0.028486 -0.528982
v 5.755613 0.313904 -0.479278
v 6.060007 0.313904 -0.425605
v 6.327687 0.313904 -0.271060
v 6.526366 0.313904 -0.034284
v 6.632081 0.313904 0.256166
v 6.632081 0.313904 0.565255
v 6.526366 0.313904 0.855705
v 6.327687 0.313904 1.092481
v 6.060007 0.313904 1.247026
v 5.755613 0.313904 1.300699
v 5.451219 0.313904 1.247026
v 5.183540 0.313904 1.092481
v 4.984860 0.313904 0.855705
v 4.879146 0.313904 0.565255
v 4.879146 0.313904 0.256166
v 4.984860 0.313904 -0.034283
v 5.183539 0.313904 -0.271060
v 5.451219 0.313904 -0.425605
v 5.755613 0.557280 -0.171263
v 5.954660 0.557280 -0.136166
v 6.129698 0.557280 -0.035107
v 6.259617 0.557280 0.119724
v 6.328745 0.557280 0.309652
v 6.328745 0.557280 0.511769
v 6.259617 0.557280 0.701697
v 6.129698 0.557280 0.856528
v 5.954660 0.557280 0.957587
v 5.755613 0.557280 0.992684
v 5.556567 0.557280 0.957587
v 5.381528 0.557280 0.856528
v 5.251609 0.557280 0.701697
v 5.182481 0.557280 0.511769
v 5.182481 0.557280 0.309652
v 5.251609 0.557280 0.119724
v 5.381527 0.557280 -0.035107
v 5.556566 0.557280 -0.136166
v -9.575310 0.000000 -8.012039
v -9.575310 -1.931477 -8.012039
v -3.135418 0.174356 -6.374678
v -3.132436 0.159963 -6.372190
v -3.125103 0.147110 -6.370381
v -3.114138 0.137055 -6.369426
v -3.100614 0.130782 -6.369419
v -3.085854 0.128906 -6.370361
v -3.071305 0.131610 -6.372160
v -3.058388 0.138629 -6.374639
v -3.048370 0.149277 -6.377556
v -3.042231 0.162511 -6.380625
v -3.040571 0.177036 -6.383546
v -3.172699 0.091699 -6.806118
v -3.169959 0.077090 -6.804969
v -3.162994 0.063911 -6.805180
v -3.152484 0.053452 -6.806730
v -3.139459 0.046737 -6.809467
v -3.125193 0.044423 -6.813125
v -3.111082 0.046737 -6.817343
v -3.098510 0.053452 -6.821711
v -3.088704 0.063911 -6.825799
v -3.082626 0.077090 -6.829208
v -3.080872 0.091699 -6.831605
v -3.316291 0.072718 -7.107136
v -3.314748 0.057917 -7.108032
v -3.310055 0.044374 -7.112131
v -3.302675 0.033413 -7.119033
v -3.293328 0.026108 -7.128062
v -3.282929 0.023174 -7.138333
v -3.272497 0.024899 -7.148843
v -3.263052 0.031112 -7.158561
v -3.255520 0.041206 -7.166536
v -3.250637 0.054194 -7.171988
v -3.248881 0.068803 -7.174384
v -3.616308 0.073107 -7.250406
v -3.615881 0.058285 -7.251952
v -3.614255 0.044685 -7.257837
v -3.611588 0.033637 -7.267484
v -3.608143 0.026223 -7.279951
v -3.604256 0.023168 -7.294014
v -3.600308 0.024772 -7.308301
v -3.596685 0.030878 -7.321410
v -3.593743 0.040888 -7.332058
v -3.591768 0.053821 -7.339205
v -3.590954 0.068413 -7.342148
v -4.043434 0.073107 -7.287422
v -4.043363 0.058285 -7.289024
v -4.043094 0.044685 -7.295124
v -4.042653 0.033637 -7.305124
v -4.042082 0.026223 -7.318045
v -4.041440 0.023168 -7.332622
v -4.040786 0.024772 -7.347430
v -4.040187 0.030878 -7.361016
v -4.039700 0.040888 -7.372053
v -4.039373 0.053821 -7.379460
v -4.039238 0.068413 -7.382512
v -4.517811 0.073107 -7.287374
v -4.517811 0.058285 -7.288979
v -4.517811 0.044685 -7.295084
v -4.517811 0.033637 -7.305094
v -4.517811 0.026223 -7.318028
v -4.517811 0.023168 -7.332620
v -4.517811 0.024772 -7.347442
v -4.517811 0.030878 -7.361041
v -4.517811 0.040888 -7.372089
v -4.517811 0.053821 -7.379503
v -4.517811 0.068413 -7.382557
v -4.994302 0.073107 -7.287374
v -4.994302 0.058285 -7.288979
v -4.994302 0.044685 -7.295084
v -4.994302 0.033637 -7.305094
v -4.994302 0.026223 -7.318028
v -4.994302 0.023168 -7.332620
v -4.994302 0.024772 -7.347442
v -4.994302 0.030878 -7.361041
v -4.994302 0.040888 -7.372089
v -4.994302 0.053821 -7.379503
v -4.994302 0.068413 -7.382557
v -5.470793 0.073107 -7.287374
v -5.470793 0.058285 -7.288979
v -5.470793 0.044685 -7.295084
v -5.470793 0.033637 -7.305094
v -5.470793 0.026223 -7.318028
v -5.470793 0.023168 -7.332620
v -5.470793 0.024772 -7.347442
v -5.470793 0.030878 -7.361041
v -5.470793 0.040888 -7.372089
v -5.470793 0.053821 -7.379503
v -5.470793 0.068413 -7.382557
v -5.945170 0.073107 -7.287422
v -5.945240 0.058285 -7.289024
v -5.945510 0.044685 -7.295124
v -5.945951 0.033637 -7.305124
v -5.946522 0.026223 -7.318045
v -5.947165 0.023168 -7.332622
v -5.947818 0.024772 -7.347430
v -5.948417 0.030878 -7.361016
v -5.948904 0.040888 -7.372053
v -5.949231 0.053821 -7.379460
v -5.949366 0.068413 -7.382512
v -6.372295 0.073107 -7.250406
v -6.372723 0.058285 -7.251952
v -6.374349 0.044685 -7.257837
v -6.377016 0.033637 -7.267484
v -6.380460 0.026223 -7.279951
v -6.384347 0.023168 -7.294014
v -6.388296 0.024772 -7.308301
v -6.391919 0.030878 -7.321410
v -6.394861 0.040888 -7.332058
v -6.396836 0.053821 -7.339205
v -6.397650 0.068413 -7.342148
v -6.672313 0.072718 -7.107136
v -6.673857 0.057917 -7.108032
v -6.678548 0.044374 -7.112131
v -6.685929 0.033413 -7.119033
v -6.695275 0.026108 -7.128062
v -6.705675 0.023174 -7.138333
v -6.716107 0.024899 -7.148843
v -6.725552 0.031112 -7.158561
v -6.733084 0.041206 -7.166536
v -6.737967 0.054194 -7.171988
v -6.739723 0.068803 -7.174384
v -6.815905 0.091699 -6.806118
v -6.818645 0.077090 -6.804969
v -6.825610 0.063911 -6.805180
v -6.836120 0.053452 -6.806730
v -6.849145 0.046737 -6.809467
v -6.863411 0.044423 -6.813125
v -6.877522 0.046737 -6.817343
v -6.890094 0.053452 -6.821711
v -6.899899 0.063911 -6.825799
v -6.905977 0.077090 -6.829208
v -6.907732 0.091699 -6.831605
v -6.852787 0.174836 -6.378362
v -6.855346 0.160150 -6.378359
v -6.862312 0.146971 -6.378562
v -6.873005 0.136591 -6.378951
v -6.886379 0.130026 -6.379486
v -6.901124 0.127917 -6.380117
v -6.915796 0.130473 -6.380781
v -6.928960 0.137441 -6.381414
v -6.939326 0.148141 -6.381953
v -6.945881 0.161525 -6.382345
v -6.947982 0.176283 -6.382553
v -6.852723 0.091045 -5.899485
v -6.855250 0.076420 -5.900883
v -6.862194 0.063287 -5.902139
v -6.872874 0.052934 -5.903128
v -6.886246 0.046372 -5.903755
v -6.901000 0.044245 -5.903958
v -6.915692 0.046761 -5.903718
v -6.928884 0.053673 -5.903057
v -6.939285 0.064305 -5.902041
v -6.945876 0.077616 -5.900769
v -6.948013 0.092303 -5.899365
v -6.852723 0.080573 -5.322512
v -6.855250 0.065896 -5.321828
v -6.862194 0.052719 -5.321214
v -6.872874 0.042329 -5.320730
v -6.886246 0.035745 -5.320423
v -6.901000 0.033610 -5.320323
v -6.915692 0.036135 -5.320441
v -6.928884 0.043071 -5.320765
v -6.939285 0.053739 -5.321261
v -6.945876 0.067096 -5.321884
v -6.948013 0.081834 -5.322571
v -3.135881 0.080573 -5.322512
v -3.133354 0.065896 -5.321828
v -3.126410 0.052719 -5.321214
v -3.115730 0.042329 -5.320730
v -3.102358 0.035745 -5.320423
v -3.087604 0.033610 -5.320324
v -3.072912 0.036135 -5.320441
v -3.059720 0.043071 -5.320765
v -3.049319 0.053739 -5.321261
v -3.042727 0.067096 -5.321884
v -3.040591 0.081834 -5.322571
v -3.135881 0.091045 -5.899486
v -3.133354 0.076420 -5.900883
v -3.126410 0.063287 -5.902139
v -3.115730 0.052934 -5.903128
v -3.102358 0.046372 -5.903755
v -3.087604 0.044245 -5.903958
v -3.072912 0.046761 -5.903718
v -3.059720 0.053673 -5.903057
v -3.049319 0.064305 -5.902041
v -3.042727 0.077616 -5.900769
v -3.040591 0.092303 -5.899365
v -3.135881 0.177419 -6.386421
v -3.133354 0.167160 -6.396939
v -3.126410 0.157949 -6.406383
v -3.115730 0.150687 -6.413829
v -3.102358 0.146085 -6.418547
v -3.087604 0.144593 -6.420077
v -3.072912 0.146357 -6.418268
v -3.059720 0.151205 -6.413297
v -3.049319 0.158663 -6.405652
v -3.042727 0.167999 -6.396079
v -3.040591 0.178301 -6.385517
v -3.135881 0.450750 -6.428412
v -3.133354 0.445538 -6.442148
v -3.126410 0.440857 -6.454483
v -3.115730 0.437167 -6.464207
v -3.102358 0.434829 -6.470369
v -3.087604 0.434070 -6.472367
v -3.072912 0.434967 -6.470004
v -3.059720 0.437430 -6.463512
v -3.049319 0.441220 -6.453527
v -3.042727 0.445964 -6.441025
v -3.040591 0.451199 -6.427231
v -3.135637 0.683788 -6.580092
v -3.132872 0.672770 -6.589747
v -3.125726 0.663134 -6.598597
v -3.114897 0.655822 -6.605774
v -3.101446 0.651549 -6.610577
v -3.086690 0.650735 -6.612535
v -3.072073 0.653459 -6.611457
v -3.059025 0.659453 -6.607448
v -3.048825 0.668133 -6.600901
v -3.042470 0.678647 -6.592456
v -3.040582 0.689967 -6.582941
v -3.171211 0.802124 -6.848459
v -3.167421 0.788634 -6.853548
v -3.159596 0.777364 -6.859382
v -3.148505 0.769419 -6.865391
v -3.135232 0.765576 -6.870986
v -3.121077 0.766210 -6.875619
v -3.107424 0.771260 -6.878838
v -3.095612 0.780232 -6.880326
v -3.086795 0.792247 -6.879939
v -3.081837 0.806129 -6.877713
v -3.081223 0.820520 -6.873868
v -3.312523 0.829296 -7.109436
v -3.308791 0.815823 -7.114612
v -3.302376 0.804967 -7.122564
v -3.293906 0.797791 -7.132515
v -3.284211 0.794997 -7.143490
v -3.274240 0.796859 -7.154415
v -3.264968 0.803195 -7.164220
v -3.257303 0.813384 -7.171946
v -3.251996 0.826429 -7.176836
v -3.249566 0.841052 -7.178412
v -3.250251 0.855824 -7.176520
v -3.610284 0.828607 -7.234446
v -3.609263 0.815215 -7.240915
v -3.607647 0.804501 -7.251154
v -3.605594 0.797515 -7.264163
v -3.603305 0.794941 -7.278667
v -3.601003 0.797030 -7.293248
v -3.598916 0.803578 -7.306476
v -3.597245 0.813945 -7.317059
v -3.596156 0.827115 -7.323959
v -3.595755 0.841799 -7.326502
v -3.596081 0.856560 -7.324439
v -4.020060 0.828607 -7.205775
v -4.024440 0.815215 -7.210643
v -4.031374 0.804501 -7.218349
v -4.040184 0.797515 -7.228138
v -4.050005 0.794941 -7.239053
v -4.059879 0.797030 -7.250026
v -4.068838 0.803578 -7.259982
v -4.076004 0.813945 -7.267946
v -4.080677 0.827115 -7.273139
v -4.082399 0.841799 -7.275052
v -4.081001 0.856560 -7.273499
v -4.061057 0.828607 -6.951673
v -4.067363 0.815215 -6.953440
v -4.077345 0.804501 -6.956236
v -4.090027 0.797515 -6.959789
v -4.104167 0.794941 -6.963751
v -4.118380 0.797030 -6.967732
v -4.131276 0.803578 -6.971345
v -4.141593 0.813945 -6.974236
v -4.148319 0.827115 -6.976120
v -4.150798 0.841799 -6.976815
v -4.148786 0.856560 -6.976252
v -4.182278 0.828607 -6.623071
v -4.188142 0.815215 -6.625985
v -4.197426 0.804501 -6.630597
v -4.209220 0.797515 -6.636456
v -4.222371 0.794941 -6.642990
v -4.235590 0.797030 -6.649558
v -4.247584 0.803578 -6.655517
v -4.257179 0.813945 -6.660284
v -4.263435 0.827115 -6.663392
v -4.265740 0.841799 -6.664537
v -4.263869 0.856560 -6.663608
v -4.385788 0.828607 -6.305300
v -4.390750 0.815215 -6.309573
v -4.398605 0.804501 -6.316338
v -4.408585 0.797515 -6.324932
v -4.419712 0.794941 -6.334514
v -4.430896 0.797030 -6.344146
v -4.441044 0.803578 -6.352886
v -4.449162 0.813945 -6.359878
v -4.454456 0.827115 -6.364436
v -4.456407 0.841799 -6.366117
v -4.454823 0.856560 -6.364753
v -4.665143 0.828607 -6.062077
v -4.668273 0.815215 -6.067828
v -4.673228 0.804501 -6.076934
v -4.679524 0.797515 -6.088502
v -4.686543 0.794941 -6.101399
v -4.693598 0.797030 -6.114365
v -4.700000 0.803578 -6.126128
v -4.705121 0.813945 -6.135539
v -4.708460 0.827115 -6.141675
v -4.709691 0.841799 -6.143936
v -4.708693 0.856560 -6.142101
v -4.994302 0.828607 -5.968527
v -4.994302 0.815215 -5.975076
v -4.994302 0.804501 -5.985442
v -4.994302 0.797515 -5.998612
v -4.994302 0.794941 -6.013296
v -4.994302 0.797030 -6.028057
v -4.994302 0.803578 -6.041450
v -4.994302 0.813945 -6.052163
v -4.994302 0.827115 -6.059149
v -4.994302 0.841799 -6.061723
v -4.994302 0.856560 -6.059634
v -5.323461 0.828607 -6.062077
v -5.320330 0.815215 -6.067828
v -5.315375 0.804501 -6.076934
v -5.309080 0.797515 -6.088502
v -5.302061 0.794941 -6.101399
v -5.295005 0.797030 -6.114365
v -5.288603 0.803578 -6.126128
v -5.283483 0.813945 -6.135539
v -5.280143 0.827115 -6.141675
v -5.278913 0.841799 -6.143936
v -5.279911 0.856560 -6.142101
v -5.602815 0.828607 -6.305300
v -5.597853 0.815215 -6.309573
v -5.589998 0.804501 -6.316338
v -5.580019 0.797515 -6.324932
v -5.568892 0.794941 -6.334514
v -5.557708 0.797030 -6.344146
v -5.547560 0.803578 -6.352886
v -5.539442 0.813945 -6.359878
v -5.534148 0.827115 -6.364436
v -5.532197 0.841799 -6.366117
v -5.533781 0.856560 -6.364753
v -5.806326 0.828607 -6.623071
v -5.800462 0.815215 -6.625985
v -5.791178 0.804501 -6.630597
v -5.779384 0.797515 -6.636456
v -5.766233 0.794941 -6.642990
v -5.753014 0.797030 -6.649558
v -5.741020 0.803578 -6.655517
v -5.731425 0.813945 -6.660284
v -5.725169 0.827115 -6.663392
v -5.722863 0.841799 -6.664537
v -5.724734 0.856560 -6.663608
v -5.927547 0.828607 -6.951673
v -5.921241 0.815215 -6.953440
v -5.911259 0.804501 -6.956236
v -5.898577 0.797515 -6.959789
v -5.884438 0.794941 -6.963751
v -5.870224 0.797030 -6.967732
v -5.857328 0.803578 -6.971345
v -5.847011 0.813945 -6.974236
v -5.840284 0.827115 -6.976120
v -5.837806 0.841799 -6.976815
v -5.839818 0.856560 -6.976252
v -5.968544 0.828607 -7.205775
v -5.964164 0.815215 -7.210643
v -5.957230 0.804501 -7.218349
v -5.948420 0.797515 -7.228138
v -5.938598 0.794941 -7.239053
v -5.928725 0.797030 -7.250026
v -5.919766 0.803578 -7.259982
v -5.912600 0.813945 -7.267946
v -5.907927 0.827115 -7.273139
v -5.906205 0.841799 -7.275052
v -5.907602 0.856560 -7.273499
v -6.378319 0.828607 -7.234446
v -6.379340 0.815215 -7.240915
v -6.380956 0.804501 -7.251154
v -6.383009 0.797515 -7.264163
v -6.385299 0.794941 -7.278667
v -6.387600 0.797030 -7.293248
v -6.389688 0.803578 -7.306476
v -6.391358 0.813945 -7.317059
v -6.392447 0.827115 -7.323959
v -6.392848 0.841799 -7.326502
v -6.392523 0.856560 -7.324439
v -6.676080 0.829296 -7.109436
v -6.679813 0.815823 -7.114612
v -6.686228 0.804967 -7.122564
v -6.694698 0.797791 -7.132515
v -6.704392 0.794997 -7.143490
v -6.714364 0.796859 -7.154415
v -6.723636 0.803195 -7.164220
v -6.731300 0.813384 -7.171946
v -6.736608 0.826429 -7.176836
v -6.739038 0.841052 -7.178412
v -6.738353 0.855824 -7.176520
v -6.817393 0.802124 -6.848459
v -6.821183 0.788634 -6.853548
v -6.829008 0.777364 -6.859382
v -6.840098 0.769419 -6.865391
v -6.853371 0.765576 -6.870986
v -6.867527 0.766210 -6.875619
v -6.881179 0.771260 -6.878838
v -6.892992 0.780232 -6.880326
v -6.901808 0.792247 -6.879939
v -6.906766 0.806129 -6.877713
v -6.907380 0.820520 -6.873868
v -6.852967 0.683788 -6.580092
v -6.855731 0.672770 -6.589747
v -6.862878 0.663134 -6.598597
v -6.873707 0.655822 -6.605773
v -6.887158 0.651549 -6.610577
v -6.901914 0.650735 -6.612535
v -6.916531 0.653459 -6.611457
v -6.929579 0.659453 -6.607448
v -6.939780 0.668133 -6.600901
v -6.946135 0.678647 -6.592456
v -6.948021 0.689967 -6.582941
v -6.852723 0.450750 -6.428412
v -6.855250 0.445538 -6.442148
v -6.862194 0.440857 -6.454483
v -6.872874 0.437167 -6.464207
v -6.886246 0.434828 -6.470369
v -6.901000 0.434070 -6.472367
v -6.915692 0.434967 -6.470004
v -6.928884 0.437430 -6.463512
v -6.939285 0.441220 -6.453527
v -6.945876 0.445964 -6.441025
v -6.948013 0.451199 -6.427231
v -6.852723 0.181969 -6.388677
v -6.855250 0.179810 -6.403210
v -6.862194 0.177872 -6.416259
v -6.872874 0.176344 -6.426547
v -6.886246 0.175375 -6.433067
v -6.901000 0.175061 -6.435180
v -6.915692 0.175433 -6.432681
v -6.928884 0.176453 -6.425812
v -6.939285 0.178022 -6.415248
v -6.945876 0.179987 -6.402021
v -6.948013 0.182155 -6.387427
v -3.041256 0.192008 -6.386346
v -3.081381 0.106827 -6.833441
v -3.248771 0.084030 -7.175160
v -3.590754 0.083642 -7.342874
v -4.039206 0.083642 -7.383262
v -4.517811 0.083642 -7.383308
v -4.994302 0.083642 -7.383308
v -5.470793 0.083642 -7.383308
v -5.949398 0.083642 -7.383262
v -6.397850 0.083642 -7.342874
v -6.739833 0.084030 -7.175160
v -6.907222 0.106827 -6.833441
v -6.947746 0.191528 -6.382662
v -6.947811 0.107480 -5.897914
v -6.947811 0.097064 -5.323280
v -3.040793 0.097064 -5.323280
v -3.040793 0.107480 -5.897914
v -3.040793 0.188946 -6.374602
v -3.040793 0.456608 -6.412976
v -3.041037 0.701532 -6.573015
v -3.082869 0.834955 -6.869242
v -3.252538 0.870448 -7.172860
v -3.596778 0.871137 -7.320021
v -4.078010 0.871136 -7.270175
v -4.144480 0.871137 -6.975045
v -4.259864 0.871137 -6.661618
v -4.451434 0.871137 -6.361834
v -4.706554 0.871137 -6.138173
v -4.994302 0.871137 -6.055161
v -5.282049 0.871137 -6.138173
v -5.537169 0.871137 -6.361834
v -5.728740 0.871137 -6.661618
v -5.844124 0.871137 -6.975045
v -5.910594 0.871136 -7.270175
v -6.391826 0.871137 -7.320021
v -6.736065 0.870448 -7.172860
v -6.905735 0.834955 -6.869243
v -6.947567 0.701532 -6.573015
v -6.947811 0.456608 -6.412976
v -6.947811 0.184395 -6.372347
v -3.136103 0.189329 -6.377478
v -3.173208 0.106827 -6.807954
v -3.316181 0.087946 -7.107912
v -3.616108 0.088336 -7.251129
v -4.043400 0.088336 -7.288172
v -4.517811 0.088336 -7.288126
v -4.994302 0.088336 -7.288126
v -5.470793 0.088336 -7.288126
v -5.945203 0.088336 -7.288172
v -6.372496 0.088336 -7.251129
v -6.672423 0.087946 -7.107912
v -6.815396 0.106827 -6.807954
v -6.852551 0.190082 -6.378471
v -6.852521 0.106223 -5.898035
v -6.852521 0.095803 -5.323221
v -3.136083 0.095803 -5.323221
v -3.136083 0.106223 -5.898035
v -3.136083 0.188064 -6.375507
v -3.136083 0.456160 -6.414157
v -3.136091 0.695353 -6.570166
v -3.172856 0.816560 -6.843833
v -3.314811 0.843920 -7.105776
v -3.610981 0.843184 -7.230029
v -4.017068 0.843184 -7.202450
v -4.056751 0.843184 -6.950467
v -4.178273 0.843184 -6.621081
v -4.382400 0.843184 -6.302381
v -4.663005 0.843184 -6.058148
v -4.994302 0.843184 -5.964055
v -5.325598 0.843184 -6.058148
v -5.606204 0.843184 -6.302381
v -5.810331 0.843184 -6.621081
v -5.931853 0.843184 -6.950467
v -5.971535 0.843184 -7.202450
v -6.377622 0.843184 -7.230029
v -6.673793 0.843920 -7.105776
v -6.815748 0.816560 -6.843833
v -6.852512 0.695353 -6.570166
v -6.852521 0.456160 -6.414157
v -6.852521 0.184210 -6.373596
v -3.044238 0.206402 -6.388833
v -3.051571 0.219255 -6.390643
v -3.062536 0.229310 -6.391597
v -3.076060 0.235582 -6.391604
v -3.090819 0.237459 -6.390662
v -3.105369 0.234755 -6.388864
v -3.118285 0.227735 -6.386385
v -3.128303 0.217087 -6.383468
v -3.134443 0.203853 -6.380399
v -3.084120 0.121436 -6.834590
v -3.091086 0.134615 -6.834379
v -3.101595 0.145073 -6.832829
v -3.114621 0.151789 -6.830091
v -3.128887 0.154102 -6.826435
v -3.142997 0.151789 -6.822216
v -3.155570 0.145073 -6.817849
v -3.165375 0.134615 -6.813761
v -3.171453 0.121436 -6.810351
v -3.250314 0.098831 -7.174264
v -3.255006 0.112375 -7.170165
v -3.262387 0.123335 -7.163263
v -3.271734 0.130640 -7.154234
v -3.282132 0.133574 -7.143962
v -3.292565 0.131850 -7.133453
v -3.302009 0.125637 -7.123735
v -3.309542 0.115542 -7.115760
v -3.314425 0.102555 -7.110308
v -3.591181 0.098463 -7.341326
v -3.592808 0.112064 -7.335443
v -3.595474 0.123112 -7.325794
v -3.598919 0.130526 -7.313327
v -3.602806 0.133580 -7.299263
v -3.606754 0.131976 -7.284977
v -3.610377 0.125871 -7.271868
v -3.613320 0.115861 -7.261220
v -3.615295 0.102928 -7.254073
v -4.039276 0.098463 -7.381660
v -4.039545 0.112064 -7.375560
v -4.039986 0.123112 -7.365561
v -4.040556 0.130526 -7.352640
v -4.041199 0.133580 -7.338062
v -4.041852 0.131976 -7.323255
v -4.042452 0.125871 -7.309668
v -4.042939 0.115861 -7.298631
v -4.043266 0.102928 -7.291224
v -4.517811 0.098463 -7.381705
v -4.517811 0.112064 -7.375599
v -4.517811 0.123112 -7.365590
v -4.517811 0.130526 -7.352656
v -4.517811 0.133580 -7.338065
v -4.517811 0.131976 -7.323243
v -4.517811 0.125871 -7.309643
v -4.517811 0.115861 -7.298594
v -4.517811 0.102928 -7.291181
v -4.994302 0.098463 -7.381705
v -4.994302 0.112064 -7.375599
v -4.994302 0.123112 -7.365590
v -4.994302 0.130526 -7.352656
v -4.994302 0.133580 -7.338065
v -4.994302 0.131976 -7.323243
v -4.994302 0.125871 -7.309643
v -4.994302 0.115861 -7.298594
v -4.994302 0.102928 -7.291181
v -5.470793 0.098463 -7.381705
v -5.470793 0.112064 -7.375599
v -5.470793 0.123112 -7.365590
v -5.470793 0.130526 -7.352656
v -5.470793 0.133580 -7.338065
v -5.470793 0.131976 -7.323243
v -5.470793 0.125871 -7.309643
v -5.470793 0.115861 -7.298594
v -5.470793 0.102928 -7.291181
v -5.949327 0.098463 -7.381660
v -5.949058 0.112064 -7.375560
v -5.948617 0.123112 -7.365561
v -5.948047 0.130526 -7.352640
v -5.947404 0.133580 -7.338062
v -5.946751 0.131976 -7.323255
v -5.946151 0.125871 -7.309668
v -5.945665 0.115861 -7.298631
v -5.945338 0.102928 -7.291224
v -6.397423 0.098463 -7.341326
v -6.395796 0.112064 -7.335443
v -6.393130 0.123112 -7.325794
v -6.389685 0.130526 -7.313327
v -6.385798 0.133580 -7.299263
v -6.381850 0.131976 -7.284977
v -6.378227 0.125871 -7.271868
v -6.375284 0.115861 -7.261220
v -6.373310 0.102928 -7.254073
v -6.738289 0.098831 -7.174264
v -6.733597 0.112375 -7.170165
v -6.726217 0.123335 -7.163263
v -6.716870 0.130640 -7.154234
v -6.706471 0.133574 -7.143962
v -6.696039 0.131850 -7.133453
v -6.686594 0.125637 -7.123735
v -6.679062 0.115542 -7.115760
v -6.674178 0.102555 -7.110308
v -6.904483 0.121436 -6.834590
v -6.897518 0.134615 -6.834379
v -6.887009 0.145073 -6.832829
v -6.873983 0.151789 -6.830091
v -6.859717 0.154102 -6.826435
v -6.845607 0.151789 -6.822216
v -6.833034 0.145073 -6.817849
v -6.823228 0.134615 -6.813761
v -6.817151 0.121436 -6.810351
v -6.945188 0.206215 -6.382664
v -6.938222 0.219393 -6.382462
v -6.927528 0.229773 -6.382073
v -6.914155 0.236339 -6.381537
v -6.899410 0.238447 -6.380907
v -6.884737 0.235892 -6.380242
v -6.871574 0.228923 -6.379610
v -6.861207 0.218223 -6.379071
v -6.854653 0.204840 -6.378678
v -6.945284 0.122105 -5.896517
v -6.938340 0.135238 -5.895262
v -6.927660 0.145592 -5.894272
v -6.914288 0.152153 -5.893644
v -6.899535 0.154280 -5.893441
v -6.884842 0.151764 -5.893682
v -6.871650 0.144852 -5.894342
v -6.861249 0.134221 -5.895359
v -6.854658 0.120910 -5.896631
v -6.945284 0.111741 -5.323964
v -6.938340 0.124919 -5.324578
v -6.927660 0.135308 -5.325062
v -6.914288 0.141892 -5.325369
v -6.899535 0.144027 -5.325469
v -6.884842 0.141502 -5.325351
v -6.871650 0.134566 -5.325027
v -6.861249 0.123898 -5.324531
v -6.854658 0.110541 -5.323908
v -3.043320 0.111741 -5.323964
v -3.050263 0.124919 -5.324578
v -3.060944 0.135308 -5.325062
v -3.074316 0.141892 -5.325369
v -3.089069 0.144027 -5.325469
v -3.103762 0.141502 -5.325351
v -3.116954 0.134566 -5.325027
v -3.127355 0.123898 -5.324531
v -3.133946 0.110541 -5.323908
v -3.043320 0.122105 -5.896517
v -3.050263 0.135238 -5.895262
v -3.060944 0.145592 -5.894272
v -3.074316 0.152153 -5.893644
v -3.089069 0.154280 -5.893441
v -3.103762 0.151764 -5.893682
v -3.116954 0.144852 -5.894342
v -3.127355 0.134221 -5.895359
v -3.133946 0.120910 -5.896631
v -3.043320 0.199204 -6.364084
v -3.050263 0.208415 -6.354640
v -3.060944 0.215678 -6.347195
v -3.074316 0.220280 -6.342476
v -3.089069 0.221772 -6.340947
v -3.103762 0.220007 -6.342756
v -3.116954 0.215159 -6.347726
v -3.127355 0.207702 -6.355372
v -3.133946 0.198366 -6.364944
v -3.043320 0.461820 -6.399240
v -3.050263 0.466501 -6.386906
v -3.060944 0.470191 -6.377182
v -3.074316 0.472529 -6.371019
v -3.089069 0.473288 -6.369021
v -3.103762 0.472391 -6.371384
v -3.116954 0.469927 -6.377876
v -3.127355 0.466138 -6.387861
v -3.133946 0.461394 -6.400363
v -3.043801 0.712550 -6.563360
v -3.050948 0.722186 -6.554510
v -3.061777 0.729499 -6.547333
v -3.075227 0.733771 -6.542530
v -3.089984 0.734585 -6.540572
v -3.104601 0.731862 -6.541650
v -3.117649 0.725867 -6.545659
v -3.127849 0.717187 -6.552206
v -3.134204 0.706673 -6.560651
v -3.086659 0.848445 -6.864154
v -3.094483 0.859715 -6.858320
v -3.105574 0.867660 -6.852311
v -3.118847 0.871504 -6.846716
v -3.133003 0.870869 -6.842083
v -3.146655 0.865819 -6.838864
v -3.158468 0.856847 -6.837376
v -3.167284 0.844832 -6.837763
v -3.172242 0.830950 -6.839988
v -3.256271 0.883921 -7.167684
v -3.262686 0.894777 -7.159731
v -3.271156 0.901953 -7.149781
v -3.280851 0.904747 -7.138806
v -3.290822 0.902885 -7.127881
v -3.300094 0.896549 -7.118076
v -3.307758 0.886360 -7.110350
v -3.313065 0.873315 -7.105460
v -3.315495 0.858692 -7.103883
v -3.597799 0.884529 -7.313552
v -3.599415 0.895243 -7.303313
v -3.601468 0.902229 -7.290304
v -3.603757 0.904803 -7.275800
v -3.606059 0.902714 -7.261220
v -3.608146 0.896165 -7.247991
v -3.609817 0.885799 -7.237407
v -3.610906 0.872629 -7.230508
v -3.611307 0.857945 -7.227964
v -4.073629 0.884529 -7.265307
v -4.066696 0.895243 -7.257601
v -4.057886 0.902229 -7.247811
v -4.048064 0.904803 -7.236896
v -4.038190 0.902714 -7.225923
v -4.029232 0.896165 -7.215967
v -4.022066 0.885799 -7.208004
v -4.017393 0.872629 -7.202811
v -4.015671 0.857945 -7.200897
v -4.138174 0.884529 -6.973279
v -4.128192 0.895243 -6.970482
v -4.115511 0.902229 -6.966929
v -4.101371 0.904803 -6.962967
v -4.087157 0.902714 -6.958986
v -4.074261 0.896165 -6.955373
v -4.063945 0.885799 -6.952482
v -4.057218 0.872629 -6.950598
v -4.054739 0.857945 -6.949903
v -4.254000 0.884529 -6.658704
v -4.244716 0.895243 -6.654092
v -4.232921 0.902229 -6.648232
v -4.219771 0.904803 -6.641698
v -4.206552 0.902714 -6.635130
v -4.194558 0.896165 -6.629172
v -4.184963 0.885799 -6.624405
v -4.178707 0.872629 -6.621296
v -4.176402 0.857945 -6.620151
v -4.446472 0.884529 -6.357561
v -4.438617 0.895243 -6.350796
v -4.428638 0.902229 -6.342202
v -4.417511 0.904803 -6.332620
v -4.406327 0.902714 -6.322988
v -4.396179 0.896166 -6.314248
v -4.388061 0.885799 -6.307257
v -4.382767 0.872629 -6.302698
v -4.380816 0.857945 -6.301018
v -4.703424 0.884529 -6.132421
v -4.698469 0.895243 -6.123316
v -4.692174 0.902229 -6.111748
v -4.685155 0.904803 -6.098850
v -4.678100 0.902714 -6.085885
v -4.671698 0.896165 -6.074121
v -4.666577 0.885799 -6.064710
v -4.663238 0.872629 -6.058574
v -4.662007 0.857945 -6.056313
v -4.994302 0.884529 -6.048614
v -4.994302 0.895243 -6.038247
v -4.994302 0.902229 -6.025077
v -4.994302 0.904803 -6.010393
v -4.994302 0.902714 -5.995632
v -4.994302 0.896165 -5.982239
v -4.994302 0.885799 -5.971526
v -4.994302 0.872629 -5.964540
v -4.994302 0.857945 -5.961966
v -5.285179 0.884529 -6.132421
v -5.290134 0.895243 -6.123316
v -5.296430 0.902229 -6.111748
v -5.303448 0.904803 -6.098850
v -5.310504 0.902714 -6.085884
v -5.316905 0.896165 -6.074121
v -5.322027 0.885799 -6.064710
v -5.325366 0.872629 -6.058574
v -5.326596 0.857945 -6.056313
v -5.542131 0.884529 -6.357561
v -5.549986 0.895243 -6.350796
v -5.559966 0.902229 -6.342202
v -5.571092 0.904803 -6.332620
v -5.582277 0.902714 -6.322988
v -5.592425 0.896165 -6.314248
v -5.600543 0.885799 -6.307257
v -5.605836 0.872629 -6.302698
v -5.607787 0.857945 -6.301018
v -5.734604 0.884529 -6.658704
v -5.743888 0.895243 -6.654092
v -5.755682 0.902229 -6.648232
v -5.768833 0.904803 -6.641698
v -5.782052 0.902714 -6.635130
v -5.794046 0.896165 -6.629172
v -5.803640 0.885799 -6.624405
v -5.809897 0.872629 -6.621296
v -5.812202 0.857945 -6.620151
v -5.850430 0.884529 -6.973279
v -5.860412 0.895243 -6.970482
v -5.873093 0.902229 -6.966929
v -5.887232 0.904803 -6.962967
v -5.901446 0.902714 -6.958986
v -5.914342 0.896165 -6.955372
v -5.924659 0.885799 -6.952482
v -5.931386 0.872629 -6.950598
v -5.933865 0.857945 -6.949903
v -5.914974 0.884529 -7.265307
v -5.921908 0.895243 -7.257601
v -5.930717 0.902229 -7.247811
v -5.940540 0.904803 -7.236896
v -5.950413 0.902714 -7.225923
v -5.959372 0.896165 -7.215967
v -5.966538 0.885799 -7.208004
v -5.971211 0.872629 -7.202811
v -5.972933 0.857945 -7.200897
v -6.390805 0.884529 -7.313552
v -6.389189 0.895243 -7.303313
v -6.387136 0.902229 -7.290304
v -6.384846 0.904803 -7.275800
v -6.382545 0.902714 -7.261220
v -6.380457 0.896165 -7.247991
v -6.378787 0.885799 -7.237407
v -6.377697 0.872629 -7.230508
v -6.377296 0.857945 -7.227964
v -6.732332 0.883921 -7.167684
v -6.725918 0.894777 -7.159731
v -6.717448 0.901953 -7.149781
v -6.707753 0.904747 -7.138806
v -6.697782 0.902885 -7.127881
v -6.688510 0.896549 -7.118076
v -6.680845 0.886360 -7.110350
v -6.675539 0.873315 -7.105460
v -6.673109 0.858692 -7.103883
v -6.901944 0.848445 -6.864154
v -6.894121 0.859715 -6.858320
v -6.883029 0.867660 -6.852311
v -6.869756 0.871504 -6.846716
v -6.855601 0.870869 -6.842083
v -6.841949 0.865819 -6.838864
v -6.830136 0.856847 -6.837376
v -6.821319 0.844832 -6.837763
v -6.816362 0.830950 -6.839988
v -6.944802 0.712550 -6.563360
v -6.937656 0.722186 -6.554510
v -6.926827 0.729499 -6.547333
v -6.913376 0.733771 -6.542530
v -6.898620 0.734585 -6.540572
v -6.884003 0.731862 -6.541650
v -6.870955 0.725867 -6.545659
v -6.860755 0.717187 -6.552206
v -6.854400 0.706673 -6.560651
v -6.945284 0.461820 -6.399240
v -6.938340 0.466501 -6.386906
v -6.927660 0.470191 -6.377182
v -6.914288 0.472529 -6.371019
v -6.899535 0.473288 -6.369021
v -6.884842 0.472391 -6.371384
v -6.871650 0.469927 -6.377876
v -6.861249 0.466138 -6.387861
v -6.854658 0.461394 -6.400363
v -6.945284 0.186554 -6.357814
v -6.938340 0.188492 -6.344765
v -6.927660 0.190021 -6.334477
v -6.914288 0.190989 -6.327957
v -6.899535 0.191303 -6.325843
v -6.884842 0.190932 -6.328343
v -6.871650 0.189912 -6.335211
v -6.861249 0.188342 -6.345776
v -6.854658 0.186377 -6.359002
v -5.947386 0.842248 -7.284978
v -5.947003 0.827524 -7.282677
v -5.945893 0.814241 -7.276001
v -5.944164 0.803699 -7.265602
v -5.941984 0.796931 -7.252500
v -5.939569 0.794599 -7.237975
v -5.937153 0.796931 -7.223449
v -5.934974 0.803699 -7.210347
v -5.933245 0.814241 -7.199948
v -5.932134 0.827524 -7.193272
v -5.931752 0.842248 -7.190971
v -5.475680 0.842248 -7.363335
v -5.475441 0.827524 -7.361015
v -5.474747 0.814241 -7.354281
v -5.473666 0.803699 -7.343797
v -5.472303 0.796931 -7.330584
v -5.470793 0.794599 -7.315936
v -5.469283 0.796931 -7.301290
v -5.467920 0.803699 -7.288077
v -5.466839 0.814241 -7.277591
v -5.466145 0.827524 -7.270859
v -5.465906 0.842248 -7.268539
v -4.994302 0.842248 -7.382991
v -4.994302 0.827524 -7.380659
v -4.994302 0.814241 -7.373891
v -4.994302 0.803699 -7.363349
v -4.994302 0.796931 -7.350066
v -4.994302 0.794599 -7.335341
v -4.994302 0.796931 -7.320618
v -4.994302 0.803699 -7.307334
v -4.994302 0.814241 -7.296793
v -4.994302 0.827524 -7.290025
v -4.994302 0.842248 -7.287693
v -4.512923 0.842248 -7.363335
v -4.513163 0.827524 -7.361015
v -4.513856 0.814241 -7.354281
v -4.514938 0.803699 -7.343797
v -4.516301 0.796931 -7.330584
v -4.517811 0.794599 -7.315936
v -4.519321 0.796931 -7.301290
v -4.520683 0.803699 -7.288077
v -4.521765 0.814241 -7.277591
v -4.522459 0.827524 -7.270859
v -4.522698 0.842248 -7.268539
v -4.041218 0.842248 -7.284978
v -4.041600 0.827524 -7.282677
v -4.042711 0.814241 -7.276001
v -4.044440 0.803699 -7.265602
v -4.046619 0.796931 -7.252500
v -4.049035 0.794599 -7.237975
v -4.051451 0.796931 -7.223449
v -4.053629 0.803699 -7.210347
v -4.055359 0.814241 -7.199948
v -4.056469 0.827524 -7.193272
v -4.056852 0.842248 -7.190971
v -5.931752 0.857496 -7.190971
v -5.465906 0.857496 -7.268539
v -4.994302 0.857496 -7.287693
v -4.522698 0.857496 -7.268539
v -4.056852 0.857496 -7.190971
v -5.947386 0.857496 -7.284978
v -5.475680 0.857496 -7.363335
v -4.994302 0.857496 -7.382991
v -4.512923 0.857496 -7.363335
v -4.041218 0.857496 -7.284978
v -5.932135 0.872220 -7.193272
v -5.933245 0.885503 -7.199948
v -5.934974 0.896045 -7.210347
v -5.937153 0.902813 -7.223449
v -5.939569 0.905145 -7.237975
v -5.941984 0.902813 -7.252500
v -5.944164 0.896045 -7.265602
v -5.945893 0.885503 -7.276001
v -5.947003 0.872220 -7.282677
v -5.466145 0.872220 -7.270859
v -5.466839 0.885503 -7.277591
v -5.467920 0.896045 -7.288077
v -5.469283 0.902813 -7.301290
v -5.470793 0.905145 -7.315936
v -5.472303 0.902813 -7.330584
v -5.473666 0.896045 -7.343797
v -5.474747 0.885503 -7.354281
v -5.475441 0.872220 -7.361015
v -4.994302 0.872220 -7.290025
v -4.994302 0.885503 -7.296793
v -4.994302 0.896045 -7.307334
v -4.994302 0.902813 -7.320618
v -4.994302 0.905145 -7.335341
v -4.994302 0.902813 -7.350066
v -4.994302 0.896045 -7.363350
v -4.994302 0.885503 -7.373891
v -4.994302 0.872220 -7.380659
v -4.522459 0.872220 -7.270859
v -4.521765 0.885503 -7.277591
v -4.520683 0.896045 -7.288077
v -4.519321 0.902813 -7.301290
v -4.517811 0.905145 -7.315936
v -4.516301 0.902813 -7.330584
v -4.514938 0.896045 -7.343797
v -4.513856 0.885503 -7.354281
v -4.513163 0.872220 -7.361015
v -4.056469 0.872220 -7.193272
v -4.055359 0.885503 -7.199948
v -4.053629 0.896045 -7.210347
v -4.051451 0.902813 -7.223449
v -4.049035 0.905145 -7.237975
v -4.046619 0.902813 -7.252500
v -4.044440 0.896045 -7.265602
v -4.042711 0.885503 -7.276001
v -4.041600 0.872220 -7.282677
v -3.135418 0.174356 -4.484076
v -3.132436 0.159963 -4.486563
v -3.125103 0.147110 -4.488373
v -3.114138 0.137055 -4.489327
v -3.100614 0.130782 -4.489334
v -3.085854 0.128906 -4.488392
v -3.071305 0.131610 -4.486594
v -3.058388 0.138629 -4.484115
v -3.048370 0.149277 -4.481198
v -3.042231 0.162511 -4.478128
v -3.040571 0.177036 -4.475207
v -3.172699 0.091699 -4.052635
v -3.169959 0.077090 -4.053784
v -3.162994 0.063911 -4.053574
v -3.152484 0.053452 -4.052024
v -3.139459 0.046737 -4.049286
v -3.125193 0.044423 -4.045630
v -3.111082 0.046737 -4.041410
v -3.098510 0.053452 -4.037043
v -3.088704 0.063911 -4.032955
v -3.082626 0.077090 -4.029545
v -3.080872 0.091699 -4.027149
v -3.316291 0.072718 -3.751618
v -3.314748 0.057917 -3.750722
v -3.310055 0.044374 -3.746623
v -3.302675 0.033413 -3.739720
v -3.293328 0.026108 -3.730692
v -3.282929 0.023174 -3.720420
v -3.272497 0.024899 -3.709911
v -3.263052 0.031112 -3.700193
v -3.255520 0.041206 -3.692217
v -3.250637 0.054194 -3.686765
v -3.248881 0.068803 -3.684370
v -3.616308 0.073107 -3.608348
v -3.615881 0.058285 -3.606802
v -3.614255 0.044685 -3.600917
v -3.611588 0.033637 -3.591269
v -3.608143 0.026223 -3.578803
v -3.604256 0.023168 -3.564739
v -3.600308 0.024772 -3.550453
v -3.596685 0.030878 -3.537344
v -3.593743 0.040888 -3.526695
v -3.591768 0.053821 -3.519549
v -3.590954 0.068413 -3.516605
v -4.043434 0.073107 -3.571332
v -4.043363 0.058285 -3.569729
v -4.043094 0.044685 -3.563630
v -4.042653 0.033637 -3.553630
v -4.042082 0.026223 -3.540709
v -4.041440 0.023168 -3.526131
v -4.040786 0.024772 -3.511324
v -4.040187 0.030878 -3.497737
v -4.039700 0.040888 -3.486700
v -4.039373 0.053821 -3.479293
v -4.039238 0.068413 -3.476242
v -4.517811 0.073107 -3.571378
v -4.517811 0.058285 -3.569774
v -4.517811 0.044685 -3.563669
v -4.517811 0.033637 -3.553659
v -4.517811 0.026223 -3.540726
v -4.517811 0.023168 -3.526134
v -4.517811 0.024772 -3.511313
v -4.517811 0.030878 -3.497713
v -4.517811 0.040888 -3.486664
v -4.517811 0.053821 -3.479250
v -4.517811 0.068413 -3.476196
v -4.994302 0.073107 -3.571378
v -4.994302 0.058285 -3.569774
v -4.994302 0.044685 -3.563669
v -4.994302 0.033637 -3.553659
v -4.994302 0.026223 -3.540726
v -4.994302 0.023168 -3.526134
v -4.994302 0.024772 -3.511313
v -4.994302 0.030878 -3.497713
v -4.994302 0.040888 -3.486664
v -4.994302 0.053821 -3.479250
v -4.994302 0.068413 -3.476196
v -5.470793 0.073107 -3.571378
v -5.470793 0.058285 -3.569774
v -5.470793 0.044685 -3.563669
v -5.470793 0.033637 -3.553659
v -5.470793 0.026223 -3.540726
v -5.470793 0.023168 -3.526134
v -5.470793 0.024772 -3.511313
v -5.470793 0.030878 -3.497713
v -5.470793 0.040888 -3.486664
v -5.470793 0.053821 -3.479250
v -5.470793 0.068413 -3.476196
v -5.945170 0.073107 -3.571332
v -5.945240 0.058285 -3.569729
v -5.945510 0.044685 -3.563630
v -5.945951 0.033637 -3.553630
v -5.946522 0.026223 -3.540709
v -5.947165 0.023168 -3.526131
v -5.947818 0.024772 -3.511324
v -5.948417 0.030878 -3.497737
v -5.948904 0.040888 -3.486700
v -5.949231 0.053821 -3.479293
v -5.949366 0.068413 -3.476242
v -6.372295 0.073107 -3.608348
v -6.372723 0.058285 -3.606802
v -6.374349 0.044685 -3.600917
v -6.377016 0.033637 -3.591269
v -6.380460 0.026223 -3.578803
v -6.384347 0.023168 -3.564739
v -6.388296 0.024772 -3.550453
v -6.391919 0.030878 -3.537344
v -6.394861 0.040888 -3.526695
v -6.396836 0.053821 -3.519549
v -6.397650 0.068413 -3.516605
v -6.672313 0.072718 -3.751618
v -6.673857 0.057917 -3.750722
v -6.678548 0.044374 -3.746623
v -6.685929 0.033413 -3.739720
v -6.695275 0.026108 -3.730692
v -6.705675 0.023174 -3.720420
v -6.716107 0.024899 -3.709911
v -6.725552 0.031112 -3.700193
v -6.733084 0.041206 -3.692217
v -6.737967 0.054194 -3.686765
v -6.739723 0.068803 -3.684370
v -6.815905 0.091699 -4.052635
v -6.818645 0.077090 -4.053784
v -6.825610 0.063911 -4.053574
v -6.836120 0.053452 -4.052024
v -6.849145 0.046737 -4.049286
v -6.863411 0.044423 -4.045630
v -6.877522 0.046737 -4.041410
v -6.890094 0.053452 -4.037043
v -6.899899 0.063911 -4.032955
v -6.905977 0.077090 -4.029545
v -6.907732 0.091699 -4.027149
v -6.852787 0.174836 -4.480392
v -6.855346 0.160150 -4.480394
v -6.862312 0.146971 -4.480191
v -6.873005 0.136591 -4.479803
v -6.886379 0.130026 -4.479268
v -6.901124 0.127917 -4.478637
v -6.915796 0.130473 -4.477973
v -6.928960 0.137441 -4.477340
v -6.939326 0.148141 -4.476801
v -6.945881 0.161525 -4.476409
v -6.947982 0.176283 -4.476201
v -6.852723 0.091045 -4.959269
v -6.855250 0.076420 -4.957870
v -6.862194 0.063287 -4.956615
v -6.872874 0.052934 -4.955626
v -6.886246 0.046372 -4.954998
v -6.901000 0.044245 -4.954795
v -6.915692 0.046761 -4.955036
v -6.928884 0.053673 -4.955696
v -6.939285 0.064305 -4.956713
v -6.945876 0.077616 -4.957985
v -6.948013 0.092303 -4.959389
v -6.852723 0.080573 -5.536242
v -6.855250 0.065896 -5.536926
v -6.862194 0.052719 -5.537539
v -6.872874 0.042329 -5.538024
v -6.886246 0.035745 -5.538331
v -6.901000 0.033610 -5.538430
v -6.915692 0.036135 -5.538312
v -6.928884 0.043071 -5.537990
v -6.939285 0.053739 -5.537492
v -6.945876 0.067096 -5.536870
v -6.948013 0.081834 -5.536183
v -3.135881 0.080573 -5.536242
v -3.133354 0.065896 -5.536926
v -3.126410 0.052719 -5.537539
v -3.115730 0.042329 -5.538024
v -3.102358 0.035745 -5.538331
v -3.087604 0.033610 -5.538430
v -3.072912 0.036135 -5.538312
v -3.059720 0.043071 -5.537990
v -3.049319 0.053739 -5.537492
v -3.042727 0.067096 -5.536870
v -3.040591 0.081834 -5.536183
v -3.135881 0.091045 -4.959269
v -3.133354 0.076420 -4.957870
v -3.126410 0.063287 -4.956615
v -3.115730 0.052934 -4.955626
v -3.102358 0.046372 -4.954998
v -3.087604 0.044245 -4.954795
v -3.072912 0.046761 -4.955036
v -3.059720 0.053673 -4.955696
v -3.049319 0.064305 -4.956713
v -3.042727 0.077616 -4.957985
v -3.040591 0.092303 -4.959389
v -3.135881 0.177419 -4.472332
v -3.133354 0.167160 -4.461815
v -3.126410 0.157949 -4.452371
v -3.115730 0.150687 -4.444925
v -3.102358 0.146085 -4.440206
v -3.087604 0.144593 -4.438676
v -3.072912 0.146357 -4.440485
v -3.059720 0.151205 -4.445457
v -3.049319 0.158663 -4.453102
v -3.042727 0.167999 -4.462675
v -3.040591 0.178301 -4.473237
v -3.135881 0.450750 -4.430342
v -3.133354 0.445538 -4.416605
v -3.126410 0.440857 -4.404271
v -3.115730 0.437167 -4.394547
v -3.102358 0.434829 -4.388385
v -3.087604 0.434070 -4.386387
v -3.072912 0.434967 -4.388749
v -3.059720 0.437430 -4.395241
v -3.049319 0.441220 -4.405227
v -3.042727 0.445964 -4.417728
v -3.040591 0.451199 -4.431522
v -3.135637 0.683788 -4.278662
v -3.132872 0.672770 -4.269007
v -3.125726 0.663134 -4.260158
v -3.114897 0.655822 -4.252980
v -3.101446 0.651549 -4.248177
v -3.086690 0.650735 -4.246219
v -3.072073 0.653459 -4.247297
v -3.059025 0.659453 -4.251306
v -3.048825 0.668133 -4.257853
v -3.042470 0.678647 -4.266297
v -3.040582 0.689967 -4.275813
v -3.171211 0.802124 -4.010294
v -3.167421 0.788634 -4.005206
v -3.159596 0.777364 -3.999372
v -3.148505 0.769419 -3.993363
v -3.135232 0.765576 -3.987768
v -3.121077 0.766210 -3.983135
v -3.107424 0.771260 -3.979917
v -3.095612 0.780232 -3.978428
v -3.086795 0.792247 -3.978816
v -3.081837 0.806129 -3.981040
v -3.081223 0.820520 -3.984886
v -3.312523 0.829296 -3.749318
v -3.308791 0.815823 -3.744142
v -3.302376 0.804967 -3.736189
v -3.293906 0.797791 -3.726238
v -3.284211 0.794997 -3.715263
v -3.274240 0.796859 -3.704339
v -3.264968 0.803195 -3.694533
v -3.257303 0.813384 -3.686808
v -3.251996 0.826429 -3.681917
v -3.249566 0.841052 -3.680341
v -3.250251 0.855824 -3.682234
v -3.610284 0.828607 -3.624308
v -3.609263 0.815215 -3.617839
v -3.607647 0.804501 -3.607600
v -3.605594 0.797515 -3.594591
v -3.603305 0.794941 -3.580086
v -3.601003 0.797030 -3.565506
v -3.598916 0.803578 -3.552277
v -3.597245 0.813945 -3.541695
v -3.596156 0.827115 -3.534794
v -3.595755 0.841799 -3.532251
v -3.596081 0.856560 -3.534315
v -4.020060 0.828607 -3.652979
v -4.024440 0.815215 -3.648111
v -4.031374 0.804501 -3.640405
v -4.040184 0.797515 -3.630615
v -4.050005 0.794941 -3.619700
v -4.059879 0.797030 -3.608727
v -4.068838 0.803578 -3.598772
v -4.076004 0.813945 -3.590808
v -4.080677 0.827115 -3.585615
v -4.082399 0.841799 -3.583702
v -4.081001 0.856560 -3.585255
v -4.061057 0.828607 -3.907080
v -4.067363 0.815215 -3.905314
v -4.077345 0.804501 -3.902517
v -4.090027 0.797515 -3.898964
v -4.104167 0.794941 -3.895003
v -4.118380 0.797030 -3.891021
v -4.131276 0.803578 -3.887408
v -4.141593 0.813945 -3.884518
v -4.148319 0.827115 -3.882633
v -4.150798 0.841799 -3.881939
v -4.148786 0.856560 -3.882502
v -4.182278 0.828607 -4.235683
v -4.188142 0.815215 -4.232769
v -4.197426 0.804501 -4.228157
v -4.209220 0.797515 -4.222297
v -4.222371 0.794941 -4.215764
v -4.235590 0.797030 -4.209196
v -4.247584 0.803578 -4.203237
v -4.257179 0.813945 -4.198470
v -4.263435 0.827115 -4.195362
v -4.265740 0.841799 -4.194216
v -4.263869 0.856560 -4.195146
v -4.385788 0.828607 -4.553454
v -4.390750 0.815215 -4.549181
v -4.398605 0.804501 -4.542416
v -4.408585 0.797515 -4.533822
v -4.419712 0.794941 -4.524240
v -4.430896 0.797030 -4.514607
v -4.441044 0.803578 -4.505867
v -4.449162 0.813945 -4.498876
v -4.454456 0.827115 -4.494318
v -4.456407 0.841799 -4.492638
v -4.454823 0.856560 -4.494001
v -4.665143 0.828607 -4.796677
v -4.668273 0.815215 -4.790925
v -4.673228 0.804501 -4.781820
v -4.679524 0.797515 -4.770252
v -4.686543 0.794941 -4.757354
v -4.693598 0.797030 -4.744389
v -4.700000 0.803578 -4.732625
v -4.705121 0.813945 -4.723215
v -4.708460 0.827115 -4.717079
v -4.709691 0.841799 -4.714818
v -4.708693 0.856560 -4.716653
v -4.994302 0.828607 -4.890226
v -4.994302 0.815215 -4.883678
v -4.994302 0.804501 -4.873312
v -4.994302 0.797515 -4.860142
v -4.994302 0.794941 -4.845458
v -4.994302 0.797030 -4.830697
v -4.994302 0.803578 -4.817305
v -4.994302 0.813945 -4.806591
v -4.994302 0.827115 -4.799605
v -4.994302 0.841799 -4.797030
v -4.994302 0.856560 -4.799120
v -5.323461 0.828607 -4.796677
v -5.320330 0.815215 -4.790925
v -5.315375 0.804501 -4.781820
v -5.309080 0.797515 -4.770252
v -5.302061 0.794941 -4.757354
v -5.295005 0.797030 -4.744389
v -5.288603 0.803578 -4.732625
v -5.283483 0.813945 -4.723215
v -5.280143 0.827115 -4.717079
v -5.278913 0.841799 -4.714818
v -5.279911 0.856560 -4.716653
v -5.602815 0.828607 -4.553454
v -5.597853 0.815215 -4.549181
v -5.589998 0.804501 -4.542416
v -5.580019 0.797515 -4.533822
v -5.568892 0.794941 -4.524240
v -5.557708 0.797030 -4.514607
v -5.547560 0.803578 -4.505867
v -5.539442 0.813945 -4.498876
v -5.534148 0.827115 -4.494318
v -5.532197 0.841799 -4.492638
v -5.533781 0.856560 -4.494001
v -5.806326 0.828607 -4.235683
v -5.800462 0.815215 -4.232769
v -5.791178 0.804501 -4.228157
v -5.779384 0.797515 -4.222297
v -5.766233 0.794941 -4.215764
v -5.753014 0.797030 -4.209196
v -5.741020 0.803578 -4.203237
v -5.731425 0.813945 -4.198470
v -5.725169 0.827115 -4.195362
v -5.722863 0.841799 -4.194216
v -5.724734 0.856560 -4.195146
v -5.927547 0.828607 -3.907080
v -5.921241 0.815215 -3.905314
v -5.911259 0.804501 -3.902517
v -5.898577 0.797515 -3.898964
v -5.884438 0.794941 -3.895003
v -5.870224 0.797030 -3.891021
v -5.857328 0.803578 -3.887408
v -5.847011 0.813945 -3.884518
v -5.840284 0.827115 -3.882633
v -5.837806 0.841799 -3.881939
v -5.839818 0.856560 -3.882502
v -5.968544 0.828607 -3.652979
v -5.964164 0.815215 -3.648111
v -5.957230 0.804501 -3.640405
v -5.948420 0.797515 -3.630615
v -5.938598 0.794941 -3.619700
v -5.928725 0.797030 -3.608727
v -5.919766 0.803578 -3.598772
v -5.912600 0.813945 -3.590808
v -5.907927 0.827115 -3.585615
v -5.906205 0.841799 -3.583702
v -5.907602 0.856560 -3.585255
v -6.378319 0.828607 -3.624308
v -6.379340 0.815215 -3.617839
v -6.380956 0.804501 -3.607600
v -6.383009 0.797515 -3.594591
v -6.385299 0.794941 -3.580086
v -6.387600 0.797030 -3.565506
v -6.389688 0.803578 -3.552277
v -6.391358 0.813945 -3.541695
v -6.392447 0.827115 -3.534794
v -6.392848 0.841799 -3.532251
v -6.392523 0.856560 -3.534315
v -6.676080 0.829296 -3.749318
v -6.679813 0.815823 -3.744142
v -6.686228 0.804967 -3.736189
v -6.694698 0.797791 -3.726238
v -6.704392 0.794997 -3.715263
v -6.714364 0.796859 -3.704339
v -6.723636 0.803195 -3.694533
v -6.731300 0.813384 -3.686808
v -6.736608 0.826429 -3.681917
v -6.739038 0.841052 -3.680341
v -6.738353 0.855824 -3.682234
v -6.817393 0.802124 -4.010295
v -6.821183 0.788634 -4.005206
v -6.829008 0.777364 -3.999372
v -6.840098 0.769419 -3.993363
v -6.853371 0.765576 -3.987768
v -6.867527 0.766210 -3.983135
v -6.881179 0.771260 -3.979917
v -6.892992 0.780232 -3.978428
v -6.901808 0.792247 -3.978816
v -6.906766 0.806129 -3.981040
v -6.907380 0.820520 -3.984886
v -6.852967 0.683788 -4.278662
v -6.855731 0.672770 -4.269007
v -6.862878 0.663134 -4.260158
v -6.873707 0.655822 -4.252980
v -6.887158 0.651549 -4.248177
v -6.901914 0.650735 -4.246219
v -6.916531 0.653459 -4.247297
v -6.929579 0.659453 -4.251306
v -6.939780 0.668133 -4.257853
v -6.946135 0.678647 -4.266297
v -6.948021 0.689967 -4.275813
v -6.852723 0.450750 -4.430342
v -6.855250 0.445538 -4.416605
v -6.862194 0.440857 -4.404271
v -6.872874 0.437167 -4.394547
v -6.886246 0.434828 -4.388385
v -6.901000 0.434070 -4.386387
v -6.915692 0.434967 -4.388749
v -6.928884 0.437430 -4.395241
v -6.939285 0.441220 -4.405227
v -6.945876 0.445964 -4.417728
v -6.948013 0.451199 -4.431522
v -6.852723 0.181969 -4.470077
v -6.855250 0.179810 -4.455544
v -6.862194 0.177872 -4.442495
v -6.872874 0.176344 -4.432207
v -6.886246 0.175375 -4.425687
v -6.901000 0.175061 -4.423573
v -6.915692 0.175433 -4.426073
v -6.928884 0.176453 -4.432941
v -6.939285 0.178022 -4.443506
v -6.945876 0.179987 -4.456732
v -6.948013 0.182155 -4.471326
v -3.041256 0.192008 -4.472407
v -3.081381 0.106827 -4.025313
v -3.248771 0.084030 -3.683593
v -3.590754 0.083642 -3.515881
v -4.039206 0.083642 -3.475492
v -4.517811 0.083642 -3.475445
v -4.994302 0.083642 -3.475445
v -5.470793 0.083642 -3.475445
v -5.949398 0.083642 -3.475492
v -6.397850 0.083642 -3.515881
v -6.739833 0.084030 -3.683593
v -6.907222 0.106827 -4.025313
v -6.947746 0.191528 -4.476092
v -6.947811 0.107480 -4.960839
v -6.947811 0.097064 -5.535473
v -3.040793 0.097064 -5.535473
v -3.040793 0.107480 -4.960839
v -3.040793 0.188946 -4.484151
v -3.040793 0.456608 -4.445777
v -3.041037 0.701532 -4.285739
v -3.082869 0.834955 -3.989511
v -3.252538 0.870448 -3.685894
v -3.596778 0.871137 -3.538733
v -4.078010 0.871136 -3.588579
v -4.144480 0.871137 -3.883709
v -4.259864 0.871137 -4.197136
v -4.451434 0.871137 -4.496920
v -4.706554 0.871137 -4.720581
v -4.994302 0.871137 -4.803592
v -5.282049 0.871137 -4.720581
v -5.537169 0.871137 -4.496920
v -5.728740 0.871137 -4.197136
v -5.844124 0.871137 -3.883709
v -5.910594 0.871136 -3.588579
v -6.391826 0.871137 -3.538733
v -6.736065 0.870448 -3.685894
v -6.905735 0.834955 -3.989511
v -6.947567 0.701532 -4.285739
v -6.947811 0.456608 -4.445777
v -6.947811 0.184395 -4.486407
v -3.136103 0.189329 -4.481277
v -3.173208 0.106827 -4.050799
v -3.316181 0.087946 -3.750842
v -3.616108 0.088336 -3.607624
v -4.043400 0.088336 -3.570581
v -4.517811 0.088336 -3.570627
v -4.994302 0.088336 -3.570627
v -5.470793 0.088336 -3.570627
v -5.945203 0.088336 -3.570581
v -6.372496 0.088336 -3.607624
v -6.815396 0.106827 -4.050799
v -6.852551 0.190082 -4.480283
v -6.852521 0.106223 -4.960719
v -6.852521 0.095803 -5.535532
v -3.136083 0.095803 -5.535532
v -3.136083 0.106223 -4.960719
v -3.136083 0.188064 -4.483247
v -3.136083 0.456160 -4.444596
v -3.136091 0.695353 -4.288588
v -3.172856 0.816560 -4.014920
v -4.017068 0.843184 -3.656303
v -4.056751 0.843184 -3.908287
v -4.178273 0.843184 -4.237673
v -4.382400 0.843184 -4.556373
v -4.663005 0.843184 -4.800605
v -4.994302 0.843184 -4.894699
v -5.325598 0.843184 -4.800605
v -5.606204 0.843184 -4.556373
v -5.810331 0.843184 -4.237673
v -5.931853 0.843184 -3.908287
v -5.971535 0.843184 -3.656303
v -6.377622 0.843184 -3.628725
v -6.673793 0.843920 -3.752978
v -6.852512 0.695353 -4.288588
v -6.852521 0.456160 -4.444596
v -6.852521 0.184210 -4.485158
v -3.044238 0.206402 -4.469921
v -3.051571 0.219255 -4.468111
v -3.062536 0.229310 -4.467156
v -3.076060 0.235582 -4.467150
v -3.090819 0.237459 -4.468091
v -3.105369 0.234755 -4.469890
v -3.118285 0.227735 -4.472369
v -3.128303 0.217087 -4.475286
v -3.134443 0.203853 -4.478355
v -3.084120 0.121436 -4.024164
v -3.091086 0.134615 -4.024374
v -3.101595 0.145073 -4.025924
v -3.114621 0.151789 -4.028662
v -3.128887 0.154102 -4.032319
v -3.142997 0.151789 -4.036538
v -3.155570 0.145073 -4.040905
v -3.165375 0.134615 -4.044993
v -3.171453 0.121436 -4.048403
v -3.250314 0.098831 -3.684489
v -3.255006 0.112375 -3.688589
v -3.262387 0.123335 -3.695491
v -3.271734 0.130640 -3.704520
v -3.282132 0.133574 -3.714791
v -3.292565 0.131850 -3.725300
v -3.302009 0.125637 -3.735018
v -3.309542 0.115542 -3.742994
v -3.314425 0.102555 -3.748446
v -3.591181 0.098463 -3.517427
v -3.592808 0.112064 -3.523312
v -3.595474 0.123112 -3.532960
v -3.598919 0.130526 -3.545426
v -3.602806 0.133580 -3.559490
v -3.606754 0.131976 -3.573776
v -3.610377 0.125871 -3.586885
v -3.613320 0.115861 -3.597534
v -3.615295 0.102928 -3.604680
v -4.039276 0.098463 -3.477094
v -4.039545 0.112064 -3.483194
v -4.039986 0.123112 -3.493193
v -4.040556 0.130526 -3.506114
v -4.041199 0.133580 -3.520692
v -4.041852 0.131976 -3.535499
v -4.042452 0.125871 -3.549086
v -4.042939 0.115861 -3.560123
v -4.043266 0.102928 -3.567530
v -4.517811 0.098463 -3.477049
v -4.517811 0.112064 -3.483154
v -4.517811 0.123112 -3.493164
v -4.517811 0.130526 -3.506097
v -4.517811 0.133580 -3.520689
v -4.517811 0.131976 -3.535511
v -4.517811 0.125871 -3.549111
v -4.517811 0.115861 -3.560159
v -4.517811 0.102928 -3.567573
v -4.994302 0.098463 -3.477049
v -4.994302 0.112064 -3.483154
v -4.994302 0.123112 -3.493164
v -4.994302 0.130526 -3.506097
v -4.994302 0.133580 -3.520689
v -4.994302 0.131976 -3.535511
v -4.994302 0.125871 -3.549111
v -4.994302 0.115861 -3.560159
v -4.994302 0.102928 -3.567573
v -5.470793 0.098463 -3.477049
v -5.470793 0.112064 -3.483154
v -5.470793 0.123112 -3.493164
v -5.470793 0.130526 -3.506097
v -5.470793 0.133580 -3.520689
v -5.470793 0.131976 -3.535511
v -5.470793 0.125871 -3.549111
v -5.470793 0.115861 -3.560159
v -5.470793 0.102928 -3.567573
v -5.949327 0.098463 -3.477094
v -5.949058 0.112064 -3.483194
v -5.948617 0.123112 -3.493193
v -5.948047 0.130526 -3.506114
v -5.947404 0.133580 -3.520692
v -5.946751 0.131976 -3.535499
v -5.946151 0.125871 -3.549086
v -5.945665 0.115861 -3.560123
v -5.945338 0.102928 -3.567530
v -6.397423 0.098463 -3.517427
v -6.395796 0.112064 -3.523312
v -6.393130 0.123112 -3.532960
v -6.389685 0.130526 -3.545426
v -6.385798 0.133580 -3.559490
v -6.381850 0.131976 -3.573776
v -6.378227 0.125871 -3.586885
v -6.375284 0.115861 -3.597534
v -6.373310 0.102928 -3.604680
v -6.738289 0.098831 -3.684489
v -6.733597 0.112375 -3.688589
v -6.726217 0.123335 -3.695491
v -6.716870 0.130640 -3.704520
v -6.706471 0.133574 -3.714791
v -6.696039 0.131850 -3.725300
v -6.686594 0.125637 -3.735018
v -6.679062 0.115542 -3.742994
v -6.674178 0.102555 -3.748446
v -6.672423 0.087946 -3.750842
v -6.904483 0.121436 -4.024164
v -6.897518 0.134615 -4.024374
v -6.887009 0.145073 -4.025924
v -6.873983 0.151789 -4.028662
v -6.859717 0.154102 -4.032319
v -6.845607 0.151789 -4.036538
v -6.833034 0.145073 -4.040905
v -6.823228 0.134615 -4.044993
v -6.817151 0.121436 -4.048403
v -6.945188 0.206215 -4.476089
v -6.938222 0.219393 -4.476292
v -6.927528 0.229773 -4.476681
v -6.914155 0.236339 -4.477216
v -6.899410 0.238447 -4.477847
v -6.884737 0.235892 -4.478511
v -6.871574 0.228923 -4.479144
v -6.861207 0.218223 -4.479683
v -6.854653 0.204840 -4.480075
v -6.945284 0.122105 -4.962237
v -6.938340 0.135238 -4.963492
v -6.927660 0.145592 -4.964482
v -6.914288 0.152153 -4.965109
v -6.899535 0.154280 -4.965312
v -6.884842 0.151764 -4.965072
v -6.871650 0.144852 -4.964412
v -6.861249 0.134221 -4.963395
v -6.854658 0.120910 -4.962123
v -6.945284 0.111741 -5.534790
v -6.938340 0.124919 -5.534176
v -6.927660 0.135308 -5.533691
v -6.914288 0.141892 -5.533385
v -6.899535 0.144027 -5.533285
v -6.884842 0.141502 -5.533403
v -6.871650 0.134566 -5.533726
v -6.861249 0.123898 -5.534223
v -6.854658 0.110541 -5.534846
v -3.043320 0.111741 -5.534790
v -3.050263 0.124919 -5.534176
v -3.060944 0.135308 -5.533691
v -3.074316 0.141892 -5.533385
v -3.089069 0.144027 -5.533285
v -3.103762 0.141502 -5.533403
v -3.116954 0.134566 -5.533726
v -3.127355 0.123898 -5.534223
v -3.133946 0.110541 -5.534845
v -3.043320 0.122105 -4.962237
v -3.050263 0.135238 -4.963492
v -3.060944 0.145592 -4.964482
v -3.074316 0.152153 -4.965109
v -3.089069 0.154280 -4.965312
v -3.103762 0.151764 -4.965072
v -3.116954 0.144852 -4.964412
v -3.127355 0.134221 -4.963395
v -3.133946 0.120910 -4.962123
v -3.043320 0.199204 -4.494669
v -3.050263 0.208415 -4.504113
v -3.060944 0.215678 -4.511559
v -3.074316 0.220280 -4.516278
v -3.089069 0.221772 -4.517807
v -3.103762 0.220007 -4.515998
v -3.116954 0.215159 -4.511027
v -3.127355 0.207702 -4.503382
v -3.133946 0.198366 -4.493809
v -3.043320 0.461820 -4.459514
v -3.050263 0.466501 -4.471848
v -3.060944 0.470191 -4.481572
v -3.074316 0.472529 -4.487734
v -3.089069 0.473288 -4.489732
v -3.103762 0.472391 -4.487370
v -3.116954 0.469927 -4.480878
v -3.127355 0.466138 -4.470892
v -3.133946 0.461394 -4.458390
v -3.043801 0.712550 -4.295394
v -3.050948 0.722186 -4.304243
v -3.061777 0.729499 -4.311420
v -3.075227 0.733771 -4.316223
v -3.089984 0.734585 -4.318182
v -3.104601 0.731862 -4.317103
v -3.117649 0.725867 -4.313095
v -3.127849 0.717187 -4.306548
v -3.134204 0.706673 -4.298103
v -3.086659 0.848445 -3.994600
v -3.094483 0.859715 -4.000434
v -3.105574 0.867660 -4.006443
v -3.118847 0.871504 -4.012037
v -3.133003 0.870869 -4.016671
v -3.146655 0.865819 -4.019889
v -3.158468 0.856847 -4.021378
v -3.167284 0.844832 -4.020990
v -3.172242 0.830950 -4.018765
v -3.256271 0.883921 -3.691070
v -3.262686 0.894777 -3.699022
v -3.271156 0.901953 -3.708973
v -3.280851 0.904747 -3.719948
v -3.290822 0.902885 -3.730873
v -3.300094 0.896549 -3.740678
v -3.307758 0.886360 -3.748404
v -3.313065 0.873315 -3.753294
v -3.315495 0.858692 -3.754870
v -3.314811 0.843920 -3.752978
v -3.597799 0.884529 -3.545201
v -3.599415 0.895243 -3.555440
v -3.601468 0.902229 -3.568449
v -3.603757 0.904803 -3.582954
v -3.606059 0.902714 -3.597534
v -3.608146 0.896165 -3.610763
v -3.609817 0.885799 -3.621346
v -3.610906 0.872629 -3.628246
v -3.611307 0.857945 -3.630789
v -3.610981 0.843184 -3.628725
v -4.073629 0.884529 -3.593447
v -4.066696 0.895243 -3.601153
v -4.057886 0.902229 -3.610942
v -4.048064 0.904803 -3.621858
v -4.038190 0.902714 -3.632830
v -4.029232 0.896165 -3.642786
v -4.022066 0.885799 -3.650750
v -4.017393 0.872629 -3.655943
v -4.015671 0.857945 -3.657856
v -4.138174 0.884529 -3.885476
v -4.128192 0.895243 -3.888272
v -4.115511 0.902229 -3.891825
v -4.101371 0.904803 -3.895786
v -4.087157 0.902714 -3.899768
v -4.074261 0.896165 -3.903381
v -4.063945 0.885799 -3.906271
v -4.057218 0.872629 -3.908156
v -4.054739 0.857945 -3.908851
v -4.254000 0.884529 -4.200049
v -4.244716 0.895243 -4.204662
v -4.232921 0.902229 -4.210522
v -4.219771 0.904803 -4.217055
v -4.206552 0.902714 -4.223623
v -4.194558 0.896165 -4.229582
v -4.184963 0.885799 -4.234349
v -4.178707 0.872629 -4.237457
v -4.176402 0.857945 -4.238603
v -4.446472 0.884529 -4.501193
v -4.438617 0.895243 -4.507957
v -4.428638 0.902229 -4.516552
v -4.417511 0.904803 -4.526134
v -4.406327 0.902714 -4.535766
v -4.396179 0.896166 -4.544506
v -4.388061 0.885799 -4.551497
v -4.382767 0.872629 -4.556056
v -4.380816 0.857945 -4.557736
v -4.703424 0.884529 -4.726333
v -4.698469 0.895243 -4.735438
v -4.692174 0.902229 -4.747006
v -4.685155 0.904803 -4.759904
v -4.678100 0.902714 -4.772869
v -4.671698 0.896165 -4.784633
v -4.666577 0.885799 -4.794044
v -4.663238 0.872629 -4.800179
v -4.662007 0.857945 -4.802441
v -4.994302 0.884529 -4.810141
v -4.994302 0.895243 -4.820507
v -4.994302 0.902229 -4.833676
v -4.994302 0.904803 -4.848361
v -4.994302 0.902714 -4.863122
v -4.994302 0.896165 -4.876514
v -4.994302 0.885799 -4.887228
v -4.994302 0.872629 -4.894214
v -4.994302 0.857945 -4.896788
v -5.285179 0.884529 -4.726333
v -5.290134 0.895243 -4.735438
v -5.296430 0.902229 -4.747006
v -5.303448 0.904803 -4.759904
v -5.310504 0.902714 -4.772869
v -5.316905 0.896165 -4.784633
v -5.322027 0.885799 -4.794044
v -5.325366 0.872629 -4.800179
v -5.326596 0.857945 -4.802441
v -5.542131 0.884529 -4.501193
v -5.549986 0.895243 -4.507957
v -5.559966 0.902229 -4.516552
v -5.571092 0.904803 -4.526134
v -5.582277 0.902714 -4.535766
v -5.592425 0.896165 -4.544506
v -5.600543 0.885799 -4.551497
v -5.605836 0.872629 -4.556056
v -5.607787 0.857945 -4.557736
v -5.734604 0.884529 -4.200049
v -5.743888 0.895243 -4.204662
v -5.755682 0.902229 -4.210522
v -5.768833 0.904803 -4.217055
v -5.782052 0.902714 -4.223623
v -5.794046 0.896165 -4.229582
v -5.803640 0.885799 -4.234349
v -5.809897 0.872629 -4.237457
v -5.812202 0.857945 -4.238603
v -5.850430 0.884529 -3.885476
v -5.860412 0.895243 -3.888272
v -5.873093 0.902229 -3.891825
v -5.887232 0.904803 -3.895786
v -5.901446 0.902714 -3.899768
v -5.914342 0.896165 -3.903381
v -5.924659 0.885799 -3.906271
v -5.931386 0.872629 -3.908156
v -5.933865 0.857945 -3.908851
v -5.914974 0.884529 -3.593447
v -5.921908 0.895243 -3.601153
v -5.930717 0.902229 -3.610942
v -5.940540 0.904803 -3.621858
v -5.950413 0.902714 -3.632830
v -5.959372 0.896165 -3.642786
v -5.966538 0.885799 -3.650750
v -5.971211 0.872629 -3.655943
v -5.972933 0.857945 -3.657856
v -6.390805 0.884529 -3.545201
v -6.389189 0.895243 -3.555440
v -6.387136 0.902229 -3.568449
v -6.384846 0.904803 -3.582954
v -6.382545 0.902714 -3.597534
v -6.380457 0.896165 -3.610763
v -6.378787 0.885799 -3.621346
v -6.377697 0.872629 -3.628246
v -6.377296 0.857945 -3.630789
v -6.732332 0.883921 -3.691070
v -6.725918 0.894777 -3.699022
v -6.717448 0.901953 -3.708973
v -6.707753 0.904747 -3.719948
v -6.697782 0.902885 -3.730873
v -6.688510 0.896549 -3.740678
v -6.680845 0.886360 -3.748404
v -6.675539 0.873315 -3.753294
v -6.673109 0.858692 -3.754870
v -6.901944 0.848445 -3.994600
v -6.894121 0.859715 -4.000434
v -6.883029 0.867660 -4.006443
v -6.869756 0.871504 -4.012037
v -6.855601 0.870869 -4.016671
v -6.841949 0.865819 -4.019889
v -6.830136 0.856847 -4.021378
v -6.821319 0.844832 -4.020990
v -6.816362 0.830950 -4.018765
v -6.815748 0.816559 -4.014920
v -6.944802 0.712550 -4.295394
v -6.937656 0.722186 -4.304243
v -6.926827 0.729499 -4.311420
v -6.913376 0.733771 -4.316223
v -6.898620 0.734585 -4.318182
v -6.884003 0.731862 -4.317103
v -6.870955 0.725867 -4.313095
v -6.860755 0.717187 -4.306548
v -6.854400 0.706673 -4.298103
v -6.945284 0.461820 -4.459514
v -6.938340 0.466501 -4.471848
v -6.927660 0.470191 -4.481572
v -6.914288 0.472529 -4.487734
v -6.899535 0.473288 -4.489732
v -6.884842 0.472391 -4.487370
v -6.871650 0.469927 -4.480878
v -6.861249 0.466138 -4.470892
v -6.854658 0.461394 -4.458390
v -6.945284 0.186554 -4.500940
v -6.938340 0.188492 -4.513988
v -6.927660 0.190021 -4.524277
v -6.914288 0.190989 -4.530797
v -6.899535 0.191303 -4.532910
v -6.884842 0.190932 -4.530411
v -6.871650 0.189912 -4.523542
v -6.861249 0.188342 -4.512978
v -6.854658 0.186377 -4.499752
v -5.947386 0.842248 -3.573775
v -5.947003 0.827524 -3.576076
v -5.945893 0.814241 -3.582752
v -5.944164 0.803699 -3.593151
v -5.941984 0.796931 -3.606254
v -5.939569 0.794599 -3.620779
v -5.937153 0.796931 -3.635304
v -5.934974 0.803699 -3.648407
v -5.933245 0.814241 -3.658805
v -5.932134 0.827524 -3.665482
v -5.931752 0.842248 -3.667782
v -5.475680 0.842248 -3.495420
v -5.475441 0.827524 -3.497739
v -5.474747 0.814241 -3.504471
v -5.473666 0.803699 -3.514957
v -5.472303 0.796931 -3.528170
v -5.470793 0.794599 -3.542817
v -5.469283 0.796931 -3.557464
v -5.467920 0.803699 -3.570677
v -5.466839 0.814241 -3.581163
v -5.466145 0.827524 -3.587895
v -5.465906 0.842248 -3.590215
v -4.994302 0.842248 -3.475762
v -4.994302 0.827524 -3.478095
v -4.994302 0.814241 -3.484863
v -4.994302 0.803699 -3.495404
v -4.994302 0.796931 -3.508687
v -4.994302 0.794599 -3.523412
v -4.994302 0.796931 -3.538136
v -4.994302 0.803699 -3.551419
v -4.994302 0.814241 -3.561961
v -4.994302 0.827524 -3.568729
v -4.994302 0.842248 -3.571061
v -4.512923 0.842248 -3.495420
v -4.513163 0.827524 -3.497739
v -4.513856 0.814241 -3.504471
v -4.514938 0.803699 -3.514957
v -4.516301 0.796931 -3.528170
v -4.517811 0.794599 -3.542817
v -4.519321 0.796931 -3.557464
v -4.520683 0.803699 -3.570677
v -4.521765 0.814241 -3.581163
v -4.522459 0.827524 -3.587895
v -4.522698 0.842248 -3.590215
v -4.041218 0.842248 -3.573775
v -4.041600 0.827524 -3.576076
v -4.042711 0.814241 -3.582752
v -4.044440 0.803699 -3.593151
v -4.046619 0.796931 -3.606254
v -4.049035 0.794599 -3.620779
v -4.051451 0.796931 -3.635304
v -4.053629 0.803699 -3.648407
v -4.055359 0.814241 -3.658805
v -4.056469 0.827524 -3.665482
v -4.056852 0.842248 -3.667782
v -5.931752 0.857496 -3.667782
v -5.465906 0.857496 -3.590215
v -4.994302 0.857496 -3.571061
v -4.522698 0.857496 -3.590215
v -4.056852 0.857496 -3.667782
v -5.947386 0.857496 -3.573775
v -5.475680 0.857496 -3.495420
v -4.994302 0.857496 -3.475762
v -4.512923 0.857496 -3.495420
v -4.041218 0.857496 -3.573775
v -5.932135 0.872220 -3.665482
v -5.933245 0.885503 -3.658805
v -5.934974 0.896045 -3.648407
v -5.937153 0.902813 -3.635304
v -5.939569 0.905145 -3.620779
v -5.941984 0.902813 -3.606254
v -5.944164 0.896045 -3.593151
v -5.945893 0.885503 -3.582752
v -5.947003 0.872220 -3.576076
v -5.466145 0.872220 -3.587895
v -5.466839 0.885503 -3.581163
v -5.467920 0.896045 -3.570677
v -5.469283 0.902813 -3.557464
v -5.470793 0.905145 -3.542817
v -5.472303 0.902813 -3.528170
v -5.473666 0.896045 -3.514957
v -5.474747 0.885503 -3.504471
v -5.475441 0.872220 -3.497739
v -4.994302 0.872220 -3.568729
v -4.994302 0.885503 -3.561961
v -4.994302 0.896045 -3.551419
v -4.994302 0.902813 -3.538136
v -4.994302 0.905145 -3.523412
v -4.994302 0.902813 -3.508687
v -4.994302 0.896045 -3.495404
v -4.994302 0.885503 -3.484863
v -4.994302 0.872220 -3.478095
v -4.522459 0.872220 -3.587895
v -4.521765 0.885503 -3.581163
v -4.520683 0.896045 -3.570677
v -4.519321 0.902813 -3.557464
v -4.517811 0.905145 -3.542817
v -4.516301 0.902813 -3.528170
v -4.514938 0.896045 -3.514957
v -4.513856 0.885503 -3.504471
v -4.513163 0.872220 -3.497739
v -4.056469 0.872220 -3.665482
v -4.055359 0.885503 -3.658805
v -4.053629 0.896045 -3.648407
v -4.051451 0.902813 -3.635304
v -4.049035 0.905145 -3.620779
v -4.046619 0.902813 -3.606254
v -4.044440 0.896045 -3.593151
v -4.042711 0.885503 -3.582752
v -4.041600 0.872220 -3.576076
v -5.000000 0.028486 -4.441753
v -5.342021 0.028486 -4.502061
v -5.642787 0.028486 -4.675709
v -5.866025 0.028486 -4.941753
v -5.984807 0.028486 -5.268106
v -5.984807 0.028486 -5.615402
v -5.866025 0.028486 -5.941753
v -5.642787 0.028486 -6.207798
v -5.342021 0.028486 -6.381446
v -5.000000 0.028486 -6.441753
v -4.657980 0.028486 -6.381446
v -4.357213 0.028486 -6.207798
v -4.133975 0.028486 -5.941753
v -4.015193 0.028486 -5.615402
v -4.015193 0.028486 -5.268106
v -4.133975 0.028486 -4.941754
v -4.357212 0.028486 -4.675710
v -4.657979 0.028486 -4.502061
v -5.000000 0.313904 -4.551765
v -5.304394 0.313904 -4.605438
v -5.572073 0.313904 -4.759983
v -5.770752 0.313904 -4.996759
v -5.876467 0.313904 -5.287209
v -5.876467 0.313904 -5.596299
v -5.770752 0.313904 -5.886747
v -5.572073 0.313904 -6.123524
v -5.304394 0.313904 -6.278069
v -5.000000 0.313904 -6.331742
v -4.695606 0.313904 -6.278069
v -4.427927 0.313904 -6.123525
v -4.229248 0.313904 -5.886748
v -4.123533 0.313904 -5.596299
v -4.123533 0.313904 -5.287209
v -4.229248 0.313904 -4.996760
v -4.427927 0.313904 -4.759983
v -4.695605 0.313904 -4.605438
v -5.000000 0.557280 -4.859780
v -5.199047 0.557280 -4.894877
v -5.374085 0.557280 -4.995936
v -5.504004 0.557280 -5.150767
v -5.573132 0.557280 -5.340695
v -5.573132 0.557280 -5.542812
v -5.504004 0.557280 -5.732740
v -5.374085 0.557280 -5.887571
v -5.199047 0.557280 -5.988630
v -5.000000 0.557280 -6.023727
v -4.800953 0.557280 -5.988630
v -4.625915 0.557280 -5.887571
v -4.495996 0.557280 -5.732740
v -4.426868 0.557280 -5.542812
v -4.426868 0.557280 -5.340695
v -4.495996 0.557280 -5.150767
v -4.625914 0.557280 -4.995936
v -4.800952 0.557280 -4.894877
v 10.330923 0.000000 -8.012039
v 0.377806 0.000000 -8.012039
v 10.330923 -1.931477 -8.012039
v 0.377806 -1.931477 -8.012039
v 3.891031 0.174356 -6.374678
v 3.888048 0.159963 -6.372190
v 3.880716 0.147110 -6.370381
v 3.869751 0.137055 -6.369426
v 3.856227 0.130782 -6.369419
v 3.841467 0.128906 -6.370361
v 3.826917 0.131610 -6.372160
v 3.814001 0.138629 -6.374639
v 3.803983 0.149277 -6.377556
v 3.797843 0.162511 -6.380625
v 3.796184 0.177036 -6.383546
v 3.928311 0.091699 -6.806118
v 3.925572 0.077090 -6.804969
v 3.918607 0.063911 -6.805180
v 3.908097 0.053452 -6.806730
v 3.895072 0.046737 -6.809467
v 3.880805 0.044423 -6.813125
v 3.866695 0.046737 -6.817343
v 3.854122 0.053452 -6.821711
v 3.844317 0.063911 -6.825799
v 3.838239 0.077090 -6.829208
v 3.836484 0.091699 -6.831605
v 4.071903 0.072718 -7.107136
v 4.070360 0.057917 -7.108032
v 4.065668 0.044374 -7.112131
v 4.058288 0.033413 -7.119033
v 4.048941 0.026108 -7.128062
v 4.038542 0.023174 -7.138333
v 4.028110 0.024899 -7.148843
v 4.018665 0.031112 -7.158561
v 4.011132 0.041206 -7.166536
v 4.006249 0.054194 -7.171988
v 4.004493 0.068803 -7.174384
v 4.371921 0.073107 -7.250406
v 4.371494 0.058285 -7.251952
v 4.369867 0.044685 -7.257837
v 4.367201 0.033637 -7.267484
v 4.363756 0.026223 -7.279951
v 4.359869 0.023168 -7.294014
v 4.355921 0.024772 -7.308301
v 4.352298 0.030878 -7.321410
v 4.349355 0.040888 -7.332058
v 4.347380 0.053821 -7.339205
v 4.346566 0.068413 -7.342148
v 4.799047 0.073107 -7.287422
v 4.798975 0.058285 -7.289024
v 4.798707 0.044685 -7.295124
v 4.798265 0.033637 -7.305124
v 4.797695 0.026223 -7.318045
v 4.797052 0.023168 -7.332622
v 4.796399 0.024772 -7.347430
v 4.795799 0.030878 -7.361016
v 4.795312 0.040888 -7.372053
v 4.794986 0.053821 -7.379460
v 4.794851 0.068413 -7.382512
v 5.273423 0.073107 -7.287374
v 5.273423 0.058285 -7.288979
v 5.273423 0.044685 -7.295084
v 5.273423 0.033637 -7.305094
v 5.273423 0.026223 -7.318028
v 5.273423 0.023168 -7.332620
v 5.273423 0.024772 -7.347442
v 5.273423 0.030878 -7.361041
v 5.273423 0.040888 -7.372089
v 5.273423 0.053821 -7.379503
v 5.273423 0.068413 -7.382557
v 5.749915 0.073107 -7.287374
v 5.749915 0.058285 -7.288979
v 5.749915 0.044685 -7.295084
v 5.749915 0.033637 -7.305094
v 5.749915 0.026223 -7.318028
v 5.749915 0.023168 -7.332620
v 5.749915 0.024772 -7.347442
v 5.749915 0.030878 -7.361041
v 5.749915 0.040888 -7.372089
v 5.749915 0.053821 -7.379503
v 5.749915 0.068413 -7.382557
v 6.226406 0.073107 -7.287374
v 6.226406 0.058285 -7.288979
v 6.226406 0.044685 -7.295084
v 6.226406 0.033637 -7.305094
v 6.226406 0.026223 -7.318028
v 6.226406 0.023168 -7.332620
v 6.226406 0.024772 -7.347442
v 6.226406 0.030878 -7.361041
v 6.226406 0.040888 -7.372089
v 6.226406 0.053821 -7.379503
v 6.226406 0.068413 -7.382557
v 6.700783 0.073107 -7.287422
v 6.700854 0.058285 -7.289024
v 6.701123 0.044685 -7.295124
v 6.701565 0.033637 -7.305124
v 6.702135 0.026223 -7.318045
v 6.702778 0.023168 -7.332622
v 6.703431 0.024772 -7.347430
v 6.704031 0.030878 -7.361016
v 6.704517 0.040888 -7.372053
v 6.704844 0.053821 -7.379460
v 6.704979 0.068413 -7.382512
v 7.127909 0.073107 -7.250406
v 7.128336 0.058285 -7.251952
v 7.129962 0.044685 -7.257837
v 7.132629 0.033637 -7.267484
v 7.136074 0.026223 -7.279951
v 7.139961 0.023168 -7.294014
v 7.143909 0.024772 -7.308301
v 7.147532 0.030878 -7.321410
v 7.150475 0.040888 -7.332058
v 7.152449 0.053821 -7.339205
v 7.153263 0.068413 -7.342148
v 7.427927 0.072718 -7.107136
v 7.429470 0.057917 -7.108032
v 7.434162 0.044374 -7.112131
v 7.441542 0.033413 -7.119033
v 7.450889 0.026108 -7.128062
v 7.461288 0.023174 -7.138333
v 7.471720 0.024899 -7.148843
v 7.481165 0.031112 -7.158561
v 7.488698 0.041206 -7.166536
v 7.493580 0.054194 -7.171988
v 7.495337 0.068803 -7.174384
v 7.571518 0.091699 -6.806118
v 7.574258 0.077090 -6.804969
v 7.581223 0.063911 -6.805180
v 7.591733 0.053452 -6.806730
v 7.604758 0.046737 -6.809467
v 7.619024 0.044423 -6.813125
v 7.633135 0.046737 -6.817343
v 7.645708 0.053452 -6.821711
v 7.655513 0.063911 -6.825799
v 7.661591 0.077090 -6.829208
v 7.663345 0.091699 -6.831605
v 7.608401 0.174836 -6.378362
v 7.610959 0.160150 -6.378359
v 7.617926 0.146971 -6.378562
v 7.628619 0.136591 -6.378951
v 7.641993 0.130026 -6.379486
v 7.656737 0.127917 -6.380117
v 7.671410 0.130473 -6.380781
v 7.684573 0.137441 -6.381414
v 7.694940 0.148141 -6.381953
v 7.701495 0.161525 -6.382345
v 7.703596 0.176283 -6.382553
v 7.608336 0.091045 -5.899485
v 7.610863 0.076420 -5.900883
v 7.617807 0.063287 -5.902139
v 7.628487 0.052934 -5.903128
v 7.641859 0.046372 -5.903755
v 7.656613 0.044245 -5.903958
v 7.671305 0.046761 -5.903718
v 7.684497 0.053673 -5.903057
v 7.694898 0.064305 -5.902041
v 7.701489 0.077616 -5.900769
v 7.703626 0.092303 -5.899365
v 7.608336 0.080573 -5.322512
v 7.610863 0.065896 -5.321828
v 7.617807 0.052719 -5.321214
v 7.628487 0.042329 -5.320730
v 7.641859 0.035745 -5.320423
v 7.656613 0.033610 -5.320323
v 7.671305 0.036135 -5.320441
v 7.684497 0.043071 -5.320765
v 7.694898 0.053739 -5.321261
v 7.701489 0.067096 -5.321884
v 7.703626 0.081834 -5.322571
v 3.891494 0.080573 -5.322512
v 3.888966 0.065896 -5.321828
v 3.882023 0.052719 -5.321214
v 3.871343 0.042329 -5.320730
v 3.857971 0.035745 -5.320423
v 3.843217 0.033610 -5.320324
v 3.828525 0.036135 -5.320441
v 3.815332 0.043071 -5.320765
v 3.804932 0.053739 -5.321261
v 3.798340 0.067096 -5.321884
v 3.796203 0.081834 -5.322571
v 3.891494 0.091045 -5.899486
v 3.888966 0.076420 -5.900883
v 3.882023 0.063287 -5.902139
v 3.871343 0.052934 -5.903128
v 3.857971 0.046372 -5.903755
v 3.843217 0.044245 -5.903958
v 3.828525 0.046761 -5.903718
v 3.815332 0.053673 -5.903057
v 3.804932 0.064305 -5.902041
v 3.798340 0.077616 -5.900769
v 3.796203 0.092303 -5.899365
v 3.891494 0.177419 -6.386421
v 3.888966 0.167160 -6.396939
v 3.882023 0.157949 -6.406383
v 3.871343 0.150687 -6.413829
v 3.857971 0.146085 -6.418547
v 3.843217 0.144593 -6.420077
v 3.828525 0.146357 -6.418268
v 3.815332 0.151205 -6.413297
v 3.804932 0.158663 -6.405652
v 3.798340 0.167999 -6.396079
v 3.796203 0.178301 -6.385517
v 3.891494 0.450750 -6.428412
v 3.888966 0.445538 -6.442148
v 3.882023 0.440857 -6.454483
v 3.871343 0.437167 -6.464207
v 3.857971 0.434829 -6.470369
v 3.843217 0.434070 -6.472367
v 3.828525 0.434967 -6.470004
v 3.815332 0.437430 -6.463512
v 3.804932 0.441220 -6.453527
v 3.798340 0.445964 -6.441025
v 3.796203 0.451199 -6.427231
v 3.891250 0.683788 -6.580092
v 3.888485 0.672770 -6.589747
v 3.881338 0.663134 -6.598597
v 3.870510 0.655822 -6.605774
v 3.857059 0.651549 -6.610577
v 3.842302 0.650735 -6.612535
v 3.827685 0.653459 -6.611457
v 3.814637 0.659453 -6.607448
v 3.804437 0.668133 -6.600901
v 3.798082 0.678647 -6.592456
v 3.796195 0.689967 -6.582941
v 3.926824 0.802124 -6.848459
v 3.923033 0.788634 -6.853548
v 3.915209 0.777364 -6.859382
v 3.904118 0.769419 -6.865391
v 3.890845 0.765576 -6.870986
v 3.876690 0.766210 -6.875619
v 3.863037 0.771260 -6.878838
v 3.851225 0.780232 -6.880326
v 3.842408 0.792247 -6.879939
v 3.837450 0.806129 -6.877713
v 3.836836 0.820520 -6.873868
v 4.068136 0.829296 -7.109436
v 4.064404 0.815823 -7.114612
v 4.057988 0.804967 -7.122564
v 4.049519 0.797791 -7.132515
v 4.039824 0.794997 -7.143490
v 4.029852 0.796859 -7.154415
v 4.020580 0.803195 -7.164220
v 4.012916 0.813384 -7.171946
v 4.007609 0.826429 -7.176836
v 4.005179 0.841052 -7.178412
v 4.005864 0.855824 -7.176520
v 4.365897 0.828607 -7.234446
v 4.364876 0.815215 -7.240915
v 4.363260 0.804501 -7.251154
v 4.361207 0.797515 -7.264163
v 4.358917 0.794941 -7.278667
v 4.356616 0.797030 -7.293248
v 4.354528 0.803578 -7.306476
v 4.352858 0.813945 -7.317059
v 4.351768 0.827115 -7.323959
v 4.351367 0.841799 -7.326502
v 4.351693 0.856560 -7.324439
v 4.775672 0.828607 -7.205775
v 4.780053 0.815215 -7.210643
v 4.786987 0.804501 -7.218349
v 4.795796 0.797515 -7.228138
v 4.805618 0.794941 -7.239053
v 4.815492 0.797030 -7.250026
v 4.824450 0.803578 -7.259982
v 4.831617 0.813945 -7.267946
v 4.836290 0.827115 -7.273139
v 4.838012 0.841799 -7.275052
v 4.836614 0.856560 -7.273499
v 4.816670 0.828607 -6.951673
v 4.822976 0.815215 -6.953440
v 4.832958 0.804501 -6.956236
v 4.845639 0.797515 -6.959789
v 4.859779 0.794941 -6.963751
v 4.873992 0.797030 -6.967732
v 4.886889 0.803578 -6.971345
v 4.897205 0.813945 -6.974236
v 4.903932 0.827115 -6.976120
v 4.906411 0.841799 -6.976815
v 4.904399 0.856560 -6.976252
v 4.937891 0.828607 -6.623071
v 4.943755 0.815215 -6.625985
v 4.953039 0.804501 -6.630597
v 4.964833 0.797515 -6.636456
v 4.977983 0.794941 -6.642990
v 4.991202 0.797030 -6.649558
v 5.003197 0.803578 -6.655517
v 5.012792 0.813945 -6.660284
v 5.019048 0.827115 -6.663392
v 5.021353 0.841799 -6.664537
v 5.019482 0.856560 -6.663608
v 5.141401 0.828607 -6.305300
v 5.146363 0.815215 -6.309573
v 5.154218 0.804501 -6.316338
v 5.164197 0.797515 -6.324932
v 5.175324 0.794941 -6.334514
v 5.186509 0.797030 -6.344146
v 5.196657 0.803578 -6.352886
v 5.204775 0.813945 -6.359878
v 5.210069 0.827115 -6.364436
v 5.212019 0.841799 -6.366117
v 5.210436 0.856560 -6.364753
v 5.420757 0.828607 -6.062077
v 5.423887 0.815215 -6.067828
v 5.428842 0.804501 -6.076934
v 5.435137 0.797515 -6.088502
v 5.442156 0.794941 -6.101399
v 5.449212 0.797030 -6.114365
v 5.455614 0.803578 -6.126128
v 5.460734 0.813945 -6.135539
v 5.464074 0.827115 -6.141675
v 5.465304 0.841799 -6.143936
v 5.464306 0.856560 -6.142101
v 5.749915 0.828607 -5.968527
v 5.749915 0.815215 -5.975076
v 5.749915 0.804501 -5.985442
v 5.749915 0.797515 -5.998612
v 5.749915 0.794941 -6.013296
v 5.749915 0.797030 -6.028057
v 5.749915 0.803578 -6.041450
v 5.749915 0.813945 -6.052163
v 5.749915 0.827115 -6.059149
v 5.749915 0.841799 -6.061723
v 5.749915 0.856560 -6.059634
v 6.079074 0.828607 -6.062077
v 6.075943 0.815215 -6.067828
v 6.070988 0.804501 -6.076934
v 6.064693 0.797515 -6.088502
v 6.057674 0.794941 -6.101399
v 6.050619 0.797030 -6.114365
v 6.044217 0.803578 -6.126128
v 6.039096 0.813945 -6.135539
v 6.035756 0.827115 -6.141675
v 6.034526 0.841799 -6.143936
v 6.035524 0.856560 -6.142101
v 6.358428 0.828607 -6.305300
v 6.353467 0.815215 -6.309573
v 6.345611 0.804501 -6.316338
v 6.335632 0.797515 -6.324932
v 6.324506 0.794941 -6.334514
v 6.313321 0.797030 -6.344146
v 6.303173 0.803578 -6.352886
v 6.295055 0.813945 -6.359878
v 6.289761 0.827115 -6.364436
v 6.287811 0.841799 -6.366117
v 6.289394 0.856560 -6.364753
v 6.561939 0.828607 -6.623071
v 6.556075 0.815215 -6.625985
v 6.546791 0.804501 -6.630597
v 6.534997 0.797515 -6.636456
v 6.521846 0.794941 -6.642990
v 6.508627 0.797030 -6.649558
v 6.496633 0.803578 -6.655517
v 6.487038 0.813945 -6.660284
v 6.480782 0.827115 -6.663392
v 6.478477 0.841799 -6.664537
v 6.480348 0.856560 -6.663608
v 6.683160 0.828607 -6.951673
v 6.676854 0.815215 -6.953440
v 6.666872 0.804501 -6.956236
v 6.654190 0.797515 -6.959789
v 6.640051 0.794941 -6.963751
v 6.625837 0.797030 -6.967732
v 6.612941 0.803578 -6.971345
v 6.602624 0.813945 -6.974236
v 6.595898 0.827115 -6.976120
v 6.593419 0.841799 -6.976815
v 6.595431 0.856560 -6.976252
v 6.724157 0.828607 -7.205775
v 6.719777 0.815215 -7.210643
v 6.712843 0.804501 -7.218349
v 6.704033 0.797515 -7.228138
v 6.694211 0.794941 -7.239053
v 6.684338 0.797030 -7.250026
v 6.675379 0.803578 -7.259982
v 6.668213 0.813945 -7.267946
v 6.663540 0.827115 -7.273139
v 6.661818 0.841799 -7.275052
v 6.663216 0.856560 -7.273499
v 7.133933 0.828607 -7.234446
v 7.134953 0.815215 -7.240915
v 7.136569 0.804501 -7.251154
v 7.138623 0.797515 -7.264163
v 7.140913 0.794941 -7.278667
v 7.143214 0.797030 -7.293248
v 7.145301 0.803578 -7.306476
v 7.146972 0.813945 -7.317059
v 7.148061 0.827115 -7.323959
v 7.148462 0.841799 -7.326502
v 7.148136 0.856560 -7.324439
v 7.431694 0.829296 -7.109436
v 7.435426 0.815823 -7.114612
v 7.441842 0.804967 -7.122564
v 7.450311 0.797791 -7.132515
v 7.460006 0.794997 -7.143490
v 7.469977 0.796859 -7.154415
v 7.479249 0.803195 -7.164220
v 7.486914 0.813384 -7.171946
v 7.492221 0.826429 -7.176836
v 7.494651 0.841052 -7.178412
v 7.493966 0.855824 -7.176520
v 7.573006 0.802124 -6.848459
v 7.576797 0.788634 -6.853548
v 7.584621 0.777364 -6.859382
v 7.595712 0.769419 -6.865391
v 7.608984 0.765576 -6.870986
v 7.623140 0.766210 -6.875619
v 7.636793 0.771260 -6.878838
v 7.648605 0.780232 -6.880326
v 7.657422 0.792247 -6.879939
v 7.662380 0.806129 -6.877713
v 7.662993 0.820520 -6.873868
v 7.608580 0.683788 -6.580092
v 7.611344 0.672770 -6.589747
v 7.618492 0.663134 -6.598597
v 7.629320 0.655822 -6.605773
v 7.642771 0.651549 -6.610577
v 7.657527 0.650735 -6.612535
v 7.672144 0.653459 -6.611457
v 7.685193 0.659453 -6.607448
v 7.695393 0.668133 -6.600901
v 7.701748 0.678647 -6.592456
v 7.703635 0.689967 -6.582941
v 7.608336 0.450750 -6.428412
v 7.610863 0.445538 -6.442148
v 7.617807 0.440857 -6.454483
v 7.628487 0.437167 -6.464207
v 7.641859 0.434828 -6.470369
v 7.656613 0.434070 -6.472367
v 7.671305 0.434967 -6.470004
v 7.684497 0.437430 -6.463512
v 7.694898 0.441220 -6.453527
v 7.701489 0.445964 -6.441025
v 7.703626 0.451199 -6.427231
v 7.608336 0.181969 -6.388677
v 7.610863 0.179810 -6.403210
v 7.617807 0.177872 -6.416259
v 7.628487 0.176344 -6.426547
v 7.641859 0.175375 -6.433067
v 7.656613 0.175061 -6.435180
v 7.671305 0.175433 -6.432681
v 7.684497 0.176453 -6.425812
v 7.694898 0.178022 -6.415248
v 7.701489 0.179987 -6.402021
v 7.703626 0.182155 -6.387427
v 3.796869 0.192008 -6.386346
v 3.836994 0.106827 -6.833441
v 4.004384 0.084030 -7.175160
v 4.346366 0.083642 -7.342874
v 4.794818 0.083642 -7.383262
v 5.273423 0.083642 -7.383308
v 5.749915 0.083642 -7.383308
v 6.226406 0.083642 -7.383308
v 6.705011 0.083642 -7.383262
v 7.153463 0.083642 -7.342874
v 7.495446 0.084030 -7.175160
v 7.662836 0.106827 -6.833441
v 7.703360 0.191528 -6.382662
v 7.703424 0.107480 -5.897914
v 7.703424 0.097064 -5.323280
v 3.796405 0.097064 -5.323280
v 3.796405 0.107480 -5.897914
v 3.796405 0.188946 -6.374602
v 3.796405 0.456608 -6.412976
v 3.796649 0.701532 -6.573015
v 3.838481 0.834955 -6.869242
v 4.008151 0.870448 -7.172860
v 4.352390 0.871137 -7.320021
v 4.833622 0.871136 -7.270175
v 4.900093 0.871137 -6.975045
v 5.015477 0.871137 -6.661618
v 5.207047 0.871137 -6.361834
v 5.462168 0.871137 -6.138173
v 5.749915 0.871137 -6.055161
v 6.037663 0.871137 -6.138173
v 6.292783 0.871137 -6.361834
v 6.484353 0.871137 -6.661618
v 6.599737 0.871137 -6.975045
v 6.666207 0.871136 -7.270175
v 7.147439 0.871137 -7.320021
v 7.491679 0.870448 -7.172860
v 7.661348 0.834955 -6.869243
v 7.703180 0.701532 -6.573015
v 7.703424 0.456608 -6.412976
v 7.703424 0.184395 -6.372347
v 3.891716 0.189329 -6.377478
v 3.928821 0.106827 -6.807954
v 4.071794 0.087946 -7.107912
v 4.371721 0.088336 -7.251129
v 4.799013 0.088336 -7.288172
v 5.273423 0.088336 -7.288126
v 5.749915 0.088336 -7.288126
v 6.226406 0.088336 -7.288126
v 6.700817 0.088336 -7.288172
v 7.128109 0.088336 -7.251129
v 7.428036 0.087946 -7.107912
v 7.571009 0.106827 -6.807954
v 7.608165 0.190082 -6.378471
v 7.608134 0.106223 -5.898035
v 7.608134 0.095803 -5.323221
v 3.891695 0.095803 -5.323221
v 3.891695 0.106223 -5.898035
v 3.891695 0.188064 -6.375507
v 3.891695 0.456160 -6.414157
v 3.891704 0.695353 -6.570166
v 3.928469 0.816560 -6.843833
v 4.070423 0.843920 -7.105776
v 4.366594 0.843184 -7.230029
v 4.772681 0.843184 -7.202450
v 4.812364 0.843184 -6.950467
v 4.933886 0.843184 -6.621081
v 5.138013 0.843184 -6.302381
v 5.418619 0.843184 -6.058148
v 5.749915 0.843184 -5.964055
v 6.081211 0.843184 -6.058148
v 6.361817 0.843184 -6.302381
v 6.565944 0.843184 -6.621081
v 6.687466 0.843184 -6.950467
v 6.727149 0.843184 -7.202450
v 7.133235 0.843184 -7.230029
v 7.429407 0.843920 -7.105776
v 7.571361 0.816560 -6.843833
v 7.608126 0.695353 -6.570166
v 7.608134 0.456160 -6.414157
v 7.608134 0.184210 -6.373596
v 3.799851 0.206402 -6.388833
v 3.807183 0.219255 -6.390643
v 3.818148 0.229310 -6.391597
v 3.831672 0.235582 -6.391604
v 3.846432 0.237459 -6.390662
v 3.860982 0.234755 -6.388864
v 3.873898 0.227735 -6.386385
v 3.883916 0.217087 -6.383468
v 3.890056 0.203853 -6.380399
v 3.839733 0.121436 -6.834590
v 3.846698 0.134615 -6.834379
v 3.857208 0.145073 -6.832829
v 3.870234 0.151789 -6.830091
v 3.884500 0.154102 -6.826435
v 3.898610 0.151789 -6.822216
v 3.911183 0.145073 -6.817849
v 3.920988 0.134615 -6.813761
v 3.927066 0.121436 -6.810351
v 4.005927 0.098831 -7.174264
v 4.010619 0.112375 -7.170165
v 4.018000 0.123335 -7.163263
v 4.027347 0.130640 -7.154234
v 4.037745 0.133574 -7.143962
v 4.048177 0.131850 -7.133453
v 4.057622 0.125637 -7.123735
v 4.065155 0.115542 -7.115760
v 4.070038 0.102555 -7.110308
v 4.346794 0.098463 -7.341326
v 4.348420 0.112064 -7.335443
v 4.351087 0.123112 -7.325794
v 4.354531 0.130526 -7.313327
v 4.358418 0.133580 -7.299263
v 4.362367 0.131976 -7.284977
v 4.365990 0.125871 -7.271868
v 4.368932 0.115861 -7.261220
v 4.370907 0.102928 -7.254073
v 4.794889 0.098463 -7.381660
v 4.795158 0.112064 -7.375560
v 4.795599 0.123112 -7.365561
v 4.796169 0.130526 -7.352640
v 4.796812 0.133580 -7.338062
v 4.797465 0.131976 -7.323255
v 4.798065 0.125871 -7.309668
v 4.798552 0.115861 -7.298631
v 4.798879 0.102928 -7.291224
v 5.273423 0.098463 -7.381705
v 5.273423 0.112064 -7.375599
v 5.273423 0.123112 -7.365590
v 5.273423 0.130526 -7.352656
v 5.273423 0.133580 -7.338065
v 5.273423 0.131976 -7.323243
v 5.273423 0.125871 -7.309643
v 5.273423 0.115861 -7.298594
v 5.273423 0.102928 -7.291181
v 5.749915 0.098463 -7.381705
v 5.749915 0.112064 -7.375599
v 5.749915 0.123112 -7.365590
v 5.749915 0.130526 -7.352656
v 5.749915 0.133580 -7.338065
v 5.749915 0.131976 -7.323243
v 5.749915 0.125871 -7.309643
v 5.749915 0.115861 -7.298594
v 5.749915 0.102928 -7.291181
v 6.226406 0.098463 -7.381705
v 6.226406 0.112064 -7.375599
v 6.226406 0.123112 -7.365590
v 6.226406 0.130526 -7.352656
v 6.226406 0.133580 -7.338065
v 6.226406 0.131976 -7.323243
v 6.226406 0.125871 -7.309643
v 6.226406 0.115861 -7.298594
v 6.226406 0.102928 -7.291181
v 6.704941 0.098463 -7.381660
v 6.704671 0.112064 -7.375560
v 6.704231 0.123112 -7.365561
v 6.703660 0.130526 -7.352640
v 6.703018 0.133580 -7.338062
v 6.702364 0.131976 -7.323255
v 6.701765 0.125871 -7.309668
v 6.701278 0.115861 -7.298631
v 6.700951 0.102928 -7.291224
v 7.153036 0.098463 -7.341326
v 7.151409 0.112064 -7.335443
v 7.148743 0.123112 -7.325794
v 7.145298 0.130526 -7.313327
v 7.141411 0.133580 -7.299263
v 7.137463 0.131976 -7.284977
v 7.133840 0.125871 -7.271868
v 7.130897 0.115861 -7.261220
v 7.128923 0.102928 -7.254073
v 7.493903 0.098831 -7.174264
v 7.489211 0.112375 -7.170165
v 7.481831 0.123335 -7.163263
v 7.472483 0.130640 -7.154234
v 7.462085 0.133574 -7.143962
v 7.451653 0.131850 -7.133453
v 7.442208 0.125637 -7.123735
v 7.434675 0.115542 -7.115760
v 7.429791 0.102555 -7.110308
v 7.660097 0.121436 -6.834590
v 7.653131 0.134615 -6.834379
v 7.642622 0.145073 -6.832829
v 7.629597 0.151789 -6.830091
v 7.615330 0.154102 -6.826435
v 7.601220 0.151789 -6.822216
v 7.588647 0.145073 -6.817849
v 7.578841 0.134615 -6.813761
v 7.572764 0.121436 -6.810351
v 7.700801 0.206215 -6.382664
v 7.693835 0.219393 -6.382462
v 7.683142 0.229773 -6.382073
v 7.669768 0.236339 -6.381537
v 7.655023 0.238447 -6.380907
v 7.640351 0.235892 -6.380242
v 7.627187 0.228923 -6.379610
v 7.616820 0.218223 -6.379071
v 7.610266 0.204840 -6.378678
v 7.700897 0.122105 -5.896517
v 7.693954 0.135238 -5.895262
v 7.683273 0.145592 -5.894272
v 7.669901 0.152153 -5.893644
v 7.655148 0.154280 -5.893441
v 7.640455 0.151764 -5.893682
v 7.627263 0.144852 -5.894342
v 7.616862 0.134221 -5.895359
v 7.610271 0.120910 -5.896631
v 7.700897 0.111741 -5.323964
v 7.693954 0.124919 -5.324578
v 7.683273 0.135308 -5.325062
v 7.669901 0.141892 -5.325369
v 7.655148 0.144027 -5.325469
v 7.640455 0.141502 -5.325351
v 7.627263 0.134566 -5.325027
v 7.616862 0.123898 -5.324531
v 7.610271 0.110541 -5.323908
v 3.798933 0.111741 -5.323964
v 3.805876 0.124919 -5.324578
v 3.816556 0.135308 -5.325062
v 3.829928 0.141892 -5.325369
v 3.844682 0.144027 -5.325469
v 3.859374 0.141502 -5.325351
v 3.872566 0.134566 -5.325027
v 3.882967 0.123898 -5.324531
v 3.889559 0.110541 -5.323908
v 3.798933 0.122105 -5.896517
v 3.805876 0.135238 -5.895262
v 3.816556 0.145592 -5.894272
v 3.829928 0.152153 -5.893644
v 3.844682 0.154280 -5.893441
v 3.859374 0.151764 -5.893682
v 3.872566 0.144852 -5.894342
v 3.882967 0.134221 -5.895359
v 3.889559 0.120910 -5.896631
v 3.798933 0.199204 -6.364084
v 3.805876 0.208415 -6.354640
v 3.816556 0.215678 -6.347195
v 3.829928 0.220280 -6.342476
v 3.844682 0.221772 -6.340947
v 3.859374 0.220007 -6.342756
v 3.872566 0.215159 -6.347726
v 3.882967 0.207702 -6.355372
v 3.889559 0.198366 -6.364944
v 3.798933 0.461820 -6.399240
v 3.805876 0.466501 -6.386906
v 3.816556 0.470191 -6.377182
v 3.829928 0.472529 -6.371019
v 3.844682 0.473288 -6.369021
v 3.859374 0.472391 -6.371384
v 3.872566 0.469927 -6.377876
v 3.882967 0.466138 -6.387861
v 3.889559 0.461394 -6.400363
v 3.799414 0.712550 -6.563360
v 3.806561 0.722186 -6.554510
v 3.817389 0.729499 -6.547333
v 3.830840 0.733771 -6.542530
v 3.845597 0.734585 -6.540572
v 3.860214 0.731862 -6.541650
v 3.873261 0.725867 -6.545659
v 3.883462 0.717187 -6.552206
v 3.889817 0.706673 -6.560651
v 3.842272 0.848445 -6.864154
v 3.850096 0.859715 -6.858320
v 3.861187 0.867660 -6.852311
v 3.874460 0.871504 -6.846716
v 3.888615 0.870869 -6.842083
v 3.902268 0.865819 -6.838864
v 3.914080 0.856847 -6.837376
v 3.922897 0.844832 -6.837763
v 3.927855 0.830950 -6.839988
v 4.011884 0.883921 -7.167684
v 4.018299 0.894777 -7.159731
v 4.026769 0.901953 -7.149781
v 4.036464 0.904747 -7.138806
v 4.046434 0.902885 -7.127881
v 4.055706 0.896549 -7.118076
v 4.063371 0.886360 -7.110350
v 4.068678 0.873315 -7.105460
v 4.071108 0.858692 -7.103883
v 4.353411 0.884529 -7.313552
v 4.355027 0.895243 -7.303313
v 4.357080 0.902229 -7.290304
v 4.359370 0.904803 -7.275800
v 4.361671 0.902714 -7.261220
v 4.363759 0.896165 -7.247991
v 4.365429 0.885799 -7.237407
v 4.366518 0.872629 -7.230508
v 4.366920 0.857945 -7.227964
v 4.829242 0.884529 -7.265307
v 4.822309 0.895243 -7.257601
v 4.813499 0.902229 -7.247811
v 4.803677 0.904803 -7.236896
v 4.793803 0.902714 -7.225923
v 4.784845 0.896165 -7.215967
v 4.777678 0.885799 -7.208004
v 4.773005 0.872629 -7.202811
v 4.771283 0.857945 -7.200897
v 4.893787 0.884529 -6.973279
v 4.883805 0.895243 -6.970482
v 4.871123 0.902229 -6.966929
v 4.856984 0.904803 -6.962967
v 4.842770 0.902714 -6.958986
v 4.829874 0.896165 -6.955373
v 4.819558 0.885799 -6.952482
v 4.812830 0.872629 -6.950598
v 4.810352 0.857945 -6.949903
v 5.009612 0.884529 -6.658704
v 5.000329 0.895243 -6.654092
v 4.988534 0.902229 -6.648232
v 4.975384 0.904803 -6.641698
v 4.962164 0.902714 -6.635130
v 4.950171 0.896165 -6.629172
v 4.940576 0.885799 -6.624405
v 4.934319 0.872629 -6.621296
v 4.932014 0.857945 -6.620151
v 5.202085 0.884529 -6.357561
v 5.194230 0.895243 -6.350796
v 5.184251 0.902229 -6.342202
v 5.173124 0.904803 -6.332620
v 5.161940 0.902714 -6.322988
v 5.151792 0.896166 -6.314248
v 5.143673 0.885799 -6.307257
v 5.138380 0.872629 -6.302698
v 5.136429 0.857945 -6.301018
v 5.459038 0.884529 -6.132421
v 5.454082 0.895243 -6.123316
v 5.447787 0.902229 -6.111748
v 5.440768 0.904803 -6.098850
v 5.433713 0.902714 -6.085885
v 5.427311 0.896165 -6.074121
v 5.422190 0.885799 -6.064710
v 5.418851 0.872629 -6.058574
v 5.417620 0.857945 -6.056313
v 5.749915 0.884529 -6.048614
v 5.749915 0.895243 -6.038247
v 5.749915 0.902229 -6.025077
v 5.749915 0.904803 -6.010393
v 5.749915 0.902714 -5.995632
v 5.749915 0.896165 -5.982239
v 5.749915 0.885799 -5.971526
v 5.749915 0.872629 -5.964540
v 5.749915 0.857945 -5.961966
v 6.040792 0.884529 -6.132421
v 6.045747 0.895243 -6.123316
v 6.052043 0.902229 -6.111748
v 6.059062 0.904803 -6.098850
v 6.066117 0.902714 -6.085884
v 6.072519 0.896165 -6.074121
v 6.077640 0.885799 -6.064710
v 6.080979 0.872629 -6.058574
v 6.082210 0.857945 -6.056313
v 6.297745 0.884529 -6.357561
v 6.305599 0.895243 -6.350796
v 6.315579 0.902229 -6.342202
v 6.326705 0.904803 -6.332620
v 6.337890 0.902714 -6.322988
v 6.348038 0.896165 -6.314248
v 6.356156 0.885799 -6.307257
v 6.361450 0.872629 -6.302698
v 6.363400 0.857945 -6.301018
v 6.490218 0.884529 -6.658704
v 6.499501 0.895243 -6.654092
v 6.511296 0.902229 -6.648232
v 6.524446 0.904803 -6.641698
v 6.537665 0.902714 -6.635130
v 6.549659 0.896165 -6.629172
v 6.559254 0.885799 -6.624405
v 6.565510 0.872629 -6.621296
v 6.567815 0.857945 -6.620151
v 6.606043 0.884529 -6.973279
v 6.616025 0.895243 -6.970482
v 6.628706 0.902229 -6.966929
v 6.642846 0.904803 -6.962967
v 6.657060 0.902714 -6.958986
v 6.669956 0.896165 -6.955372
v 6.680273 0.885799 -6.952482
v 6.686999 0.872629 -6.950598
v 6.689478 0.857945 -6.949903
v 6.670588 0.884529 -7.265307
v 6.677521 0.895243 -7.257601
v 6.686331 0.902229 -7.247811
v 6.696153 0.904803 -7.236896
v 6.706027 0.902714 -7.225923
v 6.714985 0.896165 -7.215967
v 6.722151 0.885799 -7.208004
v 6.726824 0.872629 -7.202811
v 6.728547 0.857945 -7.200897
v 7.146418 0.884529 -7.313552
v 7.144802 0.895243 -7.303313
v 7.142749 0.902229 -7.290304
v 7.140460 0.904803 -7.275800
v 7.138158 0.902714 -7.261220
v 7.136070 0.896165 -7.247991
v 7.134400 0.885799 -7.237407
v 7.133311 0.872629 -7.230508
v 7.132910 0.857945 -7.227964
v 7.487946 0.883921 -7.167684
v 7.481531 0.894777 -7.159731
v 7.473061 0.901953 -7.149781
v 7.463366 0.904747 -7.138806
v 7.453395 0.902885 -7.127881
v 7.444123 0.896549 -7.118076
v 7.436459 0.886360 -7.110350
v 7.431152 0.873315 -7.105460
v 7.428722 0.858692 -7.103883
v 7.657557 0.848445 -6.864154
v 7.649734 0.859715 -6.858320
v 7.638642 0.867660 -6.852311
v 7.625370 0.871504 -6.846716
v 7.611214 0.870869 -6.842083
v 7.597562 0.865819 -6.838864
v 7.585749 0.856847 -6.837376
v 7.576932 0.844832 -6.837763
v 7.571975 0.830950 -6.839988
v 7.700416 0.712550 -6.563360
v 7.693269 0.722186 -6.554510
v 7.682440 0.729499 -6.547333
v 7.668990 0.733771 -6.542530
v 7.654233 0.734585 -6.540572
v 7.639616 0.731862 -6.541650
v 7.626569 0.725867 -6.545659
v 7.616368 0.717187 -6.552206
v 7.610013 0.706673 -6.560651
v 7.700897 0.461820 -6.399240
v 7.693954 0.466501 -6.386906
v 7.683273 0.470191 -6.377182
v 7.669901 0.472529 -6.371019
v 7.655148 0.473288 -6.369021
v 7.640455 0.472391 -6.371384
v 7.627263 0.469927 -6.377876
v 7.616862 0.466138 -6.387861
v 7.610271 0.461394 -6.400363
v 7.700897 0.186554 -6.357814
v 7.693954 0.188492 -6.344765
v 7.683273 0.190021 -6.334477
v 7.669901 0.190989 -6.327957
v 7.655148 0.191303 -6.325843
v 7.640455 0.190932 -6.328343
v 7.627263 0.189912 -6.335211
v 7.616862 0.188342 -6.345776
v 7.610271 0.186377 -6.359002
v 6.702999 0.842248 -7.284978
v 6.702617 0.827524 -7.282677
v 6.701507 0.814241 -7.276001
v 6.699777 0.803699 -7.265602
v 6.697598 0.796931 -7.252500
v 6.695182 0.794599 -7.237975
v 6.692767 0.796931 -7.223449
v 6.690587 0.803699 -7.210347
v 6.688858 0.814241 -7.199948
v 6.687747 0.827524 -7.193272
v 6.687365 0.842248 -7.190971
v 6.231294 0.842248 -7.363335
v 6.231055 0.827524 -7.361015
v 6.230360 0.814241 -7.354281
v 6.229279 0.803699 -7.343797
v 6.227917 0.796931 -7.330584
v 6.226406 0.794599 -7.315936
v 6.224896 0.796931 -7.301290
v 6.223534 0.803699 -7.288077
v 6.222452 0.814241 -7.277591
v 6.221758 0.827524 -7.270859
v 6.221519 0.842248 -7.268539
v 5.749915 0.842248 -7.382991
v 5.749915 0.827524 -7.380659
v 5.749915 0.814241 -7.373891
v 5.749915 0.803699 -7.363349
v 5.749915 0.796931 -7.350066
v 5.749915 0.794599 -7.335341
v 5.749915 0.796931 -7.320618
v 5.749915 0.803699 -7.307334
v 5.749915 0.814241 -7.296793
v 5.749915 0.827524 -7.290025
v 5.749915 0.842248 -7.287693
v 5.268536 0.842248 -7.363335
v 5.268775 0.827524 -7.361015
v 5.269469 0.814241 -7.354281
v 5.270551 0.803699 -7.343797
v 5.271913 0.796931 -7.330584
v 5.273423 0.794599 -7.315936
v 5.274934 0.796931 -7.301290
v 5.276296 0.803699 -7.288077
v 5.277378 0.814241 -7.277591
v 5.278072 0.827524 -7.270859
v 5.278311 0.842248 -7.268539
v 4.796831 0.842248 -7.284978
v 4.797213 0.827524 -7.282677
v 4.798324 0.814241 -7.276001
v 4.800053 0.803699 -7.265602
v 4.802232 0.796931 -7.252500
v 4.804647 0.794599 -7.237975
v 4.807063 0.796931 -7.223449
v 4.809242 0.803699 -7.210347
v 4.810972 0.814241 -7.199948
v 4.812082 0.827524 -7.193272
v 4.812465 0.842248 -7.190971
v 6.687365 0.857496 -7.190971
v 6.221519 0.857496 -7.268539
v 5.749915 0.857496 -7.287693
v 5.278311 0.857496 -7.268539
v 4.812465 0.857496 -7.190971
v 6.702999 0.857496 -7.284978
v 6.231294 0.857496 -7.363335
v 5.749915 0.857496 -7.382991
v 5.268536 0.857496 -7.363335
v 4.796831 0.857496 -7.284978
v 6.687748 0.872220 -7.193272
v 6.688858 0.885503 -7.199948
v 6.690587 0.896045 -7.210347
v 6.692767 0.902813 -7.223449
v 6.695182 0.905145 -7.237975
v 6.697598 0.902813 -7.252500
v 6.699777 0.896045 -7.265602
v 6.701507 0.885503 -7.276001
v 6.702617 0.872220 -7.282677
v 6.221758 0.872220 -7.270859
v 6.222452 0.885503 -7.277591
v 6.223534 0.896045 -7.288077
v 6.224896 0.902813 -7.301290
v 6.226406 0.905145 -7.315936
v 6.227917 0.902813 -7.330584
v 6.229279 0.896045 -7.343797
v 6.230360 0.885503 -7.354281
v 6.231055 0.872220 -7.361015
v 5.749915 0.872220 -7.290025
v 5.749915 0.885503 -7.296793
v 5.749915 0.896045 -7.307334
v 5.749915 0.902813 -7.320618
v 5.749915 0.905145 -7.335341
v 5.749915 0.902813 -7.350066
v 5.749915 0.896045 -7.363350
v 5.749915 0.885503 -7.373891
v 5.749915 0.872220 -7.380659
v 5.278072 0.872220 -7.270859
v 5.277378 0.885503 -7.277591
v 5.276296 0.896045 -7.288077
v 5.274934 0.902813 -7.301290
v 5.273423 0.905145 -7.315936
v 5.271913 0.902813 -7.330584
v 5.270551 0.896045 -7.343797
v 5.269469 0.885503 -7.354281
v 5.268775 0.872220 -7.361015
v 4.812082 0.872220 -7.193272
v 4.810972 0.885503 -7.199948
v 4.809242 0.896045 -7.210347
v 4.807063 0.902813 -7.223449
v 4.804647 0.905145 -7.237975
v 4.802232 0.902813 -7.252500
v 4.800053 0.896045 -7.265602
v 4.798324 0.885503 -7.276001
v 4.797213 0.872220 -7.282677
v 3.891031 0.174356 -4.484076
v 3.888048 0.159963 -4.486563
v 3.880716 0.147110 -4.488373
v 3.869751 0.137055 -4.489327
v 3.856227 0.130782 -4.489334
v 3.841467 0.128906 -4.488392
v 3.826917 0.131610 -4.486594
v 3.814001 0.138629 -4.484115
v 3.803983 0.149277 -4.481198
v 3.797843 0.162511 -4.478128
v 3.796184 0.177036 -4.475207
v 3.928311 0.091699 -4.052635
v 3.925572 0.077090 -4.053784
v 3.918607 0.063911 -4.053574
v 3.908097 0.053452 -4.052024
v 3.895072 0.046737 -4.049286
v 3.880805 0.044423 -4.045630
v 3.866695 0.046737 -4.041410
v 3.854122 0.053452 -4.037043
v 3.844317 0.063911 -4.032955
v 3.838239 0.077090 -4.029545
v 3.836484 0.091699 -4.027149
v 4.071903 0.072718 -3.751618
v 4.070360 0.057917 -3.750722
v 4.065668 0.044374 -3.746623
v 4.058288 0.033413 -3.739720
v 4.048941 0.026108 -3.730692
v 4.038542 0.023174 -3.720420
v 4.028110 0.024899 -3.709911
v 4.018665 0.031112 -3.700193
v 4.011132 0.041206 -3.692217
v 4.006249 0.054194 -3.686765
v 4.004493 0.068803 -3.684370
v 4.371921 0.073107 -3.608348
v 4.371494 0.058285 -3.606802
v 4.369867 0.044685 -3.600917
v 4.367201 0.033637 -3.591269
v 4.363756 0.026223 -3.578803
v 4.359869 0.023168 -3.564739
v 4.355921 0.024772 -3.550453
v 4.352298 0.030878 -3.537344
v 4.349355 0.040888 -3.526695
v 4.347380 0.053821 -3.519549
v 4.346566 0.068413 -3.516605
v 4.799047 0.073107 -3.571332
v 4.798975 0.058285 -3.569729
v 4.798707 0.044685 -3.563630
v 4.798265 0.033637 -3.553630
v 4.797695 0.026223 -3.540709
v 4.797052 0.023168 -3.526131
v 4.796399 0.024772 -3.511324
v 4.795799 0.030878 -3.497737
v 4.795312 0.040888 -3.486700
v 4.794986 0.053821 -3.479293
v 4.794851 0.068413 -3.476242
v 5.273423 0.073107 -3.571378
v 5.273423 0.058285 -3.569774
v 5.273423 0.044685 -3.563669
v 5.273423 0.033637 -3.553659
v 5.273423 0.026223 -3.540726
v 5.273423 0.023168 -3.526134
v 5.273423 0.024772 -3.511313
v 5.273423 0.030878 -3.497713
v 5.273423 0.040888 -3.486664
v 5.273423 0.053821 -3.479250
v 5.273423 0.068413 -3.476196
v 5.749915 0.073107 -3.571378
v 5.749915 0.058285 -3.569774
v 5.749915 0.044685 -3.563669
v 5.749915 0.033637 -3.553659
v 5.749915 0.026223 -3.540726
v 5.749915 0.023168 -3.526134
v 5.749915 0.024772 -3.511313
v 5.749915 0.030878 -3.497713
v 5.749915 0.040888 -3.486664
v 5.749915 0.053821 -3.479250
v 5.749915 0.068413 -3.476196
v 6.226406 0.073107 -3.571378
v 6.226406 0.058285 -3.569774
v 6.226406 0.044685 -3.563669
v 6.226406 0.033637 -3.553659
v 6.226406 0.026223 -3.540726
v 6.226406 0.023168 -3.526134
v 6.226406 0.024772 -3.511313
v 6.226406 0.030878 -3.497713
v 6.226406 0.040888 -3.486664
v 6.226406 0.053821 -3.479250
v 6.226406 0.068413 -3.476196
v 6.700783 0.073107 -3.571332
v 6.700854 0.058285 -3.569729
v 6.701123 0.044685 -3.563630
v 6.701565 0.033637 -3.553630
v 6.702135 0.026223 -3.540709
v 6.702778 0.023168 -3.526131
v 6.703431 0.024772 -3.511324
v 6.704031 0.030878 -3.497737
v 6.704517 0.040888 -3.486700
v 6.704844 0.053821 -3.479293
v 6.704979 0.068413 -3.476242
v 7.127909 0.073107 -3.608348
v 7.128336 0.058285 -3.606802
v 7.129962 0.044685 -3.600917
v 7.132629 0.033637 -3.591269
v 7.136074 0.026223 -3.578803
v 7.139961 0.023168 -3.564739
v 7.143909 0.024772 -3.550453
v 7.147532 0.030878 -3.537344
v 7.150475 0.040888 -3.526695
v 7.152449 0.053821 -3.519549
v 7.153263 0.068413 -3.516605
v 7.427927 0.072718 -3.751618
v 7.429470 0.057917 -3.750722
v 7.434162 0.044374 -3.746623
v 7.441542 0.033413 -3.739720
v 7.450889 0.026108 -3.730692
v 7.461288 0.023174 -3.720420
v 7.471720 0.024899 -3.709911
v 7.481165 0.031112 -3.700193
v 7.488698 0.041206 -3.692217
v 7.493580 0.054194 -3.686765
v 7.495337 0.068803 -3.684370
v 7.571518 0.091699 -4.052635
v 7.574258 0.077090 -4.053784
v 7.581223 0.063911 -4.053574
v 7.591733 0.053452 -4.052024
v 7.604758 0.046737 -4.049286
v 7.619024 0.044423 -4.045630
v 7.633135 0.046737 -4.041410
v 7.645708 0.053452 -4.037043
v 7.655513 0.063911 -4.032955
v 7.661591 0.077090 -4.029545
v 7.663345 0.091699 -4.027149
v 7.608401 0.174836 -4.480392
v 7.610959 0.160150 -4.480394
v 7.617926 0.146971 -4.480191
v 7.628619 0.136591 -4.479803
v 7.641993 0.130026 -4.479268
v 7.656737 0.127917 -4.478637
v 7.671410 0.130473 -4.477973
v 7.684573 0.137441 -4.477340
v 7.694940 0.148141 -4.476801
v 7.701495 0.161525 -4.476409
v 7.703596 0.176283 -4.476201
v 7.608336 0.091045 -4.959269
v 7.610863 0.076420 -4.957870
v 7.617807 0.063287 -4.956615
v 7.628487 0.052934 -4.955626
v 7.641859 0.046372 -4.954998
v 7.656613 0.044245 -4.954795
v 7.671305 0.046761 -4.955036
v 7.684497 0.053673 -4.955696
v 7.694898 0.064305 -4.956713
v 7.701489 0.077616 -4.957985
v 7.703626 0.092303 -4.959389
v 7.608336 0.080573 -5.536242
v 7.610863 0.065896 -5.536926
v 7.617807 0.052719 -5.537539
v 7.628487 0.042329 -5.538024
v 7.641859 0.035745 -5.538331
v 7.656613 0.033610 -5.538430
v 7.671305 0.036135 -5.538312
v 7.684497 0.043071 -5.537990
v 7.694898 0.053739 -5.537492
v 7.701489 0.067096 -5.536870
v 7.703626 0.081834 -5.536183
v 3.891494 0.080573 -5.536242
v 3.888966 0.065896 -5.536926
v 3.882023 0.052719 -5.537539
v 3.871343 0.042329 -5.538024
v 3.857971 0.035745 -5.538331
v 3.843217 0.033610 -5.538430
v 3.828525 0.036135 -5.538312
v 3.815332 0.043071 -5.537990
v 3.804932 0.053739 -5.537492
v 3.798340 0.067096 -5.536870
v 3.796203 0.081834 -5.536183
v 3.891494 0.091045 -4.959269
v 3.888966 0.076420 -4.957870
v 3.882023 0.063287 -4.956615
v 3.871343 0.052934 -4.955626
v 3.857971 0.046372 -4.954998
v 3.843217 0.044245 -4.954795
v 3.828525 0.046761 -4.955036
v 3.815332 0.053673 -4.955696
v 3.804932 0.064305 -4.956713
v 3.798340 0.077616 -4.957985
v 3.796203 0.092303 -4.959389
v 3.891494 0.177419 -4.472332
v 3.888966 0.167160 -4.461815
v 3.882023 0.157949 -4.452371
v 3.871343 0.150687 -4.444925
v 3.857971 0.146085 -4.440206
v 3.843217 0.144593 -4.438676
v 3.828525 0.146357 -4.440485
v 3.815332 0.151205 -4.445457
v 3.804932 0.158663 -4.453102
v 3.798340 0.167999 -4.462675
v 3.796203 0.178301 -4.473237
v 3.891494 0.450750 -4.430342
v 3.888966 0.445538 -4.416605
v 3.882023 0.440857 -4.404271
v 3.871343 0.437167 -4.394547
v 3.857971 0.434829 -4.388385
v 3.843217 0.434070 -4.386387
v 3.828525 0.434967 -4.388749
v 3.815332 0.437430 -4.395241
v 3.804932 0.441220 -4.405227
v 3.798340 0.445964 -4.417728
v 3.796203 0.451199 -4.431522
v 3.891250 0.683788 -4.278662
v 3.888485 0.672770 -4.269007
v 3.881338 0.663134 -4.260158
v 3.870510 0.655822 -4.252980
v 3.857059 0.651549 -4.248177
v 3.842302 0.650735 -4.246219
v 3.827685 0.653459 -4.247297
v 3.814637 0.659453 -4.251306
v 3.804437 0.668133 -4.257853
v 3.798082 0.678647 -4.266297
v 3.796195 0.689967 -4.275813
v 3.926824 0.802124 -4.010294
v 3.923033 0.788634 -4.005206
v 3.915209 0.777364 -3.999372
v 3.904118 0.769419 -3.993363
v 3.890845 0.765576 -3.987768
v 3.876690 0.766210 -3.983135
v 3.863037 0.771260 -3.979917
v 3.851225 0.780232 -3.978428
v 3.842408 0.792247 -3.978816
v 3.837450 0.806129 -3.981040
v 3.836836 0.820520 -3.984886
v 4.068136 0.829296 -3.749318
v 4.064404 0.815823 -3.744142
v 4.057988 0.804967 -3.736189
v 4.049519 0.797791 -3.726238
v 4.039824 0.794997 -3.715263
v 4.029852 0.796859 -3.704339
v 4.020580 0.803195 -3.694533
v 4.012916 0.813384 -3.686808
v 4.007609 0.826429 -3.681917
v 4.005179 0.841052 -3.680341
v 4.005864 0.855824 -3.682234
v 4.365897 0.828607 -3.624308
v 4.364876 0.815215 -3.617839
v 4.363260 0.804501 -3.607600
v 4.361207 0.797515 -3.594591
v 4.358917 0.794941 -3.580086
v 4.356616 0.797030 -3.565506
v 4.354528 0.803578 -3.552277
v 4.352858 0.813945 -3.541695
v 4.351768 0.827115 -3.534794
v 4.351367 0.841799 -3.532251
v 4.351693 0.856560 -3.534315
v 4.775672 0.828607 -3.652979
v 4.780053 0.815215 -3.648111
v 4.786987 0.804501 -3.640405
v 4.795796 0.797515 -3.630615
v 4.805618 0.794941 -3.619700
v 4.815492 0.797030 -3.608727
v 4.824450 0.803578 -3.598772
v 4.831617 0.813945 -3.590808
v 4.836290 0.827115 -3.585615
v 4.838012 0.841799 -3.583702
v 4.836614 0.856560 -3.585255
v 4.816670 0.828607 -3.907080
v 4.822976 0.815215 -3.905314
v 4.832958 0.804501 -3.902517
v 4.845639 0.797515 -3.898964
v 4.859779 0.794941 -3.895003
v 4.873992 0.797030 -3.891021
v 4.886889 0.803578 -3.887408
v 4.897205 0.813945 -3.884518
v 4.903932 0.827115 -3.882633
v 4.906411 0.841799 -3.881939
v 4.904399 0.856560 -3.882502
v 4.937891 0.828607 -4.235683
v 4.943755 0.815215 -4.232769
v 4.953039 0.804501 -4.228157
v 4.964833 0.797515 -4.222297
v 4.977983 0.794941 -4.215764
v 4.991202 0.797030 -4.209196
v 5.003197 0.803578 -4.203237
v 5.012792 0.813945 -4.198470
v 5.019048 0.827115 -4.195362
v 5.021353 0.841799 -4.194216
v 5.019482 0.856560 -4.195146
v 5.141401 0.828607 -4.553454
v 5.146363 0.815215 -4.549181
v 5.154218 0.804501 -4.542416
v 5.164197 0.797515 -4.533822
v 5.175324 0.794941 -4.524240
v 5.186509 0.797030 -4.514607
v 5.196657 0.803578 -4.505867
v 5.204775 0.813945 -4.498876
v 5.210069 0.827115 -4.494318
v 5.212019 0.841799 -4.492638
v 5.210436 0.856560 -4.494001
v 5.420757 0.828607 -4.796677
v 5.423887 0.815215 -4.790925
v 5.428842 0.804501 -4.781820
v 5.435137 0.797515 -4.770252
v 5.442156 0.794941 -4.757354
v 5.449212 0.797030 -4.744389
v 5.455614 0.803578 -4.732625
v 5.460734 0.813945 -4.723215
v 5.464074 0.827115 -4.717079
v 5.465304 0.841799 -4.714818
v 5.464306 0.856560 -4.716653
v 5.749915 0.828607 -4.890226
v 5.749915 0.815215 -4.883678
v 5.749915 0.804501 -4.873312
v 5.749915 0.797515 -4.860142
v 5.749915 0.794941 -4.845458
v 5.749915 0.797030 -4.830697
v 5.749915 0.803578 -4.817305
v 5.749915 0.813945 -4.806591
v 5.749915 0.827115 -4.799605
v 5.749915 0.841799 -4.797030
v 5.749915 0.856560 -4.799120
v 6.079074 0.828607 -4.796677
v 6.075943 0.815215 -4.790925
v 6.070988 0.804501 -4.781820
v 6.064693 0.797515 -4.770252
v 6.057674 0.794941 -4.757354
v 6.050619 0.797030 -4.744389
v 6.044217 0.803578 -4.732625
v 6.039096 0.813945 -4.723215
v 6.035756 0.827115 -4.717079
v 6.034526 0.841799 -4.714818
v 6.035524 0.856560 -4.716653
v 6.358428 0.828607 -4.553454
v 6.353467 0.815215 -4.549181
v 6.345611 0.804501 -4.542416
v 6.335632 0.797515 -4.533822
v 6.324506 0.794941 -4.524240
v 6.313321 0.797030 -4.514607
v 6.303173 0.803578 -4.505867
v 6.295055 0.813945 -4.498876
v 6.289761 0.827115 -4.494318
v 6.287811 0.841799 -4.492638
v 6.289394 0.856560 -4.494001
v 6.561939 0.828607 -4.235683
v 6.556075 0.815215 -4.232769
v 6.546791 0.804501 -4.228157
v 6.534997 0.797515 -4.222297
v 6.521846 0.794941 -4.215764
v 6.508627 0.797030 -4.209196
v 6.496633 0.803578 -4.203237
v 6.487038 0.813945 -4.198470
v 6.480782 0.827115 -4.195362
v 6.478477 0.841799 -4.194216
v 6.480348 0.856560 -4.195146
v 6.683160 0.828607 -3.907080
v 6.676854 0.815215 -3.905314
v 6.666872 0.804501 -3.902517
v 6.654190 0.797515 -3.898964
v 6.640051 0.794941 -3.895003
v 6.625837 0.797030 -3.891021
v 6.612941 0.803578 -3.887408
v 6.602624 0.813945 -3.884518
v 6.595898 0.827115 -3.882633
v 6.593419 0.841799 -3.881939
v 6.595431 0.856560 -3.882502
v 6.724157 0.828607 -3.652979
v 6.719777 0.815215 -3.648111
v 6.712843 0.804501 -3.640405
v 6.704033 0.797515 -3.630615
v 6.694211 0.794941 -3.619700
v 6.684338 0.797030 -3.608727
v 6.675379 0.803578 -3.598772
v 6.668213 0.813945 -3.590808
v 6.663540 0.827115 -3.585615
v 6.661818 0.841799 -3.583702
v 6.663216 0.856560 -3.585255
v 7.133933 0.828607 -3.624308
v 7.134953 0.815215 -3.617839
v 7.136569 0.804501 -3.607600
v 7.138623 0.797515 -3.594591
v 7.140913 0.794941 -3.580086
v 7.143214 0.797030 -3.565506
v 7.145301 0.803578 -3.552277
v 7.146972 0.813945 -3.541695
v 7.148061 0.827115 -3.534794
v 7.148462 0.841799 -3.532251
v 7.148136 0.856560 -3.534315
v 7.431694 0.829296 -3.749318
v 7.435426 0.815823 -3.744142
v 7.441842 0.804967 -3.736189
v 7.450311 0.797791 -3.726238
v 7.460006 0.794997 -3.715263
v 7.469977 0.796859 -3.704339
v 7.479249 0.803195 -3.694533
v 7.486914 0.813384 -3.686808
v 7.492221 0.826429 -3.681917
v 7.494651 0.841052 -3.680341
v 7.493966 0.855824 -3.682234
v 7.573006 0.802124 -4.010295
v 7.576797 0.788634 -4.005206
v 7.584621 0.777364 -3.999372
v 7.595712 0.769419 -3.993363
v 7.608984 0.765576 -3.987768
v 7.623140 0.766210 -3.983135
v 7.636793 0.771260 -3.979917
v 7.648605 0.780232 -3.978428
v 7.657422 0.792247 -3.978816
v 7.662380 0.806129 -3.981040
v 7.662993 0.820520 -3.984886
v 7.608580 0.683788 -4.278662
v 7.611344 0.672770 -4.269007
v 7.618492 0.663134 -4.260158
v 7.629320 0.655822 -4.252980
v 7.642771 0.651549 -4.248177
v 7.657527 0.650735 -4.246219
v 7.672144 0.653459 -4.247297
v 7.685193 0.659453 -4.251306
v 7.695393 0.668133 -4.257853
v 7.701748 0.678647 -4.266297
v 7.703635 0.689967 -4.275813
v 7.608336 0.450750 -4.430342
v 7.610863 0.445538 -4.416605
v 7.617807 0.440857 -4.404271
v 7.628487 0.437167 -4.394547
v 7.641859 0.434828 -4.388385
v 7.656613 0.434070 -4.386387
v 7.671305 0.434967 -4.388749
v 7.684497 0.437430 -4.395241
v 7.694898 0.441220 -4.405227
v 7.701489 0.445964 -4.417728
v 7.703626 0.451199 -4.431522
v 7.608336 0.181969 -4.470077
v 7.610863 0.179810 -4.455544
v 7.617807 0.177872 -4.442495
v 7.628487 0.176344 -4.432207
v 7.641859 0.175375 -4.425687
v 7.656613 0.175061 -4.423573
v 7.671305 0.175433 -4.426073
v 7.684497 0.176453 -4.432941
v 7.694898 0.178022 -4.443506
v 7.701489 0.179987 -4.456732
v 7.703626 0.182155 -4.471326
v 3.796869 0.192008 -4.472407
v 3.836994 0.106827 -4.025313
v 4.004384 0.084030 -3.683593
v 4.346366 0.083642 -3.515881
v 4.794818 0.083642 -3.475492
v 5.273423 0.083642 -3.475445
v 5.749915 0.083642 -3.475445
v 6.226406 0.083642 -3.475445
v 6.705011 0.083642 -3.475492
v 7.153463 0.083642 -3.515881
v 7.495446 0.084030 -3.683593
v 7.662836 0.106827 -4.025313
v 7.703360 0.191528 -4.476092
v 7.703424 0.107480 -4.960839
v 7.703424 0.097064 -5.535473
v 3.796405 0.097064 -5.535473
v 3.796405 0.107480 -4.960839
v 3.796405 0.188946 -4.484151
v 3.796405 0.456608 -4.445777
v 3.796649 0.701532 -4.285739
v 3.838481 0.834955 -3.989511
v 4.008151 0.870448 -3.685894
v 4.352390 0.871137 -3.538733
v 4.833622 0.871136 -3.588579
v 4.900093 0.871137 -3.883709
v 5.015477 0.871137 -4.197136
v 5.207047 0.871137 -4.496920
v 5.462168 0.871137 -4.720581
v 5.749915 0.871137 -4.803592
v 6.037663 0.871137 -4.720581
v 6.292783 0.871137 -4.496920
v 6.484353 0.871137 -4.197136
v 6.599737 0.871137 -3.883709
v 6.666207 0.871136 -3.588579
v 7.147439 0.871137 -3.538733
v 7.491679 0.870448 -3.685894
v 7.661348 0.834955 -3.989511
v 7.703180 0.701532 -4.285739
v 7.703424 0.456608 -4.445777
v 7.703424 0.184395 -4.486407
v 3.891716 0.189329 -4.481277
v 3.928821 0.106827 -4.050799
v 4.071794 0.087946 -3.750842
v 4.371721 0.088336 -3.607624
v 4.799013 0.088336 -3.570581
v 5.273423 0.088336 -3.570627
v 5.749915 0.088336 -3.570627
v 6.226406 0.088336 -3.570627
v 6.700817 0.088336 -3.570581
v 7.128109 0.088336 -3.607624
v 7.571009 0.106827 -4.050799
v 7.608165 0.190082 -4.480283
v 7.608134 0.106223 -4.960719
v 7.608134 0.095803 -5.535532
v 3.891695 0.095803 -5.535532
v 3.891695 0.106223 -4.960719
v 3.891695 0.188064 -4.483247
v 3.891695 0.456160 -4.444596
v 3.891704 0.695353 -4.288588
v 3.928469 0.816560 -4.014920
v 4.772681 0.843184 -3.656303
v 4.812364 0.843184 -3.908287
v 4.933886 0.843184 -4.237673
v 5.138013 0.843184 -4.556373
v 5.418619 0.843184 -4.800605
v 5.749915 0.843184 -4.894699
v 6.081211 0.843184 -4.800605
v 6.361817 0.843184 -4.556373
v 6.565944 0.843184 -4.237673
v 6.687466 0.843184 -3.908287
v 6.727149 0.843184 -3.656303
v 7.133235 0.843184 -3.628725
v 7.429407 0.843920 -3.752978
v 7.608126 0.695353 -4.288588
v 7.608134 0.456160 -4.444596
v 7.608134 0.184210 -4.485158
v 3.799851 0.206402 -4.469921
v 3.807183 0.219255 -4.468111
v 3.818148 0.229310 -4.467156
v 3.831672 0.235582 -4.467150
v 3.846432 0.237459 -4.468091
v 3.860982 0.234755 -4.469890
v 3.873898 0.227735 -4.472369
v 3.883916 0.217087 -4.475286
v 3.890056 0.203853 -4.478355
v 3.839733 0.121436 -4.024164
v 3.846698 0.134615 -4.024374
v 3.857208 0.145073 -4.025924
v 3.870234 0.151789 -4.028662
v 3.884500 0.154102 -4.032319
v 3.898610 0.151789 -4.036538
v 3.911183 0.145073 -4.040905
v 3.920988 0.134615 -4.044993
v 3.927066 0.121436 -4.048403
v 4.005927 0.098831 -3.684489
v 4.010619 0.112375 -3.688589
v 4.018000 0.123335 -3.695491
v 4.027347 0.130640 -3.704520
v 4.037745 0.133574 -3.714791
v 4.048177 0.131850 -3.725300
v 4.057622 0.125637 -3.735018
v 4.065155 0.115542 -3.742994
v 4.070038 0.102555 -3.748446
v 4.346794 0.098463 -3.517427
v 4.348420 0.112064 -3.523312
v 4.351087 0.123112 -3.532960
v 4.354531 0.130526 -3.545426
v 4.358418 0.133580 -3.559490
v 4.362367 0.131976 -3.573776
v 4.365990 0.125871 -3.586885
v 4.368932 0.115861 -3.597534
v 4.370907 0.102928 -3.604680
v 4.794889 0.098463 -3.477094
v 4.795158 0.112064 -3.483194
v 4.795599 0.123112 -3.493193
v 4.796169 0.130526 -3.506114
v 4.796812 0.133580 -3.520692
v 4.797465 0.131976 -3.535499
v 4.798065 0.125871 -3.549086
v 4.798552 0.115861 -3.560123
v 4.798879 0.102928 -3.567530
v 5.273423 0.098463 -3.477049
v 5.273423 0.112064 -3.483154
v 5.273423 0.123112 -3.493164
v 5.273423 0.130526 -3.506097
v 5.273423 0.133580 -3.520689
v 5.273423 0.131976 -3.535511
v 5.273423 0.125871 -3.549111
v 5.273423 0.115861 -3.560159
v 5.273423 0.102928 -3.567573
v 5.749915 0.098463 -3.477049
v 5.749915 0.112064 -3.483154
v 5.749915 0.123112 -3.493164
v 5.749915 0.130526 -3.506097
v 5.749915 0.133580 -3.520689
v 5.749915 0.131976 -3.535511
v 5.749915 0.125871 -3.549111
v 5.749915 0.115861 -3.560159
v 5.749915 0.102928 -3.567573
v 6.226406 0.098463 -3.477049
v 6.226406 0.112064 -3.483154
v 6.226406 0.123112 -3.493164
v 6.226406 0.130526 -3.506097
v 6.226406 0.133580 -3.520689
v 6.226406 0.131976 -3.535511
v 6.226406 0.125871 -3.549111
v 6.226406 0.115861 -3.560159
v 6.226406 0.102928 -3.567573
v 6.704941 0.098463 -3.477094
v 6.704671 0.112064 -3.483194
v 6.704231 0.123112 -3.493193
v 6.703660 0.130526 -3.506114
v 6.703018 0.133580 -3.520692
v 6.702364 0.131976 -3.535499
v 6.701765 0.125871 -3.549086
v 6.701278 0.115861 -3.560123
v 6.700951 0.102928 -3.567530
v 7.153036 0.098463 -3.517427
v 7.151409 0.112064 -3.523312
v 7.148743 0.123112 -3.532960
v 7.145298 0.130526 -3.545426
v 7.141411 0.133580 -3.559490
v 7.137463 0.131976 -3.573776
v 7.133840 0.125871 -3.586885
v 7.130897 0.115861 -3.597534
v 7.128923 0.102928 -3.604680
v 7.493903 0.098831 -3.684489
v 7.489211 0.112375 -3.688589
v 7.481831 0.123335 -3.695491
v 7.472483 0.130640 -3.704520
v 7.462085 0.133574 -3.714791
v 7.451653 0.131850 -3.725300
v 7.442208 0.125637 -3.735018
v 7.434675 0.115542 -3.742994
v 7.429791 0.102555 -3.748446
v 7.428036 0.087946 -3.750842
v 7.660097 0.121436 -4.024164
v 7.653131 0.134615 -4.024374
v 7.642622 0.145073 -4.025924
v 7.629597 0.151789 -4.028662
v 7.615330 0.154102 -4.032319
v 7.601220 0.151789 -4.036538
v 7.588647 0.145073 -4.040905
v 7.578841 0.134615 -4.044993
v 7.572764 0.121436 -4.048403
v 7.700801 0.206215 -4.476089
v 7.693835 0.219393 -4.476292
v 7.683142 0.229773 -4.476681
v 7.669768 0.236339 -4.477216
v 7.655023 0.238447 -4.477847
v 7.640351 0.235892 -4.478511
v 7.627187 0.228923 -4.479144
v 7.616820 0.218223 -4.479683
v 7.610266 0.204840 -4.480075
v 7.700897 0.122105 -4.962237
v 7.693954 0.135238 -4.963492
v 7.683273 0.145592 -4.964482
v 7.669901 0.152153 -4.965109
v 7.655148 0.154280 -4.965312
v 7.640455 0.151764 -4.965072
v 7.627263 0.144852 -4.964412
v 7.616862 0.134221 -4.963395
v 7.610271 0.120910 -4.962123
v 7.700897 0.111741 -5.534790
v 7.693954 0.124919 -5.534176
v 7.683273 0.135308 -5.533691
v 7.669901 0.141892 -5.533385
v 7.655148 0.144027 -5.533285
v 7.640455 0.141502 -5.533403
v 7.627263 0.134566 -5.533726
v 7.616862 0.123898 -5.534223
v 7.610271 0.110541 -5.534846
v 3.798933 0.111741 -5.534790
v 3.805876 0.124919 -5.534176
v 3.816556 0.135308 -5.533691
v 3.829928 0.141892 -5.533385
v 3.844682 0.144027 -5.533285
v 3.859374 0.141502 -5.533403
v 3.872566 0.134566 -5.533726
v 3.882967 0.123898 -5.534223
v 3.889559 0.110541 -5.534845
v 3.798933 0.122105 -4.962237
v 3.805876 0.135238 -4.963492
v 3.816556 0.145592 -4.964482
v 3.829928 0.152153 -4.965109
v 3.844682 0.154280 -4.965312
v 3.859374 0.151764 -4.965072
v 3.872566 0.144852 -4.964412
v 3.882967 0.134221 -4.963395
v 3.889559 0.120910 -4.962123
v 3.798933 0.199204 -4.494669
v 3.805876 0.208415 -4.504113
v 3.816556 0.215678 -4.511559
v 3.829928 0.220280 -4.516278
v 3.844682 0.221772 -4.517807
v 3.859374 0.220007 -4.515998
v 3.872566 0.215159 -4.511027
v 3.882967 0.207702 -4.503382
v 3.889559 0.198366 -4.493809
v 3.798933 0.461820 -4.459514
v 3.805876 0.466501 -4.471848
v 3.816556 0.470191 -4.481572
v 3.829928 0.472529 -4.487734
v 3.844682 0.473288 -4.489732
v 3.859374 0.472391 -4.487370
v 3.872566 0.469927 -4.480878
v 3.882967 0.466138 -4.470892
v 3.889559 0.461394 -4.458390
v 3.799414 0.712550 -4.295394
v 3.806561 0.722186 -4.304243
v 3.817389 0.729499 -4.311420
v 3.830840 0.733771 -4.316223
v 3.845597 0.734585 -4.318182
v 3.860214 0.731862 -4.317103
v 3.873261 0.725867 -4.313095
v 3.883462 0.717187 -4.306548
v 3.889817 0.706673 -4.298103
v 3.842272 0.848445 -3.994600
v 3.850096 0.859715 -4.000434
v 3.861187 0.867660 -4.006443
v 3.874460 0.871504 -4.012037
v 3.888615 0.870869 -4.016671
v 3.902268 0.865819 -4.019889
v 3.914080 0.856847 -4.021378
v 3.922897 0.844832 -4.020990
v 3.927855 0.830950 -4.018765
v 4.011884 0.883921 -3.691070
v 4.018299 0.894777 -3.699022
v 4.026769 0.901953 -3.708973
v 4.036464 0.904747 -3.719948
v 4.046434 0.902885 -3.730873
v 4.055706 0.896549 -3.740678
v 4.063371 0.886360 -3.748404
v 4.068678 0.873315 -3.753294
v 4.071108 0.858692 -3.754870
v 4.070423 0.843920 -3.752978
v 4.353411 0.884529 -3.545201
v 4.355027 0.895243 -3.555440
v 4.357080 0.902229 -3.568449
v 4.359370 0.904803 -3.582954
v 4.361671 0.902714 -3.597534
v 4.363759 0.896165 -3.610763
v 4.365429 0.885799 -3.621346
v 4.366518 0.872629 -3.628246
v 4.366920 0.857945 -3.630789
v 4.366594 0.843184 -3.628725
v 4.829242 0.884529 -3.593447
v 4.822309 0.895243 -3.601153
v 4.813499 0.902229 -3.610942
v 4.803677 0.904803 -3.621858
v 4.793803 0.902714 -3.632830
v 4.784845 0.896165 -3.642786
v 4.777678 0.885799 -3.650750
v 4.773005 0.872629 -3.655943
v 4.771283 0.857945 -3.657856
v 4.893787 0.884529 -3.885476
v 4.883805 0.895243 -3.888272
v 4.871123 0.902229 -3.891825
v 4.856984 0.904803 -3.895786
v 4.842770 0.902714 -3.899768
v 4.829874 0.896165 -3.903381
v 4.819558 0.885799 -3.906271
v 4.812830 0.872629 -3.908156
v 4.810352 0.857945 -3.908851
v 5.009612 0.884529 -4.200049
v 5.000329 0.895243 -4.204662
v 4.988534 0.902229 -4.210522
v 4.975384 0.904803 -4.217055
v 4.962164 0.902714 -4.223623
v 4.950171 0.896165 -4.229582
v 4.940576 0.885799 -4.234349
v 4.934319 0.872629 -4.237457
v 4.932014 0.857945 -4.238603
v 5.202085 0.884529 -4.501193
v 5.194230 0.895243 -4.507957
v 5.184251 0.902229 -4.516552
v 5.173124 0.904803 -4.526134
v 5.161940 0.902714 -4.535766
v 5.151792 0.896166 -4.544506
v 5.143673 0.885799 -4.551497
v 5.138380 0.872629 -4.556056
v 5.136429 0.857945 -4.557736
v 5.459038 0.884529 -4.726333
v 5.454082 0.895243 -4.735438
v 5.447787 0.902229 -4.747006
v 5.440768 0.904803 -4.759904
v 5.433713 0.902714 -4.772869
v 5.427311 0.896165 -4.784633
v 5.422190 0.885799 -4.794044
v 5.418851 0.872629 -4.800179
v 5.417620 0.857945 -4.802441
v 5.749915 0.884529 -4.810141
v 5.749915 0.895243 -4.820507
v 5.749915 0.902229 -4.833676
v 5.749915 0.904803 -4.848361
v 5.749915 0.902714 -4.863122
v 5.749915 0.896165 -4.876514
v 5.749915 0.885799 -4.887228
v 5.749915 0.872629 -4.894214
v 5.749915 0.857945 -4.896788
v 6.040792 0.884529 -4.726333
v 6.045747 0.895243 -4.735438
v 6.052043 0.902229 -4.747006
v 6.059062 0.904803 -4.759904
v 6.066117 0.902714 -4.772869
v 6.072519 0.896165 -4.784633
v 6.077640 0.885799 -4.794044
v 6.080979 0.872629 -4.800179
v 6.082210 0.857945 -4.802441
v 6.297745 0.884529 -4.501193
v 6.305599 0.895243 -4.507957
v 6.315579 0.902229 -4.516552
v 6.326705 0.904803 -4.526134
v 6.337890 0.902714 -4.535766
v 6.348038 0.896165 -4.544506
v 6.356156 0.885799 -4.551497
v 6.361450 0.872629 -4.556056
v 6.363400 0.857945 -4.557736
v 6.490218 0.884529 -4.200049
v 6.499501 0.895243 -4.204662
v 6.511296 0.902229 -4.210522
v 6.524446 0.904803 -4.217055
v 6.537665 0.902714 -4.223623
v 6.549659 0.896165 -4.229582
v 6.559254 0.885799 -4.234349
v 6.565510 0.872629 -4.237457
v 6.567815 0.857945 -4.238603
v 6.606043 0.884529 -3.885476
v 6.616025 0.895243 -3.888272
v 6.628706 0.902229 -3.891825
v 6.642846 0.904803 -3.895786
v 6.657060 0.902714 -3.899768
v 6.669956 0.896165 -3.903381
v 6.680273 0.885799 -3.906271
v 6.686999 0.872629 -3.908156
v 6.689478 0.857945 -3.908851
v 6.670588 0.884529 -3.593447
v 6.677521 0.895243 -3.601153
v 6.686331 0.902229 -3.610942
v 6.696153 0.904803 -3.621858
v 6.706027 0.902714 -3.632830
v 6.714985 0.896165 -3.642786
v 6.722151 0.885799 -3.650750
v 6.726824 0.872629 -3.655943
v 6.728547 0.857945 -3.657856
v 7.146418 0.884529 -3.545201
v 7.144802 0.895243 -3.555440
v 7.142749 0.902229 -3.568449
v 7.140460 0.904803 -3.582954
v 7.138158 0.902714 -3.597534
v 7.136070 0.896165 -3.610763
v 7.134400 0.885799 -3.621346
v 7.133311 0.872629 -3.628246
v 7.132910 0.857945 -3.630789
v 7.487946 0.883921 -3.691070
v 7.481531 0.894777 -3.699022
v 7.473061 0.901953 -3.708973
v 7.463366 0.904747 -3.719948
v 7.453395 0.902885 -3.730873
v 7.444123 0.896549 -3.740678
v 7.436459 0.886360 -3.748404
v 7.431152 0.873315 -3.753294
v 7.428722 0.858692 -3.754870
v 7.657557 0.848445 -3.994600
v 7.649734 0.859715 -4.000434
v 7.638642 0.867660 -4.006443
v 7.625370 0.871504 -4.012037
v 7.611214 0.870869 -4.016671
v 7.597562 0.865819 -4.019889
v 7.585749 0.856847 -4.021378
v 7.576932 0.844832 -4.020990
v 7.571975 0.830950 -4.018765
v 7.571361 0.816559 -4.014920
v 7.700416 0.712550 -4.295394
v 7.693269 0.722186 -4.304243
v 7.682440 0.729499 -4.311420
v 7.668990 0.733771 -4.316223
v 7.654233 0.734585 -4.318182
v 7.639616 0.731862 -4.317103
v 7.626569 0.725867 -4.313095
v 7.616368 0.717187 -4.306548
v 7.610013 0.706673 -4.298103
v 7.700897 0.461820 -4.459514
v 7.693954 0.466501 -4.471848
v 7.683273 0.470191 -4.481572
v 7.669901 0.472529 -4.487734
v 7.655148 0.473288 -4.489732
v 7.640455 0.472391 -4.487370
v 7.627263 0.469927 -4.480878
v 7.616862 0.466138 -4.470892
v 7.610271 0.461394 -4.458390
v 7.700897 0.186554 -4.500940
v 7.693954 0.188492 -4.513988
v 7.683273 0.190021 -4.524277
v 7.669901 0.190989 -4.530797
v 7.655148 0.191303 -4.532910
v 7.640455 0.190932 -4.530411
v 7.627263 0.189912 -4.523542
v 7.616862 0.188342 -4.512978
v 7.610271 0.186377 -4.499752
v 6.702999 0.842248 -3.573775
v 6.702617 0.827524 -3.576076
v 6.701507 0.814241 -3.582752
v 6.699777 0.803699 -3.593151
v 6.697598 0.796931 -3.606254
v 6.695182 0.794599 -3.620779
v 6.692767 0.796931 -3.635304
v 6.690587 0.803699 -3.648407
v 6.688858 0.814241 -3.658805
v 6.687747 0.827524 -3.665482
v 6.687365 0.842248 -3.667782
v 6.231294 0.842248 -3.495420
v 6.231055 0.827524 -3.497739
v 6.230360 0.814241 -3.504471
v 6.229279 0.803699 -3.514957
v 6.227917 0.796931 -3.528170
v 6.226406 0.794599 -3.542817
v 6.224896 0.796931 -3.557464
v 6.223534 0.803699 -3.570677
v 6.222452 0.814241 -3.581163
v 6.221758 0.827524 -3.587895
v 6.221519 0.842248 -3.590215
v 5.749915 0.842248 -3.475762
v 5.749915 0.827524 -3.478095
v 5.749915 0.814241 -3.484863
v 5.749915 0.803699 -3.495404
v 5.749915 0.796931 -3.508687
v 5.749915 0.794599 -3.523412
v 5.749915 0.796931 -3.538136
v 5.749915 0.803699 -3.551419
v 5.749915 0.814241 -3.561961
v 5.749915 0.827524 -3.568729
v 5.749915 0.842248 -3.571061
v 5.268536 0.842248 -3.495420
v 5.268775 0.827524 -3.497739
v 5.269469 0.814241 -3.504471
v 5.270551 0.803699 -3.514957
v 5.271913 0.796931 -3.528170
v 5.273423 0.794599 -3.542817
v 5.274934 0.796931 -3.557464
v 5.276296 0.803699 -3.570677
v 5.277378 0.814241 -3.581163
v 5.278072 0.827524 -3.587895
v 5.278311 0.842248 -3.590215
v 4.796831 0.842248 -3.573775
v 4.797213 0.827524 -3.576076
v 4.798324 0.814241 -3.582752
v 4.800053 0.803699 -3.593151
v 4.802232 0.796931 -3.606254
v 4.804647 0.794599 -3.620779
v 4.807063 0.796931 -3.635304
v 4.809242 0.803699 -3.648407
v 4.810972 0.814241 -3.658805
v 4.812082 0.827524 -3.665482
v 4.812465 0.842248 -3.667782
v 6.687365 0.857496 -3.667782
v 6.221519 0.857496 -3.590215
v 5.749915 0.857496 -3.571061
v 5.278311 0.857496 -3.590215
v 4.812465 0.857496 -3.667782
v 6.702999 0.857496 -3.573775
v 6.231294 0.857496 -3.495420
v 5.749915 0.857496 -3.475762
v 5.268536 0.857496 -3.495420
v 4.796831 0.857496 -3.573775
v 6.687748 0.872220 -3.665482
v 6.688858 0.885503 -3.658805
v 6.690587 0.896045 -3.648407
v 6.692767 0.902813 -3.635304
v 6.695182 0.905145 -3.620779
v 6.697598 0.902813 -3.606254
v 6.699777 0.896045 -3.593151
v 6.701507 0.885503 -3.582752
v 6.702617 0.872220 -3.576076
v 6.221758 0.872220 -3.587895
v 6.222452 0.885503 -3.581163
v 6.223534 0.896045 -3.570677
v 6.224896 0.902813 -3.557464
v 6.226406 0.905145 -3.542817
v 6.227917 0.902813 -3.528170
v 6.229279 0.896045 -3.514957
v 6.230360 0.885503 -3.504471
v 6.231055 0.872220 -3.497739
v 5.749915 0.872220 -3.568729
v 5.749915 0.885503 -3.561961
v 5.749915 0.896045 -3.551419
v 5.749915 0.902813 -3.538136
v 5.749915 0.905145 -3.523412
v 5.749915 0.902813 -3.508687
v 5.749915 0.896045 -3.495404
v 5.749915 0.885503 -3.484863
v 5.749915 0.872220 -3.478095
v 5.278072 0.872220 -3.587895
v 5.277378 0.885503 -3.581163
v 5.276296 0.896045 -3.570677
v 5.274934 0.902813 -3.557464
v 5.273423 0.905145 -3.542817
v 5.271913 0.902813 -3.528170
v 5.270551 0.896045 -3.514957
v 5.269469 0.885503 -3.504471
v 5.268775 0.872220 -3.497739
v 4.812082 0.872220 -3.665482
v 4.810972 0.885503 -3.658805
v 4.809242 0.896045 -3.648407
v 4.807063 0.902813 -3.635304
v 4.804647 0.905145 -3.620779
v 4.802232 0.902813 -3.606254
v 4.800053 0.896045 -3.593151
v 4.798324 0.885503 -3.582752
v 4.797213 0.872220 -3.576076
v 5.755613 0.028486 -4.441753
v 6.097634 0.028486 -4.502061
v 6.398400 0.028486 -4.675709
v 6.621639 0.028486 -4.941753
v 6.740421 0.028486 -5.268106
v 6.740421 0.028486 -5.615402
v 6.621639 0.028486 -5.941753
v 6.398400 0.028486 -6.207798
v 6.097634 0.028486 -6.381446
v 5.755613 0.028486 -6.441753
v 5.413593 0.028486 -6.381446
v 5.112825 0.028486 -6.207798
v 4.889588 0.028486 -5.941753
v 4.770805 0.028486 -5.615402
v 4.770805 0.028486 -5.268106
v 4.889587 0.028486 -4.941754
v 5.112825 0.028486 -4.675710
v 5.413592 0.028486 -4.502061
v 5.755613 0.313904 -4.551765
v 6.060007 0.313904 -4.605438
v 6.327687 0.313904 -4.759983
v 6.526366 0.313904 -4.996759
v 6.632081 0.313904 -5.287209
v 6.632081 0.313904 -5.596299
v 6.526366 0.313904 -5.886747
v 6.327687 0.313904 -6.123524
v 6.060007 0.313904 -6.278069
v 5.755613 0.313904 -6.331742
v 5.451219 0.313904 -6.278069
v 5.183540 0.313904 -6.123525
v 4.984860 0.313904 -5.886748
v 4.879146 0.313904 -5.596299
v 4.879146 0.313904 -5.287209
v 4.984860 0.313904 -4.996760
v 5.183539 0.313904 -4.759983
v 5.451219 0.313904 -4.605438
v 5.755613 0.557280 -4.859780
v 5.954660 0.557280 -4.894877
v 6.129698 0.557280 -4.995936
v 6.259617 0.557280 -5.150767
v 6.328745 0.557280 -5.340695
v 6.328745 0.557280 -5.542812
v 6.259617 0.557280 -5.732740
v 6.129698 0.557280 -5.887571
v 5.954660 0.557280 -5.988630
v 5.755613 0.557280 -6.023727
v 5.556567 0.557280 -5.988630
v 5.381528 0.557280 -5.887571
v 5.251609 0.557280 -5.732740
v 5.182481 0.557280 -5.542812
v 5.182481 0.557280 -5.340695
v 5.251609 0.557280 -5.150767
v 5.381527 0.557280 -4.995936
v 5.556566 0.557280 -4.894877
v 0.377806 -0.163039 -8.012039
v -9.575310 -0.163039 -8.012039
v -9.575310 -0.163039 -2.515522
v 10.330923 -0.163039 -8.012039
v 10.330923 -0.163039 -2.515522
v 0.377806 -0.163039 2.980996
v -9.575310 -0.163039 2.980996
v 10.330923 -0.163039 2.980996
vn -0.9343 -0.3263 -0.1435
vn -0.9037 -0.3154 -0.2897
vn -0.9585 -0.0814 -0.2733
vn -0.9892 -0.1019 -0.1050
vn -0.7814 -0.5968 -0.1823
vn -0.7537 -0.5918 -0.2858
vn -0.5506 -0.8097 -0.2030
vn -0.5296 -0.8095 -0.2534
vn -0.2645 -0.9427 -0.2033
vn -0.2537 -0.9474 -0.1951
vn 0.0477 -0.9819 -0.1831
vn 0.0464 -0.9920 -0.1169
vn 0.3542 -0.9239 -0.1445
vn 0.3410 -0.9397 -0.0273
vn 0.6243 -0.7757 -0.0918
vn 0.6010 -0.7966 0.0646
vn 0.8327 -0.5529 -0.0304
vn 0.8021 -0.5781 0.1497
vn 0.9602 -0.2774 0.0336
vn 0.9261 -0.3062 0.2202
vn 0.9955 -0.0516 0.0797
vn 0.9622 -0.0802 0.2601
vn -0.6703 -0.2895 -0.6832
vn -0.7054 -0.0432 -0.7074
vn -0.5621 -0.5815 -0.5881
vn -0.3979 -0.8079 -0.4346
vn -0.1977 -0.9501 -0.2414
vn 0.0180 -0.9994 -0.0281
vn 0.2301 -0.9552 0.1861
vn 0.4206 -0.8224 0.3829
vn 0.5726 -0.6125 0.5448
vn 0.6717 -0.3436 0.6563
vn 0.7047 -0.1187 0.6995
vn -0.2540 -0.2644 -0.9303
vn -0.2628 -0.0286 -0.9644
vn -0.2203 -0.5534 -0.8032
vn -0.1641 -0.7867 -0.5950
vn -0.0906 -0.9405 -0.3274
vn -0.0074 -0.9995 -0.0284
vn 0.0764 -0.9595 0.2710
vn 0.1523 -0.8267 0.5417
vn 0.2128 -0.6159 0.7585
vn 0.2528 -0.3483 0.9026
vn 0.2674 -0.1262 0.9553
vn -0.0417 -0.2620 -0.9641
vn -0.0431 -0.0292 -0.9986
vn -0.0363 -0.5478 -0.8357
vn -0.0273 -0.7801 -0.6250
vn -0.0154 -0.9357 -0.3524
vn -0.0020 -0.9990 -0.0450
vn 0.0119 -0.9637 0.2665
vn 0.0246 -0.8341 0.5511
vn 0.0350 -0.6234 0.7811
vn 0.0420 -0.3529 0.9347
vn 0.0446 -0.1267 0.9909
vn 0.0000 -0.2617 -0.9651
vn 0.0000 -0.0292 -0.9995
vn 0.0000 -0.5471 -0.8370
vn 0.0000 -0.7790 -0.6270
vn 0.0000 -0.9346 -0.3555
vn 0.0000 -0.9988 -0.0493
vn 0.0000 -0.9651 0.2618
vn 0.0000 -0.8369 0.5473
vn 0.0000 -0.6268 0.7791
vn 0.0000 -0.3554 0.9347
vn 0.0000 -0.1274 0.9918
vn 0.0000 -0.2618 -0.9651
vn 0.0000 -0.5472 -0.8370
vn 0.0000 -0.7791 -0.6269
vn 0.0000 -0.9347 -0.3555
vn 0.0000 -0.9988 -0.0492
vn 0.0000 -0.8370 0.5472
vn 0.0000 -0.6269 0.7791
vn 0.0000 -0.3555 0.9347
vn 0.0417 -0.2620 -0.9641
vn 0.0432 -0.0292 -0.9986
vn 0.0363 -0.5478 -0.8357
vn 0.0273 -0.7801 -0.6250
vn 0.0154 -0.9357 -0.3524
vn 0.0020 -0.9990 -0.0450
vn -0.0119 -0.9637 0.2665
vn -0.0246 -0.8341 0.5511
vn -0.0350 -0.6234 0.7811
vn -0.0420 -0.3529 0.9347
vn -0.0446 -0.1267 0.9909
vn 0.2540 -0.2644 -0.9303
vn 0.2628 -0.0287 -0.9644
vn 0.2203 -0.5534 -0.8032
vn 0.1641 -0.7867 -0.5950
vn 0.0906 -0.9405 -0.3274
vn 0.0074 -0.9995 -0.0284
vn -0.0764 -0.9595 0.2710
vn -0.1523 -0.8267 0.5417
vn -0.2128 -0.6159 0.7585
vn -0.2528 -0.3483 0.9026
vn -0.2674 -0.1262 0.9553
vn 0.6703 -0.2895 -0.6832
vn 0.7054 -0.0432 -0.7074
vn 0.5621 -0.5815 -0.5881
vn 0.3979 -0.8079 -0.4346
vn 0.1977 -0.9501 -0.2414
vn -0.0180 -0.9994 -0.0281
vn -0.2301 -0.9552 0.1861
vn -0.4206 -0.8224 0.3829
vn -0.5726 -0.6125 0.5448
vn -0.6717 -0.3437 0.6563
vn -0.7047 -0.1187 0.6995
vn 0.9045 -0.3131 -0.2896
vn 0.9589 -0.0783 -0.2728
vn 0.7550 -0.5900 -0.2862
vn 0.5319 -0.8078 -0.2541
vn 0.2575 -0.9461 -0.1962
vn -0.0412 -0.9921 -0.1184
vn -0.3352 -0.9417 -0.0290
vn -0.5961 -0.8004 0.0629
vn -0.7990 -0.5828 0.1483
vn -0.9249 -0.3106 0.2192
vn -0.9621 -0.0838 0.2593
vn 0.9505 -0.3075 -0.0437
vn 0.9954 -0.0854 -0.0439
vn 0.8068 -0.5894 -0.0399
vn 0.5794 -0.8144 -0.0320
vn 0.2905 -0.9566 -0.0204
vn -0.0286 -0.9995 -0.0064
vn -0.3430 -0.9393 0.0085
vn -0.6194 -0.7847 0.0225
vn -0.8316 -0.5543 0.0338
vn -0.9613 -0.2724 0.0416
vn -0.9976 -0.0523 0.0447
vn 0.9441 -0.3281 0.0317
vn 0.9953 -0.0959 0.0093
vn 0.7967 -0.6015 0.0581
vn 0.5730 -0.8158 0.0787
vn 0.2946 -0.9512 0.0917
vn -0.0117 -0.9953 0.0959
vn -0.3173 -0.9439 0.0909
vn -0.5932 -0.8014 0.0770
vn -0.8123 -0.5806 0.0557
vn -0.9527 -0.3024 0.0290
vn -0.9976 -0.0684 0.0065
vn 0.9446 -0.3280 0.0060
vn 0.9955 -0.0951 0.0017
vn 0.7973 -0.6034 0.0110
vn 0.5730 -0.8194 0.0149
vn 0.2939 -0.9557 0.0174
vn -0.0131 -0.9997 0.0182
vn -0.3189 -0.9476 0.0172
vn -0.5944 -0.8040 0.0146
vn -0.8130 -0.5821 0.0106
vn -0.9530 -0.3029 0.0055
vn -0.9976 -0.0686 0.0012
vn -0.9446 -0.3280 0.0060
vn -0.9395 -0.3405 0.0353
vn -0.9949 -0.0997 0.0102
vn -0.9955 -0.0951 0.0017
vn -0.7973 -0.6034 0.0110
vn -0.7840 -0.6174 0.0646
vn -0.5730 -0.8194 0.0149
vn -0.5564 -0.8264 0.0869
vn -0.2939 -0.9557 0.0174
vn -0.2827 -0.9539 0.1004
vn 0.0131 -0.9997 0.0182
vn 0.0126 -0.9944 0.1047
vn 0.3189 -0.9476 0.0172
vn 0.3070 -0.9465 0.0996
vn 0.5944 -0.8040 0.0146
vn 0.5777 -0.8118 0.0853
vn 0.8130 -0.5821 0.0106
vn 0.8003 -0.5963 0.0624
vn 0.9530 -0.3029 0.0055
vn 0.9486 -0.3148 0.0326
vn 0.9976 -0.0686 0.0012
vn 0.9973 -0.0721 0.0074
vn -0.9388 -0.2408 0.2462
vn -0.9938 -0.0772 0.0794
vn -0.8011 -0.4192 0.4271
vn -0.5866 -0.5680 0.5773
vn -0.3059 -0.6682 0.6781
vn 0.0138 -0.7020 0.7121
vn 0.3316 -0.6621 0.6720
vn 0.6075 -0.5571 0.5662
vn 0.8158 -0.4050 0.4128
vn 0.9468 -0.2249 0.2300
vn 0.9962 -0.0606 0.0623
vn -0.9478 -0.1130 0.2983
vn -0.9960 -0.0317 0.0834
vn -0.7968 -0.2164 0.5641
vn -0.5689 -0.2982 0.7664
vn -0.2907 -0.3501 0.8904
vn 0.0122 -0.3675 0.9299
vn 0.3152 -0.3482 0.8828
vn 0.5924 -0.2933 0.7503
vn 0.8160 -0.2077 0.5394
vn 0.9584 -0.1007 0.2669
vn 0.9986 -0.0178 0.0501
vn -0.9482 -0.2766 0.1559
vn -0.9933 -0.1153 0.0123
vn -0.8037 -0.4838 0.3464
vn -0.5741 -0.6454 0.5037
vn -0.2808 -0.7414 0.6095
vn 0.0439 -0.7580 0.6507
vn 0.3622 -0.6932 0.6231
vn 0.6383 -0.5565 0.5319
vn 0.8453 -0.3661 0.3891
vn 0.9670 -0.1435 0.2105
vn 0.9971 0.0212 0.0729
vn -0.8692 -0.4676 -0.1607
vn -0.9358 -0.2559 -0.2423
vn -0.6995 -0.7136 -0.0363
vn -0.4567 -0.8848 0.0921
vn -0.1689 -0.9626 0.2116
vn 0.1321 -0.9414 0.3102
vn 0.4158 -0.8272 0.3779
vn 0.6565 -0.6344 0.4081
vn 0.8335 -0.3828 0.3983
vn 0.9318 -0.0959 0.3500
vn 0.9483 0.1206 0.2936
vn -0.5682 -0.5776 -0.5861
vn -0.6390 -0.3578 -0.6809
vn -0.4255 -0.8066 -0.4102
vn -0.2436 -0.9499 -0.1958
vn -0.0416 -0.9985 0.0344
vn 0.1622 -0.9521 0.2589
vn 0.3506 -0.8168 0.4581
vn 0.5069 -0.6046 0.6144
vn 0.6161 -0.3344 0.7132
vn 0.6668 -0.0314 0.7446
vn 0.6629 0.2003 0.7214
vn -0.1307 -0.5644 -0.8151
vn -0.1510 -0.3540 -0.9230
vn -0.0936 -0.7943 -0.6002
vn -0.0485 -0.9472 -0.3168
vn -0.0004 -1.0000 0.0046
vn 0.0461 -0.9452 0.3232
vn 0.0875 -0.7947 0.6007
vn 0.1201 -0.5722 0.8112
vn 0.1411 -0.3043 0.9420
vn 0.1490 -0.0148 0.9887
vn 0.1459 0.2057 0.9677
vn 0.5118 -0.6492 -0.5626
vn 0.6124 -0.4185 -0.6706
vn 0.3451 -0.8572 -0.3821
vn 0.1600 -0.9708 -0.1785
vn -0.0282 -0.9991 0.0321
vn -0.2112 -0.9477 0.2391
vn -0.3809 -0.8180 0.4310
vn -0.5248 -0.6109 0.5928
vn -0.6250 -0.3354 0.7048
vn -0.6636 -0.0171 0.7479
vn -0.6454 0.2321 0.7277
vn 0.8079 -0.5494 -0.2132
vn 0.9067 -0.3483 -0.2375
vn 0.6059 -0.7790 -0.1614
vn 0.3360 -0.9375 -0.0906
vn 0.0250 -0.9997 -0.0064
vn -0.2883 -0.9540 0.0818
vn -0.5650 -0.8088 0.1631
vn -0.7773 -0.5864 0.2278
vn -0.9105 -0.3135 0.2695
vn -0.9585 -0.0158 0.2847
vn -0.9377 0.2085 0.2780
vn 0.7361 -0.5692 -0.3661
vn 0.8334 -0.3654 -0.4145
vn 0.5443 -0.7940 -0.2707
vn 0.2993 -0.9424 -0.1488
vn 0.0244 -0.9996 -0.0121
vn -0.2539 -0.9590 0.1261
vn -0.5080 -0.8235 0.2523
vn -0.7124 -0.6061 0.3536
vn -0.8462 -0.3279 0.4200
vn -0.8956 -0.0166 0.4444
vn -0.8741 0.2185 0.4338
vn 0.6236 -0.5669 -0.5382
vn 0.7050 -0.3642 -0.6085
vn 0.4624 -0.7918 -0.3991
vn 0.2558 -0.9412 -0.2207
vn 0.0232 -0.9995 -0.0200
vn -0.2128 -0.9597 0.1833
vn -0.4288 -0.8246 0.3690
vn -0.6026 -0.6069 0.5181
vn -0.7164 -0.3283 0.6156
vn -0.7584 -0.0166 0.6515
vn -0.7402 0.2184 0.6359
vn 0.3932 -0.5643 -0.7259
vn 0.4437 -0.3637 -0.8191
vn 0.2927 -0.7888 -0.5405
vn 0.1638 -0.9390 -0.3024
vn 0.0182 -0.9992 -0.0337
vn -0.1304 -0.9619 0.2400
vn -0.2676 -0.8288 0.4913
vn -0.3790 -0.6116 0.6944
vn -0.4526 -0.3314 0.8278
vn -0.4799 -0.0168 0.8772
vn -0.4681 0.2197 0.8559
vn 0.0000 -0.5645 -0.8254
vn 0.0000 -0.3650 -0.9310
vn 0.0000 -0.7882 -0.6154
vn 0.0000 -0.9379 -0.3468
vn 0.0000 -0.9990 -0.0439
vn 0.0000 -0.9640 0.2657
vn 0.0000 -0.8336 0.5523
vn 0.0000 -0.6176 0.7865
vn 0.0000 -0.3358 0.9419
vn 0.0000 -0.0171 0.9998
vn 0.0000 0.2221 0.9750
vn -0.3932 -0.5643 -0.7259
vn -0.4437 -0.3637 -0.8190
vn -0.2927 -0.7888 -0.5405
vn -0.1638 -0.9390 -0.3024
vn -0.0182 -0.9992 -0.0337
vn 0.1304 -0.9619 0.2400
vn 0.2676 -0.8288 0.4913
vn 0.3790 -0.6116 0.6944
vn 0.4526 -0.3314 0.8278
vn 0.4799 -0.0168 0.8772
vn 0.4681 0.2197 0.8559
vn -0.6236 -0.5669 -0.5382
vn -0.7050 -0.3643 -0.6085
vn -0.4624 -0.7918 -0.3991
vn -0.2558 -0.9412 -0.2207
vn -0.0232 -0.9995 -0.0200
vn 0.2128 -0.9597 0.1833
vn 0.4288 -0.8246 0.3690
vn 0.6026 -0.6069 0.5181
vn 0.7164 -0.3283 0.6156
vn 0.7585 -0.0166 0.6515
vn 0.7402 0.2184 0.6359
vn -0.7361 -0.5692 -0.3661
vn -0.8334 -0.3654 -0.4145
vn -0.5443 -0.7940 -0.2707
vn -0.2993 -0.9424 -0.1488
vn -0.0244 -0.9996 -0.0121
vn 0.2539 -0.9590 0.1261
vn 0.5080 -0.8235 0.2523
vn 0.7124 -0.6061 0.3536
vn 0.8462 -0.3279 0.4200
vn 0.8956 -0.0166 0.4444
vn 0.8741 0.2185 0.4338
vn -0.8079 -0.5494 -0.2132
vn -0.9067 -0.3483 -0.2375
vn -0.6059 -0.7790 -0.1614
vn -0.3360 -0.9375 -0.0906
vn -0.0250 -0.9997 -0.0064
vn 0.2883 -0.9540 0.0818
vn 0.5650 -0.8088 0.1631
vn 0.7773 -0.5864 0.2278
vn 0.9105 -0.3135 0.2695
vn 0.9585 -0.0158 0.2847
vn 0.9377 0.2085 0.2780
vn -0.5118 -0.6492 -0.5626
vn -0.6125 -0.4185 -0.6706
vn -0.3451 -0.8572 -0.3821
vn -0.1600 -0.9708 -0.1785
vn 0.0282 -0.9991 0.0321
vn 0.2112 -0.9477 0.2391
vn 0.3809 -0.8180 0.4310
vn 0.5248 -0.6109 0.5928
vn 0.6250 -0.3354 0.7049
vn 0.6636 -0.0171 0.7479
vn 0.6454 0.2321 0.7277
vn 0.1307 -0.5644 -0.8151
vn 0.1510 -0.3540 -0.9230
vn 0.0936 -0.7943 -0.6002
vn 0.0485 -0.9472 -0.3168
vn 0.0004 -1.0000 0.0046
vn -0.0461 -0.9452 0.3232
vn -0.0875 -0.7947 0.6007
vn -0.1201 -0.5722 0.8112
vn -0.1411 -0.3043 0.9420
vn -0.1490 -0.0148 0.9887
vn -0.1459 0.2057 0.9677
vn 0.5682 -0.5776 -0.5861
vn 0.6390 -0.3578 -0.6809
vn 0.4255 -0.8066 -0.4102
vn 0.2435 -0.9499 -0.1958
vn 0.0416 -0.9985 0.0344
vn -0.1622 -0.9521 0.2589
vn -0.3506 -0.8168 0.4581
vn -0.5069 -0.6046 0.6144
vn -0.6161 -0.3344 0.7132
vn -0.6668 -0.0314 0.7446
vn -0.6629 0.2002 0.7214
vn 0.8691 -0.4677 -0.1607
vn 0.9358 -0.2559 -0.2423
vn 0.6995 -0.7136 -0.0363
vn 0.4568 -0.8848 0.0921
vn 0.1689 -0.9626 0.2116
vn -0.1321 -0.9414 0.3102
vn -0.4158 -0.8272 0.3779
vn -0.6565 -0.6344 0.4081
vn -0.8335 -0.3828 0.3983
vn -0.9318 -0.0958 0.3500
vn -0.9483 0.1207 0.2936
vn 0.9482 -0.2766 0.1559
vn 0.9933 -0.1152 0.0123
vn 0.8037 -0.4838 0.3464
vn 0.5741 -0.6454 0.5037
vn 0.2808 -0.7414 0.6095
vn -0.0439 -0.7580 0.6507
vn -0.3622 -0.6932 0.6232
vn -0.6383 -0.5565 0.5319
vn -0.8453 -0.3661 0.3890
vn -0.9670 -0.1435 0.2105
vn -0.9971 0.0212 0.0729
vn 0.9522 -0.1082 0.2854
vn 0.9964 -0.0307 0.0793
vn 0.8104 -0.2064 0.5482
vn 0.5871 -0.2842 0.7579
vn 0.3033 -0.3341 0.8924
vn -0.0128 -0.3508 0.9363
vn -0.3287 -0.3322 0.8841
vn -0.6106 -0.2796 0.7410
vn -0.8289 -0.1981 0.5231
vn -0.9622 -0.0963 0.2548
vn -0.9987 -0.0170 0.0473
vn 0.9457 -0.0470 0.3216
vn 0.9957 -0.0135 0.0917
vn 0.7977 -0.0867 0.5967
vn 0.5724 -0.1172 0.8115
vn 0.2931 -0.1361 0.9463
vn -0.0131 -0.1422 0.9897
vn -0.3181 -0.1350 0.9384
vn -0.5939 -0.1151 0.7963
vn -0.8135 -0.0837 0.5755
vn -0.9540 -0.0434 0.2964
vn -0.9978 -0.0096 0.0653
vn 0.9889 0.1015 0.1081
vn 0.9575 0.0731 0.2789
vn 0.7056 0.0385 0.7075
vn 0.2693 0.0282 0.9626
vn 0.0449 0.0291 0.9986
vn 0.0000 0.0292 0.9995
vn -0.0449 0.0291 0.9986
vn -0.2693 0.0283 0.9626
vn -0.7056 0.0385 0.7075
vn -0.9579 0.0701 0.2784
vn -0.9937 0.1026 0.0456
vn -0.9961 0.0882 -0.0084
vn -0.9960 0.0887 -0.0016
vn 0.9960 0.0887 -0.0016
vn 0.9957 0.0920 -0.0089
vn 0.9985 0.0378 -0.0392
vn 0.9937 0.0394 -0.1043
vn 0.9901 0.1379 -0.0271
vn 0.9315 0.2680 0.2456
vn 0.6399 0.3510 0.6836
vn 0.1397 0.3485 0.9268
vn -0.6111 0.3895 0.6890
vn -0.8972 0.3536 0.2644
vn -0.8325 0.3691 0.4132
vn -0.7049 0.3690 0.6058
vn -0.4452 0.3711 0.8148
vn 0.0000 0.3748 0.9271
vn 0.4453 0.3711 0.8148
vn 0.7049 0.3690 0.6058
vn 0.8325 0.3691 0.4132
vn 0.8972 0.3536 0.2644
vn 0.6112 0.3894 0.6890
vn -0.1397 0.3486 0.9268
vn -0.6399 0.3510 0.6836
vn -0.9315 0.2681 0.2456
vn -0.9901 0.1379 -0.0271
vn -0.9944 0.0392 -0.0986
vn -0.9957 0.0137 -0.0917
vn -0.9643 0.0745 -0.2541
vn -0.9958 0.0510 -0.0761
vn -0.7046 0.1197 -0.6995
vn -0.2607 0.1284 -0.9568
vn -0.0428 0.1273 -0.9909
vn 0.0000 0.1274 -0.9918
vn 0.0428 0.1273 -0.9909
vn 0.2607 0.1284 -0.9568
vn 0.7046 0.1197 -0.6995
vn 0.9642 0.0782 -0.2535
vn 0.9966 0.0702 -0.0428
vn 0.9981 0.0607 -0.0057
vn 0.9980 0.0621 -0.0011
vn -0.9979 0.0643 -0.0062
vn -0.9980 0.0622 -0.0011
vn -0.9995 0.0212 -0.0220
vn -0.9971 0.0249 -0.0716
vn -0.9960 0.0013 -0.0894
vn -0.9510 -0.1054 -0.2907
vn -0.6639 -0.2019 -0.7201
vn -0.1596 -0.2089 -0.9648
vn 0.6535 -0.2514 -0.7140
vn 0.9471 -0.2051 -0.2467
vn 0.8742 -0.2162 -0.4348
vn 0.7392 -0.2154 -0.6381
vn 0.4651 -0.2151 -0.8587
vn 0.0000 -0.2160 -0.9764
vn -0.4651 -0.2151 -0.8587
vn -0.7392 -0.2154 -0.6381
vn -0.8742 -0.2162 -0.4348
vn -0.9471 -0.2051 -0.2467
vn -0.6535 -0.2514 -0.7140
vn 0.1596 -0.2089 -0.9648
vn 0.6639 -0.2018 -0.7201
vn 0.9510 -0.1054 -0.2907
vn 0.9960 0.0013 -0.0894
vn 0.9974 0.0248 -0.0672
vn 0.9978 0.0098 -0.0653
vn 0.9340 0.3260 0.1457
vn 0.9095 0.2933 0.2945
vn 0.7812 0.5966 0.1834
vn 0.7707 0.5666 0.2915
vn 0.5506 0.8096 0.2033
vn 0.5577 0.7880 0.2606
vn 0.2645 0.9427 0.2034
vn 0.2887 0.9354 0.2039
vn -0.0478 0.9818 0.1837
vn -0.0117 0.9919 0.1268
vn -0.3544 0.9236 0.1461
vn -0.3139 0.9487 0.0370
vn -0.6247 0.7751 0.0945
vn -0.5857 0.8086 -0.0558
vn -0.8330 0.5521 0.0340
vn -0.7979 0.5857 -0.1424
vn -0.9605 0.2766 -0.0297
vn -0.9283 0.3040 -0.2142
vn 0.6755 0.2657 0.6878
vn 0.5796 0.5461 0.6048
vn 0.4297 0.7737 0.4654
vn 0.2403 0.9285 0.2832
vn 0.0283 0.9968 0.0740
vn -0.1881 0.9715 -0.1442
vn -0.3898 0.8510 -0.3519
vn -0.5561 0.6417 -0.5281
vn -0.6673 0.3607 -0.6516
vn 0.2604 0.2557 0.9310
vn 0.2271 0.5372 0.8123
vn 0.1720 0.7692 0.6154
vn 0.0997 0.9285 0.3577
vn 0.0173 0.9978 0.0633
vn -0.0664 0.9687 -0.2390
vn -0.1429 0.8430 -0.5184
vn -0.2045 0.6331 -0.7465
vn -0.2456 0.3599 -0.9001
vn 0.0433 0.2598 0.9647
vn 0.0376 0.5439 0.8383
vn 0.0282 0.7758 0.6302
vn 0.0161 0.9328 0.3600
vn 0.0024 0.9985 0.0537
vn -0.0114 0.9660 -0.2583
vn -0.0238 0.8381 -0.5450
vn -0.0338 0.6277 -0.7777
vn -0.0404 0.3558 -0.9337
vn 0.0000 0.2617 0.9651
vn 0.0000 0.5471 0.8370
vn 0.0000 0.7790 0.6270
vn 0.0000 0.9346 0.3555
vn 0.0000 0.9988 0.0493
vn 0.0000 0.9651 -0.2618
vn 0.0000 0.8369 -0.5473
vn 0.0000 0.6268 -0.7791
vn 0.0000 0.3554 -0.9347
vn 0.0000 0.2618 0.9651
vn 0.0000 0.5472 0.8370
vn 0.0000 0.7791 0.6269
vn 0.0000 0.9347 0.3555
vn 0.0000 0.9988 0.0492
vn 0.0000 0.8370 -0.5472
vn 0.0000 0.6269 -0.7791
vn 0.0000 0.3555 -0.9347
vn -0.0434 0.2598 0.9647
vn -0.0376 0.5439 0.8383
vn -0.0282 0.7758 0.6302
vn -0.0161 0.9328 0.3600
vn -0.0024 0.9985 0.0537
vn 0.0114 0.9660 -0.2583
vn 0.0238 0.8381 -0.5450
vn 0.0338 0.6277 -0.7777
vn 0.0404 0.3558 -0.9337
vn -0.2604 0.2557 0.9310
vn -0.2271 0.5372 0.8123
vn -0.1720 0.7692 0.6154
vn -0.0997 0.9285 0.3577
vn -0.0174 0.9978 0.0633
vn 0.0664 0.9687 -0.2390
vn 0.1429 0.8430 -0.5184
vn 0.2045 0.6331 -0.7465
vn 0.2456 0.3599 -0.9001
vn -0.6755 0.2657 0.6878
vn -0.5796 0.5461 0.6048
vn -0.4297 0.7737 0.4654
vn -0.2403 0.9285 0.2832
vn -0.0283 0.9968 0.0740
vn 0.1881 0.9715 -0.1442
vn 0.3897 0.8510 -0.3519
vn 0.5561 0.6417 -0.5281
vn 0.6673 0.3607 -0.6516
vn -0.9104 0.2910 0.2939
vn -0.7722 0.5649 0.2908
vn -0.5603 0.7865 0.2597
vn -0.2927 0.9344 0.2031
vn 0.0063 0.9919 0.1263
vn 0.3078 0.9507 0.0371
vn 0.5804 0.8124 -0.0552
vn 0.7945 0.5905 -0.1415
vn 0.9269 0.3085 -0.2135
vn -0.9405 0.3369 0.0447
vn -0.7927 0.6083 0.0400
vn -0.5683 0.8222 0.0315
vn -0.2885 0.9572 0.0200
vn 0.0191 0.9998 0.0066
vn 0.3241 0.9460 -0.0073
vn 0.5970 0.8019 -0.0204
vn 0.8124 0.5822 -0.0313
vn 0.9509 0.3071 -0.0392
vn -0.9488 0.3144 -0.0298
vn -0.8041 0.5918 -0.0561
vn -0.5802 0.8108 -0.0768
vn -0.2990 0.9500 -0.0900
vn 0.0119 0.9955 -0.0944
vn 0.3220 0.9425 -0.0895
vn 0.6005 0.7960 -0.0758
vn 0.8196 0.5704 -0.0545
vn 0.9571 0.2884 -0.0276
vn -0.9486 0.3164 -0.0057
vn -0.8035 0.5951 -0.0107
vn -0.5791 0.8151 -0.0147
vn -0.2975 0.9545 -0.0172
vn 0.0133 0.9997 -0.0180
vn 0.3228 0.9463 -0.0171
vn 0.6006 0.7994 -0.0144
vn 0.8191 0.5735 -0.0103
vn 0.9567 0.2911 -0.0052
vn 0.9486 0.3164 -0.0057
vn 0.9442 0.3277 -0.0306
vn 0.8035 0.5951 -0.0107
vn 0.7902 0.6103 -0.0551
vn 0.5791 0.8151 -0.0147
vn 0.5613 0.8245 -0.0719
vn 0.2975 0.9545 -0.0172
vn 0.2851 0.9550 -0.0812
vn -0.0133 0.9997 -0.0180
vn -0.0127 0.9964 -0.0840
vn -0.3228 0.9463 -0.0171
vn -0.3096 0.9474 -0.0807
vn -0.6006 0.7994 -0.0144
vn -0.5828 0.8095 -0.0708
vn -0.8191 0.5735 -0.0103
vn -0.8065 0.5888 -0.0533
vn -0.9567 0.2911 -0.0052
vn -0.9530 0.3016 -0.0283
vn 0.9709 0.1658 -0.1724
vn 0.8569 0.3569 -0.3718
vn 0.6486 0.5271 -0.5490
vn 0.3473 0.6498 -0.6761
vn -0.0157 0.6930 -0.7208
vn -0.3758 0.6420 -0.6682
vn -0.6700 0.5141 -0.5355
vn -0.8701 0.3413 -0.3555
vn -0.9765 0.1493 -0.1552
vn 0.9333 0.1234 -0.3372
vn 0.7744 0.2157 -0.5948
vn 0.5471 0.2846 -0.7871
vn 0.2776 0.3265 -0.9035
vn -0.0117 0.3396 -0.9405
vn -0.3011 0.3233 -0.8971
vn -0.5698 0.2778 -0.7734
vn -0.7936 0.2051 -0.5728
vn -0.9450 0.1099 -0.3079
vn 0.9316 0.3136 -0.1834
vn 0.7806 0.5079 -0.3642
vn 0.5558 0.6554 -0.5114
vn 0.2772 0.7418 -0.6106
vn -0.0286 0.7577 -0.6520
vn -0.3317 0.7011 -0.6312
vn -0.6025 0.5778 -0.5505
vn -0.8155 0.4005 -0.4177
vn -0.9515 0.1859 -0.2452
vn 0.8632 0.4783 0.1614
vn 0.7020 0.7111 0.0387
vn 0.4736 0.8763 -0.0879
vn 0.2000 0.9578 -0.2064
vn -0.0925 0.9478 -0.3052
vn -0.3762 0.8475 -0.3743
vn -0.6249 0.6665 -0.4065
vn -0.8150 0.4205 -0.3985
vn -0.9270 0.1310 -0.3514
vn 0.5788 0.5532 0.5991
vn 0.4503 0.7784 0.4373
vn 0.2810 0.9304 0.2355
vn 0.0858 0.9962 0.0120
vn -0.1192 0.9696 -0.2137
vn -0.3164 0.8498 -0.4216
vn -0.4863 0.6431 -0.5914
vn -0.6091 0.3655 -0.7038
vn -0.6677 0.0443 -0.7431
vn 0.1247 0.5445 0.8294
vn 0.0941 0.7717 0.6290
vn 0.0541 0.9313 0.3602
vn 0.0077 0.9989 0.0458
vn -0.0417 0.9597 -0.2779
vn -0.0891 0.8172 -0.5694
vn -0.1287 0.5928 -0.7950
vn -0.1548 0.3161 -0.9360
vn -0.1642 0.0153 -0.9863
vn -0.5380 0.5852 0.6067
vn -0.3977 0.8000 0.4492
vn -0.2300 0.9378 0.2598
vn -0.0480 0.9973 0.0542
vn 0.1400 0.9777 -0.1561
vn 0.3262 0.8737 -0.3607
vn 0.4961 0.6762 -0.5446
vn 0.6237 0.3826 -0.6816
vn 0.6755 0.0198 -0.7371
vn -0.7956 0.5596 0.2322
vn -0.5909 0.7886 0.1699
vn -0.3197 0.9432 0.0903
vn -0.0083 0.9999 0.0027
vn 0.3052 0.9488 -0.0818
vn 0.5810 0.7992 -0.1538
vn 0.7909 0.5757 -0.2073
vn 0.9211 0.3063 -0.2401
vn 0.9677 0.0154 -0.2517
vn -0.7300 0.5793 0.3624
vn -0.5322 0.8043 0.2643
vn -0.2821 0.9491 0.1402
vn -0.0051 1.0000 0.0025
vn 0.2715 0.9529 -0.1350
vn 0.5208 0.8134 -0.2590
vn 0.7191 0.5958 -0.3576
vn 0.8479 0.3213 -0.4217
vn 0.8952 0.0163 -0.4453
vn -0.6176 0.5801 0.5311
vn -0.4493 0.8053 0.3867
vn -0.2368 0.9499 0.2040
vn -0.0018 1.0000 0.0015
vn 0.2322 0.9518 -0.2004
vn 0.4425 0.8113 -0.3820
vn 0.6092 0.5934 -0.5260
vn 0.7172 0.3197 -0.6192
vn 0.7569 0.0162 -0.6534
vn -0.3885 0.5847 0.7121
vn -0.2806 0.8097 0.5154
vn -0.1455 0.9524 0.2679
vn 0.0025 1.0000 -0.0048
vn 0.1490 0.9497 -0.2753
vn 0.2802 0.8083 -0.5177
vn 0.3841 0.5907 -0.7095
vn 0.4515 0.3181 -0.8336
vn 0.4762 0.0161 -0.8791
vn 0.0000 0.5907 0.8069
vn 0.0000 0.8147 0.5798
vn 0.0000 0.9547 0.2973
vn 0.0000 0.9999 -0.0112
vn 0.0000 0.9487 -0.3162
vn 0.0000 0.8077 -0.5896
vn 0.0000 0.5908 -0.8068
vn 0.0000 0.3185 -0.9479
vn 0.0000 0.0161 -0.9998
vn 0.3885 0.5847 0.7121
vn 0.2806 0.8097 0.5154
vn 0.1455 0.9524 0.2679
vn -0.0025 1.0000 -0.0048
vn -0.1490 0.9497 -0.2753
vn -0.2802 0.8083 -0.5177
vn -0.3841 0.5907 -0.7095
vn -0.4515 0.3181 -0.8336
vn -0.4762 0.0161 -0.8791
vn 0.6176 0.5801 0.5311
vn 0.4493 0.8053 0.3867
vn 0.2368 0.9499 0.2040
vn 0.0018 1.0000 0.0015
vn -0.2322 0.9518 -0.2004
vn -0.4425 0.8113 -0.3820
vn -0.6092 0.5934 -0.5260
vn -0.7172 0.3197 -0.6192
vn -0.7569 0.0162 -0.6534
vn 0.7301 0.5793 0.3624
vn 0.5322 0.8043 0.2643
vn 0.2821 0.9491 0.1402
vn 0.0051 1.0000 0.0025
vn -0.2715 0.9529 -0.1350
vn -0.5208 0.8134 -0.2590
vn -0.7191 0.5958 -0.3576
vn -0.8479 0.3213 -0.4217
vn -0.8952 0.0163 -0.4453
vn 0.7956 0.5596 0.2322
vn 0.5909 0.7886 0.1699
vn 0.3197 0.9432 0.0903
vn 0.0083 0.9999 0.0027
vn -0.3052 0.9488 -0.0818
vn -0.5810 0.7992 -0.1538
vn -0.7909 0.5757 -0.2073
vn -0.9211 0.3063 -0.2401
vn -0.9677 0.0154 -0.2517
vn 0.5380 0.5852 0.6067
vn 0.3977 0.8000 0.4492
vn 0.2300 0.9378 0.2598
vn 0.0480 0.9973 0.0542
vn -0.1400 0.9777 -0.1561
vn -0.3262 0.8737 -0.3607
vn -0.4961 0.6762 -0.5446
vn -0.6237 0.3826 -0.6816
vn -0.6755 0.0198 -0.7371
vn -0.1247 0.5445 0.8294
vn -0.0941 0.7717 0.6290
vn -0.0541 0.9313 0.3602
vn -0.0077 0.9989 0.0458
vn 0.0417 0.9597 -0.2779
vn 0.0891 0.8172 -0.5694
vn 0.1287 0.5928 -0.7950
vn 0.1548 0.3161 -0.9360
vn 0.1642 0.0153 -0.9863
vn -0.5788 0.5532 0.5991
vn -0.4503 0.7784 0.4373
vn -0.2810 0.9304 0.2355
vn -0.0858 0.9962 0.0120
vn 0.1192 0.9696 -0.2137
vn 0.3164 0.8498 -0.4216
vn 0.4863 0.6431 -0.5914
vn 0.6091 0.3655 -0.7038
vn 0.6677 0.0443 -0.7431
vn -0.8632 0.4783 0.1614
vn -0.7020 0.7111 0.0387
vn -0.4736 0.8763 -0.0879
vn -0.2000 0.9578 -0.2064
vn 0.0925 0.9478 -0.3052
vn 0.3762 0.8475 -0.3743
vn 0.6249 0.6665 -0.4065
vn 0.8150 0.4205 -0.3985
vn 0.9270 0.1310 -0.3514
vn -0.9316 0.3136 -0.1834
vn -0.7806 0.5079 -0.3642
vn -0.5558 0.6554 -0.5114
vn -0.2772 0.7418 -0.6106
vn 0.0286 0.7577 -0.6520
vn 0.3317 0.7011 -0.6312
vn 0.6025 0.5778 -0.5505
vn 0.8155 0.4005 -0.4177
vn 0.9515 0.1859 -0.2452
vn -0.9393 0.1243 -0.3197
vn -0.7903 0.2208 -0.5716
vn -0.5673 0.2959 -0.7685
vn -0.2913 0.3431 -0.8930
vn 0.0124 0.3582 -0.9336
vn 0.3157 0.3395 -0.8860
vn 0.5900 0.2886 -0.7541
vn 0.8086 0.2098 -0.5496
vn 0.9501 0.1106 -0.2915
vn -0.9457 0.0484 -0.3213
vn -0.7979 0.0903 -0.5959
vn -0.5727 0.1235 -0.8104
vn -0.2934 0.1444 -0.9450
vn 0.0131 0.1512 -0.9884
vn 0.3184 0.1432 -0.9370
vn 0.5942 0.1211 -0.7951
vn 0.8137 0.0871 -0.5748
vn 0.9541 0.0446 -0.2961
vn -0.1559 -0.3087 0.9383
vn -0.0976 -0.3074 0.9465
vn -0.1022 -0.0782 0.9917
vn -0.1633 -0.0784 0.9834
vn -0.1326 -0.5874 0.7983
vn -0.0831 -0.5851 0.8066
vn -0.0964 -0.8087 0.5802
vn -0.0606 -0.8063 0.5884
vn -0.0507 -0.9510 0.3051
vn -0.0322 -0.9493 0.3127
vn 0.0000 -1.0000 0.0000
vn -0.0006 -1.0000 0.0061
vn 0.0508 -0.9510 -0.3051
vn 0.0311 -0.9529 -0.3016
vn 0.0965 -0.8087 -0.5802
vn 0.0598 -0.8122 -0.5803
vn 0.1329 -0.5874 -0.7983
vn 0.0827 -0.5910 -0.8024
vn 0.1562 -0.3087 -0.9382
vn 0.0975 -0.3110 -0.9454
vn 0.1637 -0.0784 -0.9834
vn 0.1023 -0.0788 -0.9916
vn 0.0000 -0.3077 0.9515
vn 0.0000 -0.0782 0.9969
vn 0.0000 -0.5857 0.8105
vn 0.0000 -0.8069 0.5906
vn 0.0000 -0.9498 0.3128
vn 0.0000 -1.0000 0.0040
vn 0.0000 -0.9522 -0.3055
vn 0.0000 -0.8108 -0.5853
vn 0.0000 -0.5895 -0.8077
vn 0.0000 -0.3100 -0.9507
vn 0.0000 -0.0786 -0.9969
vn 0.0975 -0.3074 0.9465
vn 0.1022 -0.0782 0.9917
vn 0.0831 -0.5851 0.8066
vn 0.0606 -0.8063 0.5884
vn 0.0322 -0.9493 0.3127
vn 0.0006 -1.0000 0.0061
vn -0.0311 -0.9529 -0.3016
vn -0.0598 -0.8122 -0.5803
vn -0.0827 -0.5910 -0.8024
vn -0.0975 -0.3110 -0.9454
vn -0.1023 -0.0788 -0.9916
vn 0.1559 -0.3087 0.9383
vn 0.1633 -0.0784 0.9834
vn 0.1326 -0.5874 0.7983
vn 0.0964 -0.8087 0.5802
vn 0.0507 -0.9510 0.3051
vn -0.0508 -0.9510 -0.3051
vn -0.0965 -0.8087 -0.5802
vn -0.1329 -0.5874 -0.7983
vn -0.1562 -0.3087 -0.9382
vn -0.1637 -0.0784 -0.9834
vn 0.1637 0.0784 -0.9834
vn 0.1023 0.0788 -0.9916
vn 0.0000 0.0786 -0.9969
vn -0.1023 0.0788 -0.9916
vn -0.1637 0.0784 -0.9834
vn -0.1022 0.0782 0.9917
vn -0.1633 0.0784 0.9834
vn 0.0000 0.0782 0.9969
vn 0.1022 0.0782 0.9917
vn 0.1633 0.0784 0.9834
vn 0.1562 0.3088 -0.9382
vn 0.0975 0.3110 -0.9454
vn 0.1329 0.5874 -0.7983
vn 0.0827 0.5910 -0.8024
vn 0.0965 0.8087 -0.5802
vn 0.0598 0.8122 -0.5803
vn 0.0508 0.9510 -0.3051
vn 0.0311 0.9529 -0.3016
vn 0.0000 1.0000 0.0000
vn -0.0006 1.0000 0.0061
vn -0.0507 0.9510 0.3051
vn -0.0322 0.9493 0.3127
vn -0.0964 0.8087 0.5802
vn -0.0606 0.8063 0.5884
vn -0.1326 0.5874 0.7983
vn -0.0831 0.5851 0.8066
vn -0.1559 0.3087 0.9383
vn -0.0976 0.3074 0.9465
vn 0.0000 0.3101 -0.9507
vn 0.0000 0.5895 -0.8078
vn 0.0000 0.8108 -0.5853
vn 0.0000 0.9522 -0.3055
vn 0.0000 1.0000 0.0040
vn 0.0000 0.9498 0.3128
vn 0.0000 0.8069 0.5906
vn 0.0000 0.5857 0.8105
vn 0.0000 0.3077 0.9515
vn -0.0975 0.3110 -0.9454
vn -0.0827 0.5910 -0.8024
vn -0.0598 0.8122 -0.5803
vn -0.0311 0.9529 -0.3016
vn 0.0006 1.0000 0.0061
vn 0.0322 0.9493 0.3127
vn 0.0606 0.8063 0.5884
vn 0.0831 0.5851 0.8066
vn 0.0975 0.3074 0.9465
vn -0.1562 0.3088 -0.9382
vn -0.1329 0.5874 -0.7983
vn -0.0965 0.8087 -0.5802
vn -0.0508 0.9510 -0.3051
vn 0.0507 0.9510 0.3051
vn 0.0964 0.8087 0.5802
vn 0.1326 0.5874 0.7983
vn 0.1559 0.3087 0.9383
vn -0.9343 -0.3264 0.1435
vn -0.9892 -0.1019 0.1050
vn -0.9585 -0.0814 0.2733
vn -0.9036 -0.3154 0.2897
vn -0.7814 -0.5968 0.1823
vn -0.7537 -0.5918 0.2858
vn -0.5506 -0.8097 0.2030
vn -0.5296 -0.8095 0.2534
vn -0.2645 -0.9427 0.2033
vn -0.2537 -0.9474 0.1951
vn 0.0477 -0.9819 0.1831
vn 0.0464 -0.9920 0.1169
vn 0.3542 -0.9239 0.1445
vn 0.3410 -0.9397 0.0273
vn 0.6243 -0.7757 0.0918
vn 0.6010 -0.7966 -0.0646
vn 0.8327 -0.5529 0.0304
vn 0.8021 -0.5781 -0.1497
vn 0.9602 -0.2773 -0.0336
vn 0.9261 -0.3062 -0.2202
vn 0.9955 -0.0516 -0.0797
vn 0.9622 -0.0802 -0.2601
vn -0.7054 -0.0432 0.7074
vn -0.6703 -0.2895 0.6832
vn -0.5621 -0.5815 0.5881
vn -0.3979 -0.8079 0.4346
vn -0.1977 -0.9501 0.2414
vn 0.0180 -0.9994 0.0281
vn 0.2301 -0.9552 -0.1861
vn 0.4206 -0.8225 -0.3829
vn 0.5726 -0.6125 -0.5448
vn 0.6717 -0.3436 -0.6563
vn 0.7047 -0.1187 -0.6995
vn -0.2628 -0.0287 0.9644
vn -0.2540 -0.2644 0.9303
vn -0.2203 -0.5534 0.8032
vn -0.1641 -0.7867 0.5950
vn -0.0906 -0.9405 0.3274
vn -0.0074 -0.9995 0.0284
vn 0.0764 -0.9595 -0.2710
vn 0.1523 -0.8267 -0.5417
vn 0.2128 -0.6159 -0.7585
vn 0.2528 -0.3483 -0.9026
vn 0.2674 -0.1262 -0.9553
vn -0.0432 -0.0292 0.9986
vn -0.0417 -0.2620 0.9641
vn -0.0363 -0.5478 0.8358
vn -0.0273 -0.7801 0.6250
vn -0.0154 -0.9357 0.3524
vn -0.0020 -0.9990 0.0450
vn 0.0119 -0.9637 -0.2665
vn 0.0246 -0.8341 -0.5511
vn 0.0350 -0.6234 -0.7811
vn 0.0420 -0.3529 -0.9347
vn 0.0446 -0.1267 -0.9909
vn 0.0000 -0.0292 0.9995
vn 0.0000 -0.2617 0.9651
vn 0.0000 -0.5471 0.8370
vn 0.0000 -0.7790 0.6270
vn 0.0000 -0.9346 0.3555
vn 0.0000 -0.9988 0.0493
vn 0.0000 -0.9651 -0.2618
vn 0.0000 -0.8369 -0.5473
vn 0.0000 -0.6268 -0.7791
vn 0.0000 -0.3554 -0.9347
vn 0.0000 -0.1274 -0.9918
vn 0.0000 -0.2618 0.9651
vn 0.0000 -0.5472 0.8370
vn 0.0000 -0.7791 0.6269
vn 0.0000 -0.9347 0.3555
vn 0.0000 -0.9988 0.0492
vn 0.0000 -0.8370 -0.5472
vn 0.0000 -0.6269 -0.7791
vn 0.0000 -0.3555 -0.9347
vn 0.0432 -0.0292 0.9986
vn 0.0417 -0.2620 0.9641
vn 0.0363 -0.5478 0.8358
vn 0.0273 -0.7801 0.6250
vn 0.0154 -0.9357 0.3524
vn 0.0020 -0.9990 0.0450
vn -0.0119 -0.9637 -0.2665
vn -0.0246 -0.8341 -0.5511
vn -0.0350 -0.6234 -0.7811
vn -0.0420 -0.3529 -0.9347
vn -0.0446 -0.1267 -0.9909
vn 0.2628 -0.0287 0.9644
vn 0.2540 -0.2644 0.9303
vn 0.2203 -0.5534 0.8032
vn 0.1641 -0.7867 0.5950
vn 0.0906 -0.9405 0.3274
vn 0.0074 -0.9995 0.0284
vn -0.0764 -0.9595 -0.2710
vn -0.1523 -0.8267 -0.5417
vn -0.2128 -0.6159 -0.7585
vn -0.2528 -0.3483 -0.9026
vn -0.2674 -0.1262 -0.9553
vn 0.7054 -0.0432 0.7074
vn 0.6703 -0.2894 0.6832
vn 0.5621 -0.5815 0.5881
vn 0.3979 -0.8079 0.4346
vn 0.1977 -0.9501 0.2414
vn -0.0180 -0.9994 0.0281
vn -0.2301 -0.9552 -0.1861
vn -0.4206 -0.8225 -0.3829
vn -0.5726 -0.6125 -0.5448
vn -0.6717 -0.3436 -0.6563
vn -0.7047 -0.1187 -0.6995
vn 0.9589 -0.0783 0.2728
vn 0.9045 -0.3131 0.2896
vn 0.7550 -0.5900 0.2862
vn 0.5319 -0.8078 0.2541
vn 0.2575 -0.9461 0.1962
vn -0.0412 -0.9921 0.1184
vn -0.3352 -0.9417 0.0290
vn -0.5961 -0.8004 -0.0629
vn -0.7990 -0.5828 -0.1483
vn -0.9249 -0.3105 -0.2192
vn -0.9621 -0.0838 -0.2593
vn 0.9954 -0.0854 0.0439
vn 0.9505 -0.3075 0.0437
vn 0.8068 -0.5894 0.0399
vn 0.5794 -0.8144 0.0320
vn 0.2905 -0.9566 0.0204
vn -0.0286 -0.9995 0.0064
vn -0.3429 -0.9393 -0.0085
vn -0.6194 -0.7847 -0.0225
vn -0.8316 -0.5543 -0.0338
vn -0.9613 -0.2724 -0.0416
vn -0.9976 -0.0523 -0.0447
vn 0.9953 -0.0959 -0.0093
vn 0.9441 -0.3281 -0.0317
vn 0.7967 -0.6015 -0.0581
vn 0.5730 -0.8158 -0.0787
vn 0.2946 -0.9512 -0.0917
vn -0.0117 -0.9953 -0.0959
vn -0.3173 -0.9439 -0.0909
vn -0.5931 -0.8014 -0.0770
vn -0.8123 -0.5806 -0.0557
vn -0.9527 -0.3024 -0.0290
vn -0.9976 -0.0684 -0.0065
vn 0.9955 -0.0951 -0.0017
vn 0.9446 -0.3280 -0.0060
vn 0.7973 -0.6034 -0.0110
vn 0.5730 -0.8194 -0.0149
vn 0.2939 -0.9557 -0.0174
vn -0.0131 -0.9997 -0.0182
vn -0.3189 -0.9476 -0.0172
vn -0.5944 -0.8040 -0.0146
vn -0.8130 -0.5821 -0.0106
vn -0.9530 -0.3028 -0.0055
vn -0.9976 -0.0686 -0.0012
vn -0.9446 -0.3280 -0.0060
vn -0.9955 -0.0951 -0.0017
vn -0.9949 -0.0997 -0.0102
vn -0.9395 -0.3405 -0.0353
vn -0.7973 -0.6034 -0.0110
vn -0.7840 -0.6174 -0.0646
vn -0.5730 -0.8194 -0.0149
vn -0.5564 -0.8264 -0.0869
vn -0.2939 -0.9557 -0.0174
vn -0.2827 -0.9539 -0.1004
vn 0.0131 -0.9997 -0.0182
vn 0.0126 -0.9944 -0.1047
vn 0.3189 -0.9476 -0.0172
vn 0.3070 -0.9465 -0.0996
vn 0.5944 -0.8040 -0.0146
vn 0.5777 -0.8118 -0.0853
vn 0.8130 -0.5821 -0.0106
vn 0.8003 -0.5963 -0.0624
vn 0.9530 -0.3029 -0.0055
vn 0.9486 -0.3148 -0.0326
vn 0.9976 -0.0686 -0.0012
vn 0.9973 -0.0721 -0.0074
vn -0.9938 -0.0772 -0.0794
vn -0.9388 -0.2408 -0.2462
vn -0.8011 -0.4192 -0.4271
vn -0.5866 -0.5680 -0.5773
vn -0.3059 -0.6682 -0.6781
vn 0.0138 -0.7020 -0.7121
vn 0.3316 -0.6621 -0.6720
vn 0.6075 -0.5571 -0.5662
vn 0.8158 -0.4050 -0.4128
vn 0.9468 -0.2249 -0.2300
vn 0.9962 -0.0606 -0.0623
vn -0.9960 -0.0317 -0.0834
vn -0.9478 -0.1130 -0.2983
vn -0.7968 -0.2164 -0.5641
vn -0.5689 -0.2982 -0.7664
vn -0.2907 -0.3501 -0.8904
vn 0.0122 -0.3675 -0.9299
vn 0.3152 -0.3482 -0.8828
vn 0.5924 -0.2933 -0.7503
vn 0.8160 -0.2077 -0.5394
vn 0.9584 -0.1007 -0.2669
vn 0.9986 -0.0178 -0.0501
vn -0.9933 -0.1153 -0.0123
vn -0.9482 -0.2766 -0.1559
vn -0.8037 -0.4838 -0.3464
vn -0.5741 -0.6454 -0.5037
vn -0.2808 -0.7414 -0.6095
vn 0.0439 -0.7580 -0.6507
vn 0.3622 -0.6932 -0.6231
vn 0.6383 -0.5565 -0.5319
vn 0.8453 -0.3661 -0.3891
vn 0.9670 -0.1435 -0.2105
vn 0.9971 0.0212 -0.0729
vn -0.9358 -0.2559 0.2423
vn -0.8692 -0.4676 0.1607
vn -0.6995 -0.7136 0.0363
vn -0.4567 -0.8848 -0.0921
vn -0.1689 -0.9626 -0.2116
vn 0.1321 -0.9414 -0.3102
vn 0.4158 -0.8272 -0.3779
vn 0.6565 -0.6344 -0.4081
vn 0.8335 -0.3828 -0.3983
vn 0.9318 -0.0958 -0.3500
vn 0.9483 0.1206 -0.2936
vn -0.6390 -0.3578 0.6809
vn -0.5682 -0.5776 0.5861
vn -0.4255 -0.8066 0.4102
vn -0.2436 -0.9499 0.1958
vn -0.0416 -0.9985 -0.0344
vn 0.1622 -0.9521 -0.2589
vn 0.3506 -0.8168 -0.4581
vn 0.5069 -0.6046 -0.6144
vn 0.6161 -0.3344 -0.7132
vn 0.6668 -0.0314 -0.7446
vn 0.6629 0.2003 -0.7214
vn -0.1510 -0.3540 0.9230
vn -0.1307 -0.5644 0.8151
vn -0.0936 -0.7943 0.6002
vn -0.0485 -0.9472 0.3168
vn -0.0004 -1.0000 -0.0046
vn 0.0461 -0.9452 -0.3232
vn 0.0875 -0.7947 -0.6007
vn 0.1201 -0.5722 -0.8112
vn 0.1411 -0.3043 -0.9420
vn 0.1490 -0.0148 -0.9887
vn 0.1459 0.2058 -0.9677
vn 0.6124 -0.4185 0.6706
vn 0.5118 -0.6492 0.5626
vn 0.3451 -0.8572 0.3821
vn 0.1600 -0.9708 0.1785
vn -0.0283 -0.9991 -0.0321
vn -0.2112 -0.9477 -0.2391
vn -0.3809 -0.8180 -0.4310
vn -0.5248 -0.6109 -0.5928
vn -0.6250 -0.3354 -0.7048
vn -0.6636 -0.0171 -0.7479
vn -0.6454 0.2321 -0.7277
vn 0.9067 -0.3483 0.2375
vn 0.8079 -0.5494 0.2132
vn 0.6059 -0.7790 0.1614
vn 0.3360 -0.9375 0.0906
vn 0.0250 -0.9997 0.0064
vn -0.2883 -0.9540 -0.0818
vn -0.5650 -0.8088 -0.1631
vn -0.7773 -0.5864 -0.2278
vn -0.9105 -0.3135 -0.2695
vn -0.9585 -0.0158 -0.2847
vn -0.9377 0.2085 -0.2780
vn 0.8334 -0.3654 0.4145
vn 0.7361 -0.5692 0.3661
vn 0.5443 -0.7940 0.2707
vn 0.2993 -0.9424 0.1488
vn 0.0244 -0.9996 0.0121
vn -0.2539 -0.9590 -0.1261
vn -0.5080 -0.8235 -0.2523
vn -0.7124 -0.6061 -0.3536
vn -0.8462 -0.3279 -0.4200
vn -0.8956 -0.0166 -0.4444
vn -0.8741 0.2185 -0.4338
vn 0.7050 -0.3643 0.6085
vn 0.6236 -0.5669 0.5382
vn 0.4624 -0.7918 0.3991
vn 0.2558 -0.9412 0.2207
vn 0.0232 -0.9995 0.0200
vn -0.2128 -0.9597 -0.1833
vn -0.4288 -0.8246 -0.3690
vn -0.6026 -0.6069 -0.5181
vn -0.7164 -0.3283 -0.6156
vn -0.7584 -0.0167 -0.6515
vn -0.7402 0.2184 -0.6359
vn 0.4437 -0.3637 0.8190
vn 0.3932 -0.5643 0.7259
vn 0.2927 -0.7888 0.5405
vn 0.1638 -0.9390 0.3024
vn 0.0182 -0.9992 0.0337
vn -0.1304 -0.9619 -0.2400
vn -0.2676 -0.8288 -0.4913
vn -0.3790 -0.6116 -0.6944
vn -0.4526 -0.3314 -0.8278
vn -0.4799 -0.0168 -0.8772
vn -0.4681 0.2197 -0.8559
vn 0.0000 -0.3650 0.9310
vn 0.0000 -0.5645 0.8254
vn 0.0000 -0.7882 0.6154
vn 0.0000 -0.9379 0.3468
vn 0.0000 -0.9990 0.0439
vn 0.0000 -0.9640 -0.2657
vn 0.0000 -0.8336 -0.5523
vn 0.0000 -0.6176 -0.7865
vn 0.0000 -0.3358 -0.9419
vn 0.0000 -0.0171 -0.9998
vn 0.0000 0.2221 -0.9750
vn -0.4437 -0.3637 0.8190
vn -0.3932 -0.5643 0.7259
vn -0.2927 -0.7888 0.5405
vn -0.1638 -0.9390 0.3024
vn -0.0182 -0.9992 0.0337
vn 0.1304 -0.9619 -0.2400
vn 0.2676 -0.8288 -0.4913
vn 0.3790 -0.6116 -0.6944
vn 0.4526 -0.3314 -0.8278
vn 0.4799 -0.0168 -0.8772
vn 0.4681 0.2197 -0.8559
vn -0.7050 -0.3642 0.6085
vn -0.6236 -0.5669 0.5382
vn -0.4624 -0.7918 0.3991
vn -0.2558 -0.9412 0.2207
vn -0.0232 -0.9995 0.0200
vn 0.2128 -0.9597 -0.1833
vn 0.4288 -0.8246 -0.3690
vn 0.6026 -0.6069 -0.5181
vn 0.7164 -0.3283 -0.6156
vn 0.7584 -0.0166 -0.6515
vn 0.7402 0.2184 -0.6359
vn -0.8334 -0.3654 0.4145
vn -0.7361 -0.5692 0.3661
vn -0.5443 -0.7940 0.2707
vn -0.2993 -0.9424 0.1488
vn -0.0244 -0.9996 0.0121
vn 0.2539 -0.9590 -0.1261
vn 0.5080 -0.8235 -0.2523
vn 0.7124 -0.6061 -0.3536
vn 0.8462 -0.3279 -0.4200
vn 0.8956 -0.0166 -0.4444
vn 0.8741 0.2185 -0.4338
vn -0.9067 -0.3483 0.2375
vn -0.8079 -0.5494 0.2132
vn -0.6059 -0.7790 0.1614
vn -0.3360 -0.9375 0.0906
vn -0.0250 -0.9997 0.0064
vn 0.2883 -0.9540 -0.0818
vn 0.5650 -0.8088 -0.1631
vn 0.7773 -0.5864 -0.2278
vn 0.9105 -0.3135 -0.2695
vn 0.9585 -0.0158 -0.2847
vn 0.9377 0.2085 -0.2780
vn -0.6125 -0.4185 0.6706
vn -0.5118 -0.6492 0.5626
vn -0.3451 -0.8572 0.3821
vn -0.1600 -0.9708 0.1785
vn 0.0282 -0.9991 -0.0321
vn 0.2112 -0.9477 -0.2391
vn 0.3809 -0.8180 -0.4310
vn 0.5248 -0.6109 -0.5928
vn 0.6250 -0.3354 -0.7049
vn 0.6636 -0.0171 -0.7479
vn 0.6454 0.2321 -0.7277
vn 0.1510 -0.3540 0.9230
vn 0.1307 -0.5644 0.8151
vn 0.0936 -0.7943 0.6002
vn 0.0485 -0.9472 0.3168
vn 0.0004 -1.0000 -0.0046
vn -0.0461 -0.9452 -0.3232
vn -0.0875 -0.7947 -0.6007
vn -0.1201 -0.5722 -0.8112
vn -0.1411 -0.3043 -0.9420
vn -0.1490 -0.0148 -0.9887
vn -0.1459 0.2057 -0.9677
vn 0.6390 -0.3578 0.6809
vn 0.5682 -0.5776 0.5861
vn 0.4255 -0.8066 0.4102
vn 0.2436 -0.9499 0.1958
vn 0.0416 -0.9985 -0.0344
vn -0.1622 -0.9521 -0.2589
vn -0.3506 -0.8168 -0.4581
vn -0.5069 -0.6046 -0.6144
vn -0.6161 -0.3344 -0.7132
vn -0.6668 -0.0314 -0.7446
vn -0.6629 0.2003 -0.7214
vn 0.9358 -0.2559 0.2423
vn 0.8691 -0.4676 0.1607
vn 0.6995 -0.7136 0.0363
vn 0.4568 -0.8848 -0.0921
vn 0.1689 -0.9626 -0.2116
vn -0.1321 -0.9414 -0.3102
vn -0.4158 -0.8272 -0.3779
vn -0.6565 -0.6344 -0.4081
vn -0.8335 -0.3828 -0.3983
vn -0.9318 -0.0958 -0.3500
vn -0.9483 0.1207 -0.2936
vn 0.9933 -0.1152 -0.0123
vn 0.9482 -0.2766 -0.1559
vn 0.8037 -0.4838 -0.3464
vn 0.5741 -0.6454 -0.5037
vn 0.2808 -0.7414 -0.6095
vn -0.0439 -0.7580 -0.6507
vn -0.3622 -0.6932 -0.6231
vn -0.6383 -0.5565 -0.5319
vn -0.8453 -0.3661 -0.3890
vn -0.9670 -0.1435 -0.2105
vn -0.9971 0.0212 -0.0729
vn 0.9964 -0.0307 -0.0793
vn 0.9522 -0.1082 -0.2854
vn 0.8104 -0.2064 -0.5482
vn 0.5871 -0.2842 -0.7579
vn 0.3033 -0.3341 -0.8924
vn -0.0128 -0.3508 -0.9363
vn -0.3287 -0.3322 -0.8841
vn -0.6106 -0.2796 -0.7410
vn -0.8289 -0.1981 -0.5231
vn -0.9622 -0.0963 -0.2548
vn -0.9987 -0.0170 -0.0473
vn 0.9957 -0.0135 -0.0917
vn 0.9457 -0.0470 -0.3216
vn 0.7977 -0.0867 -0.5967
vn 0.5724 -0.1172 -0.8115
vn 0.2931 -0.1361 -0.9463
vn -0.0131 -0.1422 -0.9897
vn -0.3182 -0.1350 -0.9384
vn -0.5939 -0.1151 -0.7963
vn -0.8135 -0.0837 -0.5755
vn -0.9540 -0.0434 -0.2964
vn -0.9978 -0.0096 -0.0653
vn 0.9889 0.1015 -0.1081
vn 0.9575 0.0731 -0.2789
vn 0.7056 0.0385 -0.7075
vn 0.2693 0.0282 -0.9626
vn 0.0449 0.0291 -0.9986
vn 0.0000 0.0292 -0.9995
vn -0.0449 0.0291 -0.9986
vn -0.2693 0.0283 -0.9626
vn -0.7056 0.0385 -0.7075
vn -0.9579 0.0701 -0.2784
vn -0.9937 0.1026 -0.0456
vn -0.9961 0.0882 0.0084
vn -0.9960 0.0886 0.0016
vn 0.9960 0.0887 0.0016
vn 0.9957 0.0920 0.0089
vn 0.9985 0.0378 0.0392
vn 0.9937 0.0394 0.1043
vn 0.9901 0.1379 0.0271
vn 0.9315 0.2680 -0.2456
vn 0.6399 0.3510 -0.6836
vn 0.1397 0.3485 -0.9268
vn -0.6111 0.3894 -0.6890
vn -0.8972 0.3536 -0.2644
vn -0.8325 0.3691 -0.4132
vn -0.7049 0.3690 -0.6058
vn -0.4453 0.3711 -0.8148
vn 0.0000 0.3748 -0.9271
vn 0.4453 0.3711 -0.8148
vn 0.7049 0.3690 -0.6058
vn 0.8325 0.3691 -0.4132
vn 0.8972 0.3536 -0.2644
vn 0.6112 0.3894 -0.6890
vn -0.1397 0.3485 -0.9268
vn -0.6399 0.3510 -0.6836
vn -0.9315 0.2680 -0.2456
vn -0.9901 0.1379 0.0271
vn -0.9944 0.0392 0.0986
vn -0.9957 0.0137 0.0917
vn -0.9958 0.0510 0.0761
vn -0.9643 0.0745 0.2541
vn -0.7046 0.1197 0.6995
vn -0.2607 0.1284 0.9568
vn -0.0428 0.1273 0.9909
vn 0.0000 0.1274 0.9918
vn 0.0428 0.1273 0.9909
vn 0.2607 0.1284 0.9568
vn 0.7046 0.1197 0.6995
vn 0.9642 0.0782 0.2535
vn 0.9966 0.0702 0.0428
vn 0.9981 0.0607 0.0057
vn 0.9980 0.0621 0.0011
vn -0.9980 0.0621 0.0011
vn -0.9979 0.0643 0.0062
vn -0.9995 0.0212 0.0220
vn -0.9971 0.0249 0.0716
vn -0.9960 0.0013 0.0894
vn -0.9510 -0.1054 0.2907
vn -0.6639 -0.2019 0.7201
vn -0.1596 -0.2089 0.9648
vn 0.6535 -0.2514 0.7140
vn 0.9471 -0.2051 0.2467
vn 0.8742 -0.2162 0.4348
vn 0.7392 -0.2154 0.6381
vn 0.4651 -0.2151 0.8587
vn 0.0000 -0.2160 0.9764
vn -0.4651 -0.2151 0.8587
vn -0.7392 -0.2154 0.6381
vn -0.8742 -0.2162 0.4348
vn -0.9471 -0.2051 0.2467
vn -0.6535 -0.2514 0.7140
vn 0.1596 -0.2089 0.9648
vn 0.6639 -0.2019 0.7201
vn 0.9510 -0.1054 0.2907
vn 0.9960 0.0013 0.0894
vn 0.9974 0.0248 0.0672
vn 0.9978 0.0098 0.0653
vn 0.9340 0.3260 -0.1457
vn 0.9095 0.2933 -0.2945
vn 0.7812 0.5966 -0.1834
vn 0.7707 0.5666 -0.2915
vn 0.5506 0.8096 -0.2033
vn 0.5577 0.7880 -0.2605
vn 0.2645 0.9427 -0.2034
vn 0.2887 0.9354 -0.2039
vn -0.0478 0.9818 -0.1837
vn -0.0117 0.9919 -0.1268
vn -0.3544 0.9236 -0.1461
vn -0.3139 0.9487 -0.0370
vn -0.6247 0.7751 -0.0945
vn -0.5857 0.8086 0.0558
vn -0.8330 0.5521 -0.0340
vn -0.7979 0.5857 0.1424
vn -0.9605 0.2766 0.0297
vn -0.9283 0.3040 0.2142
vn 0.6755 0.2657 -0.6878
vn 0.5796 0.5461 -0.6048
vn 0.4297 0.7737 -0.4654
vn 0.2403 0.9285 -0.2832
vn 0.0283 0.9968 -0.0740
vn -0.1881 0.9715 0.1442
vn -0.3898 0.8510 0.3519
vn -0.5561 0.6417 0.5281
vn -0.6673 0.3607 0.6516
vn 0.2604 0.2557 -0.9310
vn 0.2271 0.5372 -0.8123
vn 0.1720 0.7692 -0.6154
vn 0.0997 0.9285 -0.3577
vn 0.0174 0.9978 -0.0633
vn -0.0664 0.9687 0.2390
vn -0.1429 0.8430 0.5184
vn -0.2045 0.6331 0.7465
vn -0.2456 0.3599 0.9001
vn 0.0434 0.2598 -0.9647
vn 0.0376 0.5439 -0.8383
vn 0.0282 0.7758 -0.6302
vn 0.0161 0.9328 -0.3600
vn 0.0024 0.9985 -0.0537
vn -0.0114 0.9660 0.2583
vn -0.0238 0.8381 0.5450
vn -0.0338 0.6277 0.7777
vn -0.0404 0.3558 0.9337
vn 0.0000 0.2617 -0.9651
vn 0.0000 0.5471 -0.8370
vn 0.0000 0.7790 -0.6270
vn 0.0000 0.9346 -0.3555
vn 0.0000 0.9988 -0.0493
vn 0.0000 0.9651 0.2618
vn 0.0000 0.8369 0.5473
vn 0.0000 0.6268 0.7791
vn 0.0000 0.3554 0.9347
vn 0.0000 0.2618 -0.9651
vn 0.0000 0.5472 -0.8370
vn 0.0000 0.7791 -0.6269
vn 0.0000 0.9347 -0.3555
vn 0.0000 0.9988 -0.0492
vn 0.0000 0.8370 0.5472
vn 0.0000 0.6269 0.7791
vn 0.0000 0.3555 0.9347
vn -0.0434 0.2598 -0.9647
vn -0.0376 0.5439 -0.8383
vn -0.0282 0.7758 -0.6302
vn -0.0161 0.9328 -0.3600
vn -0.0024 0.9985 -0.0537
vn 0.0114 0.9660 0.2583
vn 0.0238 0.8381 0.5450
vn 0.0338 0.6277 0.7777
vn 0.0404 0.3558 0.9337
vn -0.2604 0.2557 -0.9310
vn -0.2271 0.5372 -0.8123
vn -0.1720 0.7692 -0.6154
vn -0.0997 0.9285 -0.3577
vn -0.0174 0.9978 -0.0633
vn 0.0664 0.9687 0.2390
vn 0.1429 0.8430 0.5184
vn 0.2045 0.6331 0.7465
vn 0.2456 0.3599 0.9001
vn -0.6755 0.2657 -0.6878
vn -0.5796 0.5461 -0.6048
vn -0.4297 0.7737 -0.4654
vn -0.2403 0.9285 -0.2832
vn -0.0283 0.9968 -0.0740
vn 0.1881 0.9715 0.1442
vn 0.3898 0.8510 0.3519
vn 0.5561 0.6417 0.5281
vn 0.6672 0.3607 0.6516
vn -0.9104 0.2910 -0.2939
vn -0.7722 0.5649 -0.2908
vn -0.5603 0.7865 -0.2597
vn -0.2927 0.9344 -0.2031
vn 0.0063 0.9919 -0.1263
vn 0.3078 0.9507 -0.0371
vn 0.5804 0.8124 0.0552
vn 0.7945 0.5905 0.1415
vn 0.9269 0.3085 0.2135
vn -0.9405 0.3369 -0.0447
vn -0.7927 0.6083 -0.0400
vn -0.5683 0.8222 -0.0315
vn -0.2885 0.9572 -0.0200
vn 0.0191 0.9998 -0.0066
vn 0.3241 0.9460 0.0073
vn 0.5970 0.8019 0.0204
vn 0.8124 0.5822 0.0313
vn 0.9509 0.3071 0.0392
vn -0.9488 0.3144 0.0298
vn -0.8041 0.5918 0.0561
vn -0.5802 0.8108 0.0768
vn -0.2990 0.9500 0.0900
vn 0.0119 0.9955 0.0944
vn 0.3220 0.9425 0.0895
vn 0.6005 0.7960 0.0758
vn 0.8195 0.5704 0.0545
vn 0.9571 0.2884 0.0276
vn -0.9486 0.3164 0.0057
vn -0.8035 0.5951 0.0107
vn -0.5791 0.8151 0.0147
vn -0.2975 0.9545 0.0172
vn 0.0133 0.9997 0.0180
vn 0.3228 0.9463 0.0171
vn 0.6006 0.7994 0.0144
vn 0.8191 0.5735 0.0103
vn 0.9567 0.2911 0.0052
vn 0.9486 0.3164 0.0057
vn 0.9442 0.3277 0.0306
vn 0.8035 0.5951 0.0107
vn 0.7902 0.6103 0.0551
vn 0.5791 0.8151 0.0147
vn 0.5613 0.8245 0.0719
vn 0.2975 0.9545 0.0172
vn 0.2851 0.9550 0.0812
vn -0.0133 0.9997 0.0180
vn -0.0127 0.9964 0.0840
vn -0.3228 0.9463 0.0171
vn -0.3096 0.9474 0.0807
vn -0.6006 0.7994 0.0144
vn -0.5828 0.8095 0.0708
vn -0.8191 0.5735 0.0103
vn -0.8065 0.5888 0.0533
vn -0.9567 0.2911 0.0052
vn -0.9530 0.3016 0.0283
vn 0.9709 0.1658 0.1724
vn 0.8569 0.3569 0.3718
vn 0.6486 0.5271 0.5490
vn 0.3473 0.6497 0.6761
vn -0.0157 0.6930 0.7208
vn -0.3758 0.6420 0.6682
vn -0.6700 0.5141 0.5355
vn -0.8701 0.3413 0.3555
vn -0.9765 0.1493 0.1552
vn 0.9333 0.1234 0.3372
vn 0.7744 0.2157 0.5948
vn 0.5471 0.2846 0.7871
vn 0.2776 0.3265 0.9035
vn -0.0117 0.3396 0.9405
vn -0.3011 0.3233 0.8971
vn -0.5698 0.2778 0.7734
vn -0.7936 0.2051 0.5728
vn -0.9450 0.1099 0.3079
vn 0.9316 0.3136 0.1834
vn 0.7806 0.5079 0.3642
vn 0.5558 0.6554 0.5114
vn 0.2772 0.7418 0.6106
vn -0.0286 0.7577 0.6520
vn -0.3317 0.7011 0.6312
vn -0.6025 0.5778 0.5505
vn -0.8155 0.4005 0.4177
vn -0.9515 0.1859 0.2452
vn 0.8632 0.4783 -0.1614
vn 0.7020 0.7111 -0.0387
vn 0.4736 0.8763 0.0879
vn 0.2000 0.9578 0.2064
vn -0.0925 0.9478 0.3052
vn -0.3762 0.8475 0.3743
vn -0.6249 0.6665 0.4065
vn -0.8150 0.4205 0.3985
vn -0.9270 0.1310 0.3514
vn 0.5788 0.5532 -0.5991
vn 0.4503 0.7784 -0.4373
vn 0.2810 0.9303 -0.2355
vn 0.0858 0.9962 -0.0120
vn -0.1192 0.9696 0.2137
vn -0.3164 0.8498 0.4216
vn -0.4863 0.6431 0.5914
vn -0.6091 0.3655 0.7038
vn -0.6677 0.0443 0.7431
vn 0.1247 0.5445 -0.8294
vn 0.0941 0.7717 -0.6290
vn 0.0541 0.9313 -0.3602
vn 0.0077 0.9989 -0.0458
vn -0.0417 0.9597 0.2779
vn -0.0891 0.8172 0.5694
vn -0.1287 0.5928 0.7950
vn -0.1548 0.3161 0.9360
vn -0.1642 0.0153 0.9863
vn -0.5380 0.5852 -0.6067
vn -0.3977 0.8000 -0.4492
vn -0.2300 0.9378 -0.2598
vn -0.0480 0.9973 -0.0542
vn 0.1400 0.9777 0.1561
vn 0.3262 0.8737 0.3607
vn 0.4961 0.6762 0.5446
vn 0.6237 0.3826 0.6816
vn 0.6755 0.0198 0.7371
vn -0.7956 0.5596 -0.2322
vn -0.5909 0.7886 -0.1699
vn -0.3197 0.9432 -0.0903
vn -0.0083 0.9999 -0.0027
vn 0.3052 0.9488 0.0818
vn 0.5810 0.7992 0.1538
vn 0.7909 0.5757 0.2073
vn 0.9211 0.3063 0.2401
vn 0.9677 0.0154 0.2517
vn -0.7301 0.5793 -0.3624
vn -0.5322 0.8043 -0.2643
vn -0.2821 0.9491 -0.1402
vn -0.0051 1.0000 -0.0025
vn 0.2715 0.9529 0.1350
vn 0.5208 0.8134 0.2590
vn 0.7191 0.5958 0.3576
vn 0.8479 0.3213 0.4217
vn 0.8952 0.0163 0.4453
vn -0.6176 0.5801 -0.5311
vn -0.4493 0.8053 -0.3867
vn -0.2368 0.9499 -0.2040
vn -0.0018 1.0000 -0.0015
vn 0.2322 0.9518 0.2004
vn 0.4425 0.8113 0.3820
vn 0.6092 0.5934 0.5260
vn 0.7172 0.3197 0.6192
vn 0.7569 0.0162 0.6534
vn -0.3885 0.5847 -0.7121
vn -0.2806 0.8097 -0.5154
vn -0.1455 0.9524 -0.2679
vn 0.0025 1.0000 0.0048
vn 0.1490 0.9497 0.2753
vn 0.2802 0.8083 0.5177
vn 0.3841 0.5907 0.7095
vn 0.4515 0.3181 0.8336
vn 0.4762 0.0161 0.8791
vn 0.0000 0.5907 -0.8069
vn 0.0000 0.8147 -0.5798
vn 0.0000 0.9547 -0.2973
vn 0.0000 0.9999 0.0112
vn 0.0000 0.9487 0.3162
vn 0.0000 0.8077 0.5896
vn 0.0000 0.5908 0.8068
vn 0.0000 0.3185 0.9479
vn 0.0000 0.0161 0.9998
vn 0.3885 0.5847 -0.7121
vn 0.2806 0.8097 -0.5154
vn 0.1455 0.9524 -0.2679
vn -0.0025 1.0000 0.0048
vn -0.1490 0.9497 0.2753
vn -0.2802 0.8083 0.5177
vn -0.3841 0.5907 0.7095
vn -0.4515 0.3181 0.8336
vn -0.4762 0.0161 0.8791
vn 0.6176 0.5801 -0.5311
vn 0.4493 0.8053 -0.3867
vn 0.2368 0.9499 -0.2040
vn 0.0018 1.0000 -0.0015
vn -0.2322 0.9518 0.2004
vn -0.4425 0.8113 0.3820
vn -0.6092 0.5934 0.5260
vn -0.7172 0.3197 0.6192
vn -0.7569 0.0162 0.6534
vn 0.7301 0.5793 -0.3624
vn 0.5322 0.8043 -0.2643
vn 0.2821 0.9491 -0.1402
vn 0.0051 1.0000 -0.0025
vn -0.2715 0.9529 0.1350
vn -0.5208 0.8134 0.2590
vn -0.7191 0.5958 0.3576
vn -0.8479 0.3213 0.4217
vn -0.8952 0.0163 0.4453
vn 0.7956 0.5596 -0.2322
vn 0.5909 0.7886 -0.1699
vn 0.3197 0.9432 -0.0903
vn 0.0083 0.9999 -0.0027
vn -0.3052 0.9488 0.0818
vn -0.5810 0.7992 0.1538
vn -0.7909 0.5757 0.2073
vn -0.9211 0.3063 0.2401
vn -0.9677 0.0154 0.2517
vn 0.5380 0.5852 -0.6067
vn 0.3977 0.8000 -0.4492
vn 0.2300 0.9378 -0.2598
vn 0.0480 0.9973 -0.0542
vn -0.1400 0.9777 0.1561
vn -0.3262 0.8737 0.3607
vn -0.4961 0.6762 0.5446
vn -0.6237 0.3826 0.6816
vn -0.6755 0.0198 0.7371
vn -0.1247 0.5445 -0.8294
vn -0.0941 0.7717 -0.6290
vn -0.0541 0.9313 -0.3602
vn -0.0077 0.9989 -0.0458
vn 0.0417 0.9597 0.2779
vn 0.0891 0.8172 0.5694
vn 0.1287 0.5928 0.7950
vn 0.1548 0.3161 0.9360
vn 0.1642 0.0153 0.9863
vn -0.5788 0.5532 -0.5991
vn -0.4504 0.7784 -0.4373
vn -0.2810 0.9303 -0.2355
vn -0.0858 0.9962 -0.0120
vn 0.1192 0.9696 0.2137
vn 0.3164 0.8498 0.4216
vn 0.4863 0.6431 0.5914
vn 0.6091 0.3655 0.7038
vn 0.6677 0.0443 0.7431
vn -0.8632 0.4783 -0.1614
vn -0.7020 0.7111 -0.0387
vn -0.4736 0.8763 0.0879
vn -0.2000 0.9578 0.2064
vn 0.0925 0.9478 0.3052
vn 0.3762 0.8475 0.3743
vn 0.6249 0.6665 0.4065
vn 0.8150 0.4205 0.3985
vn 0.9270 0.1310 0.3514
vn -0.9316 0.3136 0.1834
vn -0.7806 0.5079 0.3642
vn -0.5558 0.6554 0.5114
vn -0.2772 0.7418 0.6106
vn 0.0286 0.7577 0.6520
vn 0.3317 0.7011 0.6312
vn 0.6025 0.5778 0.5505
vn 0.8155 0.4005 0.4177
vn 0.9515 0.1859 0.2452
vn -0.9393 0.1243 0.3197
vn -0.7903 0.2208 0.5716
vn -0.5673 0.2959 0.7685
vn -0.2913 0.3431 0.8930
vn 0.0124 0.3582 0.9336
vn 0.3157 0.3395 0.8860
vn 0.5900 0.2886 0.7541
vn 0.8086 0.2098 0.5496
vn 0.9501 0.1105 0.2915
vn -0.9457 0.0484 0.3213
vn -0.7979 0.0903 0.5959
vn -0.5727 0.1235 0.8104
vn -0.2934 0.1444 0.9450
vn 0.0131 0.1512 0.9884
vn 0.3184 0.1432 0.9370
vn 0.5942 0.1211 0.7951
vn 0.8137 0.0871 0.5748
vn 0.9541 0.0446 0.2961
vn -0.1559 -0.3088 -0.9383
vn -0.1633 -0.0784 -0.9834
vn -0.1022 -0.0782 -0.9917
vn -0.0975 -0.3074 -0.9465
vn -0.1326 -0.5874 -0.7983
vn -0.0831 -0.5851 -0.8066
vn -0.0964 -0.8087 -0.5802
vn -0.0606 -0.8063 -0.5884
vn -0.0507 -0.9510 -0.3051
vn -0.0322 -0.9493 -0.3127
vn -0.0006 -1.0000 -0.0061
vn 0.0508 -0.9510 0.3051
vn 0.0311 -0.9529 0.3016
vn 0.0965 -0.8087 0.5802
vn 0.0598 -0.8122 0.5803
vn 0.1329 -0.5874 0.7983
vn 0.0827 -0.5910 0.8024
vn 0.1562 -0.3087 0.9382
vn 0.0975 -0.3110 0.9454
vn 0.1637 -0.0784 0.9834
vn 0.1023 -0.0787 0.9916
vn 0.0000 -0.0782 -0.9969
vn 0.0000 -0.3077 -0.9515
vn 0.0000 -0.5857 -0.8105
vn 0.0000 -0.8069 -0.5906
vn 0.0000 -0.9498 -0.3128
vn 0.0000 -1.0000 -0.0040
vn 0.0000 -0.9522 0.3055
vn 0.0000 -0.8108 0.5853
vn 0.0000 -0.5895 0.8077
vn 0.0000 -0.3100 0.9507
vn 0.0000 -0.0786 0.9969
vn 0.1022 -0.0782 -0.9917
vn 0.0975 -0.3074 -0.9465
vn 0.0831 -0.5851 -0.8066
vn 0.0606 -0.8063 -0.5884
vn 0.0322 -0.9493 -0.3127
vn 0.0006 -1.0000 -0.0061
vn -0.0311 -0.9529 0.3016
vn -0.0598 -0.8122 0.5803
vn -0.0827 -0.5910 0.8024
vn -0.0975 -0.3110 0.9454
vn -0.1023 -0.0787 0.9916
vn 0.1633 -0.0784 -0.9834
vn 0.1559 -0.3088 -0.9383
vn 0.1326 -0.5874 -0.7983
vn 0.0964 -0.8087 -0.5802
vn 0.0507 -0.9510 -0.3051
vn -0.0508 -0.9510 0.3051
vn -0.0965 -0.8087 0.5802
vn -0.1329 -0.5874 0.7983
vn -0.1562 -0.3087 0.9382
vn -0.1637 -0.0784 0.9834
vn 0.1637 0.0784 0.9834
vn 0.1023 0.0787 0.9916
vn 0.0000 0.0786 0.9969
vn -0.1023 0.0787 0.9916
vn -0.1637 0.0784 0.9834
vn -0.1633 0.0784 -0.9834
vn -0.1022 0.0782 -0.9917
vn 0.0000 0.0782 -0.9969
vn 0.1022 0.0782 -0.9917
vn 0.1633 0.0784 -0.9834
vn 0.1562 0.3087 0.9382
vn 0.0975 0.3110 0.9454
vn 0.1329 0.5874 0.7983
vn 0.0827 0.5910 0.8024
vn 0.0965 0.8087 0.5802
vn 0.0598 0.8122 0.5803
vn 0.0508 0.9510 0.3051
vn 0.0311 0.9529 0.3016
vn -0.0006 1.0000 -0.0061
vn -0.0507 0.9510 -0.3051
vn -0.0322 0.9493 -0.3127
vn -0.0964 0.8087 -0.5802
vn -0.0606 0.8063 -0.5884
vn -0.1326 0.5874 -0.7983
vn -0.0831 0.5851 -0.8066
vn -0.1559 0.3088 -0.9383
vn -0.0975 0.3074 -0.9465
vn 0.0000 0.3100 0.9507
vn 0.0000 0.5895 0.8077
vn 0.0000 0.8108 0.5853
vn 0.0000 0.9522 0.3055
vn 0.0000 1.0000 -0.0040
vn 0.0000 0.9498 -0.3128
vn 0.0000 0.8069 -0.5906
vn 0.0000 0.5857 -0.8105
vn 0.0000 0.3077 -0.9515
vn -0.0975 0.3110 0.9454
vn -0.0827 0.5910 0.8024
vn -0.0598 0.8122 0.5803
vn -0.0311 0.9529 0.3016
vn 0.0006 1.0000 -0.0061
vn 0.0322 0.9493 -0.3127
vn 0.0606 0.8063 -0.5884
vn 0.0831 0.5851 -0.8066
vn 0.0975 0.3074 -0.9465
vn -0.1562 0.3087 0.9382
vn -0.1329 0.5874 0.7983
vn -0.0965 0.8087 0.5802
vn -0.0508 0.9510 0.3051
vn 0.0507 0.9510 -0.3051
vn 0.0964 0.8087 -0.5802
vn 0.1326 0.5874 -0.7983
vn 0.1559 0.3088 -0.9383
vn -0.2907 -0.5269 -0.7986
vn 0.0000 -0.5269 -0.8499
vn 0.2907 -0.5269 -0.7986
vn 0.5463 -0.5269 -0.6511
vn 0.7360 -0.5269 -0.4249
vn 0.8370 -0.5269 -0.1476
vn 0.8370 -0.5269 0.1476
vn 0.7360 -0.5269 0.4249
vn 0.5463 -0.5269 0.6511
vn 0.2907 -0.5269 0.7986
vn 0.0000 -0.5269 0.8499
vn -0.2907 -0.5269 0.7986
vn -0.5463 -0.5269 0.6511
vn -0.7360 -0.5269 0.4249
vn -0.8370 -0.5269 0.1476
vn -0.8370 -0.5269 -0.1476
vn -0.7360 -0.5269 -0.4249
vn -0.5463 -0.5269 -0.6511
vn -0.2787 0.5796 0.7657
vn 0.0000 0.5796 0.8149
vn 0.0000 0.9330 0.3599
vn -0.1231 0.9330 0.3382
vn 0.7057 0.5796 0.4074
vn 0.5238 0.5796 0.6242
vn -0.8025 0.5796 0.1415
vn -0.8025 0.5796 -0.1415
vn 0.8025 0.5796 0.1415
vn -0.7057 0.5796 0.4074
vn 0.8025 0.5796 -0.1415
vn -0.5238 0.5796 0.6242
vn 0.7057 0.5796 -0.4074
vn -0.2787 0.5796 -0.7657
vn 0.0000 0.5796 -0.8149
vn 0.5238 0.5796 -0.6242
vn -0.5238 0.5796 -0.6242
vn 0.2787 0.5796 -0.7657
vn 0.2787 0.5796 0.7657
vn -0.7057 0.5796 -0.4074
vn -0.1231 0.9330 -0.3382
vn -0.2313 0.9330 -0.2757
vn -0.3117 0.9330 -0.1799
vn -0.3544 0.9330 -0.0625
vn -0.3544 0.9330 0.0625
vn -0.3117 0.9330 0.1799
vn -0.2313 0.9330 0.2757
vn 0.1231 0.9330 0.3382
vn 0.2313 0.9330 0.2757
vn 0.3117 0.9330 0.1799
vn 0.3544 0.9330 0.0625
vn 0.3544 0.9330 -0.0625
vn 0.3117 0.9330 -0.1799
vn 0.2313 0.9330 -0.2757
vn 0.1231 0.9330 -0.3382
vn 0.0000 0.9330 -0.3599
vn 0.9343 -0.3263 -0.1435
vn 0.9892 -0.1020 -0.1050
vn 0.9585 -0.0814 -0.2733
vn 0.9037 -0.3154 -0.2897
vn 0.7814 -0.5968 -0.1823
vn 0.7537 -0.5918 -0.2858
vn 0.5506 -0.8097 -0.2030
vn 0.5296 -0.8095 -0.2534
vn 0.2645 -0.9427 -0.2033
vn 0.2537 -0.9474 -0.1951
vn -0.0477 -0.9819 -0.1831
vn -0.0464 -0.9920 -0.1169
vn -0.3542 -0.9239 -0.1445
vn -0.3410 -0.9397 -0.0273
vn -0.6243 -0.7757 -0.0918
vn -0.6010 -0.7966 0.0646
vn -0.8327 -0.5529 -0.0304
vn -0.8021 -0.5781 0.1497
vn -0.9602 -0.2774 0.0336
vn -0.9261 -0.3062 0.2202
vn -0.9955 -0.0516 0.0797
vn -0.9622 -0.0802 0.2601
vn -0.4206 -0.8225 0.3829
vn -0.6717 -0.3436 0.6563
vn 0.2628 -0.0286 -0.9644
vn 0.0431 -0.0292 -0.9986
vn -0.0432 -0.0292 -0.9986
vn -0.6703 -0.2894 -0.6832
vn 0.4206 -0.8225 0.3829
vn -0.9589 -0.0783 -0.2728
vn -0.9045 -0.3131 -0.2896
vn -0.7550 -0.5900 -0.2862
vn -0.5319 -0.8078 -0.2541
vn -0.2575 -0.9461 -0.1962
vn 0.0412 -0.9921 -0.1184
vn 0.3352 -0.9417 -0.0290
vn 0.5961 -0.8004 0.0629
vn 0.7990 -0.5828 0.1483
vn 0.9249 -0.3106 0.2192
vn 0.9621 -0.0838 0.2593
vn -0.9954 -0.0854 -0.0439
vn -0.9505 -0.3075 -0.0437
vn -0.8068 -0.5894 -0.0399
vn -0.5794 -0.8144 -0.0320
vn -0.2905 -0.9566 -0.0204
vn 0.0286 -0.9995 -0.0064
vn 0.3429 -0.9393 0.0085
vn 0.6194 -0.7847 0.0225
vn 0.8316 -0.5543 0.0338
vn 0.9613 -0.2724 0.0416
vn 0.9976 -0.0523 0.0447
vn -0.9953 -0.0958 0.0093
vn -0.9441 -0.3281 0.0317
vn -0.7967 -0.6015 0.0581
vn -0.5730 -0.8158 0.0787
vn -0.2946 -0.9512 0.0917
vn 0.0117 -0.9953 0.0959
vn 0.3173 -0.9439 0.0909
vn 0.5931 -0.8014 0.0770
vn 0.8123 -0.5806 0.0557
vn 0.9527 -0.3024 0.0290
vn 0.9976 -0.0684 0.0065
vn 0.9949 -0.0997 0.0102
vn 0.9395 -0.3405 0.0353
vn 0.7840 -0.6174 0.0646
vn 0.5564 -0.8264 0.0869
vn 0.2827 -0.9539 0.1004
vn -0.0126 -0.9944 0.1047
vn -0.3070 -0.9465 0.0996
vn -0.5777 -0.8118 0.0853
vn -0.8003 -0.5963 0.0624
vn -0.9486 -0.3148 0.0326
vn -0.9973 -0.0721 0.0074
vn 0.9938 -0.0772 0.0794
vn 0.9388 -0.2408 0.2462
vn 0.8012 -0.4192 0.4271
vn 0.5866 -0.5680 0.5773
vn 0.3059 -0.6682 0.6781
vn -0.0137 -0.7020 0.7121
vn -0.3316 -0.6621 0.6720
vn -0.6075 -0.5571 0.5662
vn -0.8158 -0.4050 0.4128
vn -0.9468 -0.2249 0.2300
vn -0.9962 -0.0606 0.0623
vn 0.9960 -0.0317 0.0834
vn 0.9478 -0.1130 0.2983
vn 0.7968 -0.2164 0.5641
vn 0.5689 -0.2982 0.7664
vn 0.2907 -0.3501 0.8904
vn -0.0122 -0.3675 0.9299
vn -0.3152 -0.3482 0.8828
vn -0.5924 -0.2933 0.7503
vn -0.8160 -0.2077 0.5394
vn -0.9584 -0.1007 0.2669
vn -0.9986 -0.0178 0.0501
vn 0.9933 -0.1153 0.0123
vn -0.3622 -0.6932 0.6231
vn -0.8453 -0.3661 0.3891
vn 0.8692 -0.4676 -0.1607
vn -0.9318 -0.0959 0.3500
vn -0.9483 0.1206 0.2936
vn 0.2436 -0.9499 -0.1958
vn -0.6629 0.2003 0.7214
vn -0.6124 -0.4185 -0.6706
vn 0.0283 -0.9991 0.0321
vn 0.6250 -0.3354 0.7048
vn 0.5650 -0.8088 0.1630
vn -0.5444 -0.7940 -0.2707
vn 0.8462 -0.3278 0.4200
vn -0.4437 -0.3637 -0.8191
vn 0.4437 -0.3637 -0.8190
vn 0.7050 -0.3643 -0.6085
vn -0.7585 -0.0167 0.6515
vn 0.5444 -0.7939 -0.2707
vn 0.9067 -0.3484 -0.2375
vn -0.6250 -0.3354 0.7049
vn -0.8691 -0.4677 -0.1607
vn -0.4568 -0.8848 0.0921
vn 0.9318 -0.0958 0.3500
vn -0.9933 -0.1152 0.0123
vn 0.6382 -0.5565 0.5319
vn 0.8453 -0.3661 0.3890
vn -0.9964 -0.0307 0.0793
vn -0.9523 -0.1082 0.2854
vn -0.8104 -0.2064 0.5482
vn -0.5871 -0.2842 0.7579
vn -0.3033 -0.3341 0.8924
vn 0.0128 -0.3508 0.9363
vn 0.3287 -0.3322 0.8841
vn 0.6106 -0.2796 0.7410
vn 0.8289 -0.1981 0.5231
vn 0.9622 -0.0963 0.2548
vn 0.9987 -0.0170 0.0473
vn -0.9957 -0.0135 0.0917
vn -0.9457 -0.0470 0.3216
vn -0.7977 -0.0867 0.5967
vn -0.5724 -0.1172 0.8115
vn -0.2931 -0.1361 0.9463
vn 0.0131 -0.1422 0.9897
vn 0.3181 -0.1350 0.9384
vn 0.5939 -0.1151 0.7963
vn 0.8135 -0.0837 0.5755
vn 0.9540 -0.0434 0.2964
vn 0.9978 -0.0096 0.0653
vn -0.9889 0.1015 0.1081
vn -0.9575 0.0731 0.2789
vn -0.2693 0.0282 0.9626
vn 0.9579 0.0701 0.2784
vn 0.9937 0.1026 0.0456
vn 0.9961 0.0882 -0.0084
vn -0.9957 0.0920 -0.0089
vn -0.9985 0.0378 -0.0392
vn -0.9937 0.0394 -0.1043
vn -0.9315 0.2680 0.2456
vn -0.1397 0.3485 0.9268
vn 0.6111 0.3894 0.6890
vn -0.4453 0.3711 0.8148
vn -0.6112 0.3894 0.6890
vn 0.9944 0.0392 -0.0986
vn 0.9957 0.0137 -0.0917
vn 0.9958 0.0510 -0.0761
vn 0.9643 0.0744 -0.2541
vn -0.9642 0.0782 -0.2535
vn -0.9966 0.0702 -0.0428
vn -0.9981 0.0607 -0.0057
vn 0.9979 0.0643 -0.0062
vn 0.9995 0.0212 -0.0220
vn 0.9971 0.0249 -0.0716
vn 0.6639 -0.2019 -0.7201
vn -0.6535 -0.2514 -0.7139
vn -0.6639 -0.2018 -0.7201
vn -0.9974 0.0248 -0.0672
vn -0.9978 0.0098 -0.0653
vn -0.9340 0.3260 0.1457
vn -0.9095 0.2933 0.2945
vn -0.7812 0.5966 0.1834
vn -0.7707 0.5666 0.2915
vn -0.5506 0.8096 0.2033
vn -0.5577 0.7880 0.2605
vn -0.2645 0.9427 0.2034
vn -0.2887 0.9354 0.2039
vn 0.0478 0.9818 0.1837
vn 0.0117 0.9919 0.1268
vn 0.3544 0.9236 0.1461
vn 0.3139 0.9487 0.0370
vn 0.6247 0.7751 0.0945
vn 0.5857 0.8086 -0.0558
vn 0.8330 0.5521 0.0340
vn 0.7979 0.5857 -0.1424
vn 0.9605 0.2766 -0.0297
vn 0.9283 0.3040 -0.2142
vn 0.6672 0.3607 -0.6516
vn -0.0173 0.9978 0.0633
vn -0.0433 0.2598 0.9647
vn 0.0434 0.2598 0.9647
vn 0.0174 0.9978 0.0633
vn -0.3897 0.8510 -0.3519
vn -0.6672 0.3607 -0.6516
vn 0.9104 0.2910 0.2940
vn 0.7722 0.5649 0.2908
vn 0.5603 0.7865 0.2597
vn 0.2927 0.9344 0.2031
vn -0.0063 0.9919 0.1263
vn -0.3078 0.9507 0.0371
vn -0.5804 0.8124 -0.0552
vn -0.7945 0.5905 -0.1415
vn -0.9269 0.3085 -0.2135
vn 0.9405 0.3369 0.0447
vn 0.7927 0.6083 0.0400
vn 0.5683 0.8222 0.0315
vn 0.2885 0.9572 0.0200
vn -0.0191 0.9998 0.0066
vn -0.3241 0.9460 -0.0073
vn -0.5970 0.8019 -0.0204
vn -0.8124 0.5822 -0.0313
vn -0.9509 0.3070 -0.0392
vn 0.9488 0.3143 -0.0298
vn 0.8041 0.5918 -0.0561
vn 0.5802 0.8108 -0.0768
vn 0.2990 0.9500 -0.0900
vn -0.0119 0.9955 -0.0944
vn -0.3220 0.9425 -0.0895
vn -0.6005 0.7960 -0.0758
vn -0.8196 0.5704 -0.0545
vn -0.9571 0.2884 -0.0276
vn -0.9442 0.3277 -0.0306
vn -0.7902 0.6103 -0.0551
vn -0.5612 0.8245 -0.0719
vn -0.2851 0.9550 -0.0812
vn 0.0127 0.9964 -0.0840
vn 0.3096 0.9474 -0.0807
vn 0.5828 0.8095 -0.0708
vn 0.8191 0.5736 -0.0103
vn 0.8065 0.5888 -0.0533
vn 0.9530 0.3016 -0.0283
vn -0.9709 0.1658 -0.1724
vn -0.8569 0.3569 -0.3718
vn -0.6486 0.5271 -0.5490
vn -0.3473 0.6498 -0.6761
vn 0.0157 0.6930 -0.7208
vn 0.3758 0.6420 -0.6682
vn 0.6700 0.5141 -0.5355
vn 0.8701 0.3413 -0.3555
vn 0.9765 0.1493 -0.1552
vn -0.9333 0.1234 -0.3372
vn -0.7744 0.2157 -0.5948
vn -0.5471 0.2846 -0.7871
vn -0.2776 0.3265 -0.9035
vn 0.0117 0.3396 -0.9405
vn 0.3011 0.3233 -0.8971
vn 0.5698 0.2778 -0.7734
vn 0.7936 0.2051 -0.5728
vn 0.9450 0.1099 -0.3079
vn 0.5380 0.5851 0.6067
vn -0.6092 0.5935 -0.5259
vn -0.7301 0.5793 0.3624
vn 0.8479 0.3212 -0.4217
vn 0.8952 0.0162 -0.4453
vn -0.5910 0.7886 0.1699
vn 0.9393 0.1243 -0.3197
vn 0.7903 0.2208 -0.5716
vn 0.5673 0.2959 -0.7685
vn 0.2913 0.3431 -0.8930
vn -0.0124 0.3582 -0.9336
vn -0.3157 0.3395 -0.8860
vn -0.5900 0.2886 -0.7541
vn -0.8086 0.2098 -0.5496
vn -0.9501 0.1105 -0.2915
vn 0.9457 0.0484 -0.3213
vn 0.7979 0.0903 -0.5959
vn 0.5727 0.1235 -0.8104
vn 0.2934 0.1444 -0.9450
vn -0.0131 0.1512 -0.9884
vn -0.3184 0.1432 -0.9370
vn -0.5942 0.1211 -0.7951
vn -0.8137 0.0871 -0.5748
vn -0.9541 0.0446 -0.2961
vn -0.1562 -0.3088 -0.9382
vn -0.0975 -0.3074 0.9465
vn -0.1634 0.0784 0.9834
vn 0.1559 0.3088 0.9383
vn -0.0975 0.3074 0.9465
vn 0.9343 -0.3263 0.1435
vn 0.9037 -0.3154 0.2897
vn 0.9585 -0.0814 0.2733
vn 0.9892 -0.1020 0.1050
vn 0.7814 -0.5968 0.1823
vn 0.7537 -0.5918 0.2858
vn 0.5506 -0.8097 0.2030
vn 0.5296 -0.8095 0.2534
vn 0.2645 -0.9427 0.2033
vn 0.2537 -0.9474 0.1951
vn -0.0477 -0.9819 0.1831
vn -0.0464 -0.9920 0.1169
vn -0.3542 -0.9239 0.1445
vn -0.3410 -0.9397 0.0273
vn -0.6243 -0.7757 0.0918
vn -0.6010 -0.7966 -0.0646
vn -0.8327 -0.5529 0.0304
vn -0.8021 -0.5781 -0.1497
vn -0.9602 -0.2773 -0.0336
vn -0.9261 -0.3062 -0.2202
vn -0.9955 -0.0516 -0.0797
vn -0.9622 -0.0802 -0.2601
vn 0.6703 -0.2895 0.6832
vn -0.6703 -0.2894 0.6832
vn -0.9045 -0.3131 0.2896
vn -0.9589 -0.0783 0.2728
vn -0.7550 -0.5900 0.2862
vn -0.5319 -0.8078 0.2541
vn -0.2575 -0.9461 0.1962
vn 0.0412 -0.9921 0.1184
vn 0.3352 -0.9417 0.0290
vn 0.5961 -0.8004 -0.0629
vn 0.7990 -0.5828 -0.1483
vn 0.9249 -0.3105 -0.2192
vn 0.9621 -0.0838 -0.2593
vn -0.9505 -0.3075 0.0437
vn -0.9954 -0.0854 0.0439
vn -0.8068 -0.5894 0.0399
vn -0.5794 -0.8144 0.0320
vn -0.2905 -0.9566 0.0204
vn 0.0286 -0.9995 0.0064
vn 0.3429 -0.9393 -0.0085
vn 0.6194 -0.7847 -0.0225
vn 0.8316 -0.5543 -0.0338
vn 0.9613 -0.2724 -0.0416
vn 0.9976 -0.0523 -0.0447
vn -0.9441 -0.3281 -0.0317
vn -0.9953 -0.0959 -0.0093
vn -0.7967 -0.6015 -0.0581
vn -0.5729 -0.8158 -0.0787
vn -0.2946 -0.9512 -0.0917
vn 0.0117 -0.9953 -0.0959
vn 0.3173 -0.9439 -0.0909
vn 0.5931 -0.8014 -0.0770
vn 0.8123 -0.5806 -0.0557
vn 0.9527 -0.3024 -0.0290
vn 0.9976 -0.0684 -0.0065
vn 0.9395 -0.3405 -0.0353
vn 0.9949 -0.0997 -0.0102
vn 0.7840 -0.6174 -0.0646
vn 0.5564 -0.8264 -0.0869
vn 0.2827 -0.9539 -0.1004
vn -0.0126 -0.9944 -0.1047
vn -0.3070 -0.9465 -0.0996
vn -0.5777 -0.8118 -0.0853
vn -0.8003 -0.5963 -0.0624
vn -0.9530 -0.3029 -0.0055
vn -0.9486 -0.3148 -0.0326
vn -0.9973 -0.0721 -0.0074
vn 0.9388 -0.2408 -0.2462
vn 0.9938 -0.0772 -0.0794
vn 0.8011 -0.4192 -0.4271
vn 0.5866 -0.5680 -0.5773
vn 0.3059 -0.6682 -0.6781
vn -0.0137 -0.7020 -0.7121
vn -0.3316 -0.6621 -0.6720
vn -0.6075 -0.5571 -0.5662
vn -0.8158 -0.4050 -0.4128
vn -0.9468 -0.2249 -0.2300
vn -0.9962 -0.0606 -0.0623
vn 0.9478 -0.1130 -0.2983
vn 0.9960 -0.0317 -0.0834
vn 0.7968 -0.2164 -0.5641
vn 0.5689 -0.2982 -0.7664
vn 0.2907 -0.3501 -0.8904
vn -0.0122 -0.3675 -0.9299
vn -0.3152 -0.3482 -0.8828
vn -0.5924 -0.2933 -0.7503
vn -0.8160 -0.2077 -0.5394
vn -0.9584 -0.1007 -0.2669
vn -0.9986 -0.0178 -0.0501
vn 0.9933 -0.1153 -0.0123
vn -0.9318 -0.0959 -0.3500
vn -0.9483 0.1206 -0.2936
vn -0.6124 -0.4185 0.6706
vn 0.0283 -0.9991 -0.0321
vn 0.6250 -0.3354 -0.7048
vn -0.9067 -0.3484 0.2375
vn 0.5650 -0.8088 -0.1630
vn -0.8334 -0.3655 0.4145
vn -0.5444 -0.7940 0.2707
vn 0.8462 -0.3278 -0.4200
vn -0.7050 -0.3643 0.6085
vn -0.7585 -0.0166 -0.6515
vn 0.8334 -0.3655 0.4145
vn 0.9067 -0.3484 0.2375
vn 0.6125 -0.4185 0.6706
vn -0.0282 -0.9991 -0.0321
vn -0.6250 -0.3354 -0.7049
vn 0.1459 0.2057 -0.9677
vn -0.8691 -0.4676 0.1607
vn -0.4568 -0.8848 -0.0921
vn 0.9483 0.1207 -0.2936
vn 0.8453 -0.3661 -0.3890
vn -0.9522 -0.1082 -0.2854
vn -0.9964 -0.0307 -0.0793
vn -0.8104 -0.2064 -0.5482
vn -0.5871 -0.2842 -0.7579
vn -0.3033 -0.3341 -0.8924
vn 0.0128 -0.3508 -0.9363
vn 0.3287 -0.3322 -0.8841
vn 0.6106 -0.2796 -0.7410
vn 0.8289 -0.1981 -0.5231
vn 0.9622 -0.0963 -0.2548
vn 0.9987 -0.0170 -0.0473
vn -0.9457 -0.0470 -0.3216
vn -0.9957 -0.0135 -0.0917
vn -0.7977 -0.0867 -0.5967
vn -0.5724 -0.1172 -0.8115
vn -0.2931 -0.1361 -0.9463
vn 0.0131 -0.1422 -0.9897
vn 0.3181 -0.1350 -0.9384
vn 0.5939 -0.1151 -0.7963
vn 0.8135 -0.0837 -0.5755
vn 0.9540 -0.0434 -0.2964
vn 0.9978 -0.0096 -0.0653
vn -0.9889 0.1015 -0.1081
vn -0.9575 0.0731 -0.2789
vn 0.2693 0.0283 -0.9626
vn 0.9579 0.0701 -0.2784
vn 0.9937 0.1026 -0.0456
vn 0.9961 0.0882 0.0084
vn 0.9960 0.0886 0.0016
vn -0.9960 0.0887 0.0016
vn -0.9957 0.0920 0.0089
vn -0.9985 0.0378 0.0392
vn -0.9937 0.0394 0.1043
vn -0.6112 0.3895 -0.6890
vn 0.1397 0.3486 -0.9268
vn 0.9944 0.0392 0.0986
vn 0.9957 0.0137 0.0917
vn 0.9643 0.0744 0.2541
vn 0.9958 0.0510 0.0761
vn -0.9642 0.0782 0.2535
vn -0.9966 0.0702 0.0428
vn -0.9981 0.0607 0.0057
vn -0.9980 0.0622 0.0011
vn 0.9979 0.0643 0.0062
vn 0.9980 0.0622 0.0011
vn 0.9995 0.0212 0.0220
vn 0.9971 0.0249 0.0716
vn -0.6535 -0.2514 0.7139
vn 0.0000 -0.2159 0.9764
vn -0.9974 0.0248 0.0672
vn -0.9978 0.0098 0.0653
vn -0.9340 0.3260 -0.1457
vn -0.9095 0.2933 -0.2945
vn -0.7812 0.5966 -0.1834
vn -0.7707 0.5666 -0.2915
vn -0.5506 0.8096 -0.2033
vn -0.5577 0.7880 -0.2605
vn -0.2645 0.9427 -0.2034
vn -0.2887 0.9354 -0.2039
vn 0.0478 0.9818 -0.1837
vn 0.0117 0.9919 -0.1268
vn 0.3544 0.9236 -0.1461
vn 0.3139 0.9487 -0.0370
vn 0.6247 0.7751 -0.0945
vn 0.5857 0.8086 0.0558
vn 0.8330 0.5521 -0.0340
vn 0.7979 0.5857 0.1424
vn 0.9605 0.2766 0.0297
vn 0.9283 0.3040 0.2142
vn -0.0173 0.9978 -0.0633
vn -0.6672 0.3607 0.6516
vn 0.9104 0.2910 -0.2939
vn 0.7722 0.5649 -0.2908
vn 0.5603 0.7865 -0.2597
vn 0.2927 0.9344 -0.2031
vn -0.0063 0.9919 -0.1263
vn -0.3078 0.9507 -0.0371
vn -0.5804 0.8124 0.0552
vn -0.7945 0.5905 0.1415
vn -0.9269 0.3085 0.2135
vn 0.9405 0.3369 -0.0447
vn 0.7927 0.6083 -0.0400
vn 0.5683 0.8222 -0.0315
vn 0.2885 0.9572 -0.0200
vn -0.0191 0.9998 -0.0066
vn -0.3241 0.9460 0.0073
vn -0.5970 0.8019 0.0204
vn -0.8124 0.5822 0.0313
vn -0.9509 0.3071 0.0392
vn 0.9488 0.3143 0.0298
vn 0.8041 0.5918 0.0561
vn 0.5802 0.8108 0.0768
vn 0.2990 0.9500 0.0900
vn -0.0119 0.9955 0.0944
vn -0.3220 0.9425 0.0895
vn -0.6005 0.7960 0.0758
vn -0.8195 0.5704 0.0545
vn -0.9571 0.2884 0.0276
vn -0.8191 0.5736 0.0103
vn -0.9442 0.3277 0.0306
vn -0.7902 0.6103 0.0551
vn -0.5612 0.8245 0.0719
vn -0.2851 0.9550 0.0812
vn 0.0127 0.9964 0.0840
vn 0.3096 0.9474 0.0807
vn 0.5828 0.8095 0.0708
vn 0.8191 0.5736 0.0103
vn 0.8065 0.5888 0.0533
vn 0.9530 0.3016 0.0283
vn -0.9709 0.1658 0.1724
vn -0.8569 0.3569 0.3718
vn -0.6486 0.5271 0.5490
vn -0.3473 0.6498 0.6761
vn 0.0157 0.6930 0.7208
vn 0.3758 0.6420 0.6682
vn 0.6700 0.5141 0.5355
vn 0.8701 0.3413 0.3555
vn 0.9765 0.1493 0.1552
vn -0.9333 0.1234 0.3372
vn -0.7744 0.2157 0.5948
vn -0.5471 0.2846 0.7871
vn -0.2776 0.3265 0.9035
vn 0.0117 0.3396 0.9405
vn 0.3011 0.3233 0.8971
vn 0.5698 0.2778 0.7734
vn 0.7936 0.2051 0.5728
vn 0.9450 0.1099 0.3079
vn -0.4503 0.7784 -0.4373
vn 0.5910 0.7886 -0.1699
vn 0.8479 0.3212 0.4217
vn -0.5910 0.7886 -0.1699
vn -0.5379 0.5852 -0.6067
vn 0.2810 0.9304 -0.2355
vn 0.9317 0.3136 0.1834
vn 0.9393 0.1243 0.3197
vn 0.7903 0.2208 0.5716
vn 0.5673 0.2959 0.7685
vn 0.2913 0.3431 0.8930
vn -0.0124 0.3582 0.9336
vn -0.3157 0.3395 0.8860
vn -0.5900 0.2886 0.7541
vn -0.8086 0.2098 0.5496
vn -0.9501 0.1105 0.2915
vn 0.9457 0.0484 0.3213
vn 0.7979 0.0903 0.5959
vn 0.5727 0.1235 0.8104
vn 0.2934 0.1444 0.9450
vn -0.0131 0.1512 0.9884
vn -0.3184 0.1432 0.9370
vn -0.5942 0.1211 0.7951
vn -0.8137 0.0871 0.5748
vn -0.9541 0.0446 0.2961
vn -0.1559 -0.3087 -0.9383
vn -0.1562 0.3088 0.9382
vn 0.1562 0.3088 0.9382
vn 0.9622 -0.0803 -0.2601
vn -0.0431 -0.0292 0.9986
vn 0.0350 -0.6235 -0.7811
vn 0.0000 -0.0293 0.9995
vn 0.0000 -0.9347 0.3554
vn 0.0431 -0.0292 0.9986
vn -0.0350 -0.6235 -0.7811
vn -0.4206 -0.8224 -0.3829
vn -0.3430 -0.9393 -0.0085
vn 0.9953 -0.0958 -0.0093
vn -0.5741 -0.6455 -0.5037
vn 0.3622 -0.6932 -0.6232
vn 0.9318 -0.0959 -0.3500
vn 0.1411 -0.3042 -0.9420
vn 0.1600 -0.9708 0.1786
vn 0.7050 -0.3642 0.6085
vn -0.7585 -0.0167 -0.6515
vn 0.4437 -0.3637 0.8191
vn 0.0000 -0.3357 -0.9419
vn 0.7585 -0.0167 -0.6515
vn -0.1600 -0.9708 0.1786
vn 0.6636 -0.0171 -0.7478
vn -0.8453 -0.3661 -0.3891
vn 0.9523 -0.1082 -0.2854
vn -0.7056 0.0386 -0.7075
vn 0.6111 0.3894 -0.6890
vn -0.9315 0.2681 -0.2456
vn 0.0000 0.1275 0.9918
vn -0.6638 -0.2019 0.7201
vn -0.9471 -0.2050 0.2467
vn 0.0282 0.7759 -0.6302
vn -0.0282 0.7759 -0.6302
vn 0.3897 0.8510 0.3519
vn 0.3473 0.6498 0.6761
vn -0.0158 0.6930 0.7208
vn -0.3010 0.3233 0.8971
vn 0.5379 0.5852 -0.6067
vn -0.2810 0.9304 -0.2355
vn -0.9317 0.3136 0.1834
vn 0.5942 0.1211 0.7952
vn -0.1634 -0.0784 -0.9834
vn -0.1022 -0.0783 -0.9917
vn 0.0000 -0.5895 0.8078
vn 0.1022 -0.0783 -0.9917
vn 0.1634 -0.0784 -0.9834
vn -0.1634 0.0784 -0.9834
vn -0.1022 0.0783 -0.9917
vn 0.1022 0.0783 -0.9917
vn 0.1634 0.0784 -0.9834
vn 0.0000 0.5895 0.8078
vn -0.9036 -0.3154 -0.2897
vn -0.9892 -0.1020 -0.1050
vn 0.9602 -0.2773 0.0336
vn 0.9622 -0.0803 0.2601
vn -0.2628 -0.0287 -0.9644
vn -0.0363 -0.5478 -0.8358
vn 0.0246 -0.8341 0.5510
vn 0.0363 -0.5478 -0.8358
vn -0.0246 -0.8341 0.5510
vn 0.6703 -0.2894 -0.6832
vn -0.9249 -0.3105 0.2192
vn -0.3429 -0.9393 0.0085
vn 0.9953 -0.0958 0.0093
vn -0.2435 -0.9499 -0.1958
vn 0.6125 -0.4185 -0.6706
vn -0.8462 -0.3278 0.4200
vn -0.7584 -0.0167 0.6515
vn -0.2676 -0.8288 0.4914
vn 0.2676 -0.8288 0.4914
vn 0.7584 -0.0166 0.6515
vn 0.2809 -0.7414 0.6095
vn 0.9523 -0.1082 0.2854
vn 0.2693 0.0283 0.9626
vn 0.4453 0.3711 0.8149
vn -0.9980 0.0621 -0.0011
vn 0.9974 0.0248 -0.0673
vn 0.5577 0.7880 0.2605
vn -0.9104 0.2910 0.2940
vn -0.9405 0.3369 0.0448
vn 0.8195 0.5704 -0.0545
vn 0.7744 0.2157 -0.5947
vn 0.2810 0.9303 0.2355
vn -0.8479 0.3212 -0.4217
vn 0.5379 0.5852 0.6067
vn 0.9501 0.1105 -0.2915
vn 0.3184 0.1432 -0.9371
vn 0.1023 -0.0787 -0.9916
vn -0.1023 -0.0787 -0.9916
vn 0.1023 0.0787 -0.9916
vn -0.1023 0.0787 -0.9916
vn 0.1562 0.3087 -0.9382
vn 0.0000 0.3100 -0.9507
vn 0.0000 0.5895 -0.8077
vn -0.1562 0.3087 -0.9382
vn -0.5730 -0.8158 -0.0787
vn -0.0138 -0.7020 -0.7121
vn 0.5741 -0.6455 -0.5037
vn 0.8692 -0.4676 0.1607
vn 0.4567 -0.8848 -0.0921
vn 0.1510 -0.3540 0.9229
vn -0.1411 -0.3042 -0.9420
vn 0.4288 -0.8245 -0.3690
vn 0.7585 -0.0166 -0.6515
vn -0.4288 -0.8245 -0.3690
vn 0.5444 -0.7939 0.2707
vn -0.6636 -0.0171 -0.7478
vn -0.9933 -0.1152 -0.0123
vn -0.9523 -0.1082 -0.2854
vn 0.9622 -0.0964 -0.2548
vn 0.3182 -0.1350 -0.9384
vn 0.5939 -0.1150 -0.7963
vn -0.2693 0.0282 -0.9626
vn 0.9995 0.0211 0.0220
vn 0.6638 -0.2019 0.7201
vn 0.6535 -0.2514 0.7139
vn -0.3897 0.8510 0.3519
vn 0.9488 0.3144 0.0298
vn -0.5613 0.8245 0.0719
vn 0.0158 0.6930 0.7208
vn 0.3010 0.3233 0.8971
vn 0.5788 0.5532 -0.5992
vn -0.5942 0.1211 0.7952
vn -0.9602 -0.2773 0.0336
vn -0.5621 -0.5815 -0.5882
vn 0.9249 -0.3105 0.2192
vn -0.9953 -0.0959 0.0093
vn 0.5932 -0.8014 0.0770
vn -0.9973 -0.0722 0.0074
vn 0.8011 -0.4192 0.4271
vn -0.0138 -0.7020 0.7121
vn 0.5741 -0.6455 0.5037
vn 0.4567 -0.8848 0.0921
vn -0.1459 0.2058 0.9677
vn -0.9067 -0.3484 -0.2375
vn -0.8334 -0.3655 -0.4145
vn 0.4288 -0.8245 0.3690
vn 0.7165 -0.3283 0.6156
vn -0.7165 -0.3283 0.6156
vn 0.8334 -0.3655 -0.4145
vn -0.2809 -0.7414 0.6095
vn -0.9522 -0.1082 0.2854
vn 0.9622 -0.0964 0.2548
vn -0.7977 -0.0867 0.5968
vn 0.9960 0.0886 -0.0016
vn -0.4453 0.3711 0.8149
vn -0.9974 0.0248 -0.0673
vn 0.9104 0.2910 0.2939
vn -0.9509 0.3071 -0.0392
vn 0.8036 0.5951 -0.0107
vn 0.2975 0.9546 -0.0172
vn -0.2975 0.9546 -0.0172
vn 0.0158 0.6930 -0.7208
vn -0.7744 0.2157 -0.5947
vn 0.5910 0.7886 0.1699
vn -0.5379 0.5852 0.6067
vn 0.5788 0.5532 0.5992
vn -0.0124 0.3581 -0.9336
vn -0.3184 0.1432 -0.9371
vn 0.0976 0.3074 0.9465
vn -0.5773 0.5773 0.5773
vn 0.0000 0.7071 0.7071
vn -0.7071 0.7071 0.0000
vn 0.5773 0.5773 0.5773
vn 0.7071 0.7071 0.0000
vn -0.5773 0.5773 -0.5773
vn 0.0000 0.7071 -0.7071
vn 0.5773 0.5773 -0.5773
vn 1.0000 0.0000 0.0000
vn 0.7071 0.0000 -0.7071
vn 0.0000 0.0000 -1.0000
vn -0.7071 0.0000 -0.7071
vn -1.0000 0.0000 0.0000
vn 0.7071 0.0000 0.7071
vn 0.0000 0.0000 1.0000
vn -0.7071 0.0000 0.7071
vn -0.5773 -0.5773 0.5773
vn 0.0000 -0.7071 0.7071
vn -0.7071 -0.7071 0.0000
vn 0.5773 -0.5773 0.5773
vn 0.7071 -0.7071 0.0000
vn 0.0000 -0.7071 -0.7071
vn -0.5773 -0.5773 -0.5773
vn 0.5773 -0.5773 -0.5773
vn 0.9207 -0.1831 0.3447
vn 0.4258 -0.0847 0.9008
vn 0.4011 -0.1661 0.9008
vn 0.8672 -0.3592 0.3447
vn -0.8672 -0.3592 0.3447
vn -0.4011 -0.1661 0.9008
vn -0.4258 -0.0847 0.9008
vn -0.9207 -0.1831 0.3447
vn 0.9387 0.0000 0.3447
vn 0.4342 0.0000 0.9008
vn -0.7805 -0.5215 0.3447
vn -0.3610 -0.2412 0.9008
vn 0.9207 0.1831 0.3447
vn 0.4258 0.0847 0.9008
vn -0.6637 -0.6637 0.3447
vn -0.3070 -0.3070 0.9008
vn 0.8672 0.3592 0.3447
vn 0.4011 0.1661 0.9008
vn -0.5215 -0.7805 0.3447
vn -0.2412 -0.3610 0.9008
vn 0.7805 0.5215 0.3447
vn 0.3610 0.2412 0.9008
vn -0.3592 -0.8672 0.3447
vn -0.1661 -0.4011 0.9008
vn -0.1831 0.9207 0.3447
vn -0.0847 0.4258 0.9008
vn 0.0000 0.4342 0.9008
vn 0.0000 0.9387 0.3447
vn 0.6637 0.6637 0.3447
vn 0.3070 0.3070 0.9008
vn -0.1831 -0.9207 0.3447
vn -0.0847 -0.4258 0.9008
vn -0.3592 0.8672 0.3447
vn -0.1661 0.4011 0.9008
vn 0.5215 0.7805 0.3447
vn 0.2412 0.3610 0.9008
vn 0.0000 -0.9387 0.3447
vn 0.0000 -0.4342 0.9008
vn -0.5215 0.7805 0.3447
vn -0.2412 0.3610 0.9008
vn 0.3592 0.8672 0.3447
vn 0.1661 0.4011 0.9008
vn 0.1831 -0.9207 0.3447
vn 0.0847 -0.4258 0.9008
vn -0.6637 0.6637 0.3447
vn -0.3070 0.3070 0.9008
vn 0.1831 0.9207 0.3447
vn 0.0847 0.4258 0.9008
vn 0.3592 -0.8672 0.3447
vn 0.1661 -0.4011 0.9008
vn -0.7805 0.5215 0.3447
vn -0.3610 0.2412 0.9008
vn 0.5215 -0.7805 0.3447
vn 0.2412 -0.3610 0.9008
vn -0.8672 0.3592 0.3447
vn -0.4011 0.1661 0.9008
vn 0.6637 -0.6637 0.3447
vn 0.3070 -0.3070 0.9008
vn -0.9207 0.1831 0.3447
vn -0.4258 0.0847 0.9008
vn 0.7805 -0.5215 0.3447
vn 0.3610 -0.2412 0.9008
vn -0.9387 0.0000 0.3447
vn -0.4342 0.0000 0.9008
vn 0.3162 0.0000 0.9487
vn -0.1924 0.1924 0.9622
vn -0.3162 0.0000 0.9487
vn 0.1956 0.1956 0.9609
vn 0.0000 0.3162 0.9487
vn 0.6704 0.6750 0.3081
vn 0.7981 0.1440 0.5850
vn -0.1952 0.2156 0.9568
vn -0.1260 0.8145 0.5662
vn -0.6704 0.6750 0.3081
vn -0.7981 0.1440 0.5850
vn 0.6696 -0.6665 0.3276
vn 0.1310 -0.7938 0.5938
vn 0.1260 0.8145 0.5662
vn -0.1310 -0.7938 0.5938
vn -0.6696 -0.6665 0.3276
vn 0.1952 0.2156 0.9568
vn 0.0000 -0.3162 0.9487
vn -0.1924 -0.1924 0.9622
vn 0.1971 -0.1842 0.9629
vn -0.1971 -0.1842 0.9629
vn 0.8043 -0.1199 0.5820
vn -0.8043 -0.1199 0.5820
vn 0.1946 -0.1946 0.9614
vn -0.7631 -0.1518 -0.6281
vn -0.9269 -0.1844 -0.3267
vn -0.9451 0.0000 -0.3267
vn -0.7781 0.0000 -0.6281
vn 0.7189 -0.2977 -0.6281
vn 0.8732 -0.3617 -0.3267
vn 0.7858 -0.5251 -0.3267
vn 0.6470 -0.4323 -0.6281
vn -0.9269 0.1844 -0.3267
vn -0.7631 0.1518 -0.6281
vn 0.6683 -0.6683 -0.3267
vn 0.5502 -0.5502 -0.6281
vn -0.8732 0.3617 -0.3267
vn -0.7189 0.2977 -0.6281
vn 0.5251 -0.7858 -0.3267
vn 0.4323 -0.6470 -0.6281
vn -0.7858 0.5251 -0.3267
vn -0.6470 0.4323 -0.6281
vn 0.3617 -0.8732 -0.3267
vn 0.2977 -0.7189 -0.6281
vn 0.0000 0.7781 -0.6281
vn 0.0000 0.9451 -0.3267
vn 0.1844 0.9269 -0.3267
vn 0.1518 0.7631 -0.6281
vn -0.6683 0.6683 -0.3267
vn -0.5502 0.5502 -0.6281
vn 0.1844 -0.9269 -0.3267
vn 0.1518 -0.7631 -0.6281
vn 0.3617 0.8732 -0.3267
vn 0.2977 0.7189 -0.6281
vn -0.5251 0.7858 -0.3267
vn -0.4323 0.6470 -0.6281
vn 0.0000 -0.9451 -0.3267
vn 0.0000 -0.7781 -0.6281
vn 0.5251 0.7858 -0.3267
vn 0.4323 0.6470 -0.6281
vn -0.3617 0.8732 -0.3267
vn -0.2977 0.7189 -0.6281
vn -0.1844 -0.9269 -0.3267
vn -0.1518 -0.7631 -0.6281
vn 0.6683 0.6683 -0.3267
vn 0.5502 0.5502 -0.6281
vn -0.1844 0.9269 -0.3267
vn -0.1518 0.7631 -0.6281
vn -0.3617 -0.8732 -0.3267
vn -0.2977 -0.7189 -0.6281
vn 0.7858 0.5251 -0.3267
vn 0.6470 0.4323 -0.6281
vn -0.5251 -0.7858 -0.3267
vn -0.4323 -0.6470 -0.6281
vn 0.8732 0.3617 -0.3267
vn 0.7189 0.2977 -0.6281
vn -0.6683 -0.6683 -0.3267
vn -0.5502 -0.5502 -0.6281
vn 0.9269 0.1844 -0.3267
vn 0.7631 0.1518 -0.6281
vn -0.7858 -0.5251 -0.3267
vn -0.6470 -0.4323 -0.6281
vn 0.9451 0.0000 -0.3267
vn 0.7781 0.0000 -0.6281
vn -0.8732 -0.3617 -0.3267
vn -0.7189 -0.2977 -0.6281
vn 0.9269 -0.1844 -0.3267
vn 0.7631 -0.1518 -0.6281
vn 0.1924 0.1924 0.9622
vn -0.1956 0.1956 0.9609
vn 0.1924 -0.1924 0.9622
vn -0.1946 -0.1946 0.9614
usemtl Material.001
s 1
f 366//1 377//2 376//3 365//4
f 367//5 378//6 377//2 366//1
f 368//7 379//8 378//6 367//5
f 369//9 380//10 379//8 368//7
f 370//11 381//12 380//10 369//9
f 371//13 382//14 381//12 370//11
f 372//15 383//16 382//14 371//13
f 373//17 384//18 383//16 372//15
f 374//19 385//20 384//18 373//17
f 375//21 386//22 385//20 374//19
f 377//2 388//23 387//24 376//3
f 378//6 389//25 388//23 377//2
f 379//8 390//26 389//25 378//6
f 380//10 391//27 390//26 379//8
f 381//12 392//28 391//27 380//10
f 382//14 393//29 392//28 381//12
f 383//16 394//30 393//29 382//14
f 384//18 395//31 394//30 383//16
f 385//20 396//32 395//31 384//18
f 386//22 397//33 396//32 385//20
f 388//23 399//34 398//35 387//24
f 389//25 400//36 399//34 388//23
f 390//26 401//37 400//36 389//25
f 391//27 402//38 401//37 390//26
f 392//28 403//39 402//38 391//27
f 393//29 404//40 403//39 392//28
f 394//30 405//41 404//40 393//29
f 395//31 406//42 405//41 394//30
f 396//32 407//43 406//42 395//31
f 397//33 408//44 407//43 396//32
f 399//34 410//45 409//46 398//35
f 400//36 411//47 410//45 399//34
f 401//37 412//48 411//47 400//36
f 402//38 413//49 412//48 401//37
f 403//39 414//50 413//49 402//38
f 404//40 415//51 414//50 403//39
f 405//41 416//52 415//51 404//40
f 406//42 417//53 416//52 405//41
f 407//43 418//54 417//53 406//42
f 408//44 419//55 418//54 407//43
f 410//45 421//56 420//57 409//46
f 411//47 422//58 421//56 410//45
f 412//48 423//59 422//58 411//47
f 413//49 424//60 423//59 412//48
f 414//50 425//61 424//60 413//49
f 415//51 426//62 425//61 414//50
f 416//52 427//63 426//62 415//51
f 417//53 428//64 427//63 416//52
f 418//54 429//65 428//64 417//53
f 419//55 430//66 429//65 418//54
f 421//56 432//67 431//57 420//57
f 422//58 433//68 432//67 421//56
f 423//59 434//69 433//68 422//58
f 424//60 435//70 434//69 423//59
f 425//61 436//71 435//70 424//60
f 426//62 437//62 436//71 425//61
f 427//63 438//72 437//62 426//62
f 428//64 439//73 438//72 427//63
f 429//65 440//74 439//73 428//64
f 430//66 441//66 440//74 429//65
f 432//67 443//56 442//57 431//57
f 433//68 444//58 443//56 432//67
f 434//69 445//59 444//58 433//68
f 435//70 446//60 445//59 434//69
f 436//71 447//61 446//60 435//70
f 437//62 448//62 447//61 436//71
f 438//72 449//63 448//62 437//62
f 439//73 450//64 449//63 438//72
f 440//74 451//65 450//64 439//73
f 441//66 452//66 451//65 440//74
f 443//56 454//75 453//76 442//57
f 444//58 455//77 454//75 443//56
f 445//59 456//78 455//77 444//58
f 446//60 457//79 456//78 445//59
f 447//61 458//80 457//79 446//60
f 448//62 459//81 458//80 447//61
f 449//63 460//82 459//81 448//62
f 450//64 461//83 460//82 449//63
f 451//65 462//84 461//83 450//64
f 452//66 463//85 462//84 451//65
f 454//75 465//86 464//87 453//76
f 455//77 466//88 465//86 454//75
f 456//78 467//89 466//88 455//77
f 457//79 468//90 467//89 456//78
f 458//80 469//91 468//90 457//79
f 459//81 470//92 469//91 458//80
f 460//82 471//93 470//92 459//81
f 461//83 472//94 471//93 460//82
f 462//84 473//95 472//94 461//83
f 463//85 474//96 473//95 462//84
f 465//86 476//97 475//98 464//87
f 466//88 477//99 476//97 465//86
f 467//89 478//100 477//99 466//88
f 468//90 479//101 478//100 467//89
f 469//91 480//102 479//101 468//90
f 470//92 481//103 480//102 469//91
f 471//93 482//104 481//103 470//92
f 472//94 483//105 482//104 471//93
f 473//95 484//106 483//105 472//94
f 474//96 485//107 484//106 473//95
f 476//97 487//108 486//109 475//98
f 477//99 488//110 487//108 476//97
f 478//100 489//111 488//110 477//99
f 479//101 490//112 489//111 478//100
f 480//102 491//113 490//112 479//101
f 481//103 492//114 491//113 480//102
f 482//104 493//115 492//114 481//103
f 483//105 494//116 493//115 482//104
f 484//106 495//117 494//116 483//105
f 485//107 496//118 495//117 484//106
f 487//108 498//119 497//120 486//109
f 488//110 499//121 498//119 487//108
f 489//111 500//122 499//121 488//110
f 490//112 501//123 500//122 489//111
f 491//113 502//124 501//123 490//112
f 492//114 503//125 502//124 491//113
f 493//115 504//126 503//125 492//114
f 494//116 505//127 504//126 493//115
f 495//117 506//128 505//127 494//116
f 496//118 507//129 506//128 495//117
f 498//119 509//130 508//131 497//120
f 499//121 510//132 509//130 498//119
f 500//122 511//133 510//132 499//121
f 501//123 512//134 511//133 500//122
f 502//124 513//135 512//134 501//123
f 503//125 514//136 513//135 502//124
f 504//126 515//137 514//136 503//125
f 505//127 516//138 515//137 504//126
f 506//128 517//139 516//138 505//127
f 507//129 518//140 517//139 506//128
f 509//130 520//141 519//142 508//131
f 510//132 521//143 520//141 509//130
f 511//133 522//144 521//143 510//132
f 512//134 523//145 522//144 511//133
f 513//135 524//146 523//145 512//134
f 514//136 525//147 524//146 513//135
f 515//137 526//148 525//147 514//136
f 516//138 527//149 526//148 515//137
f 517//139 528//150 527//149 516//138
f 518//140 529//151 528//150 517//139
f 531//152 542//153 541//154 530//155
f 532//156 543//157 542//153 531//152
f 533//158 544//159 543//157 532//156
f 534//160 545//161 544//159 533//158
f 535//162 546//163 545//161 534//160
f 536//164 547//165 546//163 535//162
f 537//166 548//167 547//165 536//164
f 538//168 549//169 548//167 537//166
f 539//170 550//171 549//169 538//168
f 540//172 551//173 550//171 539//170
f 542//153 553//174 552//175 541//154
f 543//157 554//176 553//174 542//153
f 544//159 555//177 554//176 543//157
f 545//161 556//178 555//177 544//159
f 546//163 557//179 556//178 545//161
f 547//165 558//180 557//179 546//163
f 548//167 559//181 558//180 547//165
f 549//169 560//182 559//181 548//167
f 550//171 561//183 560//182 549//169
f 551//173 562//184 561//183 550//171
f 553//174 564//185 563//186 552//175
f 554//176 565//187 564//185 553//174
f 555//177 566//188 565//187 554//176
f 556//178 567//189 566//188 555//177
f 557//179 568//190 567//189 556//178
f 558//180 569//191 568//190 557//179
f 559//181 570//192 569//191 558//180
f 560//182 571//193 570//192 559//181
f 561//183 572//194 571//193 560//182
f 562//184 573//195 572//194 561//183
f 564//185 575//196 574//197 563//186
f 565//187 576//198 575//196 564//185
f 566//188 577//199 576//198 565//187
f 567//189 578//200 577//199 566//188
f 568//190 579//201 578//200 567//189
f 569//191 580//202 579//201 568//190
f 570//192 581//203 580//202 569//191
f 571//193 582//204 581//203 570//192
f 572//194 583//205 582//204 571//193
f 573//195 584//206 583//205 572//194
f 575//196 586//207 585//208 574//197
f 576//198 587//209 586//207 575//196
f 577//199 588//210 587//209 576//198
f 578//200 589//211 588//210 577//199
f 579//201 590//212 589//211 578//200
f 580//202 591//213 590//212 579//201
f 581//203 592//214 591//213 580//202
f 582//204 593//215 592//214 581//203
f 583//205 594//216 593//215 582//204
f 584//206 595//217 594//216 583//205
f 586//207 597//218 596//219 585//208
f 587//209 598//220 597//218 586//207
f 588//210 599//221 598//220 587//209
f 589//211 600//222 599//221 588//210
f 590//212 601//223 600//222 589//211
f 591//213 602//224 601//223 590//212
f 592//214 603//225 602//224 591//213
f 593//215 604//226 603//225 592//214
f 594//216 605//227 604//226 593//215
f 595//217 606//228 605//227 594//216
f 597//218 608//229 607//230 596//219
f 598//220 609//231 608//229 597//218
f 599//221 610//232 609//231 598//220
f 600//222 611//233 610//232 599//221
f 601//223 612//234 611//233 600//222
f 602//224 613//235 612//234 601//223
f 603//225 614//236 613//235 602//224
f 604//226 615//237 614//236 603//225
f 605//227 616//238 615//237 604//226
f 606//228 617//239 616//238 605//227
f 608//229 619//240 618//241 607//230
f 609//231 620//242 619//240 608//229
f 610//232 621//243 620//242 609//231
f 611//233 622//244 621//243 610//232
f 612//234 623//245 622//244 611//233
f 613//235 624//246 623//245 612//234
f 614//236 625//247 624//246 613//235
f 615//237 626//248 625//247 614//236
f 616//238 627//249 626//248 615//237
f 617//239 628//250 627//249 616//238
f 619//240 630//251 629//252 618//241
f 620//242 631//253 630//251 619//240
f 621//243 632//254 631//253 620//242
f 622//244 633//255 632//254 621//243
f 623//245 634//256 633//255 622//244
f 624//246 635//257 634//256 623//245
f 625//247 636//258 635//257 624//246
f 626//248 637//259 636//258 625//247
f 627//249 638//260 637//259 626//248
f 628//250 639//261 638//260 627//249
f 630//251 641//262 640//263 629//252
f 631//253 642//264 641//262 630//251
f 632//254 643//265 642//264 631//253
f 633//255 644//266 643//265 632//254
f 634//256 645//267 644//266 633//255
f 635//257 646//268 645//267 634//256
f 636//258 647//269 646//268 635//257
f 637//259 648//270 647//269 636//258
f 638//260 649//271 648//270 637//259
f 639//261 650//272 649//271 638//260
f 641//262 652//273 651//274 640//263
f 642//264 653//275 652//273 641//262
f 643//265 654//276 653//275 642//264
f 644//266 655//277 654//276 643//265
f 645//267 656//278 655//277 644//266
f 646//268 657//279 656//278 645//267
f 647//269 658//280 657//279 646//268
f 648//270 659//281 658//280 647//269
f 649//271 660//282 659//281 648//270
f 650//272 661//283 660//282 649//271
f 652//273 663//284 662//285 651//274
f 653//275 664//286 663//284 652//273
f 654//276 665//287 664//286 653//275
f 655//277 666//288 665//287 654//276
f 656//278 667//289 666//288 655//277
f 657//279 668//290 667//289 656//278
f 658//280 669//291 668//290 657//279
f 659//281 670//292 669//291 658//280
f 660//282 671//293 670//292 659//281
f 661//283 672//294 671//293 660//282
f 663//284 674//295 673//296 662//285
f 664//286 675//297 674//295 663//284
f 665//287 676//298 675//297 664//286
f 666//288 677//299 676//298 665//287
f 667//289 678//300 677//299 666//288
f 668//290 679//301 678//300 667//289
f 669//291 680//302 679//301 668//290
f 670//292 681//303 680//302 669//291
f 671//293 682//304 681//303 670//292
f 672//294 683//305 682//304 671//293
f 674//295 685//306 684//307 673//296
f 675//297 686//308 685//306 674//295
f 676//298 687//309 686//308 675//297
f 677//299 688//310 687//309 676//298
f 678//300 689//311 688//310 677//299
f 679//301 690//312 689//311 678//300
f 680//302 691//313 690//312 679//301
f 681//303 692//314 691//313 680//302
f 682//304 693//315 692//314 681//303
f 683//305 694//316 693//315 682//304
f 685//306 696//317 695//318 684//307
f 686//308 697//319 696//317 685//306
f 687//309 698//320 697//319 686//308
f 688//310 699//321 698//320 687//309
f 689//311 700//322 699//321 688//310
f 690//312 701//323 700//322 689//311
f 691//313 702//324 701//323 690//312
f 692//314 703//325 702//324 691//313
f 693//315 704//326 703//325 692//314
f 694//316 705//327 704//326 693//315
f 696//317 707//328 706//329 695//318
f 697//319 708//330 707//328 696//317
f 698//320 709//331 708//330 697//319
f 699//321 710//332 709//331 698//320
f 700//322 711//333 710//332 699//321
f 701//323 712//334 711//333 700//322
f 702//324 713//335 712//334 701//323
f 703//325 714//336 713//335 702//324
f 704//326 715//337 714//336 703//325
f 705//327 716//338 715//337 704//326
f 707//328 718//339 717//340 706//329
f 708//330 719//341 718//339 707//328
f 709//331 720//342 719//341 708//330
f 710//332 721//343 720//342 709//331
f 711//333 722//344 721//343 710//332
f 712//334 723//345 722//344 711//333
f 713//335 724//346 723//345 712//334
f 714//336 725//347 724//346 713//335
f 715//337 726//348 725//347 714//336
f 716//338 727//349 726//348 715//337
f 718//339 729//350 728//351 717//340
f 719//341 730//352 729//350 718//339
f 720//342 731//353 730//352 719//341
f 721//343 732//354 731//353 720//342
f 722//344 733//355 732//354 721//343
f 723//345 734//356 733//355 722//344
f 724//346 735//357 734//356 723//345
f 725//347 736//358 735//357 724//346
f 726//348 737//359 736//358 725//347
f 727//349 738//360 737//359 726//348
f 729//350 740//361 739//362 728//351
f 730//352 741//363 740//361 729//350
f 731//353 742//364 741//363 730//352
f 732//354 743//365 742//364 731//353
f 733//355 744//366 743//365 732//354
f 734//356 745//367 744//366 733//355
f 735//357 746//368 745//367 734//356
f 736//358 747//369 746//368 735//357
f 737//359 748//370 747//369 736//358
f 738//360 749//371 748//370 737//359
f 740//361 751//372 750//373 739//362
f 741//363 752//374 751//372 740//361
f 742//364 753//375 752//374 741//363
f 743//365 754//376 753//375 742//364
f 744//366 755//377 754//376 743//365
f 745//367 756//378 755//377 744//366
f 746//368 757//379 756//378 745//367
f 747//369 758//380 757//379 746//368
f 748//370 759//381 758//380 747//369
f 749//371 760//382 759//381 748//370
f 751//372 762//383 761//384 750//373
f 752//374 763//385 762//383 751//372
f 753//375 764//386 763//385 752//374
f 754//376 765//387 764//386 753//375
f 755//377 766//388 765//387 754//376
f 756//378 767//389 766//388 755//377
f 757//379 768//390 767//389 756//378
f 758//380 769//391 768//390 757//379
f 759//381 770//392 769//391 758//380
f 760//382 771//393 770//392 759//381
f 762//383 773//394 772//395 761//384
f 763//385 774//396 773//394 762//383
f 764//386 775//397 774//396 763//385
f 765//387 776//398 775//397 764//386
f 766//388 777//399 776//398 765//387
f 767//389 778//400 777//399 766//388
f 768//390 779//401 778//400 767//389
f 769//391 780//402 779//401 768//390
f 770//392 781//403 780//402 769//391
f 771//393 782//404 781//403 770//392
f 773//394 784//405 783//406 772//395
f 774//396 785//407 784//405 773//394
f 775//397 786//408 785//407 774//396
f 776//398 787//409 786//408 775//397
f 777//399 788//410 787//409 776//398
f 778//400 789//411 788//410 777//399
f 779//401 790//412 789//411 778//400
f 780//402 791//413 790//412 779//401
f 781//403 792//414 791//413 780//402
f 782//404 793//415 792//414 781//403
f 784//405 795//416 794//417 783//406
f 785//407 796//418 795//416 784//405
f 786//408 797//419 796//418 785//407
f 787//409 798//420 797//419 786//408
f 788//410 799//421 798//420 787//409
f 789//411 800//422 799//421 788//410
f 790//412 801//423 800//422 789//411
f 791//413 802//424 801//423 790//412
f 792//414 803//425 802//424 791//413
f 793//415 804//426 803//425 792//414
f 805//427 806//428 386//22 375//21
f 806//428 807//429 397//33 386//22
f 807//429 808//430 408//44 397//33
f 808//430 809//431 419//55 408//44
f 809//431 810//432 430//66 419//55
f 810//432 811//432 441//66 430//66
f 811//432 812//432 452//66 441//66
f 812//432 813//433 463//85 452//66
f 813//433 814//434 474//96 463//85
f 814//434 815//435 485//107 474//96
f 815//435 816//436 496//118 485//107
f 816//436 817//437 507//129 496//118
f 817//437 818//438 518//140 507//129
f 818//438 819//439 529//151 518//140
f 820//440 821//441 551//173 540//172
f 821//441 822//442 562//184 551//173
f 822//442 823//443 573//195 562//184
f 823//443 824//444 584//206 573//195
f 824//444 825//445 595//217 584//206
f 825//445 826//446 606//228 595//217
f 826//446 827//447 617//239 606//228
f 827//447 828//448 628//250 617//239
f 828//448 829//449 639//261 628//250
f 829//449 830//450 650//272 639//261
f 830//450 831//451 661//283 650//272
f 831//451 832//452 672//294 661//283
f 832//452 833//453 683//305 672//294
f 833//453 834//454 694//316 683//305
f 834//454 835//455 705//327 694//316
f 835//455 836//456 716//338 705//327
f 836//456 837//457 727//349 716//338
f 837//457 838//458 738//360 727//349
f 838//458 839//459 749//371 738//360
f 839//459 840//460 760//382 749//371
f 840//460 841//461 771//393 760//382
f 841//461 842//462 782//404 771//393
f 842//462 843//463 793//415 782//404
f 843//463 844//464 804//426 793//415
f 365//4 376//3 846//465 845//466
f 376//3 387//24 847//467 846//465
f 387//24 398//35 848//468 847//467
f 398//35 409//46 849//469 848//468
f 409//46 420//57 850//470 849//469
f 420//57 431//57 851//470 850//470
f 431//57 442//57 852//470 851//470
f 442//57 453//76 853//471 852//470
f 453//76 464//87 854//472 853//471
f 464//87 475//98 855//473 854//472
f 475//98 486//109 856//474 855//473
f 486//109 497//120 857//475 856//474
f 497//120 508//131 858//476 857//475
f 508//131 519//142 859//477 858//476
f 530//155 541//154 861//478 860//479
f 541//154 552//175 862//480 861//478
f 552//175 563//186 863//481 862//480
f 563//186 574//197 864//482 863//481
f 574//197 585//208 865//483 864//482
f 585//208 596//219 866//484 865//483
f 596//219 607//230 867//485 866//484
f 607//230 618//241 868//486 867//485
f 618//241 629//252 869//487 868//486
f 629//252 640//263 870//488 869//487
f 640//263 651//274 871//489 870//488
f 651//274 662//285 872//490 871//489
f 662//285 673//296 873//491 872//490
f 673//296 684//307 874//492 873//491
f 684//307 695//318 875//493 874//492
f 695//318 706//329 876//494 875//493
f 706//329 717//340 877//495 876//494
f 717//340 728//351 878//496 877//495
f 728//351 739//362 879//497 878//496
f 739//362 750//373 880//498 879//497
f 750//373 761//384 881//499 880//498
f 761//384 772//395 882//500 881//499
f 772//395 783//406 883//501 882//500
f 783//406 794//417 884//502 883//501
f 885//503 894//504 806//428 805//427
f 886//505 895//506 894//504 885//503
f 887//507 896//508 895//506 886//505
f 888//509 897//510 896//508 887//507
f 889//511 898//512 897//510 888//509
f 890//513 899//514 898//512 889//511
f 891//515 900//516 899//514 890//513
f 892//517 901//518 900//516 891//515
f 893//519 902//520 901//518 892//517
f 845//466 846//465 902//520 893//519
f 894//504 903//521 807//429 806//428
f 895//506 904//522 903//521 894//504
f 896//508 905//523 904//522 895//506
f 897//510 906//524 905//523 896//508
f 898//512 907//525 906//524 897//510
f 899//514 908//526 907//525 898//512
f 900//516 909//527 908//526 899//514
f 901//518 910//528 909//527 900//516
f 902//520 911//529 910//528 901//518
f 846//465 847//467 911//529 902//520
f 903//521 912//530 808//430 807//429
f 904//522 913//531 912//530 903//521
f 905//523 914//532 913//531 904//522
f 906//524 915//533 914//532 905//523
f 907//525 916//534 915//533 906//524
f 908//526 917//535 916//534 907//525
f 909//527 918//536 917//535 908//526
f 910//528 919//537 918//536 909//527
f 911//529 920//538 919//537 910//528
f 847//467 848//468 920//538 911//529
f 912//530 921//539 809//431 808//430
f 913//531 922//540 921//539 912//530
f 914//532 923//541 922//540 913//531
f 915//533 924//542 923//541 914//532
f 916//534 925//543 924//542 915//533
f 917//535 926//544 925//543 916//534
f 918//536 927//545 926//544 917//535
f 919//537 928//546 927//545 918//536
f 920//538 929//547 928//546 919//537
f 848//468 849//469 929//547 920//538
f 921//539 930//548 810//432 809//431
f 922//540 931//549 930//548 921//539
f 923//541 932//550 931//549 922//540
f 924//542 933//551 932//550 923//541
f 925//543 934//552 933//551 924//542
f 926//544 935//553 934//552 925//543
f 927//545 936//554 935//553 926//544
f 928//546 937//555 936//554 927//545
f 929//547 938//556 937//555 928//546
f 849//469 850//470 938//556 929//547
f 930//548 939//557 811//432 810//432
f 931//549 940//558 939//557 930//548
f 932//550 941//559 940//558 931//549
f 933//551 942//560 941//559 932//550
f 934//552 943//561 942//560 933//551
f 935//553 944//553 943//561 934//552
f 936//554 945//562 944//553 935//553
f 937//555 946//563 945//562 936//554
f 938//556 947//564 946//563 937//555
f 850//470 851//470 947//564 938//556
f 939//557 948//548 812//432 811//432
f 940//558 949//549 948//548 939//557
f 941//559 950//550 949//549 940//558
f 942//560 951//551 950//550 941//559
f 943//561 952//552 951//551 942//560
f 944//553 953//553 952//552 943//561
f 945//562 954//554 953//553 944//553
f 946//563 955//555 954//554 945//562
f 947//564 956//556 955//555 946//563
f 851//470 852//470 956//556 947//564
f 948//548 957//565 813//433 812//432
f 949//549 958//566 957//565 948//548
f 950//550 959//567 958//566 949//549
f 951//551 960//568 959//567 950//550
f 952//552 961//569 960//568 951//551
f 953//553 962//570 961//569 952//552
f 954//554 963//571 962//570 953//553
f 955//555 964//572 963//571 954//554
f 956//556 965//573 964//572 955//555
f 852//470 853//471 965//573 956//556
f 957//565 966//574 814//434 813//433
f 958//566 967//575 966//574 957//565
f 959//567 968//576 967//575 958//566
f 960//568 969//577 968//576 959//567
f 961//569 970//578 969//577 960//568
f 962//570 971//579 970//578 961//569
f 963//571 972//580 971//579 962//570
f 964//572 973//581 972//580 963//571
f 965//573 974//582 973//581 964//572
f 853//471 854//472 974//582 965//573
f 966//574 975//583 815//435 814//434
f 967//575 976//584 975//583 966//574
f 968//576 977//585 976//584 967//575
f 969//577 978//586 977//585 968//576
f 970//578 979//587 978//586 969//577
f 971//579 980//588 979//587 970//578
f 972//580 981//589 980//588 971//579
f 973//581 982//590 981//589 972//580
f 974//582 983//591 982//590 973//581
f 854//472 855//473 983//591 974//582
f 975//583 984//592 816//436 815//435
f 976//584 985//593 984//592 975//583
f 977//585 986//594 985//593 976//584
f 978//586 987//595 986//594 977//585
f 979//587 988//596 987//595 978//586
f 980//588 989//597 988//596 979//587
f 981//589 990//598 989//597 980//588
f 982//590 991//599 990//598 981//589
f 983//591 992//600 991//599 982//590
f 855//473 856//474 992//600 983//591
f 984//592 993//601 817//437 816//436
f 985//593 994//602 993//601 984//592
f 986//594 995//603 994//602 985//593
f 987//595 996//604 995//603 986//594
f 988//596 997//605 996//604 987//595
f 989//597 998//606 997//605 988//596
f 990//598 999//607 998//606 989//597
f 991//599 1000//608 999//607 990//598
f 992//600 1001//609 1000//608 991//599
f 856//474 857//475 1001//609 992//600
f 993//601 1002//610 818//438 817//437
f 994//602 1003//611 1002//610 993//601
f 995//603 1004//612 1003//611 994//602
f 996//604 1005//613 1004//612 995//603
f 997//605 1006//614 1005//613 996//604
f 998//606 1007//615 1006//614 997//605
f 999//607 1008//616 1007//615 998//606
f 1000//608 1009//617 1008//616 999//607
f 1001//609 1010//618 1009//617 1000//608
f 857//475 858//476 1010//618 1001//609
f 1002//610 1011//619 819//439 818//438
f 1003//611 1012//620 1011//619 1002//610
f 1004//612 1013//621 1012//620 1003//611
f 1005//613 1014//622 1013//621 1004//612
f 1006//614 1015//623 1014//622 1005//613
f 1007//615 1016//624 1015//623 1006//614
f 1008//616 1017//625 1016//624 1007//615
f 1009//617 1018//626 1017//625 1008//616
f 1010//618 1019//627 1018//626 1009//617
f 858//476 859//477 1019//627 1010//618
f 1020//628 1029//629 821//441 820//440
f 1021//630 1030//631 1029//629 1020//628
f 1022//632 1031//633 1030//631 1021//630
f 1023//634 1032//635 1031//633 1022//632
f 1024//636 1033//637 1032//635 1023//634
f 1025//638 1034//639 1033//637 1024//636
f 1026//640 1035//641 1034//639 1025//638
f 1027//642 1036//643 1035//641 1026//640
f 1028//644 1037//645 1036//643 1027//642
f 860//479 861//478 1037//645 1028//644
f 1029//629 1038//646 822//442 821//441
f 1030//631 1039//647 1038//646 1029//629
f 1031//633 1040//648 1039//647 1030//631
f 1032//635 1041//649 1040//648 1031//633
f 1033//637 1042//650 1041//649 1032//635
f 1034//639 1043//651 1042//650 1033//637
f 1035//641 1044//652 1043//651 1034//639
f 1036//643 1045//653 1044//652 1035//641
f 1037//645 1046//654 1045//653 1036//643
f 861//478 862//480 1046//654 1037//645
f 1038//646 1047//655 823//443 822//442
f 1039//647 1048//656 1047//655 1038//646
f 1040//648 1049//657 1048//656 1039//647
f 1041//649 1050//658 1049//657 1040//648
f 1042//650 1051//659 1050//658 1041//649
f 1043//651 1052//660 1051//659 1042//650
f 1044//652 1053//661 1052//660 1043//651
f 1045//653 1054//662 1053//661 1044//652
f 1046//654 1055//663 1054//662 1045//653
f 862//480 863//481 1055//663 1046//654
f 1047//655 1056//664 824//444 823//443
f 1048//656 1057//665 1056//664 1047//655
f 1049//657 1058//666 1057//665 1048//656
f 1050//658 1059//667 1058//666 1049//657
f 1051//659 1060//668 1059//667 1050//658
f 1052//660 1061//669 1060//668 1051//659
f 1053//661 1062//670 1061//669 1052//660
f 1054//662 1063//671 1062//670 1053//661
f 1055//663 1064//672 1063//671 1054//662
f 863//481 864//482 1064//672 1055//663
f 1056//664 1065//673 825//445 824//444
f 1057//665 1066//674 1065//673 1056//664
f 1058//666 1067//675 1066//674 1057//665
f 1059//667 1068//676 1067//675 1058//666
f 1060//668 1069//677 1068//676 1059//667
f 1061//669 1070//678 1069//677 1060//668
f 1062//670 1071//679 1070//678 1061//669
f 1063//671 1072//680 1071//679 1062//670
f 1064//672 1073//681 1072//680 1063//671
f 864//482 865//483 1073//681 1064//672
f 1065//673 1074//682 826//446 825//445
f 1066//674 1075//683 1074//682 1065//673
f 1067//675 1076//684 1075//683 1066//674
f 1068//676 1077//685 1076//684 1067//675
f 1069//677 1078//686 1077//685 1068//676
f 1070//678 1079//687 1078//686 1069//677
f 1071//679 1080//688 1079//687 1070//678
f 1072//680 1081//689 1080//688 1071//679
f 1073//681 1082//690 1081//689 1072//680
f 865//483 866//484 1082//690 1073//681
f 1074//682 1083//691 827//447 826//446
f 1075//683 1084//692 1083//691 1074//682
f 1076//684 1085//693 1084//692 1075//683
f 1077//685 1086//694 1085//693 1076//684
f 1078//686 1087//695 1086//694 1077//685
f 1079//687 1088//696 1087//695 1078//686
f 1080//688 1089//697 1088//696 1079//687
f 1081//689 1090//698 1089//697 1080//688
f 1082//690 1091//699 1090//698 1081//689
f 866//484 867//485 1091//699 1082//690
f 1083//691 1092//700 828//448 827//447
f 1084//692 1093//701 1092//700 1083//691
f 1085//693 1094//702 1093//701 1084//692
f 1086//694 1095//703 1094//702 1085//693
f 1087//695 1096//704 1095//703 1086//694
f 1088//696 1097//705 1096//704 1087//695
f 1089//697 1098//706 1097//705 1088//696
f 1090//698 1099//707 1098//706 1089//697
f 1091//699 1100//708 1099//707 1090//698
f 867//485 868//486 1100//708 1091//699
f 1092//700 1101//709 829//449 828//448
f 1093//701 1102//710 1101//709 1092//700
f 1094//702 1103//711 1102//710 1093//701
f 1095//703 1104//712 1103//711 1094//702
f 1096//704 1105//713 1104//712 1095//703
f 1097//705 1106//714 1105//713 1096//704
f 1098//706 1107//715 1106//714 1097//705
f 1099//707 1108//716 1107//715 1098//706
f 1100//708 1109//717 1108//716 1099//707
f 868//486 869//487 1109//717 1100//708
f 1101//709 1110//718 830//450 829//449
f 1102//710 1111//719 1110//718 1101//709
f 1103//711 1112//720 1111//719 1102//710
f 1104//712 1113//721 1112//720 1103//711
f 1105//713 1114//722 1113//721 1104//712
f 1106//714 1115//723 1114//722 1105//713
f 1107//715 1116//724 1115//723 1106//714
f 1108//716 1117//725 1116//724 1107//715
f 1109//717 1118//726 1117//725 1108//716
f 869//487 870//488 1118//726 1109//717
f 1110//718 1119//727 831//451 830//450
f 1111//719 1120//728 1119//727 1110//718
f 1112//720 1121//729 1120//728 1111//719
f 1113//721 1122//730 1121//729 1112//720
f 1114//722 1123//731 1122//730 1113//721
f 1115//723 1124//732 1123//731 1114//722
f 1116//724 1125//733 1124//732 1115//723
f 1117//725 1126//734 1125//733 1116//724
f 1118//726 1127//735 1126//734 1117//725
f 870//488 871//489 1127//735 1118//726
f 1119//727 1128//736 832//452 831//451
f 1120//728 1129//737 1128//736 1119//727
f 1121//729 1130//738 1129//737 1120//728
f 1122//730 1131//739 1130//738 1121//729
f 1123//731 1132//740 1131//739 1122//730
f 1124//732 1133//741 1132//740 1123//731
f 1125//733 1134//742 1133//741 1124//732
f 1126//734 1135//743 1134//742 1125//733
f 1127//735 1136//744 1135//743 1126//734
f 871//489 872//490 1136//744 1127//735
f 1128//736 1137//745 833//453 832//452
f 1129//737 1138//746 1137//745 1128//736
f 1130//738 1139//747 1138//746 1129//737
f 1131//739 1140//748 1139//747 1130//738
f 1132//740 1141//749 1140//748 1131//739
f 1133//741 1142//750 1141//749 1132//740
f 1134//742 1143//751 1142//750 1133//741
f 1135//743 1144//752 1143//751 1134//742
f 1136//744 1145//753 1144//752 1135//743
f 872//490 873//491 1145//753 1136//744
f 1137//745 1146//754 834//454 833//453
f 1138//746 1147//755 1146//754 1137//745
f 1139//747 1148//756 1147//755 1138//746
f 1140//748 1149//757 1148//756 1139//747
f 1141//749 1150//758 1149//757 1140//748
f 1142//750 1151//759 1150//758 1141//749
f 1143//751 1152//760 1151//759 1142//750
f 1144//752 1153//761 1152//760 1143//751
f 1145//753 1154//762 1153//761 1144//752
f 873//491 874//492 1154//762 1145//753
f 1146//754 1155//763 835//455 834//454
f 1147//755 1156//764 1155//763 1146//754
f 1148//756 1157//765 1156//764 1147//755
f 1149//757 1158//766 1157//765 1148//756
f 1150//758 1159//767 1158//766 1149//757
f 1151//759 1160//768 1159//767 1150//758
f 1152//760 1161//769 1160//768 1151//759
f 1153//761 1162//770 1161//769 1152//760
f 1154//762 1163//771 1162//770 1153//761
f 874//492 875//493 1163//771 1154//762
f 1155//763 1164//772 836//456 835//455
f 1156//764 1165//773 1164//772 1155//763
f 1157//765 1166//774 1165//773 1156//764
f 1158//766 1167//775 1166//774 1157//765
f 1159//767 1168//776 1167//775 1158//766
f 1160//768 1169//777 1168//776 1159//767
f 1161//769 1170//778 1169//777 1160//768
f 1162//770 1171//779 1170//778 1161//769
f 1163//771 1172//780 1171//779 1162//770
f 875//493 876//494 1172//780 1163//771
f 1164//772 1173//781 837//457 836//456
f 1165//773 1174//782 1173//781 1164//772
f 1166//774 1175//783 1174//782 1165//773
f 1167//775 1176//784 1175//783 1166//774
f 1168//776 1177//785 1176//784 1167//775
f 1169//777 1178//786 1177//785 1168//776
f 1170//778 1179//787 1178//786 1169//777
f 1171//779 1180//788 1179//787 1170//778
f 1172//780 1181//789 1180//788 1171//779
f 876//494 877//495 1181//789 1172//780
f 1173//781 1182//790 838//458 837//457
f 1174//782 1183//791 1182//790 1173//781
f 1175//783 1184//792 1183//791 1174//782
f 1176//784 1185//793 1184//792 1175//783
f 1177//785 1186//794 1185//793 1176//784
f 1178//786 1187//795 1186//794 1177//785
f 1179//787 1188//796 1187//795 1178//786
f 1180//788 1189//797 1188//796 1179//787
f 1181//789 1190//798 1189//797 1180//788
f 877//495 878//496 1190//798 1181//789
f 1182//790 1191//799 839//459 838//458
f 1183//791 1192//800 1191//799 1182//790
f 1184//792 1193//801 1192//800 1183//791
f 1185//793 1194//802 1193//801 1184//792
f 1186//794 1195//803 1194//802 1185//793
f 1187//795 1196//804 1195//803 1186//794
f 1188//796 1197//805 1196//804 1187//795
f 1189//797 1198//806 1197//805 1188//796
f 1190//798 1199//807 1198//806 1189//797
f 878//496 879//497 1199//807 1190//798
f 1191//799 1200//808 840//460 839//459
f 1192//800 1201//809 1200//808 1191//799
f 1193//801 1202//810 1201//809 1192//800
f 1194//802 1203//811 1202//810 1193//801
f 1195//803 1204//812 1203//811 1194//802
f 1196//804 1205//813 1204//812 1195//803
f 1197//805 1206//814 1205//813 1196//804
f 1198//806 1207//815 1206//814 1197//805
f 1199//807 1208//816 1207//815 1198//806
f 879//497 880//498 1208//816 1199//807
f 1200//808 1209//817 841//461 840//460
f 1201//809 1210//818 1209//817 1200//808
f 1202//810 1211//819 1210//818 1201//809
f 1203//811 1212//820 1211//819 1202//810
f 1204//812 1213//821 1212//820 1203//811
f 1205//813 1214//822 1213//821 1204//812
f 1206//814 1215//823 1214//822 1205//813
f 1207//815 1216//824 1215//823 1206//814
f 1208//816 1217//825 1216//824 1207//815
f 880//498 881//499 1217//825 1208//816
f 1209//817 1218//826 842//462 841//461
f 1210//818 1219//827 1218//826 1209//817
f 1211//819 1220//828 1219//827 1210//818
f 1212//820 1221//829 1220//828 1211//819
f 1213//821 1222//830 1221//829 1212//820
f 1214//822 1223//831 1222//830 1213//821
f 1215//823 1224//832 1223//831 1214//822
f 1216//824 1225//833 1224//832 1215//823
f 1217//825 1226//834 1225//833 1216//824
f 881//499 882//500 1226//834 1217//825
f 1218//826 1227//835 843//463 842//462
f 1219//827 1228//836 1227//835 1218//826
f 1220//828 1229//837 1228//836 1219//827
f 1221//829 1230//838 1229//837 1220//828
f 1222//830 1231//839 1230//838 1221//829
f 1223//831 1232//840 1231//839 1222//830
f 1224//832 1233//841 1232//840 1223//831
f 1225//833 1234//842 1233//841 1224//832
f 1226//834 1235//843 1234//842 1225//833
f 882//500 883//501 1235//843 1226//834
f 1227//835 1236//844 844//464 843//463
f 1228//836 1237//845 1236//844 1227//835
f 1229//837 1238//846 1237//845 1228//836
f 1230//838 1239//847 1238//846 1229//837
f 1231//839 1240//848 1239//847 1230//838
f 1232//840 1241//849 1240//848 1231//839
f 1233//841 1242//850 1241//849 1232//840
f 1234//842 1243//851 1242//850 1233//841
f 1235//843 1244//852 1243//851 1234//842
f 883//501 884//502 1244//852 1235//843
f 1246//853 1257//854 1256//855 1245//856
f 1247//857 1258//858 1257//854 1246//853
f 1248//859 1259//860 1258//858 1247//857
f 1249//861 1260//862 1259//860 1248//859
f 1250//863 1261//864 1260//862 1249//861
f 1251//865 1262//866 1261//864 1250//863
f 1252//867 1263//868 1262//866 1251//865
f 1253//869 1264//870 1263//868 1252//867
f 1254//871 1265//872 1264//870 1253//869
f 1255//873 1266//874 1265//872 1254//871
f 1257//854 1268//875 1267//876 1256//855
f 1258//858 1269//877 1268//875 1257//854
f 1259//860 1270//878 1269//877 1258//858
f 1260//862 1271//879 1270//878 1259//860
f 1261//864 1272//880 1271//879 1260//862
f 1262//866 1273//881 1272//880 1261//864
f 1263//868 1274//882 1273//881 1262//866
f 1264//870 1275//883 1274//882 1263//868
f 1265//872 1276//884 1275//883 1264//870
f 1266//874 1277//885 1276//884 1265//872
f 1268//875 1279//886 1278//887 1267//876
f 1269//877 1280//888 1279//886 1268//875
f 1270//878 1281//889 1280//888 1269//877
f 1271//879 1282//890 1281//889 1270//878
f 1272//880 1283//891 1282//890 1271//879
f 1273//881 1284//892 1283//891 1272//880
f 1274//882 1285//893 1284//892 1273//881
f 1275//883 1286//894 1285//893 1274//882
f 1276//884 1287//895 1286//894 1275//883
f 1277//885 1288//896 1287//895 1276//884
f 1279//886 1290//897 1289//898 1278//887
f 1280//888 1291//899 1290//897 1279//886
f 1281//889 1292//900 1291//899 1280//888
f 1282//890 1293//901 1292//900 1281//889
f 1283//891 1294//863 1293//901 1282//890
f 1284//892 1295//902 1294//863 1283//891
f 1285//893 1296//903 1295//902 1284//892
f 1286//894 1297//904 1296//903 1285//893
f 1287//895 1298//905 1297//904 1286//894
f 1288//896 1299//906 1298//905 1287//895
f 1300//907 1301//908 1266//874 1255//873
f 1301//908 1302//909 1277//885 1266//874
f 1302//909 1303//910 1288//896 1277//885
f 1303//910 1304//911 1299//906 1288//896
f 1245//856 1256//855 1306//912 1305//913
f 1256//855 1267//876 1307//914 1306//912
f 1267//876 1278//887 1308//915 1307//914
f 1278//887 1289//898 1309//916 1308//915
f 1310//917 1319//918 1301//908 1300//907
f 1311//919 1320//920 1319//918 1310//917
f 1312//921 1321//922 1320//920 1311//919
f 1313//923 1322//924 1321//922 1312//921
f 1314//925 1323//926 1322//924 1313//923
f 1315//927 1324//928 1323//926 1314//925
f 1316//929 1325//930 1324//928 1315//927
f 1317//931 1326//932 1325//930 1316//929
f 1318//933 1327//934 1326//932 1317//931
f 1305//913 1306//912 1327//934 1318//933
f 1319//918 1328//935 1302//909 1301//908
f 1320//920 1329//936 1328//935 1319//918
f 1321//922 1330//937 1329//936 1320//920
f 1322//924 1331//938 1330//937 1321//922
f 1323//926 1332//939 1331//938 1322//924
f 1324//928 1333//940 1332//939 1323//926
f 1325//930 1334//941 1333//940 1324//928
f 1326//932 1335//942 1334//941 1325//930
f 1327//934 1336//943 1335//942 1326//932
f 1306//912 1307//914 1336//943 1327//934
f 1328//935 1337//944 1303//910 1302//909
f 1329//936 1338//945 1337//944 1328//935
f 1330//937 1339//946 1338//945 1329//936
f 1331//938 1340//947 1339//946 1330//937
f 1332//939 1341//948 1340//947 1331//938
f 1333//940 1342//949 1341//948 1332//939
f 1334//941 1343//950 1342//949 1333//940
f 1335//942 1344//951 1343//950 1334//941
f 1336//943 1345//952 1344//951 1335//942
f 1307//914 1308//915 1345//952 1336//943
f 1337//944 1346//953 1304//911 1303//910
f 1338//945 1347//954 1346//953 1337//944
f 1339//946 1348//955 1347//954 1338//945
f 1340//947 1349//956 1348//955 1339//946
f 1341//948 1350//925 1349//956 1340//947
f 1342//949 1351//957 1350//925 1341//948
f 1343//950 1352//958 1351//957 1342//949
f 1344//951 1353//959 1352//958 1343//950
f 1345//952 1354//960 1353//959 1344//951
f 1308//915 1309//916 1354//960 1345//952
f 1356//961 1355//962 1366//963 1367//964
f 1357//965 1356//961 1367//964 1368//966
f 1358//967 1357//965 1368//966 1369//968
f 1359//969 1358//967 1369//968 1370//970
f 1360//971 1359//969 1370//970 1371//972
f 1361//973 1360//971 1371//972 1372//974
f 1362//975 1361//973 1372//974 1373//976
f 1363//977 1362//975 1373//976 1374//978
f 1364//979 1363//977 1374//978 1375//980
f 1365//981 1364//979 1375//980 1376//982
f 1367//964 1366//963 1377//983 1378//984
f 1368//966 1367//964 1378//984 1379//985
f 1369//968 1368//966 1379//985 1380//986
f 1370//970 1369//968 1380//986 1381//987
f 1371//972 1370//970 1381//987 1382//988
f 1372//974 1371//972 1382//988 1383//989
f 1373//976 1372//974 1383//989 1384//990
f 1374//978 1373//976 1384//990 1385//991
f 1375//980 1374//978 1385//991 1386//992
f 1376//982 1375//980 1386//992 1387//993
f 1378//984 1377//983 1388//994 1389//995
f 1379//985 1378//984 1389//995 1390//996
f 1380//986 1379//985 1390//996 1391//997
f 1381//987 1380//986 1391//997 1392//998
f 1382//988 1381//987 1392//998 1393//999
f 1383//989 1382//988 1393//999 1394//1000
f 1384//990 1383//989 1394//1000 1395//1001
f 1385//991 1384//990 1395//1001 1396//1002
f 1386//992 1385//991 1396//1002 1397//1003
f 1387//993 1386//992 1397//1003 1398//1004
f 1389//995 1388//994 1399//1005 1400//1006
f 1390//996 1389//995 1400//1006 1401//1007
f 1391//997 1390//996 1401//1007 1402//1008
f 1392//998 1391//997 1402//1008 1403//1009
f 1393//999 1392//998 1403//1009 1404//1010
f 1394//1000 1393//999 1404//1010 1405//1011
f 1395//1001 1394//1000 1405//1011 1406//1012
f 1396//1002 1395//1001 1406//1012 1407//1013
f 1397//1003 1396//1002 1407//1013 1408//1014
f 1398//1004 1397//1003 1408//1014 1409//1015
f 1400//1006 1399//1005 1410//1016 1411//1017
f 1401//1007 1400//1006 1411//1017 1412//1018
f 1402//1008 1401//1007 1412//1018 1413//1019
f 1403//1009 1402//1008 1413//1019 1414//1020
f 1404//1010 1403//1009 1414//1020 1415//1021
f 1405//1011 1404//1010 1415//1021 1416//1022
f 1406//1012 1405//1011 1416//1022 1417//1023
f 1407//1013 1406//1012 1417//1023 1418//1024
f 1408//1014 1407//1013 1418//1024 1419//1025
f 1409//1015 1408//1014 1419//1025 1420//1026
f 1411//1017 1410//1016 1421//1016 1422//1027
f 1412//1018 1411//1017 1422//1027 1423//1028
f 1413//1019 1412//1018 1423//1028 1424//1029
f 1414//1020 1413//1019 1424//1029 1425//1030
f 1415//1021 1414//1020 1425//1030 1426//1031
f 1416//1022 1415//1021 1426//1031 1427//1022
f 1417//1023 1416//1022 1427//1022 1428//1032
f 1418//1024 1417//1023 1428//1032 1429//1033
f 1419//1025 1418//1024 1429//1033 1430//1034
f 1420//1026 1419//1025 1430//1034 1431//1026
f 1422//1027 1421//1016 1432//1016 1433//1017
f 1423//1028 1422//1027 1433//1017 1434//1018
f 1424//1029 1423//1028 1434//1018 1435//1019
f 1425//1030 1424//1029 1435//1019 1436//1020
f 1426//1031 1425//1030 1436//1020 1437//1021
f 1427//1022 1426//1031 1437//1021 1438//1022
f 1428//1032 1427//1022 1438//1022 1439//1023
f 1429//1033 1428//1032 1439//1023 1440//1024
f 1430//1034 1429//1033 1440//1024 1441//1025
f 1431//1026 1430//1034 1441//1025 1442//1026
f 1433//1017 1432//1016 1443//1035 1444//1036
f 1434//1018 1433//1017 1444//1036 1445//1037
f 1435//1019 1434//1018 1445//1037 1446//1038
f 1436//1020 1435//1019 1446//1038 1447//1039
f 1437//1021 1436//1020 1447//1039 1448//1040
f 1438//1022 1437//1021 1448//1040 1449//1041
f 1439//1023 1438//1022 1449//1041 1450//1042
f 1440//1024 1439//1023 1450//1042 1451//1043
f 1441//1025 1440//1024 1451//1043 1452//1044
f 1442//1026 1441//1025 1452//1044 1453//1045
f 1444//1036 1443//1035 1454//1046 1455//1047
f 1445//1037 1444//1036 1455//1047 1456//1048
f 1446//1038 1445//1037 1456//1048 1457//1049
f 1447//1039 1446//1038 1457//1049 1458//1050
f 1448//1040 1447//1039 1458//1050 1459//1051
f 1449//1041 1448//1040 1459//1051 1460//1052
f 1450//1042 1449//1041 1460//1052 1461//1053
f 1451//1043 1450//1042 1461//1053 1462//1054
f 1452//1044 1451//1043 1462//1054 1463//1055
f 1453//1045 1452//1044 1463//1055 1464//1056
f 1455//1047 1454//1046 1465//1057 1466//1058
f 1456//1048 1455//1047 1466//1058 1467//1059
f 1457//1049 1456//1048 1467//1059 1468//1060
f 1458//1050 1457//1049 1468//1060 1469//1061
f 1459//1051 1458//1050 1469//1061 1470//1062
f 1460//1052 1459//1051 1470//1062 1471//1063
f 1461//1053 1460//1052 1471//1063 1472//1064
f 1462//1054 1461//1053 1472//1064 1473//1065
f 1463//1055 1462//1054 1473//1065 1474//1066
f 1464//1056 1463//1055 1474//1066 1475//1067
f 1466//1058 1465//1057 1476//1068 1477//1069
f 1467//1059 1466//1058 1477//1069 1478//1070
f 1468//1060 1467//1059 1478//1070 1479//1071
f 1469//1061 1468//1060 1479//1071 1480//1072
f 1470//1062 1469//1061 1480//1072 1481//1073
f 1471//1063 1470//1062 1481//1073 1482//1074
f 1472//1064 1471//1063 1482//1074 1483//1075
f 1473//1065 1472//1064 1483//1075 1484//1076
f 1474//1066 1473//1065 1484//1076 1485//1077
f 1475//1067 1474//1066 1485//1077 1486//1078
f 1477//1069 1476//1068 1487//1079 1488//1080
f 1478//1070 1477//1069 1488//1080 1489//1081
f 1479//1071 1478//1070 1489//1081 1490//1082
f 1480//1072 1479//1071 1490//1082 1491//1083
f 1481//1073 1480//1072 1491//1083 1492//1084
f 1482//1074 1481//1073 1492//1084 1493//1085
f 1483//1075 1482//1074 1493//1085 1494//1086
f 1484//1076 1483//1075 1494//1086 1495//1087
f 1485//1077 1484//1076 1495//1087 1496//1088
f 1486//1078 1485//1077 1496//1088 1497//1089
f 1488//1080 1487//1079 1498//1090 1499//1091
f 1489//1081 1488//1080 1499//1091 1500//1092
f 1490//1082 1489//1081 1500//1092 1501//1093
f 1491//1083 1490//1082 1501//1093 1502//1094
f 1492//1084 1491//1083 1502//1094 1503//1095
f 1493//1085 1492//1084 1503//1095 1504//1096
f 1494//1086 1493//1085 1504//1096 1505//1097
f 1495//1087 1494//1086 1505//1097 1506//1098
f 1496//1088 1495//1087 1506//1098 1507//1099
f 1497//1089 1496//1088 1507//1099 1508//1100
f 1499//1091 1498//1090 1509//1101 1510//1102
f 1500//1092 1499//1091 1510//1102 1511//1103
f 1501//1093 1500//1092 1511//1103 1512//1104
f 1502//1094 1501//1093 1512//1104 1513//1105
f 1503//1095 1502//1094 1513//1105 1514//1106
f 1504//1096 1503//1095 1514//1106 1515//1107
f 1505//1097 1504//1096 1515//1107 1516//1108
f 1506//1098 1505//1097 1516//1108 1517//1109
f 1507//1099 1506//1098 1517//1109 1518//1110
f 1508//1100 1507//1099 1518//1110 1519//1111
f 1521//1112 1520//1113 1531//1114 1532//1115
f 1522//1116 1521//1112 1532//1115 1533//1117
f 1523//1118 1522//1116 1533//1117 1534//1119
f 1524//1120 1523//1118 1534//1119 1535//1121
f 1525//1122 1524//1120 1535//1121 1536//1123
f 1526//1124 1525//1122 1536//1123 1537//1125
f 1527//1126 1526//1124 1537//1125 1538//1127
f 1528//1128 1527//1126 1538//1127 1539//1129
f 1529//1130 1528//1128 1539//1129 1540//1131
f 1530//1132 1529//1130 1540//1131 1541//1133
f 1532//1115 1531//1114 1542//1134 1543//1135
f 1533//1117 1532//1115 1543//1135 1544//1136
f 1534//1119 1533//1117 1544//1136 1545//1137
f 1535//1121 1534//1119 1545//1137 1546//1138
f 1536//1123 1535//1121 1546//1138 1547//1139
f 1537//1125 1536//1123 1547//1139 1548//1140
f 1538//1127 1537//1125 1548//1140 1549//1141
f 1539//1129 1538//1127 1549//1141 1550//1142
f 1540//1131 1539//1129 1550//1142 1551//1143
f 1541//1133 1540//1131 1551//1143 1552//1144
f 1543//1135 1542//1134 1553//1145 1554//1146
f 1544//1136 1543//1135 1554//1146 1555//1147
f 1545//1137 1544//1136 1555//1147 1556//1148
f 1546//1138 1545//1137 1556//1148 1557//1149
f 1547//1139 1546//1138 1557//1149 1558//1150
f 1548//1140 1547//1139 1558//1150 1559//1151
f 1549//1141 1548//1140 1559//1151 1560//1152
f 1550//1142 1549//1141 1560//1152 1561//1153
f 1551//1143 1550//1142 1561//1153 1562//1154
f 1552//1144 1551//1143 1562//1154 1563//1155
f 1554//1146 1553//1145 1564//1156 1565//1157
f 1555//1147 1554//1146 1565//1157 1566//1158
f 1556//1148 1555//1147 1566//1158 1567//1159
f 1557//1149 1556//1148 1567//1159 1568//1160
f 1558//1150 1557//1149 1568//1160 1569//1161
f 1559//1151 1558//1150 1569//1161 1570//1162
f 1560//1152 1559//1151 1570//1162 1571//1163
f 1561//1153 1560//1152 1571//1163 1572//1164
f 1562//1154 1561//1153 1572//1164 1573//1165
f 1563//1155 1562//1154 1573//1165 1574//1166
f 1565//1157 1564//1156 1575//1167 1576//1168
f 1566//1158 1565//1157 1576//1168 1577//1169
f 1567//1159 1566//1158 1577//1169 1578//1170
f 1568//1160 1567//1159 1578//1170 1579//1171
f 1569//1161 1568//1160 1579//1171 1580//1172
f 1570//1162 1569//1161 1580//1172 1581//1173
f 1571//1163 1570//1162 1581//1173 1582//1174
f 1572//1164 1571//1163 1582//1174 1583//1175
f 1573//1165 1572//1164 1583//1175 1584//1176
f 1574//1166 1573//1165 1584//1176 1585//1177
f 1576//1168 1575//1167 1586//1178 1587//1179
f 1577//1169 1576//1168 1587//1179 1588//1180
f 1578//1170 1577//1169 1588//1180 1589//1181
f 1579//1171 1578//1170 1589//1181 1590//1182
f 1580//1172 1579//1171 1590//1182 1591//1183
f 1581//1173 1580//1172 1591//1183 1592//1184
f 1582//1174 1581//1173 1592//1184 1593//1185
f 1583//1175 1582//1174 1593//1185 1594//1186
f 1584//1176 1583//1175 1594//1186 1595//1187
f 1585//1177 1584//1176 1595//1187 1596//1188
f 1587//1179 1586//1178 1597//1189 1598//1190
f 1588//1180 1587//1179 1598//1190 1599//1191
f 1589//1181 1588//1180 1599//1191 1600//1192
f 1590//1182 1589//1181 1600//1192 1601//1193
f 1591//1183 1590//1182 1601//1193 1602//1194
f 1592//1184 1591//1183 1602//1194 1603//1195
f 1593//1185 1592//1184 1603//1195 1604//1196
f 1594//1186 1593//1185 1604//1196 1605//1197
f 1595//1187 1594//1186 1605//1197 1606//1198
f 1596//1188 1595//1187 1606//1198 1607//1199
f 1598//1190 1597//1189 1608//1200 1609//1201
f 1599//1191 1598//1190 1609//1201 1610//1202
f 1600//1192 1599//1191 1610//1202 1611//1203
f 1601//1193 1600//1192 1611//1203 1612//1204
f 1602//1194 1601//1193 1612//1204 1613//1205
f 1603//1195 1602//1194 1613//1205 1614//1206
f 1604//1196 1603//1195 1614//1206 1615//1207
f 1605//1197 1604//1196 1615//1207 1616//1208
f 1606//1198 1605//1197 1616//1208 1617//1209
f 1607//1199 1606//1198 1617//1209 1618//1210
f 1609//1201 1608//1200 1619//1211 1620//1212
f 1610//1202 1609//1201 1620//1212 1621//1213
f 1611//1203 1610//1202 1621//1213 1622//1214
f 1612//1204 1611//1203 1622//1214 1623//1215
f 1613//1205 1612//1204 1623//1215 1624//1216
f 1614//1206 1613//1205 1624//1216 1625//1217
f 1615//1207 1614//1206 1625//1217 1626//1218
f 1616//1208 1615//1207 1626//1218 1627//1219
f 1617//1209 1616//1208 1627//1219 1628//1220
f 1618//1210 1617//1209 1628//1220 1629//1221
f 1620//1212 1619//1211 1630//1222 1631//1223
f 1621//1213 1620//1212 1631//1223 1632//1224
f 1622//1214 1621//1213 1632//1224 1633//1225
f 1623//1215 1622//1214 1633//1225 1634//1226
f 1624//1216 1623//1215 1634//1226 1635//1227
f 1625//1217 1624//1216 1635//1227 1636//1228
f 1626//1218 1625//1217 1636//1228 1637//1229
f 1627//1219 1626//1218 1637//1229 1638//1230
f 1628//1220 1627//1219 1638//1230 1639//1231
f 1629//1221 1628//1220 1639//1231 1640//1232
f 1631//1223 1630//1222 1641//1233 1642//1234
f 1632//1224 1631//1223 1642//1234 1643//1235
f 1633//1225 1632//1224 1643//1235 1644//1236
f 1634//1226 1633//1225 1644//1236 1645//1237
f 1635//1227 1634//1226 1645//1237 1646//1238
f 1636//1228 1635//1227 1646//1238 1647//1239
f 1637//1229 1636//1228 1647//1239 1648//1240
f 1638//1230 1637//1229 1648//1240 1649//1241
f 1639//1231 1638//1230 1649//1241 1650//1242
f 1640//1232 1639//1231 1650//1242 1651//1243
f 1642//1234 1641//1233 1652//1244 1653//1245
f 1643//1235 1642//1234 1653//1245 1654//1246
f 1644//1236 1643//1235 1654//1246 1655//1247
f 1645//1237 1644//1236 1655//1247 1656//1248
f 1646//1238 1645//1237 1656//1248 1657//1249
f 1647//1239 1646//1238 1657//1249 1658//1250
f 1648//1240 1647//1239 1658//1250 1659//1251
f 1649//1241 1648//1240 1659//1251 1660//1252
f 1650//1242 1649//1241 1660//1252 1661//1253
f 1651//1243 1650//1242 1661//1253 1662//1254
f 1653//1245 1652//1244 1663//1255 1664//1256
f 1654//1246 1653//1245 1664//1256 1665//1257
f 1655//1247 1654//1246 1665//1257 1666//1258
f 1656//1248 1655//1247 1666//1258 1667//1259
f 1657//1249 1656//1248 1667//1259 1668//1260
f 1658//1250 1657//1249 1668//1260 1669//1261
f 1659//1251 1658//1250 1669//1261 1670//1262
f 1660//1252 1659//1251 1670//1262 1671//1263
f 1661//1253 1660//1252 1671//1263 1672//1264
f 1662//1254 1661//1253 1672//1264 1673//1265
f 1664//1256 1663//1255 1674//1266 1675//1267
f 1665//1257 1664//1256 1675//1267 1676//1268
f 1666//1258 1665//1257 1676//1268 1677//1269
f 1667//1259 1666//1258 1677//1269 1678//1270
f 1668//1260 1667//1259 1678//1270 1679//1271
f 1669//1261 1668//1260 1679//1271 1680//1272
f 1670//1262 1669//1261 1680//1272 1681//1273
f 1671//1263 1670//1262 1681//1273 1682//1274
f 1672//1264 1671//1263 1682//1274 1683//1275
f 1673//1265 1672//1264 1683//1275 1684//1276
f 1675//1267 1674//1266 1685//1277 1686//1278
f 1676//1268 1675//1267 1686//1278 1687//1279
f 1677//1269 1676//1268 1687//1279 1688//1280
f 1678//1270 1677//1269 1688//1280 1689//1281
f 1679//1271 1678//1270 1689//1281 1690//1282
f 1680//1272 1679//1271 1690//1282 1691//1283
f 1681//1273 1680//1272 1691//1283 1692//1284
f 1682//1274 1681//1273 1692//1284 1693//1285
f 1683//1275 1682//1274 1693//1285 1694//1286
f 1684//1276 1683//1275 1694//1286 1695//1287
f 1686//1278 1685//1277 1696//1288 1697//1289
f 1687//1279 1686//1278 1697//1289 1698//1290
f 1688//1280 1687//1279 1698//1290 1699//1291
f 1689//1281 1688//1280 1699//1291 1700//1292
f 1690//1282 1689//1281 1700//1292 1701//1293
f 1691//1283 1690//1282 1701//1293 1702//1294
f 1692//1284 1691//1283 1702//1294 1703//1295
f 1693//1285 1692//1284 1703//1295 1704//1296
f 1694//1286 1693//1285 1704//1296 1705//1297
f 1695//1287 1694//1286 1705//1297 1706//1298
f 1697//1289 1696//1288 1707//1299 1708//1300
f 1698//1290 1697//1289 1708//1300 1709//1301
f 1699//1291 1698//1290 1709//1301 1710//1302
f 1700//1292 1699//1291 1710//1302 1711//1303
f 1701//1293 1700//1292 1711//1303 1712//1304
f 1702//1294 1701//1293 1712//1304 1713//1305
f 1703//1295 1702//1294 1713//1305 1714//1306
f 1704//1296 1703//1295 1714//1306 1715//1307
f 1705//1297 1704//1296 1715//1307 1716//1308
f 1706//1298 1705//1297 1716//1308 1717//1309
f 1708//1300 1707//1299 1718//1310 1719//1311
f 1709//1301 1708//1300 1719//1311 1720//1312
f 1710//1302 1709//1301 1720//1312 1721//1313
f 1711//1303 1710//1302 1721//1313 1722//1314
f 1712//1304 1711//1303 1722//1314 1723//1315
f 1713//1305 1712//1304 1723//1315 1724//1316
f 1714//1306 1713//1305 1724//1316 1725//1317
f 1715//1307 1714//1306 1725//1317 1726//1318
f 1716//1308 1715//1307 1726//1318 1727//1319
f 1717//1309 1716//1308 1727//1319 1728//1320
f 1719//1311 1718//1310 1729//1321 1730//1322
f 1720//1312 1719//1311 1730//1322 1731//1323
f 1721//1313 1720//1312 1731//1323 1732//1324
f 1722//1314 1721//1313 1732//1324 1733//1325
f 1723//1315 1722//1314 1733//1325 1734//1326
f 1724//1316 1723//1315 1734//1326 1735//1327
f 1725//1317 1724//1316 1735//1327 1736//1328
f 1726//1318 1725//1317 1736//1328 1737//1329
f 1727//1319 1726//1318 1737//1329 1738//1330
f 1728//1320 1727//1319 1738//1330 1739//1331
f 1730//1322 1729//1321 1740//1332 1741//1333
f 1731//1323 1730//1322 1741//1333 1742//1334
f 1732//1324 1731//1323 1742//1334 1743//1335
f 1733//1325 1732//1324 1743//1335 1744//1336
f 1734//1326 1733//1325 1744//1336 1745//1337
f 1735//1327 1734//1326 1745//1337 1746//1338
f 1736//1328 1735//1327 1746//1338 1747//1339
f 1737//1329 1736//1328 1747//1339 1748//1340
f 1738//1330 1737//1329 1748//1340 1749//1341
f 1739//1331 1738//1330 1749//1341 1750//1342
f 1741//1333 1740//1332 1751//1343 1752//1344
f 1742//1334 1741//1333 1752//1344 1753//1345
f 1743//1335 1742//1334 1753//1345 1754//1346
f 1744//1336 1743//1335 1754//1346 1755//1347
f 1745//1337 1744//1336 1755//1347 1756//1348
f 1746//1338 1745//1337 1756//1348 1757//1349
f 1747//1339 1746//1338 1757//1349 1758//1350
f 1748//1340 1747//1339 1758//1350 1759//1351
f 1749//1341 1748//1340 1759//1351 1760//1352
f 1750//1342 1749//1341 1760//1352 1761//1353
f 1752//1344 1751//1343 1762//1354 1763//1355
f 1753//1345 1752//1344 1763//1355 1764//1356
f 1754//1346 1753//1345 1764//1356 1765//1357
f 1755//1347 1754//1346 1765//1357 1766//1358
f 1756//1348 1755//1347 1766//1358 1767//1359
f 1757//1349 1756//1348 1767//1359 1768//1360
f 1758//1350 1757//1349 1768//1360 1769//1361
f 1759//1351 1758//1350 1769//1361 1770//1362
f 1760//1352 1759//1351 1770//1362 1771//1363
f 1761//1353 1760//1352 1771//1363 1772//1364
f 1763//1355 1762//1354 1773//1365 1774//1366
f 1764//1356 1763//1355 1774//1366 1775//1367
f 1765//1357 1764//1356 1775//1367 1776//1368
f 1766//1358 1765//1357 1776//1368 1777//1369
f 1767//1359 1766//1358 1777//1369 1778//1370
f 1768//1360 1767//1359 1778//1370 1779//1371
f 1769//1361 1768//1360 1779//1371 1780//1372
f 1770//1362 1769//1361 1780//1372 1781//1373
f 1771//1363 1770//1362 1781//1373 1782//1374
f 1772//1364 1771//1363 1782//1374 1783//1375
f 1774//1366 1773//1365 1784//1376 1785//1377
f 1775//1367 1774//1366 1785//1377 1786//1378
f 1776//1368 1775//1367 1786//1378 1787//1379
f 1777//1369 1776//1368 1787//1379 1788//1380
f 1778//1370 1777//1369 1788//1380 1789//1381
f 1779//1371 1778//1370 1789//1381 1790//1382
f 1780//1372 1779//1371 1790//1382 1791//1383
f 1781//1373 1780//1372 1791//1383 1792//1384
f 1782//1374 1781//1373 1792//1384 1793//1385
f 1783//1375 1782//1374 1793//1385 1794//1386
f 1795//1387 1365//981 1376//982 1796//1388
f 1796//1388 1376//982 1387//993 1797//1389
f 1797//1389 1387//993 1398//1004 1798//1390
f 1798//1390 1398//1004 1409//1015 1799//1391
f 1799//1391 1409//1015 1420//1026 1800//1392
f 1800//1392 1420//1026 1431//1026 1801//1392
f 1801//1392 1431//1026 1442//1026 1802//1392
f 1802//1392 1442//1026 1453//1045 1803//1393
f 1803//1393 1453//1045 1464//1056 1804//1394
f 1804//1394 1464//1056 1475//1067 1805//1395
f 1805//1395 1475//1067 1486//1078 1806//1396
f 1806//1396 1486//1078 1497//1089 1807//1397
f 1807//1397 1497//1089 1508//1100 1808//1398
f 1808//1398 1508//1100 1519//1111 1809//1399
f 1810//1400 1530//1132 1541//1133 1811//1401
f 1811//1401 1541//1133 1552//1144 1812//1402
f 1812//1402 1552//1144 1563//1155 1813//1403
f 1813//1403 1563//1155 1574//1166 1814//1404
f 1814//1404 1574//1166 1585//1177 1815//1405
f 1815//1405 1585//1177 1596//1188 1816//1406
f 1816//1406 1596//1188 1607//1199 1817//1407
f 1817//1407 1607//1199 1618//1210 1818//1408
f 1818//1408 1618//1210 1629//1221 1819//1409
f 1819//1409 1629//1221 1640//1232 1820//1410
f 1820//1410 1640//1232 1651//1243 1821//1411
f 1821//1411 1651//1243 1662//1254 1822//1412
f 1822//1412 1662//1254 1673//1265 1823//1413
f 1823//1413 1673//1265 1684//1276 1824//1414
f 1824//1414 1684//1276 1695//1287 1825//1415
f 1825//1415 1695//1287 1706//1298 1826//1416
f 1826//1416 1706//1298 1717//1309 1827//1417
f 1827//1417 1717//1309 1728//1320 1828//1418
f 1828//1418 1728//1320 1739//1331 1829//1419
f 1829//1419 1739//1331 1750//1342 1830//1420
f 1830//1420 1750//1342 1761//1353 1831//1421
f 1831//1421 1761//1353 1772//1364 1832//1422
f 1832//1422 1772//1364 1783//1375 1833//1423
f 1833//1423 1783//1375 1794//1386 1834//1424
f 1355//962 1835//1425 1836//1426 1366//963
f 1366//963 1836//1426 1837//1427 1377//983
f 1377//983 1837//1427 1838//1428 1388//994
f 1388//994 1838//1428 1839//1429 1399//1005
f 1399//1005 1839//1429 1840//1430 1410//1016
f 1410//1016 1840//1430 1841//1430 1421//1016
f 1421//1016 1841//1430 1842//1430 1432//1016
f 1432//1016 1842//1430 1843//1431 1443//1035
f 1443//1035 1843//1431 1844//1432 1454//1046
f 1454//1046 1844//1432 1970//1433 1465//1057
f 1465//1057 1970//1433 1845//1434 1476//1068
f 1476//1068 1845//1434 1846//1435 1487//1079
f 1487//1079 1846//1435 1847//1436 1498//1090
f 1498//1090 1847//1436 1848//1437 1509//1101
f 1520//1113 1849//1438 1850//1439 1531//1114
f 1531//1114 1850//1439 1851//1440 1542//1134
f 1542//1134 1851//1440 1852//1441 1553//1145
f 1553//1145 1852//1441 1853//1442 1564//1156
f 1564//1156 1853//1442 1854//1443 1575//1167
f 1575//1167 1854//1443 2070//1444 1586//1178
f 1586//1178 2070//1444 2080//1445 1597//1189
f 1597//1189 2080//1445 1855//1446 1608//1200
f 1608//1200 1855//1446 1856//1447 1619//1211
f 1619//1211 1856//1447 1857//1448 1630//1222
f 1630//1222 1857//1448 1858//1449 1641//1233
f 1641//1233 1858//1449 1859//1450 1652//1244
f 1652//1244 1859//1450 1860//1451 1663//1255
f 1663//1255 1860//1451 1861//1452 1674//1266
f 1674//1266 1861//1452 1862//1453 1685//1277
f 1685//1277 1862//1453 1863//1454 1696//1288
f 1696//1288 1863//1454 1864//1455 1707//1299
f 1707//1299 1864//1455 1865//1456 1718//1310
f 1718//1310 1865//1456 1866//1457 1729//1321
f 1729//1321 1866//1457 1867//1458 1740//1332
f 1740//1332 1867//1458 2207//1459 1751//1343
f 1751//1343 2207//1459 1868//1460 1762//1354
f 1762//1354 1868//1460 1869//1461 1773//1365
f 1773//1365 1869//1461 1870//1462 1784//1376
f 1871//1463 1795//1387 1796//1388 1880//1464
f 1872//1465 1871//1463 1880//1464 1881//1466
f 1873//1467 1872//1465 1881//1466 1882//1468
f 1874//1469 1873//1467 1882//1468 1883//1470
f 1875//1471 1874//1469 1883//1470 1884//1472
f 1876//1473 1875//1471 1884//1472 1885//1474
f 1877//1475 1876//1473 1885//1474 1886//1476
f 1878//1477 1877//1475 1886//1476 1887//1478
f 1879//1479 1878//1477 1887//1478 1888//1480
f 1835//1425 1879//1479 1888//1480 1836//1426
f 1880//1464 1796//1388 1797//1389 1889//1481
f 1881//1466 1880//1464 1889//1481 1890//1482
f 1882//1468 1881//1466 1890//1482 1891//1483
f 1883//1470 1882//1468 1891//1483 1892//1484
f 1884//1472 1883//1470 1892//1484 1893//1485
f 1885//1474 1884//1472 1893//1485 1894//1486
f 1886//1476 1885//1474 1894//1486 1895//1487
f 1887//1478 1886//1476 1895//1487 1896//1488
f 1888//1480 1887//1478 1896//1488 1897//1489
f 1836//1426 1888//1480 1897//1489 1837//1427
f 1889//1481 1797//1389 1798//1390 1898//1490
f 1890//1482 1889//1481 1898//1490 1899//1491
f 1891//1483 1890//1482 1899//1491 1900//1492
f 1892//1484 1891//1483 1900//1492 1901//1493
f 1893//1485 1892//1484 1901//1493 1902//1494
f 1894//1486 1893//1485 1902//1494 1903//1495
f 1895//1487 1894//1486 1903//1495 1904//1496
f 1896//1488 1895//1487 1904//1496 1905//1497
f 1897//1489 1896//1488 1905//1497 1906//1498
f 1837//1427 1897//1489 1906//1498 1838//1428
f 1898//1490 1798//1390 1799//1391 1907//1499
f 1899//1491 1898//1490 1907//1499 1908//1500
f 1900//1492 1899//1491 1908//1500 1909//1501
f 1901//1493 1900//1492 1909//1501 1910//1502
f 1902//1494 1901//1493 1910//1502 1911//1503
f 1903//1495 1902//1494 1911//1503 1912//1504
f 1904//1496 1903//1495 1912//1504 1913//1505
f 1905//1497 1904//1496 1913//1505 1914//1506
f 1906//1498 1905//1497 1914//1506 1915//1507
f 1838//1428 1906//1498 1915//1507 1839//1429
f 1907//1499 1799//1391 1800//1392 1916//1508
f 1908//1500 1907//1499 1916//1508 1917//1509
f 1909//1501 1908//1500 1917//1509 1918//1510
f 1910//1502 1909//1501 1918//1510 1919//1511
f 1911//1503 1910//1502 1919//1511 1920//1512
f 1912//1504 1911//1503 1920//1512 1921//1513
f 1913//1505 1912//1504 1921//1513 1922//1514
f 1914//1506 1913//1505 1922//1514 1923//1515
f 1915//1507 1914//1506 1923//1515 1924//1516
f 1839//1429 1915//1507 1924//1516 1840//1430
f 1916//1508 1800//1392 1801//1392 1925//1517
f 1917//1509 1916//1508 1925//1517 1926//1518
f 1918//1510 1917//1509 1926//1518 1927//1519
f 1919//1511 1918//1510 1927//1519 1928//1520
f 1920//1512 1919//1511 1928//1520 1929//1521
f 1921//1513 1920//1512 1929//1521 1930//1513
f 1922//1514 1921//1513 1930//1513 1931//1522
f 1923//1515 1922//1514 1931//1522 1932//1523
f 1924//1516 1923//1515 1932//1523 1933//1524
f 1840//1430 1924//1516 1933//1524 1841//1430
f 1925//1517 1801//1392 1802//1392 1934//1508
f 1926//1518 1925//1517 1934//1508 1935//1509
f 1927//1519 1926//1518 1935//1509 1936//1510
f 1928//1520 1927//1519 1936//1510 1937//1511
f 1929//1521 1928//1520 1937//1511 1938//1512
f 1930//1513 1929//1521 1938//1512 1939//1513
f 1931//1522 1930//1513 1939//1513 1940//1514
f 1932//1523 1931//1522 1940//1514 1941//1515
f 1933//1524 1932//1523 1941//1515 1942//1516
f 1841//1430 1933//1524 1942//1516 1842//1430
f 1934//1508 1802//1392 1803//1393 1943//1525
f 1935//1509 1934//1508 1943//1525 1944//1526
f 1936//1510 1935//1509 1944//1526 1945//1527
f 1937//1511 1936//1510 1945//1527 1946//1528
f 1938//1512 1937//1511 1946//1528 1947//1529
f 1939//1513 1938//1512 1947//1529 1948//1530
f 1940//1514 1939//1513 1948//1530 1949//1531
f 1941//1515 1940//1514 1949//1531 1950//1532
f 1942//1516 1941//1515 1950//1532 1951//1533
f 1842//1430 1942//1516 1951//1533 1843//1431
f 1943//1525 1803//1393 1804//1394 1952//1534
f 1944//1526 1943//1525 1952//1534 1953//1535
f 1945//1527 1944//1526 1953//1535 1954//1536
f 1946//1528 1945//1527 1954//1536 1955//1537
f 1947//1529 1946//1528 1955//1537 1956//1538
f 1948//1530 1947//1529 1956//1538 1957//1539
f 1949//1531 1948//1530 1957//1539 1958//1540
f 1950//1532 1949//1531 1958//1540 1959//1541
f 1951//1533 1950//1532 1959//1541 1960//1542
f 1843//1431 1951//1533 1960//1542 1844//1432
f 1952//1534 1804//1394 1805//1395 1961//1543
f 1953//1535 1952//1534 1961//1543 1962//1544
f 1954//1536 1953//1535 1962//1544 1963//1545
f 1955//1537 1954//1536 1963//1545 1964//1546
f 1956//1538 1955//1537 1964//1546 1965//1547
f 1957//1539 1956//1538 1965//1547 1966//1548
f 1958//1540 1957//1539 1966//1548 1967//1549
f 1959//1541 1958//1540 1967//1549 1968//1550
f 1960//1542 1959//1541 1968//1550 1969//1551
f 1844//1432 1960//1542 1969//1551 1970//1433
f 1961//1543 1805//1395 1806//1396 1971//1552
f 1962//1544 1961//1543 1971//1552 1972//1553
f 1963//1545 1962//1544 1972//1553 1973//1554
f 1964//1546 1963//1545 1973//1554 1974//1555
f 1965//1547 1964//1546 1974//1555 1975//1556
f 1966//1548 1965//1547 1975//1556 1976//1557
f 1967//1549 1966//1548 1976//1557 1977//1558
f 1968//1550 1967//1549 1977//1558 1978//1559
f 1969//1551 1968//1550 1978//1559 1979//1560
f 1970//1433 1969//1551 1979//1560 1845//1434
f 1971//1552 1806//1396 1807//1397 1980//1561
f 1972//1553 1971//1552 1980//1561 1981//1562
f 1973//1554 1972//1553 1981//1562 1982//1563
f 1974//1555 1973//1554 1982//1563 1983//1564
f 1975//1556 1974//1555 1983//1564 1984//1565
f 1976//1557 1975//1556 1984//1565 1985//1566
f 1977//1558 1976//1557 1985//1566 1986//1567
f 1978//1559 1977//1558 1986//1567 1987//1568
f 1979//1560 1978//1559 1987//1568 1988//1569
f 1845//1434 1979//1560 1988//1569 1846//1435
f 1980//1561 1807//1397 1808//1398 1989//1570
f 1981//1562 1980//1561 1989//1570 1990//1571
f 1982//1563 1981//1562 1990//1571 1991//1572
f 1983//1564 1982//1563 1991//1572 1992//1573
f 1984//1565 1983//1564 1992//1573 1993//1574
f 1985//1566 1984//1565 1993//1574 1994//1575
f 1986//1567 1985//1566 1994//1575 1995//1576
f 1987//1568 1986//1567 1995//1576 1996//1577
f 1988//1569 1987//1568 1996//1577 1997//1578
f 1846//1435 1988//1569 1997//1578 1847//1436
f 1989//1570 1808//1398 1809//1399 1998//1579
f 1990//1571 1989//1570 1998//1579 1999//1580
f 1991//1572 1990//1571 1999//1580 2000//1581
f 1992//1573 1991//1572 2000//1581 2001//1582
f 1993//1574 1992//1573 2001//1582 2002//1583
f 1994//1575 1993//1574 2002//1583 2003//1584
f 1995//1576 1994//1575 2003//1584 2004//1585
f 1996//1577 1995//1576 2004//1585 2005//1586
f 1997//1578 1996//1577 2005//1586 2006//1587
f 1847//1436 1997//1578 2006//1587 1848//1437
f 2007//1588 1810//1400 1811//1401 2016//1589
f 2008//1590 2007//1588 2016//1589 2017//1591
f 2009//1592 2008//1590 2017//1591 2018//1593
f 2010//1594 2009//1592 2018//1593 2019//1595
f 2011//1596 2010//1594 2019//1595 2020//1597
f 2012//1598 2011//1596 2020//1597 2021//1599
f 2013//1600 2012//1598 2021//1599 2022//1601
f 2014//1602 2013//1600 2022//1601 2023//1603
f 2015//1604 2014//1602 2023//1603 2024//1605
f 1849//1438 2015//1604 2024//1605 1850//1439
f 2016//1589 1811//1401 1812//1402 2025//1606
f 2017//1591 2016//1589 2025//1606 2026//1607
f 2018//1593 2017//1591 2026//1607 2027//1608
f 2019//1595 2018//1593 2027//1608 2028//1609
f 2020//1597 2019//1595 2028//1609 2029//1610
f 2021//1599 2020//1597 2029//1610 2030//1611
f 2022//1601 2021//1599 2030//1611 2031//1612
f 2023//1603 2022//1601 2031//1612 2032//1613
f 2024//1605 2023//1603 2032//1613 2033//1614
f 1850//1439 2024//1605 2033//1614 1851//1440
f 2025//1606 1812//1402 1813//1403 2034//1615
f 2026//1607 2025//1606 2034//1615 2035//1616
f 2027//1608 2026//1607 2035//1616 2036//1617
f 2028//1609 2027//1608 2036//1617 2037//1618
f 2029//1610 2028//1609 2037//1618 2038//1619
f 2030//1611 2029//1610 2038//1619 2039//1620
f 2031//1612 2030//1611 2039//1620 2040//1621
f 2032//1613 2031//1612 2040//1621 2041//1622
f 2033//1614 2032//1613 2041//1622 2042//1623
f 1851//1440 2033//1614 2042//1623 1852//1441
f 2034//1615 1813//1403 1814//1404 2043//1624
f 2035//1616 2034//1615 2043//1624 2044//1625
f 2036//1617 2035//1616 2044//1625 2045//1626
f 2037//1618 2036//1617 2045//1626 2046//1627
f 2038//1619 2037//1618 2046//1627 2047//1628
f 2039//1620 2038//1619 2047//1628 2048//1629
f 2040//1621 2039//1620 2048//1629 2049//1630
f 2041//1622 2040//1621 2049//1630 2050//1631
f 2042//1623 2041//1622 2050//1631 2051//1632
f 1852//1441 2042//1623 2051//1632 1853//1442
f 2043//1624 1814//1404 1815//1405 2052//1633
f 2044//1625 2043//1624 2052//1633 2053//1634
f 2045//1626 2044//1625 2053//1634 2054//1635
f 2046//1627 2045//1626 2054//1635 2055//1636
f 2047//1628 2046//1627 2055//1636 2056//1637
f 2048//1629 2047//1628 2056//1637 2057//1638
f 2049//1630 2048//1629 2057//1638 2058//1639
f 2050//1631 2049//1630 2058//1639 2059//1640
f 2051//1632 2050//1631 2059//1640 2060//1641
f 1853//1442 2051//1632 2060//1641 1854//1443
f 2052//1633 1815//1405 1816//1406 2061//1642
f 2053//1634 2052//1633 2061//1642 2062//1643
f 2054//1635 2053//1634 2062//1643 2063//1644
f 2055//1636 2054//1635 2063//1644 2064//1645
f 2056//1637 2055//1636 2064//1645 2065//1646
f 2057//1638 2056//1637 2065//1646 2066//1647
f 2058//1639 2057//1638 2066//1647 2067//1648
f 2059//1640 2058//1639 2067//1648 2068//1649
f 2060//1641 2059//1640 2068//1649 2069//1650
f 1854//1443 2060//1641 2069//1650 2070//1444
f 2061//1642 1816//1406 1817//1407 2071//1651
f 2062//1643 2061//1642 2071//1651 2072//1652
f 2063//1644 2062//1643 2072//1652 2073//1653
f 2064//1645 2063//1644 2073//1653 2074//1654
f 2065//1646 2064//1645 2074//1654 2075//1655
f 2066//1647 2065//1646 2075//1655 2076//1656
f 2067//1648 2066//1647 2076//1656 2077//1657
f 2068//1649 2067//1648 2077//1657 2078//1658
f 2069//1650 2068//1649 2078//1658 2079//1659
f 2070//1444 2069//1650 2079//1659 2080//1445
f 2071//1651 1817//1407 1818//1408 2081//1660
f 2072//1652 2071//1651 2081//1660 2082//1661
f 2073//1653 2072//1652 2082//1661 2083//1662
f 2074//1654 2073//1653 2083//1662 2084//1663
f 2075//1655 2074//1654 2084//1663 2085//1664
f 2076//1656 2075//1655 2085//1664 2086//1665
f 2077//1657 2076//1656 2086//1665 2087//1666
f 2078//1658 2077//1657 2087//1666 2088//1667
f 2079//1659 2078//1658 2088//1667 2089//1668
f 2080//1445 2079//1659 2089//1668 1855//1446
f 2081//1660 1818//1408 1819//1409 2090//1669
f 2082//1661 2081//1660 2090//1669 2091//1670
f 2083//1662 2082//1661 2091//1670 2092//1671
f 2084//1663 2083//1662 2092//1671 2093//1672
f 2085//1664 2084//1663 2093//1672 2094//1673
f 2086//1665 2085//1664 2094//1673 2095//1674
f 2087//1666 2086//1665 2095//1674 2096//1675
f 2088//1667 2087//1666 2096//1675 2097//1676
f 2089//1668 2088//1667 2097//1676 2098//1677
f 1855//1446 2089//1668 2098//1677 1856//1447
f 2090//1669 1819//1409 1820//1410 2099//1678
f 2091//1670 2090//1669 2099//1678 2100//1679
f 2092//1671 2091//1670 2100//1679 2101//1680
f 2093//1672 2092//1671 2101//1680 2102//1681
f 2094//1673 2093//1672 2102//1681 2103//1682
f 2095//1674 2094//1673 2103//1682 2104//1683
f 2096//1675 2095//1674 2104//1683 2105//1684
f 2097//1676 2096//1675 2105//1684 2106//1685
f 2098//1677 2097//1676 2106//1685 2107//1686
f 1856//1447 2098//1677 2107//1686 1857//1448
f 2099//1678 1820//1410 1821//1411 2108//1687
f 2100//1679 2099//1678 2108//1687 2109//1688
f 2101//1680 2100//1679 2109//1688 2110//1689
f 2102//1681 2101//1680 2110//1689 2111//1690
f 2103//1682 2102//1681 2111//1690 2112//1691
f 2104//1683 2103//1682 2112//1691 2113//1692
f 2105//1684 2104//1683 2113//1692 2114//1693
f 2106//1685 2105//1684 2114//1693 2115//1694
f 2107//1686 2106//1685 2115//1694 2116//1695
f 1857//1448 2107//1686 2116//1695 1858//1449
f 2108//1687 1821//1411 1822//1412 2117//1696
f 2109//1688 2108//1687 2117//1696 2118//1697
f 2110//1689 2109//1688 2118//1697 2119//1698
f 2111//1690 2110//1689 2119//1698 2120//1699
f 2112//1691 2111//1690 2120//1699 2121//1700
f 2113//1692 2112//1691 2121//1700 2122//1701
f 2114//1693 2113//1692 2122//1701 2123//1702
f 2115//1694 2114//1693 2123//1702 2124//1703
f 2116//1695 2115//1694 2124//1703 2125//1704
f 1858//1449 2116//1695 2125//1704 1859//1450
f 2117//1696 1822//1412 1823//1413 2126//1705
f 2118//1697 2117//1696 2126//1705 2127//1706
f 2119//1698 2118//1697 2127//1706 2128//1707
f 2120//1699 2119//1698 2128//1707 2129//1708
f 2121//1700 2120//1699 2129//1708 2130//1709
f 2122//1701 2121//1700 2130//1709 2131//1710
f 2123//1702 2122//1701 2131//1710 2132//1711
f 2124//1703 2123//1702 2132//1711 2133//1712
f 2125//1704 2124//1703 2133//1712 2134//1713
f 1859//1450 2125//1704 2134//1713 1860//1451
f 2126//1705 1823//1413 1824//1414 2135//1714
f 2127//1706 2126//1705 2135//1714 2136//1715
f 2128//1707 2127//1706 2136//1715 2137//1716
f 2129//1708 2128//1707 2137//1716 2138//1717
f 2130//1709 2129//1708 2138//1717 2139//1718
f 2131//1710 2130//1709 2139//1718 2140//1719
f 2132//1711 2131//1710 2140//1719 2141//1720
f 2133//1712 2132//1711 2141//1720 2142//1721
f 2134//1713 2133//1712 2142//1721 2143//1722
f 1860//1451 2134//1713 2143//1722 1861//1452
f 2135//1714 1824//1414 1825//1415 2144//1723
f 2136//1715 2135//1714 2144//1723 2145//1724
f 2137//1716 2136//1715 2145//1724 2146//1725
f 2138//1717 2137//1716 2146//1725 2147//1726
f 2139//1718 2138//1717 2147//1726 2148//1727
f 2140//1719 2139//1718 2148//1727 2149//1728
f 2141//1720 2140//1719 2149//1728 2150//1729
f 2142//1721 2141//1720 2150//1729 2151//1730
f 2143//1722 2142//1721 2151//1730 2152//1731
f 1861//1452 2143//1722 2152//1731 1862//1453
f 2144//1723 1825//1415 1826//1416 2153//1732
f 2145//1724 2144//1723 2153//1732 2154//1733
f 2146//1725 2145//1724 2154//1733 2155//1734
f 2147//1726 2146//1725 2155//1734 2156//1735
f 2148//1727 2147//1726 2156//1735 2157//1736
f 2149//1728 2148//1727 2157//1736 2158//1737
f 2150//1729 2149//1728 2158//1737 2159//1738
f 2151//1730 2150//1729 2159//1738 2160//1739
f 2152//1731 2151//1730 2160//1739 2161//1740
f 1862//1453 2152//1731 2161//1740 1863//1454
f 2153//1732 1826//1416 1827//1417 2162//1741
f 2154//1733 2153//1732 2162//1741 2163//1742
f 2155//1734 2154//1733 2163//1742 2164//1743
f 2156//1735 2155//1734 2164//1743 2165//1744
f 2157//1736 2156//1735 2165//1744 2166//1745
f 2158//1737 2157//1736 2166//1745 2167//1746
f 2159//1738 2158//1737 2167//1746 2168//1747
f 2160//1739 2159//1738 2168//1747 2169//1748
f 2161//1740 2160//1739 2169//1748 2170//1749
f 1863//1454 2161//1740 2170//1749 1864//1455
f 2162//1741 1827//1417 1828//1418 2171//1750
f 2163//1742 2162//1741 2171//1750 2172//1751
f 2164//1743 2163//1742 2172//1751 2173//1752
f 2165//1744 2164//1743 2173//1752 2174//1753
f 2166//1745 2165//1744 2174//1753 2175//1754
f 2167//1746 2166//1745 2175//1754 2176//1755
f 2168//1747 2167//1746 2176//1755 2177//1756
f 2169//1748 2168//1747 2177//1756 2178//1757
f 2170//1749 2169//1748 2178//1757 2179//1758
f 1864//1455 2170//1749 2179//1758 1865//1456
f 2171//1750 1828//1418 1829//1419 2180//1759
f 2172//1751 2171//1750 2180//1759 2181//1760
f 2173//1752 2172//1751 2181//1760 2182//1761
f 2174//1753 2173//1752 2182//1761 2183//1762
f 2175//1754 2174//1753 2183//1762 2184//1763
f 2176//1755 2175//1754 2184//1763 2185//1764
f 2177//1756 2176//1755 2185//1764 2186//1765
f 2178//1757 2177//1756 2186//1765 2187//1766
f 2179//1758 2178//1757 2187//1766 2188//1767
f 1865//1456 2179//1758 2188//1767 1866//1457
f 2180//1759 1829//1419 1830//1420 2189//1768
f 2181//1760 2180//1759 2189//1768 2190//1769
f 2182//1761 2181//1760 2190//1769 2191//1770
f 2183//1762 2182//1761 2191//1770 2192//1771
f 2184//1763 2183//1762 2192//1771 2193//1772
f 2185//1764 2184//1763 2193//1772 2194//1773
f 2186//1765 2185//1764 2194//1773 2195//1774
f 2187//1766 2186//1765 2195//1774 2196//1775
f 2188//1767 2187//1766 2196//1775 2197//1776
f 1866//1457 2188//1767 2197//1776 1867//1458
f 2189//1768 1830//1420 1831//1421 2198//1777
f 2190//1769 2189//1768 2198//1777 2199//1778
f 2191//1770 2190//1769 2199//1778 2200//1779
f 2192//1771 2191//1770 2200//1779 2201//1780
f 2193//1772 2192//1771 2201//1780 2202//1781
f 2194//1773 2193//1772 2202//1781 2203//1782
f 2195//1774 2194//1773 2203//1782 2204//1783
f 2196//1775 2195//1774 2204//1783 2205//1784
f 2197//1776 2196//1775 2205//1784 2206//1785
f 1867//1458 2197//1776 2206//1785 2207//1459
f 2198//1777 1831//1421 1832//1422 2208//1786
f 2199//1778 2198//1777 2208//1786 2209//1787
f 2200//1779 2199//1778 2209//1787 2210//1788
f 2201//1780 2200//1779 2210//1788 2211//1789
f 2202//1781 2201//1780 2211//1789 2212//1790
f 2203//1782 2202//1781 2212//1790 2213//1791
f 2204//1783 2203//1782 2213//1791 2214//1792
f 2205//1784 2204//1783 2214//1792 2215//1793
f 2206//1785 2205//1784 2215//1793 2216//1794
f 2207//1459 2206//1785 2216//1794 1868//1460
f 2208//1786 1832//1422 1833//1423 2217//1795
f 2209//1787 2208//1786 2217//1795 2218//1796
f 2210//1788 2209//1787 2218//1796 2219//1797
f 2211//1789 2210//1788 2219//1797 2220//1798
f 2212//1790 2211//1789 2220//1798 2221//1799
f 2213//1791 2212//1790 2221//1799 2222//1800
f 2214//1792 2213//1791 2222//1800 2223//1801
f 2215//1793 2214//1792 2223//1801 2224//1802
f 2216//1794 2215//1793 2224//1802 2225//1803
f 1868//1460 2216//1794 2225//1803 1869//1461
f 2217//1795 1833//1423 1834//1424 2226//1804
f 2218//1796 2217//1795 2226//1804 2227//1805
f 2219//1797 2218//1796 2227//1805 2228//1806
f 2220//1798 2219//1797 2228//1806 2229//1807
f 2221//1799 2220//1798 2229//1807 2230//1808
f 2222//1800 2221//1799 2230//1808 2231//1809
f 2223//1801 2222//1800 2231//1809 2232//1810
f 2224//1802 2223//1801 2232//1810 2233//1811
f 2225//1803 2224//1802 2233//1811 2234//1812
f 1869//1461 2225//1803 2234//1812 1870//1462
f 2236//1813 2235//1814 2246//1815 2247//1816
f 2237//1817 2236//1813 2247//1816 2248//1818
f 2238//1819 2237//1817 2248//1818 2249//1820
f 2239//1821 2238//1819 2249//1820 2250//1822
f 2240//863 2239//1821 2250//1822 2251//1823
f 2241//1824 2240//863 2251//1823 2252//1825
f 2242//1826 2241//1824 2252//1825 2253//1827
f 2243//1828 2242//1826 2253//1827 2254//1829
f 2244//1830 2243//1828 2254//1829 2255//1831
f 2245//1832 2244//1830 2255//1831 2256//1833
f 2247//1816 2246//1815 2257//1834 2258//1835
f 2248//1818 2247//1816 2258//1835 2259//1836
f 2249//1820 2248//1818 2259//1836 2260//1837
f 2250//1822 2249//1820 2260//1837 2261//1838
f 2251//1823 2250//1822 2261//1838 2262//1839
f 2252//1825 2251//1823 2262//1839 2263//1840
f 2253//1827 2252//1825 2263//1840 2264//1841
f 2254//1829 2253//1827 2264//1841 2265//1842
f 2255//1831 2254//1829 2265//1842 2266//1843
f 2256//1833 2255//1831 2266//1843 2267//1844
f 2258//1835 2257//1834 2268//1845 2269//1846
f 2259//1836 2258//1835 2269//1846 2270//1847
f 2260//1837 2259//1836 2270//1847 2271//1848
f 2261//1838 2260//1837 2271//1848 2272//1849
f 2262//1839 2261//1838 2272//1849 2273//1850
f 2263//1840 2262//1839 2273//1850 2274//1851
f 2264//1841 2263//1840 2274//1851 2275//1852
f 2265//1842 2264//1841 2275//1852 2276//1853
f 2266//1843 2265//1842 2276//1853 2277//1854
f 2267//1844 2266//1843 2277//1854 2278//1855
f 2269//1846 2268//1845 2279//1856 2280//1857
f 2270//1847 2269//1846 2280//1857 2281//1858
f 2271//1848 2270//1847 2281//1858 2282//1859
f 2272//1849 2271//1848 2282//1859 2283//1860
f 2273//1850 2272//1849 2283//1860 2284//863
f 2274//1851 2273//1850 2284//863 2285//1861
f 2275//1852 2274//1851 2285//1861 2286//1862
f 2276//1853 2275//1852 2286//1862 2287//1863
f 2277//1854 2276//1853 2287//1863 2288//1864
f 2278//1855 2277//1854 2288//1864 2289//1865
f 2290//1866 2245//1832 2256//1833 2291//1867
f 2291//1867 2256//1833 2267//1844 2292//1868
f 2292//1868 2267//1844 2278//1855 2293//1869
f 2293//1869 2278//1855 2289//1865 2294//1870
f 2235//1814 2295//1871 2296//1872 2246//1815
f 2246//1815 2296//1872 2297//1873 2257//1834
f 2257//1834 2297//1873 2298//1874 2268//1845
f 2268//1845 2298//1874 2299//1875 2279//1856
f 2300//1876 2290//1866 2291//1867 2309//1877
f 2301//1878 2300//1876 2309//1877 2310//1879
f 2302//1880 2301//1878 2310//1879 2311//1881
f 2303//1882 2302//1880 2311//1881 2312//1883
f 2304//925 2303//1882 2312//1883 2313//1884
f 2305//1885 2304//925 2313//1884 2314//1886
f 2306//1887 2305//1885 2314//1886 2315//1888
f 2307//1889 2306//1887 2315//1888 2316//1890
f 2308//1891 2307//1889 2316//1890 2317//1892
f 2295//1871 2308//1891 2317//1892 2296//1872
f 2309//1877 2291//1867 2292//1868 2318//1893
f 2310//1879 2309//1877 2318//1893 2319//1894
f 2311//1881 2310//1879 2319//1894 2320//1895
f 2312//1883 2311//1881 2320//1895 2321//1896
f 2313//1884 2312//1883 2321//1896 2322//1897
f 2314//1886 2313//1884 2322//1897 2323//1898
f 2315//1888 2314//1886 2323//1898 2324//1899
f 2316//1890 2315//1888 2324//1899 2325//1900
f 2317//1892 2316//1890 2325//1900 2326//1901
f 2296//1872 2317//1892 2326//1901 2297//1873
f 2318//1893 2292//1868 2293//1869 2327//1902
f 2319//1894 2318//1893 2327//1902 2328//1903
f 2320//1895 2319//1894 2328//1903 2329//1904
f 2321//1896 2320//1895 2329//1904 2330//1905
f 2322//1897 2321//1896 2330//1905 2331//1906
f 2323//1898 2322//1897 2331//1906 2332//1907
f 2324//1899 2323//1898 2332//1907 2333//1908
f 2325//1900 2324//1899 2333//1908 2334//1909
f 2326//1901 2325//1900 2334//1909 2335//1910
f 2297//1873 2326//1901 2335//1910 2298//1874
f 2327//1902 2293//1869 2294//1870 2336//1911
f 2328//1903 2327//1902 2336//1911 2337//1912
f 2329//1904 2328//1903 2337//1912 2338//1913
f 2330//1905 2329//1904 2338//1913 2339//1914
f 2331//1906 2330//1905 2339//1914 2340//925
f 2332//1907 2331//1906 2340//925 2341//1915
f 2333//1908 2332//1907 2341//1915 2342//1916
f 2334//1909 2333//1908 2342//1916 2343//1917
f 2335//1910 2334//1909 2343//1917 2344//1918
f 2298//1874 2335//1910 2344//1918 2299//1875
f 2348//1919 2347//1920 2364//1921 2363//1922 2362//1923 2361//1924 2360//1925 2359//1926 2358//1927 2357//1928 2356//1929 2355//1930 2354//1931 2353//1932 2352//1933 2351//1934 2350//1935 2349//1936
f 2373//1937 2374//1938 2392//1939 2391//1940
f 2358//1927 2359//1926 2377//1941 2376//1942
f 2351//1934 2352//1933 2370//1943 2369//1944
f 2359//1926 2360//1925 2378//1945 2377//1941
f 2352//1933 2353//1932 2371//1946 2370//1943
f 2360//1925 2361//1924 2379//1947 2378//1945
f 2353//1932 2354//1931 2372//1948 2371//1946
f 2361//1924 2362//1923 2380//1949 2379//1947
f 2354//1931 2355//1930 2373//1937 2372//1948
f 2347//1920 2348//1919 2366//1950 2365//1951
f 2362//1923 2363//1922 2381//1952 2380//1949
f 2355//1930 2356//1929 2374//1938 2373//1937
f 2348//1919 2349//1936 2367//1953 2366//1950
f 2363//1922 2364//1921 2382//1954 2381//1952
f 2356//1929 2357//1928 2375//1955 2374//1938
f 2349//1936 2350//1935 2368//1956 2367//1953
f 2364//1921 2347//1920 2365//1951 2382//1954
f 2357//1928 2358//1927 2376//1942 2375//1955
f 2350//1935 2351//1934 2369//1944 2368//1956
f 2384//1957 2385//1958 2386//1959 2387//1960 2388//1961 2389//1962 2390//1963 2391//1940 2392//1939 2393//1964 2394//1965 2395//1966 2396//1967 2397//1968 2398//1969 2399//1970 2400//1971 2383//1972
f 2366//1950 2367//1953 2385//1958 2384//1957
f 2381//1952 2382//1954 2400//1971 2399//1970
f 2374//1938 2375//1955 2393//1964 2392//1939
f 2367//1953 2368//1956 2386//1959 2385//1958
f 2382//1954 2365//1951 2383//1972 2400//1971
f 2375//1955 2376//1942 2394//1965 2393//1964
f 2368//1956 2369//1944 2387//1960 2386//1959
f 2376//1942 2377//1941 2395//1966 2394//1965
f 2369//1944 2370//1943 2388//1961 2387//1960
f 2377//1941 2378//1945 2396//1967 2395//1966
f 2370//1943 2371//1946 2389//1962 2388//1961
f 2378//1945 2379//1947 2397//1968 2396//1967
f 2371//1946 2372//1948 2390//1963 2389//1962
f 2379//1947 2380//1949 2398//1969 2397//1968
f 2372//1948 2373//1937 2391//1940 2390//1963
f 2365//1951 2366//1950 2384//1957 2383//1972
f 2380//1949 2381//1952 2399//1970 2398//1969
f 2768//1973 2767//1974 2778//1975 2779//1976
f 2769//1977 2768//1973 2779//1976 2780//1978
f 2770//1979 2769//1977 2780//1978 2781//1980
f 2771//1981 2770//1979 2781//1980 2782//1982
f 2772//1983 2771//1981 2782//1982 2783//1984
f 2773//1985 2772//1983 2783//1984 2784//1986
f 2774//1987 2773//1985 2784//1986 2785//1988
f 2775//1989 2774//1987 2785//1988 2786//1990
f 2776//1991 2775//1989 2786//1990 2787//1992
f 2777//1993 2776//1991 2787//1992 2788//1994
f 2779//1976 2778//1975 2789//98 2790//97
f 2780//1978 2779//1976 2790//97 2791//99
f 2781//1980 2780//1978 2791//99 2792//100
f 2782//1982 2781//1980 2792//100 2793//101
f 2783//1984 2782//1982 2793//101 2794//102
f 2784//1986 2783//1984 2794//102 2795//103
f 2785//1988 2784//1986 2795//103 2796//1995
f 2786//1990 2785//1988 2796//1995 2797//105
f 2787//1992 2786//1990 2797//105 2798//1996
f 2788//1994 2787//1992 2798//1996 2799//107
f 2790//97 2789//98 2800//1997 2801//86
f 2791//99 2790//97 2801//86 2802//88
f 2792//100 2791//99 2802//88 2803//89
f 2793//101 2792//100 2803//89 2804//90
f 2794//102 2793//101 2804//90 2805//91
f 2795//103 2794//102 2805//91 2806//92
f 2796//1995 2795//103 2806//92 2807//93
f 2797//105 2796//1995 2807//93 2808//94
f 2798//1996 2797//105 2808//94 2809//95
f 2799//107 2798//1996 2809//95 2810//96
f 2801//86 2800//1997 2811//1998 2812//75
f 2802//88 2801//86 2812//75 2813//77
f 2803//89 2802//88 2813//77 2814//78
f 2804//90 2803//89 2814//78 2815//79
f 2805//91 2804//90 2815//79 2816//80
f 2806//92 2805//91 2816//80 2817//81
f 2807//93 2806//92 2817//81 2818//82
f 2808//94 2807//93 2818//82 2819//83
f 2809//95 2808//94 2819//83 2820//84
f 2810//96 2809//95 2820//84 2821//85
f 2812//75 2811//1998 2822//57 2823//56
f 2813//77 2812//75 2823//56 2824//58
f 2814//78 2813//77 2824//58 2825//59
f 2815//79 2814//78 2825//59 2826//60
f 2816//80 2815//79 2826//60 2827//61
f 2817//81 2816//80 2827//61 2828//62
f 2818//82 2817//81 2828//62 2829//63
f 2819//83 2818//82 2829//63 2830//64
f 2820//84 2819//83 2830//64 2831//65
f 2821//85 2820//84 2831//65 2832//66
f 2823//56 2822//57 2833//57 2834//67
f 2824//58 2823//56 2834//67 2835//68
f 2825//59 2824//58 2835//68 2836//69
f 2826//60 2825//59 2836//69 2837//70
f 2827//61 2826//60 2837//70 2838//71
f 2828//62 2827//61 2838//71 2839//62
f 2829//63 2828//62 2839//62 2840//72
f 2830//64 2829//63 2840//72 2841//73
f 2831//65 2830//64 2841//73 2842//74
f 2832//66 2831//65 2842//74 2843//66
f 2834//67 2833//57 2844//57 2845//56
f 2835//68 2834//67 2845//56 2846//58
f 2836//69 2835//68 2846//58 2847//59
f 2837//70 2836//69 2847//59 2848//60
f 2838//71 2837//70 2848//60 2849//61
f 2839//62 2838//71 2849//61 2850//62
f 2840//72 2839//62 2850//62 2851//63
f 2841//73 2840//72 2851//63 2852//64
f 2842//74 2841//73 2852//64 2853//65
f 2843//66 2842//74 2853//65 2854//66
f 2845//56 2844//57 2855//1999 2856//45
f 2846//58 2845//56 2856//45 2857//47
f 2847//59 2846//58 2857//47 2858//48
f 2848//60 2847//59 2858//48 2859//49
f 2849//61 2848//60 2859//49 2860//50
f 2850//62 2849//61 2860//50 2861//51
f 2851//63 2850//62 2861//51 2862//52
f 2852//64 2851//63 2862//52 2863//53
f 2853//65 2852//64 2863//53 2864//54
f 2854//66 2853//65 2864//54 2865//55
f 2856//45 2855//1999 2866//35 2867//34
f 2857//47 2856//45 2867//34 2868//36
f 2858//48 2857//47 2868//36 2869//37
f 2859//49 2858//48 2869//37 2870//38
f 2860//50 2859//49 2870//38 2871//39
f 2861//51 2860//50 2871//39 2872//40
f 2862//52 2861//51 2872//40 2873//41
f 2863//53 2862//52 2873//41 2874//42
f 2864//54 2863//53 2874//42 2875//43
f 2865//55 2864//54 2875//43 2876//44
f 2867//34 2866//35 2877//24 2878//2000
f 2868//36 2867//34 2878//2000 2879//25
f 2869//37 2868//36 2879//25 2880//26
f 2870//38 2869//37 2880//26 2881//27
f 2871//39 2870//38 2881//27 2882//28
f 2872//40 2871//39 2882//28 2883//29
f 2873//41 2872//40 2883//29 2884//2001
f 2874//42 2873//41 2884//2001 2885//31
f 2875//43 2874//42 2885//31 2886//32
f 2876//44 2875//43 2886//32 2887//33
f 2878//2000 2877//24 2888//2002 2889//2003
f 2879//25 2878//2000 2889//2003 2890//2004
f 2880//26 2879//25 2890//2004 2891//2005
f 2881//27 2880//26 2891//2005 2892//2006
f 2882//28 2881//27 2892//2006 2893//2007
f 2883//29 2882//28 2893//2007 2894//2008
f 2884//2001 2883//29 2894//2008 2895//2009
f 2885//31 2884//2001 2895//2009 2896//2010
f 2886//32 2885//31 2896//2010 2897//2011
f 2887//33 2886//32 2897//2011 2898//2012
f 2889//2003 2888//2002 2899//2013 2900//2014
f 2890//2004 2889//2003 2900//2014 2901//2015
f 2891//2005 2890//2004 2901//2015 2902//2016
f 2892//2006 2891//2005 2902//2016 2903//2017
f 2893//2007 2892//2006 2903//2017 2904//2018
f 2894//2008 2893//2007 2904//2018 2905//2019
f 2895//2009 2894//2008 2905//2019 2906//2020
f 2896//2010 2895//2009 2906//2020 2907//2021
f 2897//2011 2896//2010 2907//2021 2908//2022
f 2898//2012 2897//2011 2908//2022 2909//2023
f 2900//2014 2899//2013 2910//2024 2911//2025
f 2901//2015 2900//2014 2911//2025 2912//2026
f 2902//2016 2901//2015 2912//2026 2913//2027
f 2903//2017 2902//2016 2913//2027 2914//2028
f 2904//2018 2903//2017 2914//2028 2915//2029
f 2905//2019 2904//2018 2915//2029 2916//2030
f 2906//2020 2905//2019 2916//2030 2917//2031
f 2907//2021 2906//2020 2917//2031 2918//2032
f 2908//2022 2907//2021 2918//2032 2919//2033
f 2909//2023 2908//2022 2919//2033 2920//2034
f 2911//2025 2910//2024 2921//155 2922//152
f 2912//2026 2911//2025 2922//152 2923//156
f 2913//2027 2912//2026 2923//156 2924//158
f 2914//2028 2913//2027 2924//158 2925//160
f 2915//2029 2914//2028 2925//160 2926//162
f 2916//2030 2915//2029 2926//162 2927//164
f 2917//2031 2916//2030 2927//164 2928//166
f 2918//2032 2917//2031 2928//166 2929//168
f 2919//2033 2918//2032 2929//168 2930//170
f 2920//2034 2919//2033 2930//170 2931//172
f 2933//141 2932//142 2943//2035 2944//2036
f 2934//143 2933//141 2944//2036 2945//2037
f 2935//144 2934//143 2945//2037 2946//2038
f 2936//145 2935//144 2946//2038 2947//2039
f 2937//146 2936//145 2947//2039 2948//2040
f 2938//147 2937//146 2948//2040 2949//2041
f 2939//148 2938//147 2949//2041 2950//2042
f 2940//149 2939//148 2950//2042 2951//2043
f 2941//150 2940//149 2951//2043 2952//2044
f 2942//151 2941//150 2952//2044 2953//2045
f 2944//2036 2943//2035 2954//2046 2955//2047
f 2945//2037 2944//2036 2955//2047 2956//2048
f 2946//2038 2945//2037 2956//2048 2957//2049
f 2947//2039 2946//2038 2957//2049 2958//2050
f 2948//2040 2947//2039 2958//2050 2959//2051
f 2949//2041 2948//2040 2959//2051 2960//2052
f 2950//2042 2949//2041 2960//2052 2961//2053
f 2951//2043 2950//2042 2961//2053 2962//2054
f 2952//2044 2951//2043 2962//2054 2963//2055
f 2953//2045 2952//2044 2963//2055 2964//2056
f 2955//2047 2954//2046 2965//2057 2966//2058
f 2956//2048 2955//2047 2966//2058 2967//2059
f 2957//2049 2956//2048 2967//2059 2968//2060
f 2958//2050 2957//2049 2968//2060 2969//2061
f 2959//2051 2958//2050 2969//2061 2970//2062
f 2960//2052 2959//2051 2970//2062 2971//2063
f 2961//2053 2960//2052 2971//2063 2972//2064
f 2962//2054 2961//2053 2972//2064 2973//2065
f 2963//2055 2962//2054 2973//2065 2974//2066
f 2964//2056 2963//2055 2974//2066 2975//2067
f 2966//2058 2965//2057 2976//2068 2977//394
f 2967//2059 2966//2058 2977//394 2978//396
f 2968//2060 2967//2059 2978//396 2979//397
f 2969//2061 2968//2060 2979//397 2980//398
f 2970//2062 2969//2061 2980//398 2981//399
f 2971//2063 2970//2062 2981//399 2982//2069
f 2972//2064 2971//2063 2982//2069 2983//401
f 2973//2065 2972//2064 2983//401 2984//2070
f 2974//2066 2973//2065 2984//2070 2985//403
f 2975//2067 2974//2066 2985//403 2986//404
f 2977//394 2976//2068 2987//384 2988//2071
f 2978//396 2977//394 2988//2071 2989//385
f 2979//397 2978//396 2989//385 2990//386
f 2980//398 2979//397 2990//386 2991//387
f 2981//399 2980//398 2991//387 2992//388
f 2982//2069 2981//399 2992//388 2993//389
f 2983//401 2982//2069 2993//389 2994//390
f 2984//2070 2983//401 2994//390 2995//391
f 2985//403 2984//2070 2995//391 2996//2072
f 2986//404 2985//403 2996//2072 2997//2073
f 2988//2071 2987//384 2998//373 2999//372
f 2989//385 2988//2071 2999//372 3000//374
f 2990//386 2989//385 3000//374 3001//2074
f 2991//387 2990//386 3001//2074 3002//376
f 2992//388 2991//387 3002//376 3003//377
f 2993//389 2992//388 3003//377 3004//378
f 2994//390 2993//389 3004//378 3005//379
f 2995//391 2994//390 3005//379 3006//380
f 2996//2072 2995//391 3006//380 3007//381
f 2997//2073 2996//2072 3007//381 3008//2075
f 2999//372 2998//373 3009//362 3010//361
f 3000//374 2999//372 3010//361 3011//363
f 3001//2074 3000//374 3011//363 3012//364
f 3002//376 3001//2074 3012//364 3013//365
f 3003//377 3002//376 3013//365 3014//366
f 3004//378 3003//377 3014//366 3015//367
f 3005//379 3004//378 3015//367 3016//368
f 3006//380 3005//379 3016//368 3017//369
f 3007//381 3006//380 3017//369 3018//370
f 3008//2075 3007//381 3018//370 3019//371
f 3010//361 3009//362 3020//2076 3021//350
f 3011//363 3010//361 3021//350 3022//352
f 3012//364 3011//363 3022//352 3023//353
f 3013//365 3012//364 3023//353 3024//2077
f 3014//366 3013//365 3024//2077 3025//355
f 3015//367 3014//366 3025//355 3026//356
f 3016//368 3015//367 3026//356 3027//357
f 3017//369 3016//368 3027//357 3028//2078
f 3018//370 3017//369 3028//2078 3029//359
f 3019//371 3018//370 3029//359 3030//360
f 3021//350 3020//2076 3031//340 3032//339
f 3022//352 3021//350 3032//339 3033//341
f 3023//353 3022//352 3033//341 3034//342
f 3024//2077 3023//353 3034//342 3035//343
f 3025//355 3024//2077 3035//343 3036//344
f 3026//356 3025//355 3036//344 3037//2079
f 3027//357 3026//356 3037//2079 3038//346
f 3028//2078 3027//357 3038//346 3039//347
f 3029//359 3028//2078 3039//347 3040//348
f 3030//360 3029//359 3040//348 3041//349
f 3032//339 3031//340 3042//329 3043//328
f 3033//341 3032//339 3043//328 3044//2080
f 3034//342 3033//341 3044//2080 3045//331
f 3035//343 3034//342 3045//331 3046//332
f 3036//344 3035//343 3046//332 3047//333
f 3037//2079 3036//344 3047//333 3048//334
f 3038//346 3037//2079 3048//334 3049//335
f 3039//347 3038//346 3049//335 3050//2081
f 3040//348 3039//347 3050//2081 3051//337
f 3041//349 3040//348 3051//337 3052//338
f 3043//328 3042//329 3053//318 3054//317
f 3044//2080 3043//328 3054//317 3055//319
f 3045//331 3044//2080 3055//319 3056//320
f 3046//332 3045//331 3056//320 3057//321
f 3047//333 3046//332 3057//321 3058//322
f 3048//334 3047//333 3058//322 3059//323
f 3049//335 3048//334 3059//323 3060//324
f 3050//2081 3049//335 3060//324 3061//325
f 3051//337 3050//2081 3061//325 3062//326
f 3052//338 3051//337 3062//326 3063//327
f 3054//317 3053//318 3064//2082 3065//306
f 3055//319 3054//317 3065//306 3066//308
f 3056//320 3055//319 3066//308 3067//309
f 3057//321 3056//320 3067//309 3068//310
f 3058//322 3057//321 3068//310 3069//311
f 3059//323 3058//322 3069//311 3070//312
f 3060//324 3059//323 3070//312 3071//313
f 3061//325 3060//324 3071//313 3072//314
f 3062//326 3061//325 3072//314 3073//315
f 3063//327 3062//326 3073//315 3074//316
f 3065//306 3064//2082 3075//296 3076//295
f 3066//308 3065//306 3076//295 3077//297
f 3067//309 3066//308 3077//297 3078//298
f 3068//310 3067//309 3078//298 3079//299
f 3069//311 3068//310 3079//299 3080//300
f 3070//312 3069//311 3080//300 3081//301
f 3071//313 3070//312 3081//301 3082//302
f 3072//314 3071//313 3082//302 3083//303
f 3073//315 3072//314 3083//303 3084//304
f 3074//316 3073//315 3084//304 3085//305
f 3076//295 3075//296 3086//2083 3087//284
f 3077//297 3076//295 3087//284 3088//286
f 3078//298 3077//297 3088//286 3089//287
f 3079//299 3078//298 3089//287 3090//288
f 3080//300 3079//299 3090//288 3091//289
f 3081//301 3080//300 3091//289 3092//290
f 3082//302 3081//301 3092//290 3093//291
f 3083//303 3082//302 3093//291 3094//292
f 3084//304 3083//303 3094//292 3095//293
f 3085//305 3084//304 3095//293 3096//294
f 3087//284 3086//2083 3097//2084 3098//273
f 3088//286 3087//284 3098//273 3099//275
f 3089//287 3088//286 3099//275 3100//276
f 3090//288 3089//287 3100//276 3101//277
f 3091//289 3090//288 3101//277 3102//278
f 3092//290 3091//289 3102//278 3103//279
f 3093//291 3092//290 3103//279 3104//280
f 3094//292 3093//291 3104//280 3105//281
f 3095//293 3094//292 3105//281 3106//2085
f 3096//294 3095//293 3106//2085 3107//283
f 3098//273 3097//2084 3108//263 3109//262
f 3099//275 3098//273 3109//262 3110//2086
f 3100//276 3099//275 3110//2086 3111//265
f 3101//277 3100//276 3111//265 3112//266
f 3102//278 3101//277 3112//266 3113//267
f 3103//279 3102//278 3113//267 3114//268
f 3104//280 3103//279 3114//268 3115//269
f 3105//281 3104//280 3115//269 3116//270
f 3106//2085 3105//281 3116//270 3117//271
f 3107//283 3106//2085 3117//271 3118//272
f 3109//262 3108//263 3119//2087 3120//251
f 3110//2086 3109//262 3120//251 3121//253
f 3111//265 3110//2086 3121//253 3122//254
f 3112//266 3111//265 3122//254 3123//255
f 3113//267 3112//266 3123//255 3124//256
f 3114//268 3113//267 3124//256 3125//257
f 3115//269 3114//268 3125//257 3126//258
f 3116//270 3115//269 3126//258 3127//259
f 3117//271 3116//270 3127//259 3128//260
f 3118//272 3117//271 3128//260 3129//261
f 3120//251 3119//2087 3130//241 3131//240
f 3121//253 3120//251 3131//240 3132//242
f 3122//254 3121//253 3132//242 3133//243
f 3123//255 3122//254 3133//243 3134//244
f 3124//256 3123//255 3134//244 3135//245
f 3125//257 3124//256 3135//245 3136//246
f 3126//258 3125//257 3136//246 3137//247
f 3127//259 3126//258 3137//247 3138//2088
f 3128//260 3127//259 3138//2088 3139//249
f 3129//261 3128//260 3139//249 3140//250
f 3131//240 3130//241 3141//230 3142//229
f 3132//242 3131//240 3142//229 3143//231
f 3133//243 3132//242 3143//231 3144//232
f 3134//244 3133//243 3144//232 3145//233
f 3135//245 3134//244 3145//233 3146//234
f 3136//246 3135//245 3146//234 3147//235
f 3137//247 3136//246 3147//235 3148//236
f 3138//2088 3137//247 3148//236 3149//237
f 3139//249 3138//2088 3149//237 3150//238
f 3140//250 3139//249 3150//238 3151//239
f 3142//229 3141//230 3152//219 3153//218
f 3143//231 3142//229 3153//218 3154//220
f 3144//232 3143//231 3154//220 3155//221
f 3145//233 3144//232 3155//221 3156//222
f 3146//234 3145//233 3156//222 3157//223
f 3147//235 3146//234 3157//223 3158//224
f 3148//236 3147//235 3158//224 3159//225
f 3149//237 3148//236 3159//225 3160//226
f 3150//238 3149//237 3160//226 3161//227
f 3151//239 3150//238 3161//227 3162//228
f 3153//218 3152//219 3163//208 3164//2089
f 3154//220 3153//218 3164//2089 3165//209
f 3155//221 3154//220 3165//209 3166//2090
f 3156//222 3155//221 3166//2090 3167//211
f 3157//223 3156//222 3167//211 3168//212
f 3158//224 3157//223 3168//212 3169//213
f 3159//225 3158//224 3169//213 3170//214
f 3160//226 3159//225 3170//214 3171//215
f 3161//227 3160//226 3171//215 3172//2091
f 3162//228 3161//227 3172//2091 3173//217
f 3164//2089 3163//208 3174//2092 3175//196
f 3165//209 3164//2089 3175//196 3176//198
f 3166//2090 3165//209 3176//198 3177//199
f 3167//211 3166//2090 3177//199 3178//200
f 3168//212 3167//211 3178//200 3179//201
f 3169//213 3168//212 3179//201 3180//202
f 3170//214 3169//213 3180//202 3181//2093
f 3171//215 3170//214 3181//2093 3182//2094
f 3172//2091 3171//215 3182//2094 3183//205
f 3173//217 3172//2091 3183//205 3184//206
f 3175//196 3174//2092 3185//2095 3186//2096
f 3176//198 3175//196 3186//2096 3187//2097
f 3177//199 3176//198 3187//2097 3188//2098
f 3178//200 3177//199 3188//2098 3189//2099
f 3179//201 3178//200 3189//2099 3190//2100
f 3180//202 3179//201 3190//2100 3191//2101
f 3181//2093 3180//202 3191//2101 3192//2102
f 3182//2094 3181//2093 3192//2102 3193//2103
f 3183//205 3182//2094 3193//2103 3194//2104
f 3184//206 3183//205 3194//2104 3195//2105
f 3186//2096 3185//2095 3196//2106 3197//2107
f 3187//2097 3186//2096 3197//2107 3198//2108
f 3188//2098 3187//2097 3198//2108 3199//2109
f 3189//2099 3188//2098 3199//2109 3200//2110
f 3190//2100 3189//2099 3200//2110 3201//2111
f 3191//2101 3190//2100 3201//2111 3202//2112
f 3192//2102 3191//2101 3202//2112 3203//2113
f 3193//2103 3192//2102 3203//2113 3204//2114
f 3194//2104 3193//2103 3204//2114 3205//2115
f 3195//2105 3194//2104 3205//2115 3206//2116
f 3207//2117 2777//1993 2788//1994 3208//2118
f 3208//2118 2788//1994 2799//107 3209//435
f 3209//435 2799//107 2810//96 3210//2119
f 3210//2119 2810//96 2821//85 3211//433
f 3211//433 2821//85 2832//66 3212//432
f 3212//432 2832//66 2843//66 3213//432
f 3213//432 2843//66 2854//66 3214//432
f 3214//432 2854//66 2865//55 3215//431
f 3215//431 2865//55 2876//44 3216//430
f 3216//430 2876//44 2887//33 3217//429
f 3217//429 2887//33 2898//2012 3218//2120
f 3218//2120 2898//2012 2909//2023 3219//2121
f 3219//2121 2909//2023 2920//2034 3220//2122
f 3220//2122 2920//2034 2931//172 3221//440
f 3222//439 2942//151 2953//2045 3223//2123
f 3223//2123 2953//2045 2964//2056 3224//2124
f 3224//2124 2964//2056 2975//2067 3225//2125
f 3225//2125 2975//2067 2986//404 3226//462
f 3226//462 2986//404 2997//2073 3227//2126
f 3227//2126 2997//2073 3008//2075 3228//460
f 3228//460 3008//2075 3019//371 3229//2127
f 3229//2127 3019//371 3030//360 3230//2128
f 3230//2128 3030//360 3041//349 3231//457
f 3231//457 3041//349 3052//338 3232//456
f 3232//456 3052//338 3063//327 3233//455
f 3233//455 3063//327 3074//316 3234//454
f 3234//454 3074//316 3085//305 3235//453
f 3235//453 3085//305 3096//294 3236//2129
f 3236//2129 3096//294 3107//283 3237//451
f 3237//451 3107//283 3118//272 3238//450
f 3238//450 3118//272 3129//261 3239//449
f 3239//449 3129//261 3140//250 3240//2130
f 3240//2130 3140//250 3151//239 3241//447
f 3241//447 3151//239 3162//228 3242//446
f 3242//446 3162//228 3173//217 3243//445
f 3243//445 3173//217 3184//206 3244//444
f 3244//444 3184//206 3195//2105 3245//2131
f 3245//2131 3195//2105 3206//2116 3246//2132
f 2767//1974 3247//2133 3248//2134 2778//1975
f 2778//1975 3248//2134 3249//473 2789//98
f 2789//98 3249//473 3250//472 2800//1997
f 2800//1997 3250//472 3251//471 2811//1998
f 2811//1998 3251//471 3252//470 2822//57
f 2822//57 3252//470 3253//470 2833//57
f 2833//57 3253//470 3254//470 2844//57
f 2844//57 3254//470 3255//469 2855//1999
f 2855//1999 3255//469 3256//468 2866//35
f 2866//35 3256//468 3257//467 2877//24
f 2877//24 3257//467 3258//2135 2888//2002
f 2888//2002 3258//2135 3259//2136 2899//2013
f 2899//2013 3259//2136 3260//2137 2910//2024
f 2910//2024 3260//2137 3261//479 2921//155
f 2932//142 3262//477 3263//2138 2943//2035
f 2943//2035 3263//2138 3264//2139 2954//2046
f 2954//2046 3264//2139 3265//2140 2965//2057
f 2965//2057 3265//2140 3266//500 2976//2068
f 2976//2068 3266//500 3267//499 2987//384
f 2987//384 3267//499 3268//2141 2998//373
f 2998//373 3268//2141 3269//497 3009//362
f 3009//362 3269//497 3270//2142 3020//2076
f 3020//2076 3270//2142 3271//495 3031//340
f 3031//340 3271//495 3272//494 3042//329
f 3042//329 3272//494 3273//493 3053//318
f 3053//318 3273//493 3274//492 3064//2082
f 3064//2082 3274//492 3275//491 3075//296
f 3075//296 3275//491 3276//490 3086//2083
f 3086//2083 3276//490 3277//489 3097//2084
f 3097//2084 3277//489 3278//488 3108//263
f 3108//263 3278//488 3279//487 3119//2087
f 3119//2087 3279//487 3280//486 3130//241
f 3130//241 3280//486 3281//485 3141//230
f 3141//230 3281//485 3282//2143 3152//219
f 3152//219 3282//2143 3283//483 3163//208
f 3163//208 3283//483 3284//482 3174//2092
f 3174//2092 3284//482 3285//2144 3185//2095
f 3185//2095 3285//2144 3286//2145 3196//2106
f 3287//2146 3207//2117 3208//2118 3296//2147
f 3288//2148 3287//2146 3296//2147 3297//2149
f 3289//2150 3288//2148 3297//2149 3298//2151
f 3290//2152 3289//2150 3298//2151 3299//2153
f 3291//2154 3290//2152 3299//2153 3300//2155
f 3292//2156 3291//2154 3300//2155 3301//2157
f 3293//2158 3292//2156 3301//2157 3302//2159
f 3294//2160 3293//2158 3302//2159 3303//2161
f 3295//2162 3294//2160 3303//2161 3304//2163
f 3247//2133 3295//2162 3304//2163 3248//2134
f 3296//2147 3208//2118 3209//435 3305//583
f 3297//2149 3296//2147 3305//583 3306//584
f 3298//2151 3297//2149 3306//584 3307//585
f 3299//2153 3298//2151 3307//585 3308//586
f 3300//2155 3299//2153 3308//586 3309//587
f 3301//2157 3300//2155 3309//587 3310//588
f 3302//2159 3301//2157 3310//588 3311//589
f 3303//2161 3302//2159 3311//589 3312//590
f 3304//2163 3303//2161 3312//590 3313//2164
f 3248//2134 3304//2163 3313//2164 3249//473
f 3305//583 3209//435 3210//2119 3314//574
f 3306//584 3305//583 3314//574 3315//575
f 3307//585 3306//584 3315//575 3316//576
f 3308//586 3307//585 3316//576 3317//577
f 3309//587 3308//586 3317//577 3318//2165
f 3310//588 3309//587 3318//2165 3319//579
f 3311//589 3310//588 3319//579 3320//580
f 3312//590 3311//589 3320//580 3321//581
f 3313//2164 3312//590 3321//581 3322//582
f 3249//473 3313//2164 3322//582 3250//472
f 3314//574 3210//2119 3211//433 3323//2166
f 3315//575 3314//574 3323//2166 3324//566
f 3316//576 3315//575 3324//566 3325//567
f 3317//577 3316//576 3325//567 3326//568
f 3318//2165 3317//577 3326//568 3327//569
f 3319//579 3318//2165 3327//569 3328//570
f 3320//580 3319//579 3328//570 3329//571
f 3321//581 3320//580 3329//571 3330//572
f 3322//582 3321//581 3330//572 3331//573
f 3250//472 3322//582 3331//573 3251//471
f 3323//2166 3211//433 3212//432 3332//548
f 3324//566 3323//2166 3332//548 3333//549
f 3325//567 3324//566 3333//549 3334//550
f 3326//568 3325//567 3334//550 3335//551
f 3327//569 3326//568 3335//551 3336//552
f 3328//570 3327//569 3336//552 3337//553
f 3329//571 3328//570 3337//553 3338//554
f 3330//572 3329//571 3338//554 3339//555
f 3331//573 3330//572 3339//555 3340//556
f 3251//471 3331//573 3340//556 3252//470
f 3332//548 3212//432 3213//432 3341//557
f 3333//549 3332//548 3341//557 3342//558
f 3334//550 3333//549 3342//558 3343//559
f 3335//551 3334//550 3343//559 3344//560
f 3336//552 3335//551 3344//560 3345//561
f 3337//553 3336//552 3345//561 3346//553
f 3338//554 3337//553 3346//553 3347//562
f 3339//555 3338//554 3347//562 3348//563
f 3340//556 3339//555 3348//563 3349//564
f 3252//470 3340//556 3349//564 3253//470
f 3341//557 3213//432 3214//432 3350//548
f 3342//558 3341//557 3350//548 3351//549
f 3343//559 3342//558 3351//549 3352//550
f 3344//560 3343//559 3352//550 3353//551
f 3345//561 3344//560 3353//551 3354//552
f 3346//553 3345//561 3354//552 3355//553
f 3347//562 3346//553 3355//553 3356//554
f 3348//563 3347//562 3356//554 3357//555
f 3349//564 3348//563 3357//555 3358//556
f 3253//470 3349//564 3358//556 3254//470
f 3350//548 3214//432 3215//431 3359//2167
f 3351//549 3350//548 3359//2167 3360//540
f 3352//550 3351//549 3360//540 3361//541
f 3353//551 3352//550 3361//541 3362//542
f 3354//552 3353//551 3362//542 3363//543
f 3355//553 3354//552 3363//543 3364//544
f 3356//554 3355//553 3364//544 3365//545
f 3357//555 3356//554 3365//545 3366//546
f 3358//556 3357//555 3366//546 3367//547
f 3254//470 3358//556 3367//547 3255//469
f 3359//2167 3215//431 3216//430 3368//530
f 3360//540 3359//2167 3368//530 3369//531
f 3361//541 3360//540 3369//531 3370//532
f 3362//542 3361//541 3370//532 3371//533
f 3363//543 3362//542 3371//533 3372//2168
f 3364//544 3363//543 3372//2168 3373//535
f 3365//545 3364//544 3373//535 3374//536
f 3366//546 3365//545 3374//536 3375//537
f 3367//547 3366//546 3375//537 3376//538
f 3255//469 3367//547 3376//538 3256//468
f 3368//530 3216//430 3217//429 3377//521
f 3369//531 3368//530 3377//521 3378//522
f 3370//532 3369//531 3378//522 3379//523
f 3371//533 3370//532 3379//523 3380//524
f 3372//2168 3371//533 3380//524 3381//525
f 3373//535 3372//2168 3381//525 3382//526
f 3374//536 3373//535 3382//526 3383//2169
f 3375//537 3374//536 3383//2169 3384//528
f 3376//538 3375//537 3384//528 3385//2170
f 3256//468 3376//538 3385//2170 3257//467
f 3377//521 3217//429 3218//2120 3386//2171
f 3378//522 3377//521 3386//2171 3387//2172
f 3379//523 3378//522 3387//2172 3388//2173
f 3380//524 3379//523 3388//2173 3389//2174
f 3381//525 3380//524 3389//2174 3390//2175
f 3382//526 3381//525 3390//2175 3391//2176
f 3383//2169 3382//526 3391//2176 3392//2177
f 3384//528 3383//2169 3392//2177 3393//2178
f 3385//2170 3384//528 3393//2178 3394//2179
f 3257//467 3385//2170 3394//2179 3258//2135
f 3386//2171 3218//2120 3219//2121 3395//2180
f 3387//2172 3386//2171 3395//2180 3396//2181
f 3388//2173 3387//2172 3396//2181 3397//2182
f 3389//2174 3388//2173 3397//2182 3398//2183
f 3390//2175 3389//2174 3398//2183 3399//2184
f 3391//2176 3390//2175 3399//2184 3400//2185
f 3392//2177 3391//2176 3400//2185 3401//2186
f 3393//2178 3392//2177 3401//2186 3402//2187
f 3394//2179 3393//2178 3402//2187 3403//2188
f 3258//2135 3394//2179 3403//2188 3259//2136
f 3395//2180 3219//2121 3220//2122 3404//2189
f 3396//2181 3395//2180 3404//2189 3405//2190
f 3397//2182 3396//2181 3405//2190 3406//2191
f 3398//2183 3397//2182 3406//2191 3407//2192
f 3399//2184 3398//2183 3407//2192 3408//2193
f 3400//2185 3399//2184 3408//2193 3409//2194
f 3401//2186 3400//2185 3409//2194 3410//2195
f 3402//2187 3401//2186 3410//2195 3411//2196
f 3403//2188 3402//2187 3411//2196 3412//2197
f 3259//2136 3403//2188 3412//2197 3260//2137
f 3404//2189 3220//2122 3221//440 3413//628
f 3405//2190 3404//2189 3413//628 3414//630
f 3406//2191 3405//2190 3414//630 3415//632
f 3407//2192 3406//2191 3415//632 3416//634
f 3408//2193 3407//2192 3416//634 3417//636
f 3409//2194 3408//2193 3417//636 3418//638
f 3410//2195 3409//2194 3418//638 3419//640
f 3411//2196 3410//2195 3419//640 3420//642
f 3412//2197 3411//2196 3420//642 3421//644
f 3260//2137 3412//2197 3421//644 3261//479
f 3422//619 3222//439 3223//2123 3431//2198
f 3423//620 3422//619 3431//2198 3432//2199
f 3424//621 3423//620 3432//2199 3433//2200
f 3425//622 3424//621 3433//2200 3434//2201
f 3426//623 3425//622 3434//2201 3435//2202
f 3427//624 3426//623 3435//2202 3436//2203
f 3428//625 3427//624 3436//2203 3437//2204
f 3429//2205 3428//625 3437//2204 3438//2206
f 3430//627 3429//2205 3438//2206 3439//2207
f 3262//477 3430//627 3439//2207 3263//2138
f 3431//2198 3223//2123 3224//2124 3440//2208
f 3432//2199 3431//2198 3440//2208 3441//2209
f 3433//2200 3432//2199 3441//2209 3442//2210
f 3434//2201 3433//2200 3442//2210 3443//2211
f 3435//2202 3434//2201 3443//2211 3444//2212
f 3436//2203 3435//2202 3444//2212 3445//2213
f 3437//2204 3436//2203 3445//2213 3446//2214
f 3438//2206 3437//2204 3446//2214 3447//2215
f 3439//2207 3438//2206 3447//2215 3448//2216
f 3263//2138 3439//2207 3448//2216 3264//2139
f 3440//2208 3224//2124 3225//2125 3449//2217
f 3441//2209 3440//2208 3449//2217 3450//2218
f 3442//2210 3441//2209 3450//2218 3451//2219
f 3443//2211 3442//2210 3451//2219 3452//2220
f 3444//2212 3443//2211 3452//2220 3453//2221
f 3445//2213 3444//2212 3453//2221 3454//2222
f 3446//2214 3445//2213 3454//2222 3455//2223
f 3447//2215 3446//2214 3455//2223 3456//2224
f 3448//2216 3447//2215 3456//2224 3457//2225
f 3264//2139 3448//2216 3457//2225 3265//2140
f 3449//2217 3225//2125 3226//462 3458//826
f 3450//2218 3449//2217 3458//826 3459//827
f 3451//2219 3450//2218 3459//827 3460//828
f 3452//2220 3451//2219 3460//828 3461//829
f 3453//2221 3452//2220 3461//829 3462//830
f 3454//2222 3453//2221 3462//830 3463//831
f 3455//2223 3454//2222 3463//831 3464//832
f 3456//2224 3455//2223 3464//832 3465//833
f 3457//2225 3456//2224 3465//833 3466//834
f 3265//2140 3457//2225 3466//834 3266//500
f 3458//826 3226//462 3227//2126 3467//817
f 3459//827 3458//826 3467//817 3468//818
f 3460//828 3459//827 3468//818 3469//819
f 3461//829 3460//828 3469//819 3470//820
f 3462//830 3461//829 3470//820 3471//821
f 3463//831 3462//830 3471//821 3472//822
f 3464//832 3463//831 3472//822 3473//823
f 3465//833 3464//832 3473//823 3474//824
f 3466//834 3465//833 3474//824 3475//825
f 3266//500 3466//834 3475//825 3267//499
f 3467//817 3227//2126 3228//460 3476//808
f 3468//818 3467//817 3476//808 3477//809
f 3469//819 3468//818 3477//809 3478//810
f 3470//820 3469//819 3478//810 3479//811
f 3471//821 3470//820 3479//811 3480//812
f 3472//822 3471//821 3480//812 3481//813
f 3473//823 3472//822 3481//813 3482//814
f 3474//824 3473//823 3482//814 3483//815
f 3475//825 3474//824 3483//815 3484//816
f 3267//499 3475//825 3484//816 3268//2141
f 3476//808 3228//460 3229//2127 3485//799
f 3477//809 3476//808 3485//799 3486//800
f 3478//810 3477//809 3486//800 3487//801
f 3479//811 3478//810 3487//801 3488//802
f 3480//812 3479//811 3488//802 3489//803
f 3481//813 3480//812 3489//803 3490//804
f 3482//814 3481//813 3490//804 3491//805
f 3483//815 3482//814 3491//805 3492//806
f 3484//816 3483//815 3492//806 3493//807
f 3268//2141 3484//816 3493//807 3269//497
f 3485//799 3229//2127 3230//2128 3494//2226
f 3486//800 3485//799 3494//2226 3495//791
f 3487//801 3486//800 3495//791 3496//792
f 3488//802 3487//801 3496//792 3497//793
f 3489//803 3488//802 3497//793 3498//794
f 3490//804 3489//803 3498//794 3499//795
f 3491//805 3490//804 3499//795 3500//796
f 3492//806 3491//805 3500//796 3501//797
f 3493//807 3492//806 3501//797 3502//798
f 3269//497 3493//807 3502//798 3270//2142
f 3494//2226 3230//2128 3231//457 3503//781
f 3495//791 3494//2226 3503//781 3504//782
f 3496//792 3495//791 3504//782 3505//783
f 3497//793 3496//792 3505//783 3506//784
f 3498//794 3497//793 3506//784 3507//785
f 3499//795 3498//794 3507//785 3508//786
f 3500//796 3499//795 3508//786 3509//787
f 3501//797 3500//796 3509//787 3510//788
f 3502//798 3501//797 3510//788 3511//789
f 3270//2142 3502//798 3511//789 3271//495
f 3503//781 3231//457 3232//456 3512//772
f 3504//782 3503//781 3512//772 3513//773
f 3505//783 3504//782 3513//773 3514//774
f 3506//784 3505//783 3514//774 3515//775
f 3507//785 3506//784 3515//775 3516//776
f 3508//786 3507//785 3516//776 3517//777
f 3509//787 3508//786 3517//777 3518//778
f 3510//788 3509//787 3518//778 3519//779
f 3511//789 3510//788 3519//779 3520//780
f 3271//495 3511//789 3520//780 3272//494
f 3512//772 3232//456 3233//455 3521//763
f 3513//773 3512//772 3521//763 3522//764
f 3514//774 3513//773 3522//764 3523//765
f 3515//775 3514//774 3523//765 3524//766
f 3516//776 3515//775 3524//766 3525//767
f 3517//777 3516//776 3525//767 3526//768
f 3518//778 3517//777 3526//768 3527//2227
f 3519//779 3518//778 3527//2227 3528//770
f 3520//780 3519//779 3528//770 3529//771
f 3272//494 3520//780 3529//771 3273//493
f 3521//763 3233//455 3234//454 3530//754
f 3522//764 3521//763 3530//754 3531//755
f 3523//765 3522//764 3531//755 3532//756
f 3524//766 3523//765 3532//756 3533//757
f 3525//767 3524//766 3533//757 3534//758
f 3526//768 3525//767 3534//758 3535//759
f 3527//2227 3526//768 3535//759 3536//760
f 3528//770 3527//2227 3536//760 3537//761
f 3529//771 3528//770 3537//761 3538//762
f 3273//493 3529//771 3538//762 3274//492
f 3530//754 3234//454 3235//453 3539//745
f 3531//755 3530//754 3539//745 3540//746
f 3532//756 3531//755 3540//746 3541//747
f 3533//757 3532//756 3541//747 3542//748
f 3534//758 3533//757 3542//748 3543//749
f 3535//759 3534//758 3543//749 3544//750
f 3536//760 3535//759 3544//750 3545//751
f 3537//761 3536//760 3545//751 3546//752
f 3538//762 3537//761 3546//752 3547//753
f 3274//492 3538//762 3547//753 3275//491
f 3539//745 3235//453 3236//2129 3548//736
f 3540//746 3539//745 3548//736 3549//737
f 3541//747 3540//746 3549//737 3550//738
f 3542//748 3541//747 3550//738 3551//739
f 3543//749 3542//748 3551//739 3552//740
f 3544//750 3543//749 3552//740 3553//741
f 3545//751 3544//750 3553//741 3554//742
f 3546//752 3545//751 3554//742 3555//743
f 3547//753 3546//752 3555//743 3556//744
f 3275//491 3547//753 3556//744 3276//490
f 3548//736 3236//2129 3237//451 3557//727
f 3549//737 3548//736 3557//727 3558//728
f 3550//738 3549//737 3558//728 3559//729
f 3551//739 3550//738 3559//729 3560//730
f 3552//740 3551//739 3560//730 3561//731
f 3553//741 3552//740 3561//731 3562//732
f 3554//742 3553//741 3562//732 3563//733
f 3555//743 3554//742 3563//733 3564//734
f 3556//744 3555//743 3564//734 3565//735
f 3276//490 3556//744 3565//735 3277//489
f 3557//727 3237//451 3238//450 3566//2228
f 3558//728 3557//727 3566//2228 3567//719
f 3559//729 3558//728 3567//719 3568//720
f 3560//730 3559//729 3568//720 3569//721
f 3561//731 3560//730 3569//721 3570//722
f 3562//732 3561//731 3570//722 3571//723
f 3563//733 3562//732 3571//723 3572//724
f 3564//734 3563//733 3572//724 3573//2229
f 3565//735 3564//734 3573//2229 3574//2230
f 3277//489 3565//735 3574//2230 3278//488
f 3566//2228 3238//450 3239//449 3575//709
f 3567//719 3566//2228 3575//709 3576//2231
f 3568//720 3567//719 3576//2231 3577//711
f 3569//721 3568//720 3577//711 3578//712
f 3570//722 3569//721 3578//712 3579//713
f 3571//723 3570//722 3579//713 3580//714
f 3572//724 3571//723 3580//714 3581//715
f 3573//2229 3572//724 3581//715 3582//716
f 3574//2230 3573//2229 3582//716 3583//717
f 3278//488 3574//2230 3583//717 3279//487
f 3575//709 3239//449 3240//2130 3584//700
f 3576//2231 3575//709 3584//700 3585//701
f 3577//711 3576//2231 3585//701 3586//702
f 3578//712 3577//711 3586//702 3587//703
f 3579//713 3578//712 3587//703 3588//704
f 3580//714 3579//713 3588//704 3589//705
f 3581//715 3580//714 3589//705 3590//706
f 3582//716 3581//715 3590//706 3591//707
f 3583//717 3582//716 3591//707 3592//708
f 3279//487 3583//717 3592//708 3280//486
f 3584//700 3240//2130 3241//447 3593//691
f 3585//701 3584//700 3593//691 3594//692
f 3586//702 3585//701 3594//692 3595//693
f 3587//703 3586//702 3595//693 3596//694
f 3588//704 3587//703 3596//694 3597//695
f 3589//705 3588//704 3597//695 3598//696
f 3590//706 3589//705 3598//696 3599//697
f 3591//707 3590//706 3599//697 3600//698
f 3592//708 3591//707 3600//698 3601//699
f 3280//486 3592//708 3601//699 3281//485
f 3593//691 3241//447 3242//446 3602//682
f 3594//692 3593//691 3602//682 3603//683
f 3595//693 3594//692 3603//683 3604//684
f 3596//694 3595//693 3604//684 3605//685
f 3597//695 3596//694 3605//685 3606//686
f 3598//696 3597//695 3606//686 3607//687
f 3599//697 3598//696 3607//687 3608//688
f 3600//698 3599//697 3608//688 3609//689
f 3601//699 3600//698 3609//689 3610//690
f 3281//485 3601//699 3610//690 3282//2143
f 3602//682 3242//446 3243//445 3611//673
f 3603//683 3602//682 3611//673 3612//674
f 3604//684 3603//683 3612//674 3613//675
f 3605//685 3604//684 3613//675 3614//676
f 3606//686 3605//685 3614//676 3615//677
f 3607//687 3606//686 3615//677 3616//678
f 3608//688 3607//687 3616//678 3617//679
f 3609//689 3608//688 3617//679 3618//680
f 3610//690 3609//689 3618//680 3619//681
f 3282//2143 3610//690 3619//681 3283//483
f 3611//673 3243//445 3244//444 3620//664
f 3612//674 3611//673 3620//664 3621//665
f 3613//675 3612//674 3621//665 3622//666
f 3614//676 3613//675 3622//666 3623//667
f 3615//677 3614//676 3623//667 3624//668
f 3616//678 3615//677 3624//668 3625//669
f 3617//679 3616//678 3625//669 3626//670
f 3618//680 3617//679 3626//670 3627//671
f 3619//681 3618//680 3627//671 3628//672
f 3283//483 3619//681 3628//672 3284//482
f 3620//664 3244//444 3245//2131 3629//2232
f 3621//665 3620//664 3629//2232 3630//2233
f 3622//666 3621//665 3630//2233 3631//2234
f 3623//667 3622//666 3631//2234 3632//2235
f 3624//668 3623//667 3632//2235 3633//2236
f 3625//669 3624//668 3633//2236 3634//2237
f 3626//670 3625//669 3634//2237 3635//2238
f 3627//671 3626//670 3635//2238 3636//2239
f 3628//672 3627//671 3636//2239 3637//2240
f 3284//482 3628//672 3637//2240 3285//2144
f 3629//2232 3245//2131 3246//2132 3638//2241
f 3630//2233 3629//2232 3638//2241 3639//2242
f 3631//2234 3630//2233 3639//2242 3640//2243
f 3632//2235 3631//2234 3640//2243 3641//2244
f 3633//2236 3632//2235 3641//2244 3642//2245
f 3634//2237 3633//2236 3642//2245 3643//2246
f 3635//2238 3634//2237 3643//2246 3644//2247
f 3636//2239 3635//2238 3644//2247 3645//2248
f 3637//2240 3636//2239 3645//2248 3646//2249
f 3285//2144 3637//2240 3646//2249 3286//2145
f 3648//897 3647//898 3658//887 3659//886
f 3649//899 3648//897 3659//886 3660//888
f 3650//900 3649//899 3660//888 3661//889
f 3651//901 3650//900 3661//889 3662//890
f 3652//863 3651//901 3662//890 3663//891
f 3653//902 3652//863 3663//891 3664//892
f 3654//903 3653//902 3664//892 3665//893
f 3655//904 3654//903 3665//893 3666//894
f 3656//2250 3655//904 3666//894 3667//895
f 3657//906 3656//2250 3667//895 3668//896
f 3659//886 3658//887 3669//876 3670//875
f 3660//888 3659//886 3670//875 3671//877
f 3661//889 3660//888 3671//877 3672//878
f 3662//890 3661//889 3672//878 3673//879
f 3663//891 3662//890 3673//879 3674//880
f 3664//892 3663//891 3674//880 3675//881
f 3665//893 3664//892 3675//881 3676//882
f 3666//894 3665//893 3676//882 3677//883
f 3667//895 3666//894 3677//883 3678//884
f 3668//896 3667//895 3678//884 3679//885
f 3670//875 3669//876 3680//855 3681//2251
f 3671//877 3670//875 3681//2251 3682//858
f 3672//878 3671//877 3682//858 3683//860
f 3673//879 3672//878 3683//860 3684//862
f 3674//880 3673//879 3684//862 3685//864
f 3675//881 3674//880 3685//864 3686//866
f 3676//882 3675//881 3686//866 3687//868
f 3677//883 3676//882 3687//868 3688//870
f 3678//884 3677//883 3688//870 3689//872
f 3679//885 3678//884 3689//872 3690//874
f 3681//2251 3680//855 3691//856 3692//853
f 3682//858 3681//2251 3692//853 3693//857
f 3683//860 3682//858 3693//857 3694//859
f 3684//862 3683//860 3694//859 3695//861
f 3685//864 3684//862 3695//861 3696//863
f 3686//866 3685//864 3696//863 3697//865
f 3687//868 3686//866 3697//865 3698//867
f 3688//870 3687//868 3698//867 3699//869
f 3689//872 3688//870 3699//869 3700//871
f 3690//874 3689//872 3700//871 3701//873
f 3702//911 3657//906 3668//896 3703//910
f 3703//910 3668//896 3679//885 3704//909
f 3704//909 3679//885 3690//874 3705//908
f 3705//908 3690//874 3701//873 3706//907
f 3647//898 3707//916 3708//915 3658//887
f 3658//887 3708//915 3709//914 3669//876
f 3669//876 3709//914 3710//912 3680//855
f 3680//855 3710//912 3711//2252 3691//856
f 3712//953 3702//911 3703//910 3721//944
f 3713//954 3712//953 3721//944 3722//945
f 3714//955 3713//954 3722//945 3723//946
f 3715//956 3714//955 3723//946 3724//947
f 3716//925 3715//956 3724//947 3725//948
f 3717//957 3716//925 3725//948 3726//949
f 3718//958 3717//957 3726//949 3727//950
f 3719//959 3718//958 3727//950 3728//951
f 3720//2253 3719//959 3728//951 3729//952
f 3707//916 3720//2253 3729//952 3708//915
f 3721//944 3703//910 3704//909 3730//935
f 3722//945 3721//944 3730//935 3731//936
f 3723//946 3722//945 3731//936 3732//937
f 3724//947 3723//946 3732//937 3733//938
f 3725//948 3724//947 3733//938 3734//939
f 3726//949 3725//948 3734//939 3735//940
f 3727//950 3726//949 3735//940 3736//941
f 3728//951 3727//950 3736//941 3737//942
f 3729//952 3728//951 3737//942 3738//943
f 3708//915 3729//952 3738//943 3709//914
f 3730//935 3704//909 3705//908 3739//918
f 3731//936 3730//935 3739//918 3740//920
f 3732//937 3731//936 3740//920 3741//922
f 3733//938 3732//937 3741//922 3742//924
f 3734//939 3733//938 3742//924 3743//926
f 3735//940 3734//939 3743//926 3744//928
f 3736//941 3735//940 3744//928 3745//930
f 3737//942 3736//941 3745//930 3746//932
f 3738//943 3737//942 3746//932 3747//2254
f 3709//914 3738//943 3747//2254 3710//912
f 3739//918 3705//908 3706//907 3748//917
f 3740//920 3739//918 3748//917 3749//919
f 3741//922 3740//920 3749//919 3750//921
f 3742//924 3741//922 3750//921 3751//923
f 3743//926 3742//924 3751//923 3752//925
f 3744//928 3743//926 3752//925 3753//927
f 3745//930 3744//928 3753//927 3754//929
f 3746//932 3745//930 3754//929 3755//931
f 3747//2254 3746//932 3755//931 3756//933
f 3710//912 3747//2254 3756//933 3711//2252
f 3758//2255 3769//2256 3768//2257 3757//2258
f 3759//2259 3770//2260 3769//2256 3758//2255
f 3760//2261 3771//2262 3770//2260 3759//2259
f 3761//2263 3772//2264 3771//2262 3760//2261
f 3762//2265 3773//2266 3772//2264 3761//2263
f 3763//2267 3774//2268 3773//2266 3762//2265
f 3764//2269 3775//2270 3774//2268 3763//2267
f 3765//2271 3776//2272 3775//2270 3764//2269
f 3766//2273 3777//2274 3776//2272 3765//2271
f 3767//2275 3778//2276 3777//2274 3766//2273
f 3769//2256 3780//2277 3779//1057 3768//2257
f 3770//2260 3781//1059 3780//2277 3769//2256
f 3771//2262 3782//1060 3781//1059 3770//2260
f 3772//2264 3783//1061 3782//1060 3771//2262
f 3773//2266 3784//1062 3783//1061 3772//2264
f 3774//2268 3785//1063 3784//1062 3773//2266
f 3775//2270 3786//1064 3785//1063 3774//2268
f 3776//2272 3787//1065 3786//1064 3775//2270
f 3777//2274 3788//1066 3787//1065 3776//2272
f 3778//2276 3789//1067 3788//1066 3777//2274
f 3780//2277 3791//1047 3790//1046 3779//1057
f 3781//1059 3792//1048 3791//1047 3780//2277
f 3782//1060 3793//1049 3792//1048 3781//1059
f 3783//1061 3794//1050 3793//1049 3782//1060
f 3784//1062 3795//1051 3794//1050 3783//1061
f 3785//1063 3796//1052 3795//1051 3784//1062
f 3786//1064 3797//1053 3796//1052 3785//1063
f 3787//1065 3798//1054 3797//1053 3786//1064
f 3788//1066 3799//1055 3798//1054 3787//1065
f 3789//1067 3800//1056 3799//1055 3788//1066
f 3791//1047 3802//1036 3801//1035 3790//1046
f 3792//1048 3803//1037 3802//1036 3791//1047
f 3793//1049 3804//1038 3803//1037 3792//1048
f 3794//1050 3805//1039 3804//1038 3793//1049
f 3795//1051 3806//1040 3805//1039 3794//1050
f 3796//1052 3807//1041 3806//1040 3795//1051
f 3797//1053 3808//1042 3807//1041 3796//1052
f 3798//1054 3809//1043 3808//1042 3797//1053
f 3799//1055 3810//1044 3809//1043 3798//1054
f 3800//1056 3811//1045 3810//1044 3799//1055
f 3802//1036 3813//1017 3812//1016 3801//1035
f 3803//1037 3814//1018 3813//1017 3802//1036
f 3804//1038 3815//1019 3814//1018 3803//1037
f 3805//1039 3816//1020 3815//1019 3804//1038
f 3806//1040 3817//1021 3816//1020 3805//1039
f 3807//1041 3818//1022 3817//1021 3806//1040
f 3808//1042 3819//1023 3818//1022 3807//1041
f 3809//1043 3820//1024 3819//1023 3808//1042
f 3810//1044 3821//1025 3820//1024 3809//1043
f 3811//1045 3822//1026 3821//1025 3810//1044
f 3813//1017 3824//1027 3823//1016 3812//1016
f 3814//1018 3825//1028 3824//1027 3813//1017
f 3815//1019 3826//1029 3825//1028 3814//1018
f 3816//1020 3827//1030 3826//1029 3815//1019
f 3817//1021 3828//1031 3827//1030 3816//1020
f 3818//1022 3829//1022 3828//1031 3817//1021
f 3819//1023 3830//1032 3829//1022 3818//1022
f 3820//1024 3831//1033 3830//1032 3819//1023
f 3821//1025 3832//1034 3831//1033 3820//1024
f 3822//1026 3833//1026 3832//1034 3821//1025
f 3824//1027 3835//1017 3834//1016 3823//1016
f 3825//1028 3836//1018 3835//1017 3824//1027
f 3826//1029 3837//1019 3836//1018 3825//1028
f 3827//1030 3838//1020 3837//1019 3826//1029
f 3828//1031 3839//1021 3838//1020 3827//1030
f 3829//1022 3840//1022 3839//1021 3828//1031
f 3830//1032 3841//1023 3840//1022 3829//1022
f 3831//1033 3842//1024 3841//1023 3830//1032
f 3832//1034 3843//1025 3842//1024 3831//1033
f 3833//1026 3844//1026 3843//1025 3832//1034
f 3835//1017 3846//1006 3845//1005 3834//1016
f 3836//1018 3847//1007 3846//1006 3835//1017
f 3837//1019 3848//1008 3847//1007 3836//1018
f 3838//1020 3849//1009 3848//1008 3837//1019
f 3839//1021 3850//1010 3849//1009 3838//1020
f 3840//1022 3851//1011 3850//1010 3839//1021
f 3841//1023 3852//1012 3851//1011 3840//1022
f 3842//1024 3853//1013 3852//1012 3841//1023
f 3843//1025 3854//1014 3853//1013 3842//1024
f 3844//1026 3855//1015 3854//1014 3843//1025
f 3846//1006 3857//995 3856//994 3845//1005
f 3847//1007 3858//996 3857//995 3846//1006
f 3848//1008 3859//997 3858//996 3847//1007
f 3849//1009 3860//998 3859//997 3848//1008
f 3850//1010 3861//999 3860//998 3849//1009
f 3851//1011 3862//1000 3861//999 3850//1010
f 3852//1012 3863//1001 3862//1000 3851//1011
f 3853//1013 3864//1002 3863//1001 3852//1012
f 3854//1014 3865//1003 3864//1002 3853//1013
f 3855//1015 3866//1004 3865//1003 3854//1014
f 3857//995 3868//2278 3867//983 3856//994
f 3858//996 3869//985 3868//2278 3857//995
f 3859//997 3870//986 3869//985 3858//996
f 3860//998 3871//987 3870//986 3859//997
f 3861//999 3872//988 3871//987 3860//998
f 3862//1000 3873//989 3872//988 3861//999
f 3863//1001 3874//990 3873//989 3862//1000
f 3864//1002 3875//991 3874//990 3863//1001
f 3865//1003 3876//992 3875//991 3864//1002
f 3866//1004 3877//993 3876//992 3865//1003
f 3868//2278 3879//2279 3878//2280 3867//983
f 3869//985 3880//2281 3879//2279 3868//2278
f 3870//986 3881//2282 3880//2281 3869//985
f 3871//987 3882//2283 3881//2282 3870//986
f 3872//988 3883//2284 3882//2283 3871//987
f 3873//989 3884//2285 3883//2284 3872//988
f 3874//990 3885//2286 3884//2285 3873//989
f 3875//991 3886//2287 3885//2286 3874//990
f 3876//992 3887//2288 3886//2287 3875//991
f 3877//993 3888//2289 3887//2288 3876//992
f 3879//2279 3890//2290 3889//2291 3878//2280
f 3880//2281 3891//2292 3890//2290 3879//2279
f 3881//2282 3892//2293 3891//2292 3880//2281
f 3882//2283 3893//2294 3892//2293 3881//2282
f 3883//2284 3894//2295 3893//2294 3882//2283
f 3884//2285 3895//2296 3894//2295 3883//2284
f 3885//2286 3896//2297 3895//2296 3884//2285
f 3886//2287 3897//2298 3896//2297 3885//2286
f 3887//2288 3898//2299 3897//2298 3886//2287
f 3888//2289 3899//2300 3898//2299 3887//2288
f 3890//2290 3901//2301 3900//2302 3889//2291
f 3891//2292 3902//2303 3901//2301 3890//2290
f 3892//2293 3903//2304 3902//2303 3891//2292
f 3893//2294 3904//2305 3903//2304 3892//2293
f 3894//2295 3905//2306 3904//2305 3893//2294
f 3895//2296 3906//2307 3905//2306 3894//2295
f 3896//2297 3907//2308 3906//2307 3895//2296
f 3897//2298 3908//2309 3907//2308 3896//2297
f 3898//2299 3909//2310 3908//2309 3897//2298
f 3899//2300 3910//2311 3909//2310 3898//2299
f 3901//2301 3912//1112 3911//1113 3900//2302
f 3902//2303 3913//1116 3912//1112 3901//2301
f 3903//2304 3914//1118 3913//1116 3902//2303
f 3904//2305 3915//1120 3914//1118 3903//2304
f 3905//2306 3916//1122 3915//1120 3904//2305
f 3906//2307 3917//1124 3916//1122 3905//2306
f 3907//2308 3918//1126 3917//1124 3906//2307
f 3908//2309 3919//1128 3918//1126 3907//2308
f 3909//2310 3920//1130 3919//1128 3908//2309
f 3910//2311 3921//1132 3920//1130 3909//2310
f 3923//1102 3934//2312 3933//2313 3922//1101
f 3924//1103 3935//2314 3934//2312 3923//1102
f 3925//1104 3936//2315 3935//2314 3924//1103
f 3926//1105 3937//2316 3936//2315 3925//1104
f 3927//1106 3938//2317 3937//2316 3926//1105
f 3928//1107 3939//2318 3938//2317 3927//1106
f 3929//1108 3940//2319 3939//2318 3928//1107
f 3930//1109 3941//2320 3940//2319 3929//1108
f 3931//2321 3942//2322 3941//2320 3930//1109
f 3932//1111 3943//2323 3942//2322 3931//2321
f 3934//2312 3945//2324 3944//2325 3933//2313
f 3935//2314 3946//2326 3945//2324 3934//2312
f 3936//2315 3947//2327 3946//2326 3935//2314
f 3937//2316 3948//2328 3947//2327 3936//2315
f 3938//2317 3949//2329 3948//2328 3937//2316
f 3939//2318 3950//2330 3949//2329 3938//2317
f 3940//2319 3951//2331 3950//2330 3939//2318
f 3941//2320 3952//2332 3951//2331 3940//2319
f 3942//2322 3953//2333 3952//2332 3941//2320
f 3943//2323 3954//2334 3953//2333 3942//2322
f 3945//2324 3956//2335 3955//2336 3944//2325
f 3946//2326 3957//2337 3956//2335 3945//2324
f 3947//2327 3958//2338 3957//2337 3946//2326
f 3948//2328 3959//2339 3958//2338 3947//2327
f 3949//2329 3960//2340 3959//2339 3948//2328
f 3950//2330 3961//2341 3960//2340 3949//2329
f 3951//2331 3962//2342 3961//2341 3950//2330
f 3952//2332 3963//2343 3962//2342 3951//2331
f 3953//2333 3964//2344 3963//2343 3952//2332
f 3954//2334 3965//2345 3964//2344 3953//2333
f 3956//2335 3967//1355 3966//2346 3955//2336
f 3957//2337 3968//1356 3967//1355 3956//2335
f 3958//2338 3969//1357 3968//1356 3957//2337
f 3959//2339 3970//1358 3969//1357 3958//2338
f 3960//2340 3971//1359 3970//1358 3959//2339
f 3961//2341 3972//1360 3971//1359 3960//2340
f 3962//2342 3973//1361 3972//1360 3961//2341
f 3963//2343 3974//1362 3973//1361 3962//2342
f 3964//2344 3975//1363 3974//1362 3963//2343
f 3965//2345 3976//1364 3975//1363 3964//2344
f 3967//1355 3978//1344 3977//1343 3966//2346
f 3968//1356 3979//1345 3978//1344 3967//1355
f 3969//1357 3980//1346 3979//1345 3968//1356
f 3970//1358 3981//1347 3980//1346 3969//1357
f 3971//1359 3982//1348 3981//1347 3970//1358
f 3972//1360 3983//1349 3982//1348 3971//1359
f 3973//1361 3984//1350 3983//1349 3972//1360
f 3974//1362 3985//1351 3984//1350 3973//1361
f 3975//1363 3986//2347 3985//1351 3974//1362
f 3976//1364 3987//2348 3986//2347 3975//1363
f 3978//1344 3989//1333 3988//1332 3977//1343
f 3979//1345 3990//1334 3989//1333 3978//1344
f 3980//1346 3991//1335 3990//1334 3979//1345
f 3981//1347 3992//1336 3991//1335 3980//1346
f 3982//1348 3993//1337 3992//1336 3981//1347
f 3983//1349 3994//1338 3993//1337 3982//1348
f 3984//1350 3995//1339 3994//1338 3983//1349
f 3985//1351 3996//1340 3995//1339 3984//1350
f 3986//2347 3997//1341 3996//1340 3985//1351
f 3987//2348 3998//1342 3997//1341 3986//2347
f 3989//1333 4000//1322 3999//1321 3988//1332
f 3990//1334 4001//1323 4000//1322 3989//1333
f 3991//1335 4002//1324 4001//1323 3990//1334
f 3992//1336 4003//1325 4002//1324 3991//1335
f 3993//1337 4004//1326 4003//1325 3992//1336
f 3994//1338 4005//1327 4004//1326 3993//1337
f 3995//1339 4006//1328 4005//1327 3994//1338
f 3996//1340 4007//1329 4006//1328 3995//1339
f 3997//1341 4008//1330 4007//1329 3996//1340
f 3998//1342 4009//1331 4008//1330 3997//1341
f 4000//1322 4011//1311 4010//2349 3999//1321
f 4001//1323 4012//1312 4011//1311 4000//1322
f 4002//1324 4013//1313 4012//1312 4001//1323
f 4003//1325 4014//2350 4013//1313 4002//1324
f 4004//1326 4015//1315 4014//2350 4003//1325
f 4005//1327 4016//1316 4015//1315 4004//1326
f 4006//1328 4017//1317 4016//1316 4005//1327
f 4007//1329 4018//2351 4017//1317 4006//1328
f 4008//1330 4019//1319 4018//2351 4007//1329
f 4009//1331 4020//1320 4019//1319 4008//1330
f 4011//1311 4022//1300 4021//2352 4010//2349
f 4012//1312 4023//1301 4022//1300 4011//1311
f 4013//1313 4024//1302 4023//1301 4012//1312
f 4014//2350 4025//1303 4024//1302 4013//1313
f 4015//1315 4026//1304 4025//1303 4014//2350
f 4016//1316 4027//2353 4026//1304 4015//1315
f 4017//1317 4028//1306 4027//2353 4016//1316
f 4018//2351 4029//1307 4028//1306 4017//1317
f 4019//1319 4030//1308 4029//1307 4018//2351
f 4020//1320 4031//1309 4030//1308 4019//1319
f 4022//1300 4033//1289 4032//2354 4021//2352
f 4023//1301 4034//2355 4033//1289 4022//1300
f 4024//1302 4035//1291 4034//2355 4023//1301
f 4025//1303 4036//1292 4035//1291 4024//1302
f 4026//1304 4037//1293 4036//1292 4025//1303
f 4027//2353 4038//1294 4037//1293 4026//1304
f 4028//1306 4039//1295 4038//1294 4027//2353
f 4029//1307 4040//2356 4039//1295 4028//1306
f 4030//1308 4041//1297 4040//2356 4029//1307
f 4031//1309 4042//1298 4041//1297 4030//1308
f 4033//1289 4044//1278 4043//2357 4032//2354
f 4034//2355 4045//1279 4044//1278 4033//1289
f 4035//1291 4046//1280 4045//1279 4034//2355
f 4036//1292 4047//1281 4046//1280 4035//1291
f 4037//1293 4048//1282 4047//1281 4036//1292
f 4038//1294 4049//1283 4048//1282 4037//1293
f 4039//1295 4050//1284 4049//1283 4038//1294
f 4040//2356 4051//1285 4050//1284 4039//1295
f 4041//1297 4052//1286 4051//1285 4040//2356
f 4042//1298 4053//1287 4052//1286 4041//1297
f 4044//1278 4055//1267 4054//1266 4043//2357
f 4045//1279 4056//1268 4055//1267 4044//1278
f 4046//1280 4057//1269 4056//1268 4045//1279
f 4047//1281 4058//1270 4057//1269 4046//1280
f 4048//1282 4059//1271 4058//1270 4047//1281
f 4049//1283 4060//1272 4059//1271 4048//1282
f 4050//1284 4061//1273 4060//1272 4049//1283
f 4051//1285 4062//1274 4061//1273 4050//1284
f 4052//1286 4063//1275 4062//1274 4051//1285
f 4053//1287 4064//1276 4063//1275 4052//1286
f 4055//1267 4066//1256 4065//1255 4054//1266
f 4056//1268 4067//1257 4066//1256 4055//1267
f 4057//1269 4068//1258 4067//1257 4056//1268
f 4058//1270 4069//1259 4068//1258 4057//1269
f 4059//1271 4070//1260 4069//1259 4058//1270
f 4060//1272 4071//1261 4070//1260 4059//1271
f 4061//1273 4072//1262 4071//1261 4060//1272
f 4062//1274 4073//1263 4072//1262 4061//1273
f 4063//1275 4074//1264 4073//1263 4062//1274
f 4064//1276 4075//1265 4074//1264 4063//1275
f 4066//1256 4077//1245 4076//1244 4065//1255
f 4067//1257 4078//1246 4077//1245 4066//1256
f 4068//1258 4079//1247 4078//1246 4067//1257
f 4069//1259 4080//1248 4079//1247 4068//1258
f 4070//1260 4081//1249 4080//1248 4069//1259
f 4071//1261 4082//1250 4081//1249 4070//1260
f 4072//1262 4083//1251 4082//1250 4071//1261
f 4073//1263 4084//1252 4083//1251 4072//1262
f 4074//1264 4085//1253 4084//1252 4073//1263
f 4075//1265 4086//1254 4085//1253 4074//1264
f 4077//1245 4088//1234 4087//1233 4076//1244
f 4078//1246 4089//1235 4088//1234 4077//1245
f 4079//1247 4090//1236 4089//1235 4078//1246
f 4080//1248 4091//1237 4090//1236 4079//1247
f 4081//1249 4092//1238 4091//1237 4080//1248
f 4082//1250 4093//1239 4092//1238 4081//1249
f 4083//1251 4094//1240 4093//1239 4082//1250
f 4084//1252 4095//1241 4094//1240 4083//1251
f 4085//1253 4096//2358 4095//1241 4084//1252
f 4086//1254 4097//1243 4096//2358 4085//1253
f 4088//1234 4099//1223 4098//2359 4087//1233
f 4089//1235 4100//1224 4099//1223 4088//1234
f 4090//1236 4101//1225 4100//1224 4089//1235
f 4091//1237 4102//1226 4101//1225 4090//1236
f 4092//1238 4103//1227 4102//1226 4091//1237
f 4093//1239 4104//1228 4103//1227 4092//1238
f 4094//1240 4105//1229 4104//1228 4093//1239
f 4095//1241 4106//1230 4105//1229 4094//1240
f 4096//2358 4107//1231 4106//1230 4095//1241
f 4097//1243 4108//1232 4107//1231 4096//2358
f 4099//1223 4110//1212 4109//2360 4098//2359
f 4100//1224 4111//1213 4110//1212 4099//1223
f 4101//1225 4112//1214 4111//1213 4100//1224
f 4102//1226 4113//1215 4112//1214 4101//1225
f 4103//1227 4114//1216 4113//1215 4102//1226
f 4104//1228 4115//1217 4114//1216 4103//1227
f 4105//1229 4116//1218 4115//1217 4104//1228
f 4106//1230 4117//1219 4116//1218 4105//1229
f 4107//1231 4118//1220 4117//1219 4106//1230
f 4108//1232 4119//1221 4118//1220 4107//1231
f 4110//1212 4121//1201 4120//2361 4109//2360
f 4111//1213 4122//1202 4121//1201 4110//1212
f 4112//1214 4123//1203 4122//1202 4111//1213
f 4113//1215 4124//2362 4123//1203 4112//1214
f 4114//1216 4125//1205 4124//2362 4113//1215
f 4115//1217 4126//1206 4125//1205 4114//1216
f 4116//1218 4127//1207 4126//1206 4115//1217
f 4117//1219 4128//2363 4127//1207 4116//1218
f 4118//1220 4129//1209 4128//2363 4117//1219
f 4119//1221 4130//1210 4129//1209 4118//1220
f 4121//1201 4132//1190 4131//1189 4120//2361
f 4122//1202 4133//1191 4132//1190 4121//1201
f 4123//1203 4134//1192 4133//1191 4122//1202
f 4124//2362 4135//1193 4134//1192 4123//1203
f 4125//1205 4136//1194 4135//1193 4124//2362
f 4126//1206 4137//1195 4136//1194 4125//1205
f 4127//1207 4138//1196 4137//1195 4126//1206
f 4128//2363 4139//1197 4138//1196 4127//1207
f 4129//1209 4140//1198 4139//1197 4128//2363
f 4130//1210 4141//2364 4140//1198 4129//1209
f 4132//1190 4143//1179 4142//1178 4131//1189
f 4133//1191 4144//1180 4143//1179 4132//1190
f 4134//1192 4145//1181 4144//1180 4133//1191
f 4135//1193 4146//1182 4145//1181 4134//1192
f 4136//1194 4147//1183 4146//1182 4135//1193
f 4137//1195 4148//1184 4147//1183 4136//1194
f 4138//1196 4149//1185 4148//1184 4137//1195
f 4139//1197 4150//1186 4149//1185 4138//1196
f 4140//1198 4151//1187 4150//1186 4139//1197
f 4141//2364 4152//1188 4151//1187 4140//1198
f 4143//1179 4154//2365 4153//1167 4142//1178
f 4144//1180 4155//1169 4154//2365 4143//1179
f 4145//1181 4156//2366 4155//1169 4144//1180
f 4146//1182 4157//1171 4156//2366 4145//1181
f 4147//1183 4158//1172 4157//1171 4146//1182
f 4148//1184 4159//1173 4158//1172 4147//1183
f 4149//1185 4160//1174 4159//1173 4148//1184
f 4150//1186 4161//1175 4160//1174 4149//1185
f 4151//1187 4162//1176 4161//1175 4150//1186
f 4152//1188 4163//2367 4162//1176 4151//1187
f 4154//2365 4165//1157 4164//1156 4153//1167
f 4155//1169 4166//1158 4165//1157 4154//2365
f 4156//2366 4167//1159 4166//1158 4155//1169
f 4157//1171 4168//1160 4167//1159 4156//2366
f 4158//1172 4169//1161 4168//1160 4157//1171
f 4159//1173 4170//1162 4169//1161 4158//1172
f 4160//1174 4171//1163 4170//1162 4159//1173
f 4161//1175 4172//2368 4171//1163 4160//1174
f 4162//1176 4173//1165 4172//2368 4161//1175
f 4163//2367 4174//1166 4173//1165 4162//1176
f 4165//1157 4176//2369 4175//2370 4164//1156
f 4166//1158 4177//2371 4176//2369 4165//1157
f 4167//1159 4178//2372 4177//2371 4166//1158
f 4168//1160 4179//2373 4178//2372 4167//1159
f 4169//1161 4180//2374 4179//2373 4168//1160
f 4170//1162 4181//2375 4180//2374 4169//1161
f 4171//1163 4182//2376 4181//2375 4170//1162
f 4172//2368 4183//2377 4182//2376 4171//1163
f 4173//1165 4184//2378 4183//2377 4172//2368
f 4174//1166 4185//2379 4184//2378 4173//1165
f 4176//2369 4187//2380 4186//2381 4175//2370
f 4177//2371 4188//2382 4187//2380 4176//2369
f 4178//2372 4189//2383 4188//2382 4177//2371
f 4179//2373 4190//2384 4189//2383 4178//2372
f 4180//2374 4191//2385 4190//2384 4179//2373
f 4181//2375 4192//2386 4191//2385 4180//2374
f 4182//2376 4193//2387 4192//2386 4181//2375
f 4183//2377 4194//2388 4193//2387 4182//2376
f 4184//2378 4195//2389 4194//2388 4183//2377
f 4185//2379 4196//2390 4195//2389 4184//2378
f 4197//2391 4198//2392 3778//2276 3767//2275
f 4198//2392 4199//1395 3789//1067 3778//2276
f 4199//1395 4200//1394 3800//1056 3789//1067
f 4200//1394 4201//1393 3811//1045 3800//1056
f 4201//1393 4202//1392 3822//1026 3811//1045
f 4202//1392 4203//1392 3833//1026 3822//1026
f 4203//1392 4204//1392 3844//1026 3833//1026
f 4204//1392 4205//1391 3855//1015 3844//1026
f 4205//1391 4206//2393 3866//1004 3855//1015
f 4206//2393 4207//1389 3877//993 3866//1004
f 4207//1389 4208//2394 3888//2289 3877//993
f 4208//2394 4209//2395 3899//2300 3888//2289
f 4209//2395 4210//2396 3910//2311 3899//2300
f 4210//2396 4211//2397 3921//1132 3910//2311
f 4212//2398 4213//2399 3943//2323 3932//1111
f 4213//2399 4214//2400 3954//2334 3943//2323
f 4214//2400 4215//2401 3965//2345 3954//2334
f 4215//2401 4216//1422 3976//1364 3965//2345
f 4216//1422 4217//1421 3987//2348 3976//1364
f 4217//1421 4218//1420 3998//1342 3987//2348
f 4218//1420 4219//1419 4009//1331 3998//1342
f 4219//1419 4220//1418 4020//1320 4009//1331
f 4220//1418 4221//1417 4031//1309 4020//1320
f 4221//1417 4222//1416 4042//1298 4031//1309
f 4222//1416 4223//1415 4053//1287 4042//1298
f 4223//1415 4224//1414 4064//1276 4053//1287
f 4224//1414 4225//1413 4075//1265 4064//1276
f 4225//1413 4226//1412 4086//1254 4075//1265
f 4226//1412 4227//1411 4097//1243 4086//1254
f 4227//1411 4228//1410 4108//1232 4097//1243
f 4228//1410 4229//1409 4119//1221 4108//1232
f 4229//1409 4230//2402 4130//1210 4119//1221
f 4230//2402 4231//2403 4141//2364 4130//1210
f 4231//2403 4232//1406 4152//1188 4141//2364
f 4232//1406 4233//1405 4163//2367 4152//1188
f 4233//1405 4234//1404 4174//1166 4163//2367
f 4234//1404 4235//2404 4185//2379 4174//1166
f 4235//2404 4236//2405 4196//2390 4185//2379
f 3757//2258 3768//2257 4238//2406 4237//2407
f 3768//2257 3779//1057 4239//1433 4238//2406
f 3779//1057 3790//1046 4240//1432 4239//1433
f 3790//1046 3801//1035 4241//1431 4240//1432
f 3801//1035 3812//1016 4242//1430 4241//1431
f 3812//1016 3823//1016 4243//1430 4242//1430
f 3823//1016 3834//1016 4244//1430 4243//1430
f 3834//1016 3845//1005 4245//1429 4244//1430
f 3845//1005 3856//994 4246//1428 4245//1429
f 3856//994 3867//983 4372//1427 4246//1428
f 3867//983 3878//2280 4247//2408 4372//1427
f 3878//2280 3889//2291 4248//2409 4247//2408
f 3889//2291 3900//2302 4249//2410 4248//2409
f 3900//2302 3911//1113 4250//2411 4249//2410
f 3922//1101 3933//2313 4252//2412 4251//2413
f 3933//2313 3944//2325 4253//2414 4252//2412
f 3944//2325 3955//2336 4254//2415 4253//2414
f 3955//2336 3966//2346 4255//1460 4254//2415
f 3966//2346 3977//1343 4256//1459 4255//1460
f 3977//1343 3988//1332 4472//1458 4256//1459
f 3988//1332 3999//1321 4482//1457 4472//1458
f 3999//1321 4010//2349 4257//2416 4482//1457
f 4010//2349 4021//2352 4258//1455 4257//2416
f 4021//2352 4032//2354 4259//1454 4258//1455
f 4032//2354 4043//2357 4260//1453 4259//1454
f 4043//2357 4054//1266 4261//1452 4260//1453
f 4054//1266 4065//1255 4262//2417 4261//1452
f 4065//1255 4076//1244 4263//1450 4262//2417
f 4076//1244 4087//1233 4264//1449 4263//1450
f 4087//1233 4098//2359 4265//1448 4264//1449
f 4098//2359 4109//2360 4266//1447 4265//1448
f 4109//2360 4120//2361 4267//1446 4266//1447
f 4120//2361 4131//1189 4268//1445 4267//1446
f 4131//1189 4142//1178 4269//1444 4268//1445
f 4142//1178 4153//1167 4609//1443 4269//1444
f 4153//1167 4164//1156 4270//1442 4609//1443
f 4164//1156 4175//2370 4271//2418 4270//1442
f 4175//2370 4186//2381 4272//2419 4271//2418
f 4273//2420 4282//2421 4198//2392 4197//2391
f 4274//2422 4283//2423 4282//2421 4273//2420
f 4275//2424 4284//2425 4283//2423 4274//2422
f 4276//2426 4285//2427 4284//2425 4275//2424
f 4277//2428 4286//2429 4285//2427 4276//2426
f 4278//2430 4287//2431 4286//2429 4277//2428
f 4279//2432 4288//2433 4287//2431 4278//2430
f 4280//2434 4289//2435 4288//2433 4279//2432
f 4281//2436 4290//2437 4289//2435 4280//2434
f 4237//2407 4238//2406 4290//2437 4281//2436
f 4282//2421 4291//1543 4199//1395 4198//2392
f 4283//2423 4292//1544 4291//1543 4282//2421
f 4284//2425 4293//1545 4292//1544 4283//2423
f 4285//2427 4294//1546 4293//1545 4284//2425
f 4286//2429 4295//1547 4294//1546 4285//2427
f 4287//2431 4296//1548 4295//1547 4286//2429
f 4288//2433 4297//1549 4296//1548 4287//2431
f 4289//2435 4298//1550 4297//1549 4288//2433
f 4290//2437 4299//1551 4298//1550 4289//2435
f 4238//2406 4239//1433 4299//1551 4290//2437
f 4291//1543 4300//1534 4200//1394 4199//1395
f 4292//1544 4301//1535 4300//1534 4291//1543
f 4293//1545 4302//1536 4301//1535 4292//1544
f 4294//1546 4303//1537 4302//1536 4293//1545
f 4295//1547 4304//2438 4303//1537 4294//1546
f 4296//1548 4305//1539 4304//2438 4295//1547
f 4297//1549 4306//1540 4305//1539 4296//1548
f 4298//1550 4307//1541 4306//1540 4297//1549
f 4299//1551 4308//1542 4307//1541 4298//1550
f 4239//1433 4240//1432 4308//1542 4299//1551
f 4300//1534 4309//1525 4201//1393 4200//1394
f 4301//1535 4310//1526 4309//1525 4300//1534
f 4302//1536 4311//1527 4310//1526 4301//1535
f 4303//1537 4312//1528 4311//1527 4302//1536
f 4304//2438 4313//1529 4312//1528 4303//1537
f 4305//1539 4314//1530 4313//1529 4304//2438
f 4306//1540 4315//1531 4314//1530 4305//1539
f 4307//1541 4316//1532 4315//1531 4306//1540
f 4308//1542 4317//1533 4316//1532 4307//1541
f 4240//1432 4241//1431 4317//1533 4308//1542
f 4309//1525 4318//1508 4202//1392 4201//1393
f 4310//1526 4319//1509 4318//1508 4309//1525
f 4311//1527 4320//1510 4319//1509 4310//1526
f 4312//1528 4321//1511 4320//1510 4311//1527
f 4313//1529 4322//1512 4321//1511 4312//1528
f 4314//1530 4323//1513 4322//1512 4313//1529
f 4315//1531 4324//1514 4323//1513 4314//1530
f 4316//1532 4325//1515 4324//1514 4315//1531
f 4317//1533 4326//1516 4325//1515 4316//1532
f 4241//1431 4242//1430 4326//1516 4317//1533
f 4318//1508 4327//1517 4203//1392 4202//1392
f 4319//1509 4328//1518 4327//1517 4318//1508
f 4320//1510 4329//1519 4328//1518 4319//1509
f 4321//1511 4330//1520 4329//1519 4320//1510
f 4322//1512 4331//1521 4330//1520 4321//1511
f 4323//1513 4332//1513 4331//1521 4322//1512
f 4324//1514 4333//1522 4332//1513 4323//1513
f 4325//1515 4334//1523 4333//1522 4324//1514
f 4326//1516 4335//1524 4334//1523 4325//1515
f 4242//1430 4243//1430 4335//1524 4326//1516
f 4327//1517 4336//1508 4204//1392 4203//1392
f 4328//1518 4337//1509 4336//1508 4327//1517
f 4329//1519 4338//1510 4337//1509 4328//1518
f 4330//1520 4339//1511 4338//1510 4329//1519
f 4331//1521 4340//1512 4339//1511 4330//1520
f 4332//1513 4341//1513 4340//1512 4331//1521
f 4333//1522 4342//1514 4341//1513 4332//1513
f 4334//1523 4343//1515 4342//1514 4333//1522
f 4335//1524 4344//1516 4343//1515 4334//1523
f 4243//1430 4244//1430 4344//1516 4335//1524
f 4336//1508 4345//1499 4205//1391 4204//1392
f 4337//1509 4346//1500 4345//1499 4336//1508
f 4338//1510 4347//1501 4346//1500 4337//1509
f 4339//1511 4348//1502 4347//1501 4338//1510
f 4340//1512 4349//1503 4348//1502 4339//1511
f 4341//1513 4350//1504 4349//1503 4340//1512
f 4342//1514 4351//1505 4350//1504 4341//1513
f 4343//1515 4352//1506 4351//1505 4342//1514
f 4344//1516 4353//1507 4352//1506 4343//1515
f 4244//1430 4245//1429 4353//1507 4344//1516
f 4345//1499 4354//1490 4206//2393 4205//1391
f 4346//1500 4355//1491 4354//1490 4345//1499
f 4347//1501 4356//1492 4355//1491 4346//1500
f 4348//1502 4357//1493 4356//1492 4347//1501
f 4349//1503 4358//1494 4357//1493 4348//1502
f 4350//1504 4359//1495 4358//1494 4349//1503
f 4351//1505 4360//1496 4359//1495 4350//1504
f 4352//1506 4361//1497 4360//1496 4351//1505
f 4353//1507 4362//1498 4361//1497 4352//1506
f 4245//1429 4246//1428 4362//1498 4353//1507
f 4354//1490 4363//1481 4207//1389 4206//2393
f 4355//1491 4364//1482 4363//1481 4354//1490
f 4356//1492 4365//1483 4364//1482 4355//1491
f 4357//1493 4366//1484 4365//1483 4356//1492
f 4358//1494 4367//1485 4366//1484 4357//1493
f 4359//1495 4368//1486 4367//1485 4358//1494
f 4360//1496 4369//1487 4368//1486 4359//1495
f 4361//1497 4370//1488 4369//1487 4360//1496
f 4362//1498 4371//2439 4370//1488 4361//1497
f 4246//1428 4372//1427 4371//2439 4362//1498
f 4363//1481 4373//2440 4208//2394 4207//1389
f 4364//1482 4374//2441 4373//2440 4363//1481
f 4365//1483 4375//2442 4374//2441 4364//1482
f 4366//1484 4376//2443 4375//2442 4365//1483
f 4367//1485 4377//2444 4376//2443 4366//1484
f 4368//1486 4378//2445 4377//2444 4367//1485
f 4369//1487 4379//2446 4378//2445 4368//1486
f 4370//1488 4380//2447 4379//2446 4369//1487
f 4371//2439 4381//2448 4380//2447 4370//1488
f 4372//1427 4247//2408 4381//2448 4371//2439
f 4373//2440 4382//2449 4209//2395 4208//2394
f 4374//2441 4383//2450 4382//2449 4373//2440
f 4375//2442 4384//2451 4383//2450 4374//2441
f 4376//2443 4385//2452 4384//2451 4375//2442
f 4377//2444 4386//2453 4385//2452 4376//2443
f 4378//2445 4387//2454 4386//2453 4377//2444
f 4379//2446 4388//2455 4387//2454 4378//2445
f 4380//2447 4389//2456 4388//2455 4379//2446
f 4381//2448 4390//2457 4389//2456 4380//2447
f 4247//2408 4248//2409 4390//2457 4381//2448
f 4382//2449 4391//2458 4210//2396 4209//2395
f 4383//2450 4392//2459 4391//2458 4382//2449
f 4384//2451 4393//2460 4392//2459 4383//2450
f 4385//2452 4394//2461 4393//2460 4384//2451
f 4386//2453 4395//2462 4394//2461 4385//2452
f 4387//2454 4396//2463 4395//2462 4386//2453
f 4388//2455 4397//2464 4396//2463 4387//2454
f 4389//2456 4398//2465 4397//2464 4388//2455
f 4390//2457 4399//2466 4398//2465 4389//2456
f 4248//2409 4249//2410 4399//2466 4390//2457
f 4391//2458 4400//1588 4211//2397 4210//2396
f 4392//2459 4401//1590 4400//1588 4391//2458
f 4393//2460 4402//1592 4401//1590 4392//2459
f 4394//2461 4403//1594 4402//1592 4393//2460
f 4395//2462 4404//1596 4403//1594 4394//2461
f 4396//2463 4405//1598 4404//1596 4395//2462
f 4397//2464 4406//1600 4405//1598 4396//2463
f 4398//2465 4407//2467 4406//1600 4397//2464
f 4399//2466 4408//1604 4407//2467 4398//2465
f 4249//2410 4250//2411 4408//1604 4399//2466
f 4409//1579 4418//2468 4213//2399 4212//2398
f 4410//1580 4419//2469 4418//2468 4409//1579
f 4411//1581 4420//2470 4419//2469 4410//1580
f 4412//1582 4421//2471 4420//2470 4411//1581
f 4413//1583 4422//2472 4421//2471 4412//1582
f 4414//1584 4423//2473 4422//2472 4413//1583
f 4415//1585 4424//2474 4423//2473 4414//1584
f 4416//2475 4425//2476 4424//2474 4415//1585
f 4417//1587 4426//2477 4425//2476 4416//2475
f 4251//2413 4252//2412 4426//2477 4417//1587
f 4418//2468 4427//2478 4214//2400 4213//2399
f 4419//2469 4428//2479 4427//2478 4418//2468
f 4420//2470 4429//2480 4428//2479 4419//2469
f 4421//2471 4430//2481 4429//2480 4420//2470
f 4422//2472 4431//2482 4430//2481 4421//2471
f 4423//2473 4432//2483 4431//2482 4422//2472
f 4424//2474 4433//2484 4432//2483 4423//2473
f 4425//2476 4434//2485 4433//2484 4424//2474
f 4426//2477 4435//2486 4434//2485 4425//2476
f 4252//2412 4253//2414 4435//2486 4426//2477
f 4427//2478 4436//2487 4215//2401 4214//2400
f 4428//2479 4437//2488 4436//2487 4427//2478
f 4429//2480 4438//2489 4437//2488 4428//2479
f 4430//2481 4439//2490 4438//2489 4429//2480
f 4431//2482 4440//2491 4439//2490 4430//2481
f 4432//2483 4441//2492 4440//2491 4431//2482
f 4433//2484 4442//2493 4441//2492 4432//2483
f 4434//2485 4443//2494 4442//2493 4433//2484
f 4435//2486 4444//2495 4443//2494 4434//2485
f 4253//2414 4254//2415 4444//2495 4435//2486
f 4436//2487 4445//1786 4216//1422 4215//2401
f 4437//2488 4446//1787 4445//1786 4436//2487
f 4438//2489 4447//1788 4446//1787 4437//2488
f 4439//2490 4448//1789 4447//1788 4438//2489
f 4440//2491 4449//1790 4448//1789 4439//2490
f 4441//2492 4450//1791 4449//1790 4440//2491
f 4442//2493 4451//1792 4450//1791 4441//2492
f 4443//2494 4452//1793 4451//1792 4442//2493
f 4444//2495 4453//1794 4452//1793 4443//2494
f 4254//2415 4255//1460 4453//1794 4444//2495
f 4445//1786 4454//1777 4217//1421 4216//1422
f 4446//1787 4455//1778 4454//1777 4445//1786
f 4447//1788 4456//1779 4455//1778 4446//1787
f 4448//1789 4457//1780 4456//1779 4447//1788
f 4449//1790 4458//1781 4457//1780 4448//1789
f 4450//1791 4459//1782 4458//1781 4449//1790
f 4451//1792 4460//1783 4459//1782 4450//1791
f 4452//1793 4461//1784 4460//1783 4451//1792
f 4453//1794 4462//1785 4461//1784 4452//1793
f 4255//1460 4256//1459 4462//1785 4453//1794
f 4454//1777 4463//1768 4218//1420 4217//1421
f 4455//1778 4464//2496 4463//1768 4454//1777
f 4456//1779 4465//1770 4464//2496 4455//1778
f 4457//1780 4466//1771 4465//1770 4456//1779
f 4458//1781 4467//1772 4466//1771 4457//1780
f 4459//1782 4468//1773 4467//1772 4458//1781
f 4460//1783 4469//1774 4468//1773 4459//1782
f 4461//1784 4470//1775 4469//1774 4460//1783
f 4462//1785 4471//1776 4470//1775 4461//1784
f 4256//1459 4472//1458 4471//1776 4462//1785
f 4463//1768 4473//1759 4219//1419 4218//1420
f 4464//2496 4474//1760 4473//1759 4463//1768
f 4465//1770 4475//1761 4474//1760 4464//2496
f 4466//1771 4476//1762 4475//1761 4465//1770
f 4467//1772 4477//1763 4476//1762 4466//1771
f 4468//1773 4478//1764 4477//1763 4467//1772
f 4469//1774 4479//1765 4478//1764 4468//1773
f 4470//1775 4480//1766 4479//1765 4469//1774
f 4471//1776 4481//1767 4480//1766 4470//1775
f 4472//1458 4482//1457 4481//1767 4471//1776
f 4473//1759 4483//1750 4220//1418 4219//1419
f 4474//1760 4484//1751 4483//1750 4473//1759
f 4475//1761 4485//1752 4484//1751 4474//1760
f 4476//1762 4486//1753 4485//1752 4475//1761
f 4477//1763 4487//1754 4486//1753 4476//1762
f 4478//1764 4488//1755 4487//1754 4477//1763
f 4479//1765 4489//1756 4488//1755 4478//1764
f 4480//1766 4490//1757 4489//1756 4479//1765
f 4481//1767 4491//1758 4490//1757 4480//1766
f 4482//1457 4257//2416 4491//1758 4481//1767
f 4483//1750 4492//1741 4221//1417 4220//1418
f 4484//1751 4493//2497 4492//1741 4483//1750
f 4485//1752 4494//1743 4493//2497 4484//1751
f 4486//1753 4495//1744 4494//1743 4485//1752
f 4487//1754 4496//1745 4495//1744 4486//1753
f 4488//1755 4497//1746 4496//1745 4487//1754
f 4489//1756 4498//1747 4497//1746 4488//1755
f 4490//1757 4499//1748 4498//1747 4489//1756
f 4491//1758 4500//1749 4499//1748 4490//1757
f 4257//2416 4258//1455 4500//1749 4491//1758
f 4492//1741 4501//1732 4222//1416 4221//1417
f 4493//2497 4502//1733 4501//1732 4492//1741
f 4494//1743 4503//1734 4502//1733 4493//2497
f 4495//1744 4504//1735 4503//1734 4494//1743
f 4496//1745 4505//1736 4504//1735 4495//1744
f 4497//1746 4506//1737 4505//1736 4496//1745
f 4498//1747 4507//1738 4506//1737 4497//1746
f 4499//1748 4508//1739 4507//1738 4498//1747
f 4500//1749 4509//1740 4508//1739 4499//1748
f 4258//1455 4259//1454 4509//1740 4500//1749
f 4501//1732 4510//1723 4223//1415 4222//1416
f 4502//1733 4511//1724 4510//1723 4501//1732
f 4503//1734 4512//1725 4511//1724 4502//1733
f 4504//1735 4513//1726 4512//1725 4503//1734
f 4505//1736 4514//1727 4513//1726 4504//1735
f 4506//1737 4515//1728 4514//1727 4505//1736
f 4507//1738 4516//1729 4515//1728 4506//1737
f 4508//1739 4517//1730 4516//1729 4507//1738
f 4509//1740 4518//1731 4517//1730 4508//1739
f 4259//1454 4260//1453 4518//1731 4509//1740
f 4510//1723 4519//1714 4224//1414 4223//1415
f 4511//1724 4520//1715 4519//1714 4510//1723
f 4512//1725 4521//1716 4520//1715 4511//1724
f 4513//1726 4522//1717 4521//1716 4512//1725
f 4514//1727 4523//1718 4522//1717 4513//1726
f 4515//1728 4524//1719 4523//1718 4514//1727
f 4516//1729 4525//1720 4524//1719 4515//1728
f 4517//1730 4526//1721 4525//1720 4516//1729
f 4518//1731 4527//1722 4526//1721 4517//1730
f 4260//1453 4261//1452 4527//1722 4518//1731
f 4519//1714 4528//1705 4225//1413 4224//1414
f 4520//1715 4529//1706 4528//1705 4519//1714
f 4521//1716 4530//1707 4529//1706 4520//1715
f 4522//1717 4531//1708 4530//1707 4521//1716
f 4523//1718 4532//1709 4531//1708 4522//1717
f 4524//1719 4533//1710 4532//1709 4523//1718
f 4525//1720 4534//1711 4533//1710 4524//1719
f 4526//1721 4535//1712 4534//1711 4525//1720
f 4527//1722 4536//1713 4535//1712 4526//1721
f 4261//1452 4262//2417 4536//1713 4527//1722
f 4528//1705 4537//1696 4226//1412 4225//1413
f 4529//1706 4538//1697 4537//1696 4528//1705
f 4530//1707 4539//1698 4538//1697 4529//1706
f 4531//1708 4540//1699 4539//1698 4530//1707
f 4532//1709 4541//1700 4540//1699 4531//1708
f 4533//1710 4542//1701 4541//1700 4532//1709
f 4534//1711 4543//1702 4542//1701 4533//1710
f 4535//1712 4544//1703 4543//1702 4534//1711
f 4536//1713 4545//1704 4544//1703 4535//1712
f 4262//2417 4263//1450 4545//1704 4536//1713
f 4537//1696 4546//1687 4227//1411 4226//1412
f 4538//1697 4547//1688 4546//1687 4537//1696
f 4539//1698 4548//1689 4547//1688 4538//1697
f 4540//1699 4549//1690 4548//1689 4539//1698
f 4541//1700 4550//1691 4549//1690 4540//1699
f 4542//1701 4551//1692 4550//1691 4541//1700
f 4543//1702 4552//1693 4551//1692 4542//1701
f 4544//1703 4553//1694 4552//1693 4543//1702
f 4545//1704 4554//1695 4553//1694 4544//1703
f 4263//1450 4264//1449 4554//1695 4545//1704
f 4546//1687 4555//1678 4228//1410 4227//1411
f 4547//1688 4556//1679 4555//1678 4546//1687
f 4548//1689 4557//1680 4556//1679 4547//1688
f 4549//1690 4558//1681 4557//1680 4548//1689
f 4550//1691 4559//1682 4558//1681 4549//1690
f 4551//1692 4560//1683 4559//1682 4550//1691
f 4552//1693 4561//1684 4560//1683 4551//1692
f 4553//1694 4562//2498 4561//1684 4552//1693
f 4554//1695 4563//1686 4562//2498 4553//1694
f 4264//1449 4265//1448 4563//1686 4554//1695
f 4555//1678 4564//1669 4229//1409 4228//1410
f 4556//1679 4565//2499 4564//1669 4555//1678
f 4557//1680 4566//1671 4565//2499 4556//1679
f 4558//1681 4567//1672 4566//1671 4557//1680
f 4559//1682 4568//1673 4567//1672 4558//1681
f 4560//1683 4569//1674 4568//1673 4559//1682
f 4561//1684 4570//1675 4569//1674 4560//1683
f 4562//2498 4571//1676 4570//1675 4561//1684
f 4563//1686 4572//1677 4571//1676 4562//2498
f 4265//1448 4266//1447 4572//1677 4563//1686
f 4564//1669 4573//2500 4230//2402 4229//1409
f 4565//2499 4574//1661 4573//2500 4564//1669
f 4566//1671 4575//1662 4574//1661 4565//2499
f 4567//1672 4576//1663 4575//1662 4566//1671
f 4568//1673 4577//1664 4576//1663 4567//1672
f 4569//1674 4578//1665 4577//1664 4568//1673
f 4570//1675 4579//1666 4578//1665 4569//1674
f 4571//1676 4580//1667 4579//1666 4570//1675
f 4572//1677 4581//1668 4580//1667 4571//1676
f 4266//1447 4267//1446 4581//1668 4572//1677
f 4573//2500 4582//1651 4231//2403 4230//2402
f 4574//1661 4583//1652 4582//1651 4573//2500
f 4575//1662 4584//1653 4583//1652 4574//1661
f 4576//1663 4585//1654 4584//1653 4575//1662
f 4577//1664 4586//1655 4585//1654 4576//1663
f 4578//1665 4587//1656 4586//1655 4577//1664
f 4579//1666 4588//1657 4587//1656 4578//1665
f 4580//1667 4589//1658 4588//1657 4579//1666
f 4581//1668 4590//1659 4589//1658 4580//1667
f 4267//1446 4268//1445 4590//1659 4581//1668
f 4582//1651 4591//1642 4232//1406 4231//2403
f 4583//1652 4592//1643 4591//1642 4582//1651
f 4584//1653 4593//2501 4592//1643 4583//1652
f 4585//1654 4594//1645 4593//2501 4584//1653
f 4586//1655 4595//1646 4594//1645 4585//1654
f 4587//1656 4596//1647 4595//1646 4586//1655
f 4588//1657 4597//1648 4596//1647 4587//1656
f 4589//1658 4598//1649 4597//1648 4588//1657
f 4590//1659 4599//1650 4598//1649 4589//1658
f 4268//1445 4269//1444 4599//1650 4590//1659
f 4591//1642 4600//1633 4233//1405 4232//1406
f 4592//1643 4601//1634 4600//1633 4591//1642
f 4593//2501 4602//1635 4601//1634 4592//1643
f 4594//1645 4603//1636 4602//1635 4593//2501
f 4595//1646 4604//1637 4603//1636 4594//1645
f 4596//1647 4605//1638 4604//1637 4595//1646
f 4597//1648 4606//1639 4605//1638 4596//1647
f 4598//1649 4607//1640 4606//1639 4597//1648
f 4599//1650 4608//1641 4607//1640 4598//1649
f 4269//1444 4609//1443 4608//1641 4599//1650
f 4600//1633 4610//2502 4234//1404 4233//1405
f 4601//1634 4611//1625 4610//2502 4600//1633
f 4602//1635 4612//1626 4611//1625 4601//1634
f 4603//1636 4613//1627 4612//1626 4602//1635
f 4604//1637 4614//1628 4613//1627 4603//1636
f 4605//1638 4615//1629 4614//1628 4604//1637
f 4606//1639 4616//1630 4615//1629 4605//1638
f 4607//1640 4617//1631 4616//1630 4606//1639
f 4608//1641 4618//1632 4617//1631 4607//1640
f 4609//1443 4270//1442 4618//1632 4608//1641
f 4610//2502 4619//2503 4235//2404 4234//1404
f 4611//1625 4620//2504 4619//2503 4610//2502
f 4612//1626 4621//2505 4620//2504 4611//1625
f 4613//1627 4622//2506 4621//2505 4612//1626
f 4614//1628 4623//2507 4622//2506 4613//1627
f 4615//1629 4624//2508 4623//2507 4614//1628
f 4616//1630 4625//2509 4624//2508 4615//1629
f 4617//1631 4626//2510 4625//2509 4616//1630
f 4618//1632 4627//2511 4626//2510 4617//1631
f 4270//1442 4271//2418 4627//2511 4618//1632
f 4619//2503 4628//2512 4236//2405 4235//2404
f 4620//2504 4629//2513 4628//2512 4619//2503
f 4621//2505 4630//2514 4629//2513 4620//2504
f 4622//2506 4631//2515 4630//2514 4621//2505
f 4623//2507 4632//2516 4631//2515 4622//2506
f 4624//2508 4633//2517 4632//2516 4623//2507
f 4625//2509 4634//2518 4633//2517 4624//2508
f 4626//2510 4635//2519 4634//2518 4625//2509
f 4627//2511 4636//2520 4635//2519 4626//2510
f 4271//2418 4272//2419 4636//2520 4627//2511
f 4638//1857 4649//1846 4648//1845 4637//1856
f 4639//1858 4650//1847 4649//1846 4638//1857
f 4640//1859 4651//1848 4650//1847 4639//1858
f 4641//1860 4652//1849 4651//1848 4640//1859
f 4642//863 4653//1850 4652//1849 4641//1860
f 4643//1861 4654//1851 4653//1850 4642//863
f 4644//1862 4655//1852 4654//1851 4643//1861
f 4645//1863 4656//1853 4655//1852 4644//1862
f 4646//1864 4657//1854 4656//1853 4645//1863
f 4647//1865 4658//1855 4657//1854 4646//1864
f 4649//1846 4660//1835 4659//1834 4648//1845
f 4650//1847 4661//1836 4660//1835 4649//1846
f 4651//1848 4662//1837 4661//1836 4650//1847
f 4652//1849 4663//1838 4662//1837 4651//1848
f 4653//1850 4664//1839 4663//1838 4652//1849
f 4654//1851 4665//1840 4664//1839 4653//1850
f 4655//1852 4666//1841 4665//1840 4654//1851
f 4656//1853 4667//1842 4666//1841 4655//1852
f 4657//1854 4668//1843 4667//1842 4656//1853
f 4658//1855 4669//1844 4668//1843 4657//1854
f 4660//1835 4671//1816 4670//1815 4659//1834
f 4661//1836 4672//1818 4671//1816 4660//1835
f 4662//1837 4673//1820 4672//1818 4661//1836
f 4663//1838 4674//1822 4673//1820 4662//1837
f 4664//1839 4675//1823 4674//1822 4663//1838
f 4665//1840 4676//1825 4675//1823 4664//1839
f 4666//1841 4677//1827 4676//1825 4665//1840
f 4667//1842 4678//1829 4677//1827 4666//1841
f 4668//1843 4679//1831 4678//1829 4667//1842
f 4669//1844 4680//1833 4679//1831 4668//1843
f 4671//1816 4682//2521 4681//1814 4670//1815
f 4672//1818 4683//1817 4682//2521 4671//1816
f 4673//1820 4684//1819 4683//1817 4672//1818
f 4674//1822 4685//1821 4684//1819 4673//1820
f 4675//1823 4686//863 4685//1821 4674//1822
f 4676//1825 4687//1824 4686//863 4675//1823
f 4677//1827 4688//1826 4687//1824 4676//1825
f 4678//1829 4689//1828 4688//1826 4677//1827
f 4679//1831 4690//1830 4689//1828 4678//1829
f 4680//1833 4691//1832 4690//1830 4679//1831
f 4692//1870 4693//1869 4658//1855 4647//1865
f 4693//1869 4694//1868 4669//1844 4658//1855
f 4694//1868 4695//1867 4680//1833 4669//1844
f 4695//1867 4696//1866 4691//1832 4680//1833
f 4637//1856 4648//1845 4698//1874 4697//1875
f 4648//1845 4659//1834 4699//1873 4698//1874
f 4659//1834 4670//1815 4700//1872 4699//1873
f 4670//1815 4681//1814 4701//1871 4700//1872
f 4702//2522 4711//1902 4693//1869 4692//1870
f 4703//1912 4712//1903 4711//1902 4702//2522
f 4704//1913 4713//1904 4712//1903 4703//1912
f 4705//1914 4714//1905 4713//1904 4704//1913
f 4706//925 4715//1906 4714//1905 4705//1914
f 4707//1915 4716//1907 4715//1906 4706//925
f 4708//1916 4717//1908 4716//1907 4707//1915
f 4709//1917 4718//1909 4717//1908 4708//1916
f 4710//1918 4719//1910 4718//1909 4709//1917
f 4697//1875 4698//1874 4719//1910 4710//1918
f 4711//1902 4720//1893 4694//1868 4693//1869
f 4712//1903 4721//1894 4720//1893 4711//1902
f 4713//1904 4722//1895 4721//1894 4712//1903
f 4714//1905 4723//1896 4722//1895 4713//1904
f 4715//1906 4724//1897 4723//1896 4714//1905
f 4716//1907 4725//1898 4724//1897 4715//1906
f 4717//1908 4726//1899 4725//1898 4716//1907
f 4718//1909 4727//1900 4726//1899 4717//1908
f 4719//1910 4728//1901 4727//1900 4718//1909
f 4698//1874 4699//1873 4728//1901 4719//1910
f 4720//1893 4729//1877 4695//1867 4694//1868
f 4721//1894 4730//1879 4729//1877 4720//1893
f 4722//1895 4731//1881 4730//1879 4721//1894
f 4723//1896 4732//1883 4731//1881 4722//1895
f 4724//1897 4733//1884 4732//1883 4723//1896
f 4725//1898 4734//1886 4733//1884 4724//1897
f 4726//1899 4735//1888 4734//1886 4725//1898
f 4727//1900 4736//1890 4735//1888 4726//1899
f 4728//1901 4737//1892 4736//1890 4727//1900
f 4699//1873 4700//1872 4737//1892 4728//1901
f 4729//1877 4738//2523 4696//1866 4695//1867
f 4730//1879 4739//1878 4738//2523 4729//1877
f 4731//1881 4740//1880 4739//1878 4730//1879
f 4732//1883 4741//1882 4740//1880 4731//1881
f 4733//1884 4742//925 4741//1882 4732//1883
f 4734//1886 4743//1885 4742//925 4733//1884
f 4735//1888 4744//1887 4743//1885 4734//1886
f 4736//1890 4745//1889 4744//1887 4735//1888
f 4737//1892 4746//1891 4745//1889 4736//1890
f 4700//1872 4701//1871 4746//1891 4737//1892
f 4752//1921 4753//1922 4754//1923 4755//1924 4756//1925 4757//1926 4758//1927 4759//1928 4760//1929 4761//1930 4762//1931 4763//1932 4764//1933 4765//1934 4766//1935 4767//1936 4768//1919 4751//1920
f 4777//1955 4795//1964 4796//1939 4778//1938
f 4762//1931 4780//1948 4781//1946 4763//1932
f 4755//1924 4773//1947 4774//1945 4756//1925
f 4763//1932 4781//1946 4782//1943 4764//1933
f 4756//1925 4774//1945 4775//1941 4757//1926
f 4764//1933 4782//1943 4783//1944 4765//1934
f 4757//1926 4775//1941 4776//1942 4758//1927
f 4765//1934 4783//1944 4784//1956 4766//1935
f 4758//1927 4776//1942 4777//1955 4759//1928
f 4751//1920 4769//1951 4770//1954 4752//1921
f 4766//1935 4784//1956 4785//1953 4767//1936
f 4759//1928 4777//1955 4778//1938 4760//1929
f 4752//1921 4770//1954 4771//1952 4753//1922
f 4767//1936 4785//1953 4786//1950 4768//1919
f 4760//1929 4778//1938 4779//1937 4761//1930
f 4753//1922 4771//1952 4772//1949 4754//1923
f 4768//1919 4786//1950 4769//1951 4751//1920
f 4761//1930 4779//1937 4780//1948 4762//1931
f 4754//1923 4772//1949 4773//1947 4755//1924
f 4788//1971 4787//1972 4804//1957 4803//1958 4802//1959 4801//1960 4800//1961 4799//1962 4798//1963 4797//1940 4796//1939 4795//1964 4794//1965 4793//1966 4792//1967 4791//1968 4790//1969 4789//1970
f 4770//1954 4788//1971 4789//1970 4771//1952
f 4785//1953 4803//1958 4804//1957 4786//1950
f 4778//1938 4796//1939 4797//1940 4779//1937
f 4771//1952 4789//1970 4790//1969 4772//1949
f 4786//1950 4804//1957 4787//1972 4769//1951
f 4779//1937 4797//1940 4798//1963 4780//1948
f 4772//1949 4790//1969 4791//1968 4773//1947
f 4780//1948 4798//1963 4799//1962 4781//1946
f 4773//1947 4791//1968 4792//1967 4774//1945
f 4781//1946 4799//1962 4800//1961 4782//1943
f 4774//1945 4792//1967 4793//1966 4775//1941
f 4782//1943 4800//1961 4801//1960 4783//1944
f 4775//1941 4793//1966 4794//1965 4776//1942
f 4783//1944 4801//1960 4802//1959 4784//1956
f 4776//1942 4794//1965 4795//1964 4777//1955
f 4769//1951 4787//1972 4788//1971 4770//1954
f 4784//1956 4802//1959 4803//1958 4785//1953
f 4808//961 4807//962 4818//963 4819//964
f 4809//965 4808//961 4819//964 4820//966
f 4810//967 4809//965 4820//966 4821//968
f 4811//969 4810//967 4821//968 4822//970
f 4812//971 4811//969 4822//970 4823//972
f 4813//973 4812//971 4823//972 4824//974
f 4814//975 4813//973 4824//974 4825//976
f 4815//977 4814//975 4825//976 4826//978
f 4816//979 4815//977 4826//978 4827//980
f 4817//981 4816//979 4827//980 4828//2524
f 4819//964 4818//963 4829//983 4830//2278
f 4820//966 4819//964 4830//2278 4831//985
f 4821//968 4820//966 4831//985 4832//986
f 4822//970 4821//968 4832//986 4833//987
f 4823//972 4822//970 4833//987 4834//988
f 4824//974 4823//972 4834//988 4835//989
f 4825//976 4824//974 4835//989 4836//990
f 4826//978 4825//976 4836//990 4837//991
f 4827//980 4826//978 4837//991 4838//992
f 4828//2524 4827//980 4838//992 4839//993
f 4830//2278 4829//983 4840//994 4841//995
f 4831//985 4830//2278 4841//995 4842//996
f 4832//986 4831//985 4842//996 4843//997
f 4833//987 4832//986 4843//997 4844//998
f 4834//988 4833//987 4844//998 4845//999
f 4835//989 4834//988 4845//999 4846//1000
f 4836//990 4835//989 4846//1000 4847//1001
f 4837//991 4836//990 4847//1001 4848//1002
f 4838//992 4837//991 4848//1002 4849//1003
f 4839//993 4838//992 4849//1003 4850//1004
f 4841//995 4840//994 4851//2525 4852//1006
f 4842//996 4841//995 4852//1006 4853//1007
f 4843//997 4842//996 4853//1007 4854//1008
f 4844//998 4843//997 4854//1008 4855//1009
f 4845//999 4844//998 4855//1009 4856//1010
f 4846//1000 4845//999 4856//1010 4857//1011
f 4847//1001 4846//1000 4857//1011 4858//1012
f 4848//1002 4847//1001 4858//1012 4859//2526
f 4849//1003 4848//1002 4859//2526 4860//1014
f 4850//1004 4849//1003 4860//1014 4861//1015
f 4852//1006 4851//2525 4862//1016 4863//1017
f 4853//1007 4852//1006 4863//1017 4864//1018
f 4854//1008 4853//1007 4864//1018 4865//1019
f 4855//1009 4854//1008 4865//1019 4866//1020
f 4856//1010 4855//1009 4866//1020 4867//1021
f 4857//1011 4856//1010 4867//1021 4868//1022
f 4858//1012 4857//1011 4868//1022 4869//1023
f 4859//2526 4858//1012 4869//1023 4870//1024
f 4860//1014 4859//2526 4870//1024 4871//1025
f 4861//1015 4860//1014 4871//1025 4872//1026
f 4863//1017 4862//1016 4873//2527 4874//1027
f 4864//1018 4863//1017 4874//1027 4875//1028
f 4865//1019 4864//1018 4875//1028 4876//1029
f 4866//1020 4865//1019 4876//1029 4877//2528
f 4867//1021 4866//1020 4877//2528 4878//1031
f 4868//1022 4867//1021 4878//1031 4879//1022
f 4869//1023 4868//1022 4879//1022 4880//1032
f 4870//1024 4869//1023 4880//1032 4881//1033
f 4871//1025 4870//1024 4881//1033 4882//1034
f 4872//1026 4871//1025 4882//1034 4883//1026
f 4874//1027 4873//2527 4884//1016 4885//1017
f 4875//1028 4874//1027 4885//1017 4886//1018
f 4876//1029 4875//1028 4886//1018 4887//1019
f 4877//2528 4876//1029 4887//1019 4888//1020
f 4878//1031 4877//2528 4888//1020 4889//1021
f 4879//1022 4878//1031 4889//1021 4890//1022
f 4880//1032 4879//1022 4890//1022 4891//1023
f 4881//1033 4880//1032 4891//1023 4892//1024
f 4882//1034 4881//1033 4892//1024 4893//1025
f 4883//1026 4882//1034 4893//1025 4894//1026
f 4885//1017 4884//1016 4895//2529 4896//1036
f 4886//1018 4885//1017 4896//1036 4897//1037
f 4887//1019 4886//1018 4897//1037 4898//1038
f 4888//1020 4887//1019 4898//1038 4899//1039
f 4889//1021 4888//1020 4899//1039 4900//1040
f 4890//1022 4889//1021 4900//1040 4901//1041
f 4891//1023 4890//1022 4901//1041 4902//1042
f 4892//1024 4891//1023 4902//1042 4903//2530
f 4893//1025 4892//1024 4903//2530 4904//1044
f 4894//1026 4893//1025 4904//1044 4905//1045
f 4896//1036 4895//2529 4906//1046 4907//1047
f 4897//1037 4896//1036 4907//1047 4908//1048
f 4898//1038 4897//1037 4908//1048 4909//1049
f 4899//1039 4898//1038 4909//1049 4910//1050
f 4900//1040 4899//1039 4910//1050 4911//1051
f 4901//1041 4900//1040 4911//1051 4912//1052
f 4902//1042 4901//1041 4912//1052 4913//1053
f 4903//2530 4902//1042 4913//1053 4914//1054
f 4904//1044 4903//2530 4914//1054 4915//1055
f 4905//1045 4904//1044 4915//1055 4916//1056
f 4907//1047 4906//1046 4917//1057 4918//1058
f 4908//1048 4907//1047 4918//1058 4919//1059
f 4909//1049 4908//1048 4919//1059 4920//1060
f 4910//1050 4909//1049 4920//1060 4921//1061
f 4911//1051 4910//1050 4921//1061 4922//1062
f 4912//1052 4911//1051 4922//1062 4923//1063
f 4913//1053 4912//1052 4923//1063 4924//2531
f 4914//1054 4913//1053 4924//2531 4925//1065
f 4915//1055 4914//1054 4925//1065 4926//1066
f 4916//1056 4915//1055 4926//1066 4927//1067
f 4918//1058 4917//1057 4928//1068 4929//1069
f 4919//1059 4918//1058 4929//1069 4930//1070
f 4920//1060 4919//1059 4930//1070 4931//1071
f 4921//1061 4920//1060 4931//1071 4932//1072
f 4922//1062 4921//1061 4932//1072 4933//1073
f 4923//1063 4922//1062 4933//1073 4934//1074
f 4924//2531 4923//1063 4934//1074 4935//1075
f 4925//1065 4924//2531 4935//1075 4936//1076
f 4926//1066 4925//1065 4936//1076 4937//1077
f 4927//1067 4926//1066 4937//1077 4938//1078
f 4929//1069 4928//1068 4939//1079 4940//1080
f 4930//1070 4929//1069 4940//1080 4941//1081
f 4931//1071 4930//1070 4941//1081 4942//1082
f 4932//1072 4931//1071 4942//1082 4943//1083
f 4933//1073 4932//1072 4943//1083 4944//1084
f 4934//1074 4933//1073 4944//1084 4945//2532
f 4935//1075 4934//1074 4945//2532 4946//1086
f 4936//1076 4935//1075 4946//1086 4947//1087
f 4937//1077 4936//1076 4947//1087 4948//1088
f 4938//1078 4937//1077 4948//1088 4949//1089
f 4940//1080 4939//1079 4950//2533 4951//1091
f 4941//1081 4940//1080 4951//1091 4952//1092
f 4942//1082 4941//1081 4952//1092 4953//1093
f 4943//1083 4942//1082 4953//1093 4954//1094
f 4944//1084 4943//1083 4954//1094 4955//1095
f 4945//2532 4944//1084 4955//1095 4956//1096
f 4946//1086 4945//2532 4956//1096 4957//1097
f 4947//1087 4946//1086 4957//1097 4958//1098
f 4948//1088 4947//1087 4958//1098 4959//1099
f 4949//1089 4948//1088 4959//1099 4960//1100
f 4951//1091 4950//2533 4961//1101 4962//1102
f 4952//1092 4951//1091 4962//1102 4963//1103
f 4953//1093 4952//1092 4963//1103 4964//1104
f 4954//1094 4953//1093 4964//1104 4965//1105
f 4955//1095 4954//1094 4965//1105 4966//1106
f 4956//1096 4955//1095 4966//1106 4967//1107
f 4957//1097 4956//1096 4967//1107 4968//1108
f 4958//1098 4957//1097 4968//1108 4969//1109
f 4959//1099 4958//1098 4969//1109 4970//2321
f 4960//1100 4959//1099 4970//2321 4971//1111
f 4973//1112 4972//1113 4983//1114 4984//1115
f 4974//1116 4973//1112 4984//1115 4985//1117
f 4975//1118 4974//1116 4985//1117 4986//1119
f 4976//1120 4975//1118 4986//1119 4987//1121
f 4977//1122 4976//1120 4987//1121 4988//1123
f 4978//1124 4977//1122 4988//1123 4989//1125
f 4979//1126 4978//1124 4989//1125 4990//1127
f 4980//1128 4979//1126 4990//1127 4991//1129
f 4981//1130 4980//1128 4991//1129 4992//1131
f 4982//1132 4981//1130 4992//1131 4993//1133
f 4984//1115 4983//1114 4994//1134 4995//1135
f 4985//1117 4984//1115 4995//1135 4996//1136
f 4986//1119 4985//1117 4996//1136 4997//1137
f 4987//1121 4986//1119 4997//1137 4998//1138
f 4988//1123 4987//1121 4998//1138 4999//1139
f 4989//1125 4988//1123 4999//1139 5000//1140
f 4990//1127 4989//1125 5000//1140 5001//1141
f 4991//1129 4990//1127 5001//1141 5002//1142
f 4992//1131 4991//1129 5002//1142 5003//1143
f 4993//1133 4992//1131 5003//1143 5004//1144
f 4995//1135 4994//1134 5005//1145 5006//1146
f 4996//1136 4995//1135 5006//1146 5007//1147
f 4997//1137 4996//1136 5007//1147 5008//1148
f 4998//1138 4997//1137 5008//1148 5009//1149
f 4999//1139 4998//1138 5009//1149 5010//1150
f 5000//1140 4999//1139 5010//1150 5011//1151
f 5001//1141 5000//1140 5011//1151 5012//1152
f 5002//1142 5001//1141 5012//1152 5013//1153
f 5003//1143 5002//1142 5013//1153 5014//1154
f 5004//1144 5003//1143 5014//1154 5015//1155
f 5006//1146 5005//1145 5016//1156 5017//1157
f 5007//1147 5006//1146 5017//1157 5018//1158
f 5008//1148 5007//1147 5018//1158 5019//2534
f 5009//1149 5008//1148 5019//2534 5020//1160
f 5010//1150 5009//1149 5020//1160 5021//1161
f 5011//1151 5010//1150 5021//1161 5022//2535
f 5012//1152 5011//1151 5022//2535 5023//1163
f 5013//1153 5012//1152 5023//1163 5024//1164
f 5014//1154 5013//1153 5024//1164 5025//1165
f 5015//1155 5014//1154 5025//1165 5026//1166
f 5017//1157 5016//1156 5027//1167 5028//1168
f 5018//1158 5017//1157 5028//1168 5029//1169
f 5019//2534 5018//1158 5029//1169 5030//1170
f 5020//1160 5019//2534 5030//1170 5031//1171
f 5021//1161 5020//1160 5031//1171 5032//1172
f 5022//2535 5021//1161 5032//1172 5033//1173
f 5023//1163 5022//2535 5033//1173 5034//1174
f 5024//1164 5023//1163 5034//1174 5035//1175
f 5025//1165 5024//1164 5035//1175 5036//2536
f 5026//1166 5025//1165 5036//2536 5037//1177
f 5028//1168 5027//1167 5038//1178 5039//1179
f 5029//1169 5028//1168 5039//1179 5040//1180
f 5030//1170 5029//1169 5040//1180 5041//1181
f 5031//1171 5030//1170 5041//1181 5042//1182
f 5032//1172 5031//1171 5042//1182 5043//1183
f 5033//1173 5032//1172 5043//1183 5044//1184
f 5034//1174 5033//1173 5044//1184 5045//1185
f 5035//1175 5034//1174 5045//1185 5046//1186
f 5036//2536 5035//1175 5046//1186 5047//1187
f 5037//1177 5036//2536 5047//1187 5048//1188
f 5039//1179 5038//1178 5049//1189 5050//1190
f 5040//1180 5039//1179 5050//1190 5051//1191
f 5041//1181 5040//1180 5051//1191 5052//1192
f 5042//1182 5041//1181 5052//1192 5053//1193
f 5043//1183 5042//1182 5053//1193 5054//1194
f 5044//1184 5043//1183 5054//1194 5055//1195
f 5045//1185 5044//1184 5055//1195 5056//1196
f 5046//1186 5045//1185 5056//1196 5057//2537
f 5047//1187 5046//1186 5057//2537 5058//1198
f 5048//1188 5047//1187 5058//1198 5059//2364
f 5050//1190 5049//1189 5060//1200 5061//1201
f 5051//1191 5050//1190 5061//1201 5062//1202
f 5052//1192 5051//1191 5062//1202 5063//2538
f 5053//1193 5052//1192 5063//2538 5064//2362
f 5054//1194 5053//1193 5064//2362 5065//1205
f 5055//1195 5054//1194 5065//1205 5066//1206
f 5056//1196 5055//1195 5066//1206 5067//1207
f 5057//2537 5056//1196 5067//1207 5068//2363
f 5058//1198 5057//2537 5068//2363 5069//1209
f 5059//2364 5058//1198 5069//1209 5070//1210
f 5061//1201 5060//1200 5071//1211 5072//1212
f 5062//1202 5061//1201 5072//1212 5073//1213
f 5063//2538 5062//1202 5073//1213 5074//1214
f 5064//2362 5063//2538 5074//1214 5075//1215
f 5065//1205 5064//2362 5075//1215 5076//1216
f 5066//1206 5065//1205 5076//1216 5077//1217
f 5067//1207 5066//1206 5077//1217 5078//1218
f 5068//2363 5067//1207 5078//1218 5079//1219
f 5069//1209 5068//2363 5079//1219 5080//1220
f 5070//1210 5069//1209 5080//1220 5081//1221
f 5072//1212 5071//1211 5082//1222 5083//1223
f 5073//1213 5072//1212 5083//1223 5084//1224
f 5074//1214 5073//1213 5084//1224 5085//1225
f 5075//1215 5074//1214 5085//1225 5086//1226
f 5076//1216 5075//1215 5086//1226 5087//1227
f 5077//1217 5076//1216 5087//1227 5088//1228
f 5078//1218 5077//1217 5088//1228 5089//1229
f 5079//1219 5078//1218 5089//1229 5090//1230
f 5080//1220 5079//1219 5090//1230 5091//1231
f 5081//1221 5080//1220 5091//1231 5092//1232
f 5083//1223 5082//1222 5093//2539 5094//1234
f 5084//1224 5083//1223 5094//1234 5095//1235
f 5085//1225 5084//1224 5095//1235 5096//1236
f 5086//1226 5085//1225 5096//1236 5097//1237
f 5087//1227 5086//1226 5097//1237 5098//1238
f 5088//1228 5087//1227 5098//1238 5099//1239
f 5089//1229 5088//1228 5099//1239 5100//1240
f 5090//1230 5089//1229 5100//1240 5101//1241
f 5091//1231 5090//1230 5101//1241 5102//2540
f 5092//1232 5091//1231 5102//2540 5103//1243
f 5094//1234 5093//2539 5104//2541 5105//1245
f 5095//1235 5094//1234 5105//1245 5106//1246
f 5096//1236 5095//1235 5106//1246 5107//1247
f 5097//1237 5096//1236 5107//1247 5108//1248
f 5098//1238 5097//1237 5108//1248 5109//1249
f 5099//1239 5098//1238 5109//1249 5110//1250
f 5100//1240 5099//1239 5110//1250 5111//1251
f 5101//1241 5100//1240 5111//1251 5112//1252
f 5102//2540 5101//1241 5112//1252 5113//1253
f 5103//1243 5102//2540 5113//1253 5114//1254
f 5105//1245 5104//2541 5115//1255 5116//1256
f 5106//1246 5105//1245 5116//1256 5117//1257
f 5107//1247 5106//1246 5117//1257 5118//1258
f 5108//1248 5107//1247 5118//1258 5119//1259
f 5109//1249 5108//1248 5119//1259 5120//1260
f 5110//1250 5109//1249 5120//1260 5121//1261
f 5111//1251 5110//1250 5121//1261 5122//1262
f 5112//1252 5111//1251 5122//1262 5123//2542
f 5113//1253 5112//1252 5123//2542 5124//1264
f 5114//1254 5113//1253 5124//1264 5125//1265
f 5116//1256 5115//1255 5126//1266 5127//1267
f 5117//1257 5116//1256 5127//1267 5128//1268
f 5118//1258 5117//1257 5128//1268 5129//1269
f 5119//1259 5118//1258 5129//1269 5130//1270
f 5120//1260 5119//1259 5130//1270 5131//1271
f 5121//1261 5120//1260 5131//1271 5132//1272
f 5122//1262 5121//1261 5132//1272 5133//1273
f 5123//2542 5122//1262 5133//1273 5134//1274
f 5124//1264 5123//2542 5134//1274 5135//1275
f 5125//1265 5124//1264 5135//1275 5136//1276
f 5127//1267 5126//1266 5137//1277 5138//1278
f 5128//1268 5127//1267 5138//1278 5139//1279
f 5129//1269 5128//1268 5139//1279 5140//1280
f 5130//1270 5129//1269 5140//1280 5141//1281
f 5131//1271 5130//1270 5141//1281 5142//1282
f 5132//1272 5131//1271 5142//1282 5143//1283
f 5133//1273 5132//1272 5143//1283 5144//1284
f 5134//1274 5133//1273 5144//1284 5145//1285
f 5135//1275 5134//1274 5145//1285 5146//2543
f 5136//1276 5135//1275 5146//2543 5147//1287
f 5138//1278 5137//1277 5148//1288 5149//1289
f 5139//1279 5138//1278 5149//1289 5150//2355
f 5140//1280 5139//1279 5150//2355 5151//1291
f 5141//1281 5140//1280 5151//1291 5152//1292
f 5142//1282 5141//1281 5152//1292 5153//1293
f 5143//1283 5142//1282 5153//1293 5154//1294
f 5144//1284 5143//1283 5154//1294 5155//1295
f 5145//1285 5144//1284 5155//1295 5156//1296
f 5146//2543 5145//1285 5156//1296 5157//1297
f 5147//1287 5146//2543 5157//1297 5158//1298
f 5149//1289 5148//1288 5159//1299 5160//1300
f 5150//2355 5149//1289 5160//1300 5161//1301
f 5151//1291 5150//2355 5161//1301 5162//1302
f 5152//1292 5151//1291 5162//1302 5163//1303
f 5153//1293 5152//1292 5163//1303 5164//1304
f 5154//1294 5153//1293 5164//1304 5165//1305
f 5155//1295 5154//1294 5165//1305 5166//1306
f 5156//1296 5155//1295 5166//1306 5167//1307
f 5157//1297 5156//1296 5167//1307 5168//1308
f 5158//1298 5157//1297 5168//1308 5169//1309
f 5160//1300 5159//1299 5170//1310 5171//1311
f 5161//1301 5160//1300 5171//1311 5172//1312
f 5162//1302 5161//1301 5172//1312 5173//2544
f 5163//1303 5162//1302 5173//2544 5174//1314
f 5164//1304 5163//1303 5174//1314 5175//1315
f 5165//1305 5164//1304 5175//1315 5176//1316
f 5166//1306 5165//1305 5176//1316 5177//1317
f 5167//1307 5166//1306 5177//1317 5178//1318
f 5168//1308 5167//1307 5178//1318 5179//2545
f 5169//1309 5168//1308 5179//2545 5180//1320
f 5171//1311 5170//1310 5181//1321 5182//1322
f 5172//1312 5171//1311 5182//1322 5183//1323
f 5173//2544 5172//1312 5183//1323 5184//1324
f 5174//1314 5173//2544 5184//1324 5185//1325
f 5175//1315 5174//1314 5185//1325 5186//1326
f 5176//1316 5175//1315 5186//1326 5187//1327
f 5177//1317 5176//1316 5187//1327 5188//1328
f 5178//1318 5177//1317 5188//1328 5189//1329
f 5179//2545 5178//1318 5189//1329 5190//1330
f 5180//1320 5179//2545 5190//1330 5191//1331
f 5182//1322 5181//1321 5192//1332 5193//1333
f 5183//1323 5182//1322 5193//1333 5194//1334
f 5184//1324 5183//1323 5194//1334 5195//1335
f 5185//1325 5184//1324 5195//1335 5196//1336
f 5186//1326 5185//1325 5196//1336 5197//1337
f 5187//1327 5186//1326 5197//1337 5198//1338
f 5188//1328 5187//1327 5198//1338 5199//1339
f 5189//1329 5188//1328 5199//1339 5200//1340
f 5190//1330 5189//1329 5200//1340 5201//1341
f 5191//1331 5190//1330 5201//1341 5202//1342
f 5193//1333 5192//1332 5203//1343 5204//1344
f 5194//1334 5193//1333 5204//1344 5205//1345
f 5195//1335 5194//1334 5205//1345 5206//1346
f 5196//1336 5195//1335 5206//1346 5207//1347
f 5197//1337 5196//1336 5207//1347 5208//1348
f 5198//1338 5197//1337 5208//1348 5209//1349
f 5199//1339 5198//1338 5209//1349 5210//1350
f 5200//1340 5199//1339 5210//1350 5211//1351
f 5201//1341 5200//1340 5211//1351 5212//1352
f 5202//1342 5201//1341 5212//1352 5213//2348
f 5204//1344 5203//1343 5214//1354 5215//1355
f 5205//1345 5204//1344 5215//1355 5216//1356
f 5206//1346 5205//1345 5216//1356 5217//1357
f 5207//1347 5206//1346 5217//1357 5218//1358
f 5208//1348 5207//1347 5218//1358 5219//1359
f 5209//1349 5208//1348 5219//1359 5220//1360
f 5210//1350 5209//1349 5220//1360 5221//1361
f 5211//1351 5210//1350 5221//1361 5222//2546
f 5212//1352 5211//1351 5222//2546 5223//1363
f 5213//2348 5212//1352 5223//1363 5224//1364
f 5215//1355 5214//1354 5225//1365 5226//2547
f 5216//1356 5215//1355 5226//2547 5227//1367
f 5217//1357 5216//1356 5227//1367 5228//1368
f 5218//1358 5217//1357 5228//1368 5229//1369
f 5219//1359 5218//1358 5229//1369 5230//1370
f 5220//1360 5219//1359 5230//1370 5231//1371
f 5221//1361 5220//1360 5231//1371 5232//1372
f 5222//2546 5221//1361 5232//1372 5233//1373
f 5223//1363 5222//2546 5233//1373 5234//1374
f 5224//1364 5223//1363 5234//1374 5235//1375
f 5226//2547 5225//1365 5236//1376 5237//1377
f 5227//1367 5226//2547 5237//1377 5238//1378
f 5228//1368 5227//1367 5238//1378 5239//1379
f 5229//1369 5228//1368 5239//1379 5240//1380
f 5230//1370 5229//1369 5240//1380 5241//1381
f 5231//1371 5230//1370 5241//1381 5242//1382
f 5232//1372 5231//1371 5242//1382 5243//1383
f 5233//1373 5232//1372 5243//1383 5244//1384
f 5234//1374 5233//1373 5244//1384 5245//1385
f 5235//1375 5234//1374 5245//1385 5246//1386
f 5247//1387 4817//981 4828//2524 5248//1388
f 5248//1388 4828//2524 4839//993 5249//1389
f 5249//1389 4839//993 4850//1004 5250//1390
f 5250//1390 4850//1004 4861//1015 5251//1391
f 5251//1391 4861//1015 4872//1026 5252//1392
f 5252//1392 4872//1026 4883//1026 5253//1392
f 5253//1392 4883//1026 4894//1026 5254//1392
f 5254//1392 4894//1026 4905//1045 5255//1393
f 5255//1393 4905//1045 4916//1056 5256//1394
f 5256//1394 4916//1056 4927//1067 5257//2548
f 5257//2548 4927//1067 4938//1078 5258//1396
f 5258//1396 4938//1078 4949//1089 5259//1397
f 5259//1397 4949//1089 4960//1100 5260//1398
f 5260//1398 4960//1100 4971//1111 5261//2398
f 5262//1400 4982//1132 4993//1133 5263//1401
f 5263//1401 4993//1133 5004//1144 5264//1402
f 5264//1402 5004//1144 5015//1155 5265//1403
f 5265//1403 5015//1155 5026//1166 5266//1404
f 5266//1404 5026//1166 5037//1177 5267//1405
f 5267//1405 5037//1177 5048//1188 5268//1406
f 5268//1406 5048//1188 5059//2364 5269//1407
f 5269//1407 5059//2364 5070//1210 5270//1408
f 5270//1408 5070//1210 5081//1221 5271//1409
f 5271//1409 5081//1221 5092//1232 5272//1410
f 5272//1410 5092//1232 5103//1243 5273//1411
f 5273//1411 5103//1243 5114//1254 5274//1412
f 5274//1412 5114//1254 5125//1265 5275//1413
f 5275//1413 5125//1265 5136//1276 5276//1414
f 5276//1414 5136//1276 5147//1287 5277//1415
f 5277//1415 5147//1287 5158//1298 5278//1416
f 5278//1416 5158//1298 5169//1309 5279//1417
f 5279//1417 5169//1309 5180//1320 5280//2549
f 5280//2549 5180//1320 5191//1331 5281//1419
f 5281//1419 5191//1331 5202//1342 5282//1420
f 5282//1420 5202//1342 5213//2348 5283//2550
f 5283//2550 5213//2348 5224//1364 5284//1422
f 5284//1422 5224//1364 5235//1375 5285//1423
f 5285//1423 5235//1375 5246//1386 5286//1424
f 4807//962 5287//1425 5288//1426 4818//963
f 4818//963 5288//1426 5289//1427 4829//983
f 4829//983 5289//1427 5290//1428 4840//994
f 4840//994 5290//1428 5291//1429 4851//2525
f 4851//2525 5291//1429 5292//1430 4862//1016
f 4862//1016 5292//1430 5293//2551 4873//2527
f 4873//2527 5293//2551 5294//1430 4884//1016
f 4884//1016 5294//1430 5295//1431 4895//2529
f 4895//2529 5295//1431 5296//1432 4906//1046
f 4906//1046 5296//1432 5297//1433 4917//1057
f 4917//1057 5297//1433 5298//1434 4928//1068
f 4928//1068 5298//1434 5299//1435 4939//1079
f 4939//1079 5299//1435 5300//1436 4950//2533
f 4950//2533 5300//1436 5301//1437 4961//1101
f 4972//1113 5302//2411 5303//1439 4983//1114
f 4983//1114 5303//1439 5304//1440 4994//1134
f 4994//1134 5304//1440 5305//1441 5005//1145
f 5005//1145 5305//1441 5306//1442 5016//1156
f 5016//1156 5306//1442 5307//1443 5027//1167
f 5027//1167 5307//1443 5308//2552 5038//1178
f 5038//1178 5308//2552 5309//1445 5049//1189
f 5049//1189 5309//1445 5310//1446 5060//1200
f 5060//1200 5310//1446 5311//1447 5071//1211
f 5071//1211 5311//1447 5312//1448 5082//1222
f 5082//1222 5312//1448 5313//1449 5093//2539
f 5093//2539 5313//1449 5314//1450 5104//2541
f 5104//2541 5314//1450 5315//1451 5115//1255
f 5115//1255 5315//1451 5316//1452 5126//1266
f 5126//1266 5316//1452 5317//1453 5137//1277
f 5137//1277 5317//1453 5318//1454 5148//1288
f 5148//1288 5318//1454 5319//2553 5159//1299
f 5159//1299 5319//2553 5320//1456 5170//1310
f 5170//1310 5320//1456 5321//1457 5181//1321
f 5181//1321 5321//1457 5322//1458 5192//1332
f 5192//1332 5322//1458 5323//1459 5203//1343
f 5203//1343 5323//1459 5324//1460 5214//1354
f 5214//1354 5324//1460 5325//1461 5225//1365
f 5225//1365 5325//1461 5326//1462 5236//1376
f 5327//1463 5247//1387 5248//1388 5336//1464
f 5328//1465 5327//1463 5336//1464 5337//1466
f 5329//1467 5328//1465 5337//1466 5338//1468
f 5330//1469 5329//1467 5338//1468 5339//1470
f 5331//1471 5330//1469 5339//1470 5340//1472
f 5332//1473 5331//1471 5340//1472 5341//1474
f 5333//1475 5332//1473 5341//1474 5342//1476
f 5334//1477 5333//1475 5342//1476 5343//1478
f 5335//1479 5334//1477 5343//1478 5344//1480
f 5287//1425 5335//1479 5344//1480 5288//1426
f 5336//1464 5248//1388 5249//1389 5345//1481
f 5337//1466 5336//1464 5345//1481 5346//1482
f 5338//1468 5337//1466 5346//1482 5347//1483
f 5339//1470 5338//1468 5347//1483 5348//1484
f 5340//1472 5339//1470 5348//1484 5349//1485
f 5341//1474 5340//1472 5349//1485 5350//1486
f 5342//1476 5341//1474 5350//1486 5351//1487
f 5343//1478 5342//1476 5351//1487 5352//1488
f 5344//1480 5343//1478 5352//1488 5353//1489
f 5288//1426 5344//1480 5353//1489 5289//1427
f 5345//1481 5249//1389 5250//1390 5354//1490
f 5346//1482 5345//1481 5354//1490 5355//1491
f 5347//1483 5346//1482 5355//1491 5356//1492
f 5348//1484 5347//1483 5356//1492 5357//1493
f 5349//1485 5348//1484 5357//1493 5358//1494
f 5350//1486 5349//1485 5358//1494 5359//1495
f 5351//1487 5350//1486 5359//1495 5360//1496
f 5352//1488 5351//1487 5360//1496 5361//1497
f 5353//1489 5352//1488 5361//1497 5362//1498
f 5289//1427 5353//1489 5362//1498 5290//1428
f 5354//1490 5250//1390 5251//1391 5363//1499
f 5355//1491 5354//1490 5363//1499 5364//1500
f 5356//1492 5355//1491 5364//1500 5365//2554
f 5357//1493 5356//1492 5365//2554 5366//1502
f 5358//1494 5357//1493 5366//1502 5367//1503
f 5359//1495 5358//1494 5367//1503 5368//1504
f 5360//1496 5359//1495 5368//1504 5369//1505
f 5361//1497 5360//1496 5369//1505 5370//1506
f 5362//1498 5361//1497 5370//1506 5371//1507
f 5290//1428 5362//1498 5371//1507 5291//1429
f 5363//1499 5251//1391 5252//1392 5372//1508
f 5364//1500 5363//1499 5372//1508 5373//1509
f 5365//2554 5364//1500 5373//1509 5374//1510
f 5366//1502 5365//2554 5374//1510 5375//1511
f 5367//1503 5366//1502 5375//1511 5376//1512
f 5368//1504 5367//1503 5376//1512 5377//1513
f 5369//1505 5368//1504 5377//1513 5378//1514
f 5370//1506 5369//1505 5378//1514 5379//1515
f 5371//1507 5370//1506 5379//1515 5380//1516
f 5291//1429 5371//1507 5380//1516 5292//1430
f 5372//1508 5252//1392 5253//1392 5381//1517
f 5373//1509 5372//1508 5381//1517 5382//1518
f 5374//1510 5373//1509 5382//1518 5383//1519
f 5375//1511 5374//1510 5383//1519 5384//1520
f 5376//1512 5375//1511 5384//1520 5385//1521
f 5377//1513 5376//1512 5385//1521 5386//1513
f 5378//1514 5377//1513 5386//1513 5387//1522
f 5379//1515 5378//1514 5387//1522 5388//1523
f 5380//1516 5379//1515 5388//1523 5389//1524
f 5292//1430 5380//1516 5389//1524 5293//2551
f 5381//1517 5253//1392 5254//1392 5390//1508
f 5382//1518 5381//1517 5390//1508 5391//1509
f 5383//1519 5382//1518 5391//1509 5392//1510
f 5384//1520 5383//1519 5392//1510 5393//1511
f 5385//1521 5384//1520 5393//1511 5394//1512
f 5386//1513 5385//1521 5394//1512 5395//1513
f 5387//1522 5386//1513 5395//1513 5396//1514
f 5388//1523 5387//1522 5396//1514 5397//1515
f 5389//1524 5388//1523 5397//1515 5398//1516
f 5293//2551 5389//1524 5398//1516 5294//1430
f 5390//1508 5254//1392 5255//1393 5399//1525
f 5391//1509 5390//1508 5399//1525 5400//1526
f 5392//1510 5391//1509 5400//1526 5401//2555
f 5393//1511 5392//1510 5401//2555 5402//1528
f 5394//1512 5393//1511 5402//1528 5403//1529
f 5395//1513 5394//1512 5403//1529 5404//1530
f 5396//1514 5395//1513 5404//1530 5405//1531
f 5397//1515 5396//1514 5405//1531 5406//1532
f 5398//1516 5397//1515 5406//1532 5407//1533
f 5294//1430 5398//1516 5407//1533 5295//1431
f 5399//1525 5255//1393 5256//1394 5408//1534
f 5400//1526 5399//1525 5408//1534 5409//1535
f 5401//2555 5400//1526 5409//1535 5410//1536
f 5402//1528 5401//2555 5410//1536 5411//1537
f 5403//1529 5402//1528 5411//1537 5412//1538
f 5404//1530 5403//1529 5412//1538 5413//1539
f 5405//1531 5404//1530 5413//1539 5414//1540
f 5406//1532 5405//1531 5414//1540 5415//1541
f 5407//1533 5406//1532 5415//1541 5416//1542
f 5295//1431 5407//1533 5416//1542 5296//1432
f 5408//1534 5256//1394 5257//2548 5417//1543
f 5409//1535 5408//1534 5417//1543 5418//1544
f 5410//1536 5409//1535 5418//1544 5419//1545
f 5411//1537 5410//1536 5419//1545 5420//1546
f 5412//1538 5411//1537 5420//1546 5421//1547
f 5413//1539 5412//1538 5421//1547 5422//1548
f 5414//1540 5413//1539 5422//1548 5423//2556
f 5415//1541 5414//1540 5423//2556 5424//1550
f 5416//1542 5415//1541 5424//1550 5425//1551
f 5296//1432 5416//1542 5425//1551 5297//1433
f 5417//1543 5257//2548 5258//1396 5426//1552
f 5418//1544 5417//1543 5426//1552 5427//1553
f 5419//1545 5418//1544 5427//1553 5428//1554
f 5420//1546 5419//1545 5428//1554 5429//1555
f 5421//1547 5420//1546 5429//1555 5430//1556
f 5422//1548 5421//1547 5430//1556 5431//1557
f 5423//2556 5422//1548 5431//1557 5432//1558
f 5424//1550 5423//2556 5432//1558 5433//1559
f 5425//1551 5424//1550 5433//1559 5434//1560
f 5297//1433 5425//1551 5434//1560 5298//1434
f 5426//1552 5258//1396 5259//1397 5435//1561
f 5427//1553 5426//1552 5435//1561 5436//1562
f 5428//1554 5427//1553 5436//1562 5437//1563
f 5429//1555 5428//1554 5437//1563 5438//1564
f 5430//1556 5429//1555 5438//1564 5439//1565
f 5431//1557 5430//1556 5439//1565 5440//1566
f 5432//1558 5431//1557 5440//1566 5441//1567
f 5433//1559 5432//1558 5441//1567 5442//1568
f 5434//1560 5433//1559 5442//1568 5443//1569
f 5298//1434 5434//1560 5443//1569 5299//1435
f 5435//1561 5259//1397 5260//1398 5444//1570
f 5436//1562 5435//1561 5444//1570 5445//1571
f 5437//1563 5436//1562 5445//1571 5446//1572
f 5438//1564 5437//1563 5446//1572 5447//1573
f 5439//1565 5438//1564 5447//1573 5448//1574
f 5440//1566 5439//1565 5448//1574 5449//1575
f 5441//1567 5440//1566 5449//1575 5450//1576
f 5442//1568 5441//1567 5450//1576 5451//1577
f 5443//1569 5442//1568 5451//1577 5452//1578
f 5299//1435 5443//1569 5452//1578 5300//1436
f 5444//1570 5260//1398 5261//2398 5453//1579
f 5445//1571 5444//1570 5453//1579 5454//1580
f 5446//1572 5445//1571 5454//1580 5455//1581
f 5447//1573 5446//1572 5455//1581 5456//1582
f 5448//1574 5447//1573 5456//1582 5457//1583
f 5449//1575 5448//1574 5457//1583 5458//1584
f 5450//1576 5449//1575 5458//1584 5459//1585
f 5451//1577 5450//1576 5459//1585 5460//2475
f 5452//1578 5451//1577 5460//2475 5461//1587
f 5300//1436 5452//1578 5461//1587 5301//1437
f 5462//1588 5262//1400 5263//1401 5471//1589
f 5463//1590 5462//1588 5471//1589 5472//1591
f 5464//1592 5463//1590 5472//1591 5473//1593
f 5465//1594 5464//1592 5473//1593 5474//1595
f 5466//1596 5465//1594 5474//1595 5475//1597
f 5467//1598 5466//1596 5475//1597 5476//1599
f 5468//1600 5467//1598 5476//1599 5477//1601
f 5469//1602 5468//1600 5477//1601 5478//1603
f 5470//1604 5469//1602 5478//1603 5479//1605
f 5302//2411 5470//1604 5479//1605 5303//1439
f 5471//1589 5263//1401 5264//1402 5480//1606
f 5472//1591 5471//1589 5480//1606 5481//1607
f 5473//1593 5472//1591 5481//1607 5482//1608
f 5474//1595 5473//1593 5482//1608 5483//2557
f 5475//1597 5474//1595 5483//2557 5484//2558
f 5476//1599 5475//1597 5484//2558 5485//1611
f 5477//1601 5476//1599 5485//1611 5486//1612
f 5478//1603 5477//1601 5486//1612 5487//1613
f 5479//1605 5478//1603 5487//1613 5488//1614
f 5303//1439 5479//1605 5488//1614 5304//1440
f 5480//1606 5264//1402 5265//1403 5489//1615
f 5481//1607 5480//1606 5489//1615 5490//1616
f 5482//1608 5481//1607 5490//1616 5491//1617
f 5483//2557 5482//1608 5491//1617 5492//1618
f 5484//2558 5483//2557 5492//1618 5493//1619
f 5485//1611 5484//2558 5493//1619 5494//2559
f 5486//1612 5485//1611 5494//2559 5495//1621
f 5487//1613 5486//1612 5495//1621 5496//1622
f 5488//1614 5487//1613 5496//1622 5497//1623
f 5304//1440 5488//1614 5497//1623 5305//1441
f 5489//1615 5265//1403 5266//1404 5498//1624
f 5490//1616 5489//1615 5498//1624 5499//1625
f 5491//1617 5490//1616 5499//1625 5500//1626
f 5492//1618 5491//1617 5500//1626 5501//1627
f 5493//1619 5492//1618 5501//1627 5502//1628
f 5494//2559 5493//1619 5502//1628 5503//1629
f 5495//1621 5494//2559 5503//1629 5504//1630
f 5496//1622 5495//1621 5504//1630 5505//1631
f 5497//1623 5496//1622 5505//1631 5506//1632
f 5305//1441 5497//1623 5506//1632 5306//1442
f 5498//1624 5266//1404 5267//1405 5507//1633
f 5499//1625 5498//1624 5507//1633 5508//1634
f 5500//1626 5499//1625 5508//1634 5509//1635
f 5501//1627 5500//1626 5509//1635 5510//1636
f 5502//1628 5501//1627 5510//1636 5511//1637
f 5503//1629 5502//1628 5511//1637 5512//1638
f 5504//1630 5503//1629 5512//1638 5513//1639
f 5505//1631 5504//1630 5513//1639 5514//1640
f 5506//1632 5505//1631 5514//1640 5515//1641
f 5306//1442 5506//1632 5515//1641 5307//1443
f 5507//1633 5267//1405 5268//1406 5516//1642
f 5508//1634 5507//1633 5516//1642 5517//1643
f 5509//1635 5508//1634 5517//1643 5518//1644
f 5510//1636 5509//1635 5518//1644 5519//1645
f 5511//1637 5510//1636 5519//1645 5520//1646
f 5512//1638 5511//1637 5520//1646 5521//1647
f 5513//1639 5512//1638 5521//1647 5522//1648
f 5514//1640 5513//1639 5522//1648 5523//1649
f 5515//1641 5514//1640 5523//1649 5524//1650
f 5307//1443 5515//1641 5524//1650 5308//2552
f 5516//1642 5268//1406 5269//1407 5525//1651
f 5517//1643 5516//1642 5525//1651 5526//1652
f 5518//1644 5517//1643 5526//1652 5527//1653
f 5519//1645 5518//1644 5527//1653 5528//1654
f 5520//1646 5519//1645 5528//1654 5529//1655
f 5521//1647 5520//1646 5529//1655 5530//1656
f 5522//1648 5521//1647 5530//1656 5531//1657
f 5523//1649 5522//1648 5531//1657 5532//1658
f 5524//1650 5523//1649 5532//1658 5533//1659
f 5308//2552 5524//1650 5533//1659 5309//1445
f 5525//1651 5269//1407 5270//1408 5534//1660
f 5526//1652 5525//1651 5534//1660 5535//1661
f 5527//1653 5526//1652 5535//1661 5536//1662
f 5528//1654 5527//1653 5536//1662 5537//1663
f 5529//1655 5528//1654 5537//1663 5538//1664
f 5530//1656 5529//1655 5538//1664 5539//1665
f 5531//1657 5530//1656 5539//1665 5540//1666
f 5532//1658 5531//1657 5540//1666 5541//1667
f 5533//1659 5532//1658 5541//1667 5542//1668
f 5309//1445 5533//1659 5542//1668 5310//1446
f 5534//1660 5270//1408 5271//1409 5543//1669
f 5535//1661 5534//1660 5543//1669 5544//2499
f 5536//1662 5535//1661 5544//2499 5545//1671
f 5537//1663 5536//1662 5545//1671 5546//1672
f 5538//1664 5537//1663 5546//1672 5547//1673
f 5539//1665 5538//1664 5547//1673 5548//1674
f 5540//1666 5539//1665 5548//1674 5549//1675
f 5541//1667 5540//1666 5549//1675 5550//1676
f 5542//1668 5541//1667 5550//1676 5551//1677
f 5310//1446 5542//1668 5551//1677 5311//1447
f 5543//1669 5271//1409 5272//1410 5552//1678
f 5544//2499 5543//1669 5552//1678 5553//1679
f 5545//1671 5544//2499 5553//1679 5554//1680
f 5546//1672 5545//1671 5554//1680 5555//1681
f 5547//1673 5546//1672 5555//1681 5556//1682
f 5548//1674 5547//1673 5556//1682 5557//1683
f 5549//1675 5548//1674 5557//1683 5558//1684
f 5550//1676 5549//1675 5558//1684 5559//1685
f 5551//1677 5550//1676 5559//1685 5560//1686
f 5311//1447 5551//1677 5560//1686 5312//1448
f 5552//1678 5272//1410 5273//1411 5561//1687
f 5553//1679 5552//1678 5561//1687 5562//1688
f 5554//1680 5553//1679 5562//1688 5563//1689
f 5555//1681 5554//1680 5563//1689 5564//1690
f 5556//1682 5555//1681 5564//1690 5565//1691
f 5557//1683 5556//1682 5565//1691 5566//1692
f 5558//1684 5557//1683 5566//1692 5567//1693
f 5559//1685 5558//1684 5567//1693 5568//1694
f 5560//1686 5559//1685 5568//1694 5569//1695
f 5312//1448 5560//1686 5569//1695 5313//1449
f 5561//1687 5273//1411 5274//1412 5570//1696
f 5562//1688 5561//1687 5570//1696 5571//1697
f 5563//1689 5562//1688 5571//1697 5572//1698
f 5564//1690 5563//1689 5572//1698 5573//1699
f 5565//1691 5564//1690 5573//1699 5574//1700
f 5566//1692 5565//1691 5574//1700 5575//1701
f 5567//1693 5566//1692 5575//1701 5576//1702
f 5568//1694 5567//1693 5576//1702 5577//1703
f 5569//1695 5568//1694 5577//1703 5578//1704
f 5313//1449 5569//1695 5578//1704 5314//1450
f 5570//1696 5274//1412 5275//1413 5579//1705
f 5571//1697 5570//1696 5579//1705 5580//1706
f 5572//1698 5571//1697 5580//1706 5581//1707
f 5573//1699 5572//1698 5581//1707 5582//1708
f 5574//1700 5573//1699 5582//1708 5583//1709
f 5575//1701 5574//1700 5583//1709 5584//1710
f 5576//1702 5575//1701 5584//1710 5585//1711
f 5577//1703 5576//1702 5585//1711 5586//1712
f 5578//1704 5577//1703 5586//1712 5587//1713
f 5314//1450 5578//1704 5587//1713 5315//1451
f 5579//1705 5275//1413 5276//1414 5588//1714
f 5580//1706 5579//1705 5588//1714 5589//1715
f 5581//1707 5580//1706 5589//1715 5590//1716
f 5582//1708 5581//1707 5590//1716 5591//1717
f 5583//1709 5582//1708 5591//1717 5592//1718
f 5584//1710 5583//1709 5592//1718 5593//1719
f 5585//1711 5584//1710 5593//1719 5594//1720
f 5586//1712 5585//1711 5594//1720 5595//1721
f 5587//1713 5586//1712 5595//1721 5596//1722
f 5315//1451 5587//1713 5596//1722 5316//1452
f 5588//1714 5276//1414 5277//1415 5597//1723
f 5589//1715 5588//1714 5597//1723 5598//1724
f 5590//1716 5589//1715 5598//1724 5599//1725
f 5591//1717 5590//1716 5599//1725 5600//1726
f 5592//1718 5591//1717 5600//1726 5601//1727
f 5593//1719 5592//1718 5601//1727 5602//1728
f 5594//1720 5593//1719 5602//1728 5603//1729
f 5595//1721 5594//1720 5603//1729 5604//1730
f 5596//1722 5595//1721 5604//1730 5605//1731
f 5316//1452 5596//1722 5605//1731 5317//1453
f 5597//1723 5277//1415 5278//1416 5606//1732
f 5598//1724 5597//1723 5606//1732 5607//1733
f 5599//1725 5598//1724 5607//1733 5608//1734
f 5600//1726 5599//1725 5608//1734 5609//1735
f 5601//1727 5600//1726 5609//1735 5610//1736
f 5602//1728 5601//1727 5610//1736 5611//1737
f 5603//1729 5602//1728 5611//1737 5612//1738
f 5604//1730 5603//1729 5612//1738 5613//1739
f 5605//1731 5604//1730 5613//1739 5614//1740
f 5317//1453 5605//1731 5614//1740 5318//1454
f 5606//1732 5278//1416 5279//1417 5615//1741
f 5607//1733 5606//1732 5615//1741 5616//1742
f 5608//1734 5607//1733 5616//1742 5617//1743
f 5609//1735 5608//1734 5617//1743 5618//1744
f 5610//1736 5609//1735 5618//1744 5619//1745
f 5611//1737 5610//1736 5619//1745 5620//1746
f 5612//1738 5611//1737 5620//1746 5621//1747
f 5613//1739 5612//1738 5621//1747 5622//1748
f 5614//1740 5613//1739 5622//1748 5623//1749
f 5318//1454 5614//1740 5623//1749 5319//2553
f 5615//1741 5279//1417 5280//2549 5624//2560
f 5616//1742 5615//1741 5624//2560 5625//1751
f 5617//1743 5616//1742 5625//1751 5626//1752
f 5618//1744 5617//1743 5626//1752 5627//1753
f 5619//1745 5618//1744 5627//1753 5628//1754
f 5620//1746 5619//1745 5628//1754 5629//1755
f 5621//1747 5620//1746 5629//1755 5630//1756
f 5622//1748 5621//1747 5630//1756 5631//1757
f 5623//1749 5622//1748 5631//1757 5632//1758
f 5319//2553 5623//1749 5632//1758 5320//1456
f 5624//2560 5280//2549 5281//1419 5633//1759
f 5625//1751 5624//2560 5633//1759 5634//1760
f 5626//1752 5625//1751 5634//1760 5635//1761
f 5627//1753 5626//1752 5635//1761 5636//1762
f 5628//1754 5627//1753 5636//1762 5637//1763
f 5629//1755 5628//1754 5637//1763 5638//1764
f 5630//1756 5629//1755 5638//1764 5639//1765
f 5631//1757 5630//1756 5639//1765 5640//1766
f 5632//1758 5631//1757 5640//1766 5641//1767
f 5320//1456 5632//1758 5641//1767 5321//1457
f 5633//1759 5281//1419 5282//1420 5642//1768
f 5634//1760 5633//1759 5642//1768 5643//2496
f 5635//1761 5634//1760 5643//2496 5644//2561
f 5636//1762 5635//1761 5644//2561 5645//1771
f 5637//1763 5636//1762 5645//1771 5646//1772
f 5638//1764 5637//1763 5646//1772 5647//1773
f 5639//1765 5638//1764 5647//1773 5648//1774
f 5640//1766 5639//1765 5648//1774 5649//1775
f 5641//1767 5640//1766 5649//1775 5650//1776
f 5321//1457 5641//1767 5650//1776 5322//1458
f 5642//1768 5282//1420 5283//2550 5651//1777
f 5643//2496 5642//1768 5651//1777 5652//1778
f 5644//2561 5643//2496 5652//1778 5653//1779
f 5645//1771 5644//2561 5653//1779 5654//1780
f 5646//1772 5645//1771 5654//1780 5655//1781
f 5647//1773 5646//1772 5655//1781 5656//1782
f 5648//1774 5647//1773 5656//1782 5657//1783
f 5649//1775 5648//1774 5657//1783 5658//1784
f 5650//1776 5649//1775 5658//1784 5659//1785
f 5322//1458 5650//1776 5659//1785 5323//1459
f 5651//1777 5283//2550 5284//1422 5660//2562
f 5652//1778 5651//1777 5660//2562 5661//1787
f 5653//1779 5652//1778 5661//1787 5662//1788
f 5654//1780 5653//1779 5662//1788 5663//1789
f 5655//1781 5654//1780 5663//1789 5664//1790
f 5656//1782 5655//1781 5664//1790 5665//1791
f 5657//1783 5656//1782 5665//1791 5666//1792
f 5658//1784 5657//1783 5666//1792 5667//1793
f 5659//1785 5658//1784 5667//1793 5668//1794
f 5323//1459 5659//1785 5668//1794 5324//1460
f 5660//2562 5284//1422 5285//1423 5669//1795
f 5661//1787 5660//2562 5669//1795 5670//1796
f 5662//1788 5661//1787 5670//1796 5671//1797
f 5663//1789 5662//1788 5671//1797 5672//1798
f 5664//1790 5663//1789 5672//1798 5673//1799
f 5665//1791 5664//1790 5673//1799 5674//1800
f 5666//1792 5665//1791 5674//1800 5675//1801
f 5667//1793 5666//1792 5675//1801 5676//1802
f 5668//1794 5667//1793 5676//1802 5677//1803
f 5324//1460 5668//1794 5677//1803 5325//1461
f 5669//1795 5285//1423 5286//1424 5678//1804
f 5670//1796 5669//1795 5678//1804 5679//1805
f 5671//1797 5670//1796 5679//1805 5680//1806
f 5672//1798 5671//1797 5680//1806 5681//1807
f 5673//1799 5672//1798 5681//1807 5682//1808
f 5674//1800 5673//1799 5682//1808 5683//1809
f 5675//1801 5674//1800 5683//1809 5684//2563
f 5676//1802 5675//1801 5684//2563 5685//1811
f 5677//1803 5676//1802 5685//1811 5686//1812
f 5325//1461 5677//1803 5686//1812 5326//1462
f 5688//1813 5687//2564 5698//2565 5699//1816
f 5689//1817 5688//1813 5699//1816 5700//1818
f 5690//1819 5689//1817 5700//1818 5701//1820
f 5691//1821 5690//1819 5701//1820 5702//1822
f 5692//863 5691//1821 5702//1822 5703//1823
f 5693//1824 5692//863 5703//1823 5704//1825
f 5694//1826 5693//1824 5704//1825 5705//1827
f 5695//1828 5694//1826 5705//1827 5706//1829
f 5696//1830 5695//1828 5706//1829 5707//1831
f 5697//1832 5696//1830 5707//1831 5708//1833
f 5699//1816 5698//2565 5709//1834 5710//1835
f 5700//1818 5699//1816 5710//1835 5711//1836
f 5701//1820 5700//1818 5711//1836 5712//1837
f 5702//1822 5701//1820 5712//1837 5713//1838
f 5703//1823 5702//1822 5713//1838 5714//1839
f 5704//1825 5703//1823 5714//1839 5715//1840
f 5705//1827 5704//1825 5715//1840 5716//1841
f 5706//1829 5705//1827 5716//1841 5717//2566
f 5707//1831 5706//1829 5717//2566 5718//1843
f 5708//1833 5707//1831 5718//1843 5719//1844
f 5710//1835 5709//1834 5720//2567 5721//1846
f 5711//1836 5710//1835 5721//1846 5722//1847
f 5712//1837 5711//1836 5722//1847 5723//1848
f 5713//1838 5712//1837 5723//1848 5724//1849
f 5714//1839 5713//1838 5724//1849 5725//1850
f 5715//1840 5714//1839 5725//1850 5726//1851
f 5716//1841 5715//1840 5726//1851 5727//1852
f 5717//2566 5716//1841 5727//1852 5728//1853
f 5718//1843 5717//2566 5728//1853 5729//1854
f 5719//1844 5718//1843 5729//1854 5730//1855
f 5721//1846 5720//2567 5731//2568 5732//1857
f 5722//1847 5721//1846 5732//1857 5733//1858
f 5723//1848 5722//1847 5733//1858 5734//1859
f 5724//1849 5723//1848 5734//1859 5735//1860
f 5725//1850 5724//1849 5735//1860 5736//863
f 5726//1851 5725//1850 5736//863 5737//1861
f 5727//1852 5726//1851 5737//1861 5738//1862
f 5728//1853 5727//1852 5738//1862 5739//1863
f 5729//1854 5728//1853 5739//1863 5740//1864
f 5730//1855 5729//1854 5740//1864 5741//1865
f 5742//1866 5697//1832 5708//1833 5743//1867
f 5743//1867 5708//1833 5719//1844 5744//1868
f 5744//1868 5719//1844 5730//1855 5745//1869
f 5745//1869 5730//1855 5741//1865 5746//1870
f 5687//2564 5747//2569 5748//2570 5698//2565
f 5698//2565 5748//2570 5749//1873 5709//1834
f 5709//1834 5749//1873 5750//2571 5720//2567
f 5720//2567 5750//2571 5751//2572 5731//2568
f 5752//1876 5742//1866 5743//1867 5761//1877
f 5753//1878 5752//1876 5761//1877 5762//1879
f 5754//1880 5753//1878 5762//1879 5763//1881
f 5755//1882 5754//1880 5763//1881 5764//1883
f 5756//925 5755//1882 5764//1883 5765//1884
f 5757//1885 5756//925 5765//1884 5766//1886
f 5758//1887 5757//1885 5766//1886 5767//1888
f 5759//1889 5758//1887 5767//1888 5768//1890
f 5760//1891 5759//1889 5768//1890 5769//1892
f 5747//2569 5760//1891 5769//1892 5748//2570
f 5761//1877 5743//1867 5744//1868 5770//1893
f 5762//1879 5761//1877 5770//1893 5771//2573
f 5763//1881 5762//1879 5771//2573 5772//1895
f 5764//1883 5763//1881 5772//1895 5773//1896
f 5765//1884 5764//1883 5773//1896 5774//1897
f 5766//1886 5765//1884 5774//1897 5775//1898
f 5767//1888 5766//1886 5775//1898 5776//1899
f 5768//1890 5767//1888 5776//1899 5777//1900
f 5769//1892 5768//1890 5777//1900 5778//1901
f 5748//2570 5769//1892 5778//1901 5749//1873
f 5770//1893 5744//1868 5745//1869 5779//1902
f 5771//2573 5770//1893 5779//1902 5780//1903
f 5772//1895 5771//2573 5780//1903 5781//1904
f 5773//1896 5772//1895 5781//1904 5782//1905
f 5774//1897 5773//1896 5782//1905 5783//1906
f 5775//1898 5774//1897 5783//1906 5784//1907
f 5776//1899 5775//1898 5784//1907 5785//1908
f 5777//1900 5776//1899 5785//1908 5786//1909
f 5778//1901 5777//1900 5786//1909 5787//1910
f 5749//1873 5778//1901 5787//1910 5750//2571
f 5779//1902 5745//1869 5746//1870 5788//1911
f 5780//1903 5779//1902 5788//1911 5789//1912
f 5781//1904 5780//1903 5789//1912 5790//1913
f 5782//1905 5781//1904 5790//1913 5791//1914
f 5783//1906 5782//1905 5791//1914 5792//925
f 5784//1907 5783//1906 5792//925 5793//1915
f 5785//1908 5784//1907 5793//1915 5794//1916
f 5786//1909 5785//1908 5794//1916 5795//1917
f 5787//1910 5786//1909 5795//1917 5796//1918
f 5750//2571 5787//1910 5796//1918 5751//2572
f 5798//1 5809//2574 5808//3 5797//2575
f 5799//5 5810//6 5809//2574 5798//1
f 5800//7 5811//8 5810//6 5799//5
f 5801//9 5812//10 5811//8 5800//7
f 5802//11 5813//12 5812//10 5801//9
f 5803//13 5814//14 5813//12 5802//11
f 5804//15 5815//16 5814//14 5803//13
f 5805//17 5816//18 5815//16 5804//15
f 5806//2576 5817//20 5816//18 5805//17
f 5807//21 5818//2577 5817//20 5806//2576
f 5809//2574 5820//2000 5819//24 5808//3
f 5810//6 5821//25 5820//2000 5809//2574
f 5811//8 5822//26 5821//25 5810//6
f 5812//10 5823//27 5822//26 5811//8
f 5813//12 5824//28 5823//27 5812//10
f 5814//14 5825//29 5824//28 5813//12
f 5815//16 5826//2001 5825//29 5814//14
f 5816//18 5827//31 5826//2001 5815//16
f 5817//20 5828//32 5827//31 5816//18
f 5818//2577 5829//33 5828//32 5817//20
f 5820//2000 5831//34 5830//2578 5819//24
f 5821//25 5832//36 5831//34 5820//2000
f 5822//26 5833//37 5832//36 5821//25
f 5823//27 5834//38 5833//37 5822//26
f 5824//28 5835//39 5834//38 5823//27
f 5825//29 5836//40 5835//39 5824//28
f 5826//2001 5837//41 5836//40 5825//29
f 5827//31 5838//42 5837//41 5826//2001
f 5828//32 5839//43 5838//42 5827//31
f 5829//33 5840//44 5839//43 5828//32
f 5831//34 5842//45 5841//1999 5830//2578
f 5832//36 5843//2579 5842//45 5831//34
f 5833//37 5844//48 5843//2579 5832//36
f 5834//38 5845//49 5844//48 5833//37
f 5835//39 5846//50 5845//49 5834//38
f 5836//40 5847//51 5846//50 5835//39
f 5837//41 5848//2580 5847//51 5836//40
f 5838//42 5849//53 5848//2580 5837//41
f 5839//43 5850//54 5849//53 5838//42
f 5840//44 5851//55 5850//54 5839//43
f 5842//45 5853//56 5852//57 5841//1999
f 5843//2579 5854//58 5853//56 5842//45
f 5844//48 5855//59 5854//58 5843//2579
f 5845//49 5856//60 5855//59 5844//48
f 5846//50 5857//61 5856//60 5845//49
f 5847//51 5858//62 5857//61 5846//50
f 5848//2580 5859//63 5858//62 5847//51
f 5849//53 5860//64 5859//63 5848//2580
f 5850//54 5861//65 5860//64 5849//53
f 5851//55 5862//66 5861//65 5850//54
f 5853//56 5864//67 5863//57 5852//57
f 5854//58 5865//68 5864//67 5853//56
f 5855//59 5866//69 5865//68 5854//58
f 5856//60 5867//70 5866//69 5855//59
f 5857//61 5868//71 5867//70 5856//60
f 5858//62 5869//62 5868//71 5857//61
f 5859//63 5870//72 5869//62 5858//62
f 5860//64 5871//73 5870//72 5859//63
f 5861//65 5872//74 5871//73 5860//64
f 5862//66 5873//66 5872//74 5861//65
f 5864//67 5875//56 5874//57 5863//57
f 5865//68 5876//58 5875//56 5864//67
f 5866//69 5877//59 5876//58 5865//68
f 5867//70 5878//60 5877//59 5866//69
f 5868//71 5879//61 5878//60 5867//70
f 5869//62 5880//62 5879//61 5868//71
f 5870//72 5881//63 5880//62 5869//62
f 5871//73 5882//64 5881//63 5870//72
f 5872//74 5883//65 5882//64 5871//73
f 5873//66 5884//66 5883//65 5872//74
f 5875//56 5886//75 5885//76 5874//57
f 5876//58 5887//2581 5886//75 5875//56
f 5877//59 5888//78 5887//2581 5876//58
f 5878//60 5889//79 5888//78 5877//59
f 5879//61 5890//80 5889//79 5878//60
f 5880//62 5891//81 5890//80 5879//61
f 5881//63 5892//2582 5891//81 5880//62
f 5882//64 5893//83 5892//2582 5881//63
f 5883//65 5894//84 5893//83 5882//64
f 5884//66 5895//85 5894//84 5883//65
f 5886//75 5897//86 5896//87 5885//76
f 5887//2581 5898//88 5897//86 5886//75
f 5888//78 5899//89 5898//88 5887//2581
f 5889//79 5900//90 5899//89 5888//78
f 5890//80 5901//91 5900//90 5889//79
f 5891//81 5902//92 5901//91 5890//80
f 5892//2582 5903//93 5902//92 5891//81
f 5893//83 5904//94 5903//93 5892//2582
f 5894//84 5905//95 5904//94 5893//83
f 5895//85 5906//96 5905//95 5894//84
f 5897//86 5908//2583 5907//98 5896//87
f 5898//88 5909//99 5908//2583 5897//86
f 5899//89 5910//100 5909//99 5898//88
f 5900//90 5911//101 5910//100 5899//89
f 5901//91 5912//102 5911//101 5900//90
f 5902//92 5913//103 5912//102 5901//91
f 5903//93 5914//1995 5913//103 5902//92
f 5904//94 5915//105 5914//1995 5903//93
f 5905//95 5916//1996 5915//105 5904//94
f 5906//96 5917//107 5916//1996 5905//95
f 5908//2583 5919//108 5918//109 5907//98
f 5909//99 5920//110 5919//108 5908//2583
f 5910//100 5921//111 5920//110 5909//99
f 5911//101 5922//112 5921//111 5910//100
f 5912//102 5923//113 5922//112 5911//101
f 5913//103 5924//114 5923//113 5912//102
f 5914//1995 5925//115 5924//114 5913//103
f 5915//105 5926//116 5925//115 5914//1995
f 5916//1996 5927//2584 5926//116 5915//105
f 5917//107 5928//118 5927//2584 5916//1996
f 5919//108 5930//119 5929//120 5918//109
f 5920//110 5931//121 5930//119 5919//108
f 5921//111 5932//122 5931//121 5920//110
f 5922//112 5933//123 5932//122 5921//111
f 5923//113 5934//124 5933//123 5922//112
f 5924//114 5935//2585 5934//124 5923//113
f 5925//115 5936//126 5935//2585 5924//114
f 5926//116 5937//127 5936//126 5925//115
f 5927//2584 5938//128 5937//127 5926//116
f 5928//118 5939//129 5938//128 5927//2584
f 5930//119 5941//130 5940//2586 5929//120
f 5931//121 5942//132 5941//130 5930//119
f 5932//122 5943//133 5942//132 5931//121
f 5933//123 5944//134 5943//133 5932//122
f 5934//124 5945//135 5944//134 5933//123
f 5935//2585 5946//136 5945//135 5934//124
f 5936//126 5947//137 5946//136 5935//2585
f 5937//127 5948//138 5947//137 5936//126
f 5938//128 5949//139 5948//138 5937//127
f 5939//129 5950//140 5949//139 5938//128
f 5941//130 5952//141 5951//142 5940//2586
f 5942//132 5953//143 5952//141 5941//130
f 5943//133 5954//144 5953//143 5942//132
f 5944//134 5955//145 5954//144 5943//133
f 5945//135 5956//146 5955//145 5944//134
f 5946//136 5957//147 5956//146 5945//135
f 5947//137 5958//148 5957//147 5946//136
f 5948//138 5959//149 5958//148 5947//137
f 5949//139 5960//150 5959//149 5948//138
f 5950//140 5961//151 5960//150 5949//139
f 5963//152 5974//153 5973//154 5962//155
f 5964//156 5975//157 5974//153 5963//152
f 5965//158 5976//159 5975//157 5964//156
f 5966//160 5977//161 5976//159 5965//158
f 5967//162 5978//163 5977//161 5966//160
f 5968//164 5979//165 5978//163 5967//162
f 5969//166 5980//167 5979//165 5968//164
f 5970//168 5981//169 5980//167 5969//166
f 5971//170 5982//171 5981//169 5970//168
f 5972//172 5983//173 5982//171 5971//170
f 5974//153 5985//174 5984//175 5973//154
f 5975//157 5986//176 5985//174 5974//153
f 5976//159 5987//177 5986//176 5975//157
f 5977//161 5988//178 5987//177 5976//159
f 5978//163 5989//179 5988//178 5977//161
f 5979//165 5990//180 5989//179 5978//163
f 5980//167 5991//181 5990//180 5979//165
f 5981//169 5992//182 5991//181 5980//167
f 5982//171 5993//183 5992//182 5981//169
f 5983//173 5994//184 5993//183 5982//171
f 5985//174 5996//185 5995//186 5984//175
f 5986//176 5997//187 5996//185 5985//174
f 5987//177 5998//188 5997//187 5986//176
f 5988//178 5999//189 5998//188 5987//177
f 5989//179 6000//190 5999//189 5988//178
f 5990//180 6001//191 6000//190 5989//179
f 5991//181 6002//192 6001//191 5990//180
f 5992//182 6003//193 6002//192 5991//181
f 5993//183 6004//194 6003//193 5992//182
f 5994//184 6005//195 6004//194 5993//183
f 5996//185 6007//196 6006//197 5995//186
f 5997//187 6008//198 6007//196 5996//185
f 5998//188 6009//199 6008//198 5997//187
f 5999//189 6010//200 6009//199 5998//188
f 6000//190 6011//201 6010//200 5999//189
f 6001//191 6012//202 6011//201 6000//190
f 6002//192 6013//203 6012//202 6001//191
f 6003//193 6014//204 6013//203 6002//192
f 6004//194 6015//205 6014//204 6003//193
f 6005//195 6016//206 6015//205 6004//194
f 6007//196 6018//207 6017//208 6006//197
f 6008//198 6019//209 6018//207 6007//196
f 6009//199 6020//2090 6019//209 6008//198
f 6010//200 6021//211 6020//2090 6009//199
f 6011//201 6022//212 6021//211 6010//200
f 6012//202 6023//213 6022//212 6011//201
f 6013//203 6024//214 6023//213 6012//202
f 6014//204 6025//215 6024//214 6013//203
f 6015//205 6026//216 6025//215 6014//204
f 6016//206 6027//217 6026//216 6015//205
f 6018//207 6029//218 6028//219 6017//208
f 6019//209 6030//220 6029//218 6018//207
f 6020//2090 6031//2587 6030//220 6019//209
f 6021//211 6032//222 6031//2587 6020//2090
f 6022//212 6033//223 6032//222 6021//211
f 6023//213 6034//224 6033//223 6022//212
f 6024//214 6035//225 6034//224 6023//213
f 6025//215 6036//226 6035//225 6024//214
f 6026//216 6037//227 6036//226 6025//215
f 6027//217 6038//228 6037//227 6026//216
f 6029//218 6040//229 6039//230 6028//219
f 6030//220 6041//231 6040//229 6029//218
f 6031//2587 6042//232 6041//231 6030//220
f 6032//222 6043//233 6042//232 6031//2587
f 6033//223 6044//234 6043//233 6032//222
f 6034//224 6045//235 6044//234 6033//223
f 6035//225 6046//236 6045//235 6034//224
f 6036//226 6047//237 6046//236 6035//225
f 6037//227 6048//238 6047//237 6036//226
f 6038//228 6049//239 6048//238 6037//227
f 6040//229 6051//240 6050//2588 6039//230
f 6041//231 6052//242 6051//240 6040//229
f 6042//232 6053//243 6052//242 6041//231
f 6043//233 6054//244 6053//243 6042//232
f 6044//234 6055//245 6054//244 6043//233
f 6045//235 6056//246 6055//245 6044//234
f 6046//236 6057//247 6056//246 6045//235
f 6047//237 6058//248 6057//247 6046//236
f 6048//238 6059//249 6058//248 6047//237
f 6049//239 6060//250 6059//249 6048//238
f 6051//240 6062//251 6061//252 6050//2588
f 6052//242 6063//253 6062//251 6051//240
f 6053//243 6064//254 6063//253 6052//242
f 6054//244 6065//255 6064//254 6053//243
f 6055//245 6066//256 6065//255 6054//244
f 6056//246 6067//257 6066//256 6055//245
f 6057//247 6068//258 6067//257 6056//246
f 6058//248 6069//259 6068//258 6057//247
f 6059//249 6070//260 6069//259 6058//248
f 6060//250 6071//261 6070//260 6059//249
f 6062//251 6073//262 6072//263 6061//252
f 6063//253 6074//264 6073//262 6062//251
f 6064//254 6075//265 6074//264 6063//253
f 6065//255 6076//266 6075//265 6064//254
f 6066//256 6077//267 6076//266 6065//255
f 6067//257 6078//268 6077//267 6066//256
f 6068//258 6079//269 6078//268 6067//257
f 6069//259 6080//2589 6079//269 6068//258
f 6070//260 6081//271 6080//2589 6069//259
f 6071//261 6082//272 6081//271 6070//260
f 6073//262 6084//273 6083//274 6072//263
f 6074//264 6085//275 6084//273 6073//262
f 6075//265 6086//276 6085//275 6074//264
f 6076//266 6087//277 6086//276 6075//265
f 6077//267 6088//278 6087//277 6076//266
f 6078//268 6089//279 6088//278 6077//267
f 6079//269 6090//280 6089//279 6078//268
f 6080//2589 6091//281 6090//280 6079//269
f 6081//271 6092//2590 6091//281 6080//2589
f 6082//272 6093//283 6092//2590 6081//271
f 6084//273 6095//284 6094//2083 6083//274
f 6085//275 6096//286 6095//284 6084//273
f 6086//276 6097//287 6096//286 6085//275
f 6087//277 6098//288 6097//287 6086//276
f 6088//278 6099//289 6098//288 6087//277
f 6089//279 6100//2591 6099//289 6088//278
f 6090//280 6101//291 6100//2591 6089//279
f 6091//281 6102//292 6101//291 6090//280
f 6092//2590 6103//293 6102//292 6091//281
f 6093//283 6104//294 6103//293 6092//2590
f 6095//284 6106//295 6105//296 6094//2083
f 6096//286 6107//297 6106//295 6095//284
f 6097//287 6108//298 6107//297 6096//286
f 6098//288 6109//299 6108//298 6097//287
f 6099//289 6110//300 6109//299 6098//288
f 6100//2591 6111//301 6110//300 6099//289
f 6101//291 6112//302 6111//301 6100//2591
f 6102//292 6113//303 6112//302 6101//291
f 6103//293 6114//304 6113//303 6102//292
f 6104//294 6115//305 6114//304 6103//293
f 6106//295 6117//306 6116//307 6105//296
f 6107//297 6118//308 6117//306 6106//295
f 6108//298 6119//309 6118//308 6107//297
f 6109//299 6120//310 6119//309 6108//298
f 6110//300 6121//311 6120//310 6109//299
f 6111//301 6122//2592 6121//311 6110//300
f 6112//302 6123//313 6122//2592 6111//301
f 6113//303 6124//314 6123//313 6112//302
f 6114//304 6125//315 6124//314 6113//303
f 6115//305 6126//316 6125//315 6114//304
f 6117//306 6128//317 6127//318 6116//307
f 6118//308 6129//319 6128//317 6117//306
f 6119//309 6130//320 6129//319 6118//308
f 6120//310 6131//321 6130//320 6119//309
f 6121//311 6132//322 6131//321 6120//310
f 6122//2592 6133//323 6132//322 6121//311
f 6123//313 6134//324 6133//323 6122//2592
f 6124//314 6135//325 6134//324 6123//313
f 6125//315 6136//2593 6135//325 6124//314
f 6126//316 6137//327 6136//2593 6125//315
f 6128//317 6139//328 6138//329 6127//318
f 6129//319 6140//2080 6139//328 6128//317
f 6130//320 6141//331 6140//2080 6129//319
f 6131//321 6142//332 6141//331 6130//320
f 6132//322 6143//333 6142//332 6131//321
f 6133//323 6144//334 6143//333 6132//322
f 6134//324 6145//335 6144//334 6133//323
f 6135//325 6146//336 6145//335 6134//324
f 6136//2593 6147//337 6146//336 6135//325
f 6137//327 6148//338 6147//337 6136//2593
f 6139//328 6150//339 6149//340 6138//329
f 6140//2080 6151//341 6150//339 6139//328
f 6141//331 6152//342 6151//341 6140//2080
f 6142//332 6153//343 6152//342 6141//331
f 6143//333 6154//344 6153//343 6142//332
f 6144//334 6155//345 6154//344 6143//333
f 6145//335 6156//346 6155//345 6144//334
f 6146//336 6157//347 6156//346 6145//335
f 6147//337 6158//348 6157//347 6146//336
f 6148//338 6159//349 6158//348 6147//337
f 6150//339 6161//350 6160//351 6149//340
f 6151//341 6162//352 6161//350 6150//339
f 6152//342 6163//353 6162//352 6151//341
f 6153//343 6164//354 6163//353 6152//342
f 6154//344 6165//355 6164//354 6153//343
f 6155//345 6166//356 6165//355 6154//344
f 6156//346 6167//357 6166//356 6155//345
f 6157//347 6168//358 6167//357 6156//346
f 6158//348 6169//359 6168//358 6157//347
f 6159//349 6170//360 6169//359 6158//348
f 6161//350 6172//361 6171//362 6160//351
f 6162//352 6173//363 6172//361 6161//350
f 6163//353 6174//364 6173//363 6162//352
f 6164//354 6175//365 6174//364 6163//353
f 6165//355 6176//366 6175//365 6164//354
f 6166//356 6177//367 6176//366 6165//355
f 6167//357 6178//368 6177//367 6166//356
f 6168//358 6179//369 6178//368 6167//357
f 6169//359 6180//370 6179//369 6168//358
f 6170//360 6181//371 6180//370 6169//359
f 6172//361 6183//372 6182//373 6171//362
f 6173//363 6184//374 6183//372 6172//361
f 6174//364 6185//2074 6184//374 6173//363
f 6175//365 6186//376 6185//2074 6174//364
f 6176//366 6187//377 6186//376 6175//365
f 6177//367 6188//378 6187//377 6176//366
f 6178//368 6189//379 6188//378 6177//367
f 6179//369 6190//380 6189//379 6178//368
f 6180//370 6191//381 6190//380 6179//369
f 6181//371 6192//2075 6191//381 6180//370
f 6183//372 6194//2071 6193//384 6182//373
f 6184//374 6195//385 6194//2071 6183//372
f 6185//2074 6196//386 6195//385 6184//374
f 6186//376 6197//387 6196//386 6185//2074
f 6187//377 6198//388 6197//387 6186//376
f 6188//378 6199//389 6198//388 6187//377
f 6189//379 6200//390 6199//389 6188//378
f 6190//380 6201//391 6200//390 6189//379
f 6191//381 6202//392 6201//391 6190//380
f 6192//2075 6203//2073 6202//392 6191//381
f 6194//2071 6205//394 6204//395 6193//384
f 6195//385 6206//396 6205//394 6194//2071
f 6196//386 6207//397 6206//396 6195//385
f 6197//387 6208//2594 6207//397 6196//386
f 6198//388 6209//399 6208//2594 6197//387
f 6199//389 6210//2069 6209//399 6198//388
f 6200//390 6211//401 6210//2069 6199//389
f 6201//391 6212//2070 6211//401 6200//390
f 6202//392 6213//403 6212//2070 6201//391
f 6203//2073 6214//404 6213//403 6202//392
f 6205//394 6216//2595 6215//406 6204//395
f 6206//396 6217//407 6216//2595 6205//394
f 6207//397 6218//408 6217//407 6206//396
f 6208//2594 6219//409 6218//408 6207//397
f 6209//399 6220//410 6219//409 6208//2594
f 6210//2069 6221//411 6220//410 6209//399
f 6211//401 6222//412 6221//411 6210//2069
f 6212//2070 6223//413 6222//412 6211//401
f 6213//403 6224//414 6223//413 6212//2070
f 6214//404 6225//415 6224//414 6213//403
f 6216//2595 6227//416 6226//417 6215//406
f 6217//407 6228//418 6227//416 6216//2595
f 6218//408 6229//419 6228//418 6217//407
f 6219//409 6230//420 6229//419 6218//408
f 6220//410 6231//421 6230//420 6219//409
f 6221//411 6232//422 6231//421 6220//410
f 6222//412 6233//423 6232//422 6221//411
f 6223//413 6234//424 6233//423 6222//412
f 6224//414 6235//425 6234//424 6223//413
f 6225//415 6236//426 6235//425 6224//414
f 6237//427 6238//428 5818//2577 5807//21
f 6238//428 6239//429 5829//33 5818//2577
f 6239//429 6240//2596 5840//44 5829//33
f 6240//2596 6241//431 5851//55 5840//44
f 6241//431 6242//432 5862//66 5851//55
f 6242//432 6243//432 5873//66 5862//66
f 6243//432 6244//432 5884//66 5873//66
f 6244//432 6245//433 5895//85 5884//66
f 6245//433 6246//434 5906//96 5895//85
f 6246//434 6247//435 5917//107 5906//96
f 6247//435 6248//436 5928//118 5917//107
f 6248//436 6249//437 5939//129 5928//118
f 6249//437 6250//438 5950//140 5939//129
f 6250//438 6251//439 5961//151 5950//140
f 6252//440 6253//441 5983//173 5972//172
f 6253//441 6254//442 5994//184 5983//173
f 6254//442 6255//443 6005//195 5994//184
f 6255//443 6256//444 6016//206 6005//195
f 6256//444 6257//445 6027//217 6016//206
f 6257//445 6258//446 6038//228 6027//217
f 6258//446 6259//447 6049//239 6038//228
f 6259//447 6260//2130 6060//250 6049//239
f 6260//2130 6261//449 6071//261 6060//250
f 6261//449 6262//450 6082//272 6071//261
f 6262//450 6263//451 6093//283 6082//272
f 6263//451 6264//2129 6104//294 6093//283
f 6264//2129 6265//453 6115//305 6104//294
f 6265//453 6266//2597 6126//316 6115//305
f 6266//2597 6267//455 6137//327 6126//316
f 6267//455 6268//456 6148//338 6137//327
f 6268//456 6269//457 6159//349 6148//338
f 6269//457 6270//458 6170//360 6159//349
f 6270//458 6271//2127 6181//371 6170//360
f 6271//2127 6272//460 6192//2075 6181//371
f 6272//460 6273//461 6203//2073 6192//2075
f 6273//461 6274//462 6214//404 6203//2073
f 6274//462 6275//463 6225//415 6214//404
f 6275//463 6276//464 6236//426 6225//415
f 5797//2575 5808//3 6278//465 6277//466
f 5808//3 5819//24 6279//467 6278//465
f 5819//24 5830//2578 6280//468 6279//467
f 5830//2578 5841//1999 6281//469 6280//468
f 5841//1999 5852//57 6282//470 6281//469
f 5852//57 5863//57 6283//470 6282//470
f 5863//57 5874//57 6284//470 6283//470
f 5874//57 5885//76 6285//471 6284//470
f 5885//76 5896//87 6286//472 6285//471
f 5896//87 5907//98 6412//473 6286//472
f 5907//98 5918//109 6287//474 6412//473
f 5918//109 5929//120 6288//475 6287//474
f 5929//120 5940//2586 6289//476 6288//475
f 5940//2586 5951//142 6290//477 6289//476
f 5962//155 5973//154 6292//478 6291//2598
f 5973//154 5984//175 6293//480 6292//478
f 5984//175 5995//186 6294//481 6293//480
f 5995//186 6006//197 6295//482 6294//481
f 6006//197 6017//208 6296//483 6295//482
f 6017//208 6028//219 6512//484 6296//483
f 6028//219 6039//230 6522//485 6512//484
f 6039//230 6050//2588 6297//486 6522//485
f 6050//2588 6061//252 6298//487 6297//486
f 6061//252 6072//263 6299//488 6298//487
f 6072//263 6083//274 6300//489 6299//488
f 6083//274 6094//2083 6301//490 6300//489
f 6094//2083 6105//296 6302//491 6301//490
f 6105//296 6116//307 6303//492 6302//491
f 6116//307 6127//318 6304//493 6303//492
f 6127//318 6138//329 6305//494 6304//493
f 6138//329 6149//340 6306//495 6305//494
f 6149//340 6160//351 6307//496 6306//495
f 6160//351 6171//362 6308//497 6307//496
f 6171//362 6182//373 6309//2141 6308//497
f 6182//373 6193//384 6649//499 6309//2141
f 6193//384 6204//395 6310//500 6649//499
f 6204//395 6215//406 6311//2599 6310//500
f 6215//406 6226//417 6312//502 6311//2599
f 6313//503 6322//504 6238//428 6237//427
f 6314//505 6323//506 6322//504 6313//503
f 6315//507 6324//2600 6323//506 6314//505
f 6316//509 6325//510 6324//2600 6315//507
f 6317//511 6326//512 6325//510 6316//509
f 6318//513 6327//514 6326//512 6317//511
f 6319//515 6328//516 6327//514 6318//513
f 6320//517 6329//518 6328//516 6319//515
f 6321//519 6330//520 6329//518 6320//517
f 6277//466 6278//465 6330//520 6321//519
f 6322//504 6331//521 6239//429 6238//428
f 6323//506 6332//522 6331//521 6322//504
f 6324//2600 6333//523 6332//522 6323//506
f 6325//510 6334//524 6333//523 6324//2600
f 6326//512 6335//525 6334//524 6325//510
f 6327//514 6336//526 6335//525 6326//512
f 6328//516 6337//527 6336//526 6327//514
f 6329//518 6338//528 6337//527 6328//516
f 6330//520 6339//529 6338//528 6329//518
f 6278//465 6279//467 6339//529 6330//520
f 6331//521 6340//530 6240//2596 6239//429
f 6332//522 6341//531 6340//530 6331//521
f 6333//523 6342//532 6341//531 6332//522
f 6334//524 6343//533 6342//532 6333//523
f 6335//525 6344//534 6343//533 6334//524
f 6336//526 6345//535 6344//534 6335//525
f 6337//527 6346//536 6345//535 6336//526
f 6338//528 6347//537 6346//536 6337//527
f 6339//529 6348//538 6347//537 6338//528
f 6279//467 6280//468 6348//538 6339//529
f 6340//530 6349//2167 6241//431 6240//2596
f 6341//531 6350//540 6349//2167 6340//530
f 6342//532 6351//541 6350//540 6341//531
f 6343//533 6352//542 6351//541 6342//532
f 6344//534 6353//543 6352//542 6343//533
f 6345//535 6354//544 6353//543 6344//534
f 6346//536 6355//545 6354//544 6345//535
f 6347//537 6356//546 6355//545 6346//536
f 6348//538 6357//547 6356//546 6347//537
f 6280//468 6281//469 6357//547 6348//538
f 6349//2167 6358//548 6242//432 6241//431
f 6350//540 6359//549 6358//548 6349//2167
f 6351//541 6360//550 6359//549 6350//540
f 6352//542 6361//551 6360//550 6351//541
f 6353//543 6362//552 6361//551 6352//542
f 6354//544 6363//553 6362//552 6353//543
f 6355//545 6364//554 6363//553 6354//544
f 6356//546 6365//555 6364//554 6355//545
f 6357//547 6366//556 6365//555 6356//546
f 6281//469 6282//470 6366//556 6357//547
f 6358//548 6367//557 6243//432 6242//432
f 6359//549 6368//558 6367//557 6358//548
f 6360//550 6369//559 6368//558 6359//549
f 6361//551 6370//560 6369//559 6360//550
f 6362//552 6371//561 6370//560 6361//551
f 6363//553 6372//553 6371//561 6362//552
f 6364//554 6373//562 6372//553 6363//553
f 6365//555 6374//563 6373//562 6364//554
f 6366//556 6375//564 6374//563 6365//555
f 6282//470 6283//470 6375//564 6366//556
f 6367//557 6376//548 6244//432 6243//432
f 6368//558 6377//549 6376//548 6367//557
f 6369//559 6378//550 6377//549 6368//558
f 6370//560 6379//551 6378//550 6369//559
f 6371//561 6380//552 6379//551 6370//560
f 6372//553 6381//553 6380//552 6371//561
f 6373//562 6382//554 6381//553 6372//553
f 6374//563 6383//555 6382//554 6373//562
f 6375//564 6384//556 6383//555 6374//563
f 6283//470 6284//470 6384//556 6375//564
f 6376//548 6385//565 6245//433 6244//432
f 6377//549 6386//566 6385//565 6376//548
f 6378//550 6387//567 6386//566 6377//549
f 6379//551 6388//568 6387//567 6378//550
f 6380//552 6389//569 6388//568 6379//551
f 6381//553 6390//570 6389//569 6380//552
f 6382//554 6391//571 6390//570 6381//553
f 6383//555 6392//572 6391//571 6382//554
f 6384//556 6393//573 6392//572 6383//555
f 6284//470 6285//471 6393//573 6384//556
f 6385//565 6394//574 6246//434 6245//433
f 6386//566 6395//575 6394//574 6385//565
f 6387//567 6396//576 6395//575 6386//566
f 6388//568 6397//577 6396//576 6387//567
f 6389//569 6398//578 6397//577 6388//568
f 6390//570 6399//579 6398//578 6389//569
f 6391//571 6400//580 6399//579 6390//570
f 6392//572 6401//581 6400//580 6391//571
f 6393//573 6402//582 6401//581 6392//572
f 6285//471 6286//472 6402//582 6393//573
f 6394//574 6403//583 6247//435 6246//434
f 6395//575 6404//584 6403//583 6394//574
f 6396//576 6405//585 6404//584 6395//575
f 6397//577 6406//586 6405//585 6396//576
f 6398//578 6407//587 6406//586 6397//577
f 6399//579 6408//588 6407//587 6398//578
f 6400//580 6409//589 6408//588 6399//579
f 6401//581 6410//590 6409//589 6400//580
f 6402//582 6411//591 6410//590 6401//581
f 6286//472 6412//473 6411//591 6402//582
f 6403//583 6413//2601 6248//436 6247//435
f 6404//584 6414//593 6413//2601 6403//583
f 6405//585 6415//594 6414//593 6404//584
f 6406//586 6416//595 6415//594 6405//585
f 6407//587 6417//596 6416//595 6406//586
f 6408//588 6418//597 6417//596 6407//587
f 6409//589 6419//598 6418//597 6408//588
f 6410//590 6420//599 6419//598 6409//589
f 6411//591 6421//600 6420//599 6410//590
f 6412//473 6287//474 6421//600 6411//591
f 6413//2601 6422//2602 6249//437 6248//436
f 6414//593 6423//602 6422//2602 6413//2601
f 6415//594 6424//603 6423//602 6414//593
f 6416//595 6425//604 6424//603 6415//594
f 6417//596 6426//605 6425//604 6416//595
f 6418//597 6427//606 6426//605 6417//596
f 6419//598 6428//607 6427//606 6418//597
f 6420//599 6429//608 6428//607 6419//598
f 6421//600 6430//609 6429//608 6420//599
f 6287//474 6288//475 6430//609 6421//600
f 6422//2602 6431//610 6250//438 6249//437
f 6423//602 6432//611 6431//610 6422//2602
f 6424//603 6433//612 6432//611 6423//602
f 6425//604 6434//613 6433//612 6424//603
f 6426//605 6435//614 6434//613 6425//604
f 6427//606 6436//615 6435//614 6426//605
f 6428//607 6437//616 6436//615 6427//606
f 6429//608 6438//2603 6437//616 6428//607
f 6430//609 6439//618 6438//2603 6429//608
f 6288//475 6289//476 6439//618 6430//609
f 6431//610 6440//619 6251//439 6250//438
f 6432//611 6441//620 6440//619 6431//610
f 6433//612 6442//621 6441//620 6432//611
f 6434//613 6443//622 6442//621 6433//612
f 6435//614 6444//623 6443//622 6434//613
f 6436//615 6445//624 6444//623 6435//614
f 6437//616 6446//625 6445//624 6436//615
f 6438//2603 6447//626 6446//625 6437//616
f 6439//618 6448//627 6447//626 6438//2603
f 6289//476 6290//477 6448//627 6439//618
f 6449//628 6458//629 6253//441 6252//440
f 6450//630 6459//631 6458//629 6449//628
f 6451//632 6460//633 6459//631 6450//630
f 6452//634 6461//635 6460//633 6451//632
f 6453//636 6462//637 6461//635 6452//634
f 6454//638 6463//639 6462//637 6453//636
f 6455//640 6464//641 6463//639 6454//638
f 6456//642 6465//643 6464//641 6455//640
f 6457//644 6466//645 6465//643 6456//642
f 6291//2598 6292//478 6466//645 6457//644
f 6458//629 6467//646 6254//442 6253//441
f 6459//631 6468//647 6467//646 6458//629
f 6460//633 6469//648 6468//647 6459//631
f 6461//635 6470//649 6469//648 6460//633
f 6462//637 6471//650 6470//649 6461//635
f 6463//639 6472//651 6471//650 6462//637
f 6464//641 6473//652 6472//651 6463//639
f 6465//643 6474//653 6473//652 6464//641
f 6466//645 6475//654 6474//653 6465//643
f 6292//478 6293//480 6475//654 6466//645
f 6467//646 6476//655 6255//443 6254//442
f 6468//647 6477//2604 6476//655 6467//646
f 6469//648 6478//657 6477//2604 6468//647
f 6470//649 6479//658 6478//657 6469//648
f 6471//650 6480//659 6479//658 6470//649
f 6472//651 6481//660 6480//659 6471//650
f 6473//652 6482//661 6481//660 6472//651
f 6474//653 6483//662 6482//661 6473//652
f 6475//654 6484//663 6483//662 6474//653
f 6293//480 6294//481 6484//663 6475//654
f 6476//655 6485//664 6256//444 6255//443
f 6477//2604 6486//665 6485//664 6476//655
f 6478//657 6487//666 6486//665 6477//2604
f 6479//658 6488//667 6487//666 6478//657
f 6480//659 6489//668 6488//667 6479//658
f 6481//660 6490//669 6489//668 6480//659
f 6482//661 6491//670 6490//669 6481//660
f 6483//662 6492//671 6491//670 6482//661
f 6484//663 6493//672 6492//671 6483//662
f 6294//481 6295//482 6493//672 6484//663
f 6485//664 6494//673 6257//445 6256//444
f 6486//665 6495//674 6494//673 6485//664
f 6487//666 6496//675 6495//674 6486//665
f 6488//667 6497//676 6496//675 6487//666
f 6489//668 6498//677 6497//676 6488//667
f 6490//669 6499//678 6498//677 6489//668
f 6491//670 6500//679 6499//678 6490//669
f 6492//671 6501//680 6500//679 6491//670
f 6493//672 6502//681 6501//680 6492//671
f 6295//482 6296//483 6502//681 6493//672
f 6494//673 6503//682 6258//446 6257//445
f 6495//674 6504//683 6503//682 6494//673
f 6496//675 6505//2605 6504//683 6495//674
f 6497//676 6506//685 6505//2605 6496//675
f 6498//677 6507//686 6506//685 6497//676
f 6499//678 6508//687 6507//686 6498//677
f 6500//679 6509//688 6508//687 6499//678
f 6501//680 6510//689 6509//688 6500//679
f 6502//681 6511//690 6510//689 6501//680
f 6296//483 6512//484 6511//690 6502//681
f 6503//682 6513//691 6259//447 6258//446
f 6504//683 6514//692 6513//691 6503//682
f 6505//2605 6515//693 6514//692 6504//683
f 6506//685 6516//694 6515//693 6505//2605
f 6507//686 6517//695 6516//694 6506//685
f 6508//687 6518//696 6517//695 6507//686
f 6509//688 6519//697 6518//696 6508//687
f 6510//689 6520//698 6519//697 6509//688
f 6511//690 6521//699 6520//698 6510//689
f 6512//484 6522//485 6521//699 6511//690
f 6513//691 6523//700 6260//2130 6259//447
f 6514//692 6524//701 6523//700 6513//691
f 6515//693 6525//702 6524//701 6514//692
f 6516//694 6526//703 6525//702 6515//693
f 6517//695 6527//704 6526//703 6516//694
f 6518//696 6528//705 6527//704 6517//695
f 6519//697 6529//706 6528//705 6518//696
f 6520//698 6530//707 6529//706 6519//697
f 6521//699 6531//708 6530//707 6520//698
f 6522//485 6297//486 6531//708 6521//699
f 6523//700 6532//709 6261//449 6260//2130
f 6524//701 6533//2231 6532//709 6523//700
f 6525//702 6534//711 6533//2231 6524//701
f 6526//703 6535//712 6534//711 6525//702
f 6527//704 6536//713 6535//712 6526//703
f 6528//705 6537//714 6536//713 6527//704
f 6529//706 6538//715 6537//714 6528//705
f 6530//707 6539//716 6538//715 6529//706
f 6531//708 6540//717 6539//716 6530//707
f 6297//486 6298//487 6540//717 6531//708
f 6532//709 6541//2228 6262//450 6261//449
f 6533//2231 6542//719 6541//2228 6532//709
f 6534//711 6543//720 6542//719 6533//2231
f 6535//712 6544//721 6543//720 6534//711
f 6536//713 6545//722 6544//721 6535//712
f 6537//714 6546//723 6545//722 6536//713
f 6538//715 6547//724 6546//723 6537//714
f 6539//716 6548//725 6547//724 6538//715
f 6540//717 6549//726 6548//725 6539//716
f 6298//487 6299//488 6549//726 6540//717
f 6541//2228 6550//727 6263//451 6262//450
f 6542//719 6551//728 6550//727 6541//2228
f 6543//720 6552//729 6551//728 6542//719
f 6544//721 6553//730 6552//729 6543//720
f 6545//722 6554//731 6553//730 6544//721
f 6546//723 6555//732 6554//731 6545//722
f 6547//724 6556//733 6555//732 6546//723
f 6548//725 6557//734 6556//733 6547//724
f 6549//726 6558//735 6557//734 6548//725
f 6299//488 6300//489 6558//735 6549//726
f 6550//727 6559//736 6264//2129 6263//451
f 6551//728 6560//737 6559//736 6550//727
f 6552//729 6561//738 6560//737 6551//728
f 6553//730 6562//739 6561//738 6552//729
f 6554//731 6563//740 6562//739 6553//730
f 6555//732 6564//741 6563//740 6554//731
f 6556//733 6565//742 6564//741 6555//732
f 6557//734 6566//743 6565//742 6556//733
f 6558//735 6567//744 6566//743 6557//734
f 6300//489 6301//490 6567//744 6558//735
f 6559//736 6568//745 6265//453 6264//2129
f 6560//737 6569//746 6568//745 6559//736
f 6561//738 6570//747 6569//746 6560//737
f 6562//739 6571//748 6570//747 6561//738
f 6563//740 6572//749 6571//748 6562//739
f 6564//741 6573//750 6572//749 6563//740
f 6565//742 6574//751 6573//750 6564//741
f 6566//743 6575//752 6574//751 6565//742
f 6567//744 6576//753 6575//752 6566//743
f 6301//490 6302//491 6576//753 6567//744
f 6568//745 6577//754 6266//2597 6265//453
f 6569//746 6578//755 6577//754 6568//745
f 6570//747 6579//756 6578//755 6569//746
f 6571//748 6580//757 6579//756 6570//747
f 6572//749 6581//758 6580//757 6571//748
f 6573//750 6582//759 6581//758 6572//749
f 6574//751 6583//760 6582//759 6573//750
f 6575//752 6584//761 6583//760 6574//751
f 6576//753 6585//762 6584//761 6575//752
f 6302//491 6303//492 6585//762 6576//753
f 6577//754 6586//763 6267//455 6266//2597
f 6578//755 6587//764 6586//763 6577//754
f 6579//756 6588//765 6587//764 6578//755
f 6580//757 6589//766 6588//765 6579//756
f 6581//758 6590//767 6589//766 6580//757
f 6582//759 6591//768 6590//767 6581//758
f 6583//760 6592//769 6591//768 6582//759
f 6584//761 6593//770 6592//769 6583//760
f 6585//762 6594//771 6593//770 6584//761
f 6303//492 6304//493 6594//771 6585//762
f 6586//763 6595//772 6268//456 6267//455
f 6587//764 6596//773 6595//772 6586//763
f 6588//765 6597//774 6596//773 6587//764
f 6589//766 6598//775 6597//774 6588//765
f 6590//767 6599//776 6598//775 6589//766
f 6591//768 6600//777 6599//776 6590//767
f 6592//769 6601//778 6600//777 6591//768
f 6593//770 6602//2606 6601//778 6592//769
f 6594//771 6603//780 6602//2606 6593//770
f 6304//493 6305//494 6603//780 6594//771
f 6595//772 6604//781 6269//457 6268//456
f 6596//773 6605//782 6604//781 6595//772
f 6597//774 6606//783 6605//782 6596//773
f 6598//775 6607//784 6606//783 6597//774
f 6599//776 6608//785 6607//784 6598//775
f 6600//777 6609//786 6608//785 6599//776
f 6601//778 6610//787 6609//786 6600//777
f 6602//2606 6611//788 6610//787 6601//778
f 6603//780 6612//789 6611//788 6602//2606
f 6305//494 6306//495 6612//789 6603//780
f 6604//781 6613//2607 6270//458 6269//457
f 6605//782 6614//791 6613//2607 6604//781
f 6606//783 6615//792 6614//791 6605//782
f 6607//784 6616//793 6615//792 6606//783
f 6608//785 6617//794 6616//793 6607//784
f 6609//786 6618//795 6617//794 6608//785
f 6610//787 6619//796 6618//795 6609//786
f 6611//788 6620//797 6619//796 6610//787
f 6612//789 6621//798 6620//797 6611//788
f 6306//495 6307//496 6621//798 6612//789
f 6613//2607 6622//799 6271//2127 6270//458
f 6614//791 6623//800 6622//799 6613//2607
f 6615//792 6624//801 6623//800 6614//791
f 6616//793 6625//802 6624//801 6615//792
f 6617//794 6626//803 6625//802 6616//793
f 6618//795 6627//804 6626//803 6617//794
f 6619//796 6628//805 6627//804 6618//795
f 6620//797 6629//806 6628//805 6619//796
f 6621//798 6630//807 6629//806 6620//797
f 6307//496 6308//497 6630//807 6621//798
f 6622//799 6631//808 6272//460 6271//2127
f 6623//800 6632//809 6631//808 6622//799
f 6624//801 6633//810 6632//809 6623//800
f 6625//802 6634//811 6633//810 6624//801
f 6626//803 6635//812 6634//811 6625//802
f 6627//804 6636//813 6635//812 6626//803
f 6628//805 6637//814 6636//813 6627//804
f 6629//806 6638//815 6637//814 6628//805
f 6630//807 6639//816 6638//815 6629//806
f 6308//497 6309//2141 6639//816 6630//807
f 6631//808 6640//817 6273//461 6272//460
f 6632//809 6641//818 6640//817 6631//808
f 6633//810 6642//819 6641//818 6632//809
f 6634//811 6643//820 6642//819 6633//810
f 6635//812 6644//821 6643//820 6634//811
f 6636//813 6645//822 6644//821 6635//812
f 6637//814 6646//823 6645//822 6636//813
f 6638//815 6647//824 6646//823 6637//814
f 6639//816 6648//825 6647//824 6638//815
f 6309//2141 6649//499 6648//825 6639//816
f 6640//817 6650//826 6274//462 6273//461
f 6641//818 6651//827 6650//826 6640//817
f 6642//819 6652//828 6651//827 6641//818
f 6643//820 6653//829 6652//828 6642//819
f 6644//821 6654//830 6653//829 6643//820
f 6645//822 6655//831 6654//830 6644//821
f 6646//823 6656//832 6655//831 6645//822
f 6647//824 6657//833 6656//832 6646//823
f 6648//825 6658//834 6657//833 6647//824
f 6649//499 6310//500 6658//834 6648//825
f 6650//826 6659//835 6275//463 6274//462
f 6651//827 6660//836 6659//835 6650//826
f 6652//828 6661//837 6660//836 6651//827
f 6653//829 6662//838 6661//837 6652//828
f 6654//830 6663//839 6662//838 6653//829
f 6655//831 6664//840 6663//839 6654//830
f 6656//832 6665//841 6664//840 6655//831
f 6657//833 6666//842 6665//841 6656//832
f 6658//834 6667//2608 6666//842 6657//833
f 6310//500 6311//2599 6667//2608 6658//834
f 6659//835 6668//844 6276//464 6275//463
f 6660//836 6669//845 6668//844 6659//835
f 6661//837 6670//846 6669//845 6660//836
f 6662//838 6671//847 6670//846 6661//837
f 6663//839 6672//848 6671//847 6662//838
f 6664//840 6673//2609 6672//848 6663//839
f 6665//841 6674//850 6673//2609 6664//840
f 6666//842 6675//851 6674//850 6665//841
f 6667//2608 6676//852 6675//851 6666//842
f 6311//2599 6312//502 6676//852 6667//2608
f 6678//853 6689//854 6688//855 6677//856
f 6679//857 6690//858 6689//854 6678//853
f 6680//859 6691//860 6690//858 6679//857
f 6681//861 6692//862 6691//860 6680//859
f 6682//863 6693//864 6692//862 6681//861
f 6683//865 6694//866 6693//864 6682//863
f 6684//867 6695//868 6694//866 6683//865
f 6685//869 6696//870 6695//868 6684//867
f 6686//871 6697//872 6696//870 6685//869
f 6687//873 6698//2610 6697//872 6686//871
f 6689//854 6700//875 6699//876 6688//855
f 6690//858 6701//877 6700//875 6689//854
f 6691//860 6702//878 6701//877 6690//858
f 6692//862 6703//879 6702//878 6691//860
f 6693//864 6704//880 6703//879 6692//862
f 6694//866 6705//881 6704//880 6693//864
f 6695//868 6706//882 6705//881 6694//866
f 6696//870 6707//883 6706//882 6695//868
f 6697//872 6708//884 6707//883 6696//870
f 6698//2610 6709//885 6708//884 6697//872
f 6700//875 6711//886 6710//887 6699//876
f 6701//877 6712//888 6711//886 6700//875
f 6702//878 6713//889 6712//888 6701//877
f 6703//879 6714//890 6713//889 6702//878
f 6704//880 6715//891 6714//890 6703//879
f 6705//881 6716//892 6715//891 6704//880
f 6706//882 6717//893 6716//892 6705//881
f 6707//883 6718//894 6717//893 6706//882
f 6708//884 6719//895 6718//894 6707//883
f 6709//885 6720//2611 6719//895 6708//884
f 6711//886 6722//897 6721//898 6710//887
f 6712//888 6723//899 6722//897 6711//886
f 6713//889 6724//900 6723//899 6712//888
f 6714//890 6725//901 6724//900 6713//889
f 6715//891 6726//863 6725//901 6714//890
f 6716//892 6727//902 6726//863 6715//891
f 6717//893 6728//903 6727//902 6716//892
f 6718//894 6729//904 6728//903 6717//893
f 6719//895 6730//905 6729//904 6718//894
f 6720//2611 6731//906 6730//905 6719//895
f 6732//907 6733//2612 6698//2610 6687//873
f 6733//2612 6734//909 6709//885 6698//2610
f 6734//909 6735//2613 6720//2611 6709//885
f 6735//2613 6736//911 6731//906 6720//2611
f 6677//856 6688//855 6738//912 6737//913
f 6688//855 6699//876 6739//914 6738//912
f 6699//876 6710//887 6740//915 6739//914
f 6710//887 6721//898 6741//916 6740//915
f 6742//2614 6751//918 6733//2612 6732//907
f 6743//919 6752//920 6751//918 6742//2614
f 6744//921 6753//922 6752//920 6743//919
f 6745//923 6754//924 6753//922 6744//921
f 6746//925 6755//926 6754//924 6745//923
f 6747//927 6756//928 6755//926 6746//925
f 6748//929 6757//930 6756//928 6747//927
f 6749//931 6758//932 6757//930 6748//929
f 6750//933 6759//934 6758//932 6749//931
f 6737//913 6738//912 6759//934 6750//933
f 6751//918 6760//2615 6734//909 6733//2612
f 6752//920 6761//2616 6760//2615 6751//918
f 6753//922 6762//937 6761//2616 6752//920
f 6754//924 6763//938 6762//937 6753//922
f 6755//926 6764//939 6763//938 6754//924
f 6756//928 6765//940 6764//939 6755//926
f 6757//930 6766//941 6765//940 6756//928
f 6758//932 6767//942 6766//941 6757//930
f 6759//934 6768//943 6767//942 6758//932
f 6738//912 6739//914 6768//943 6759//934
f 6760//2615 6769//944 6735//2613 6734//909
f 6761//2616 6770//945 6769//944 6760//2615
f 6762//937 6771//946 6770//945 6761//2616
f 6763//938 6772//947 6771//946 6762//937
f 6764//939 6773//948 6772//947 6763//938
f 6765//940 6774//949 6773//948 6764//939
f 6766//941 6775//950 6774//949 6765//940
f 6767//942 6776//951 6775//950 6766//941
f 6768//943 6777//952 6776//951 6767//942
f 6739//914 6740//915 6777//952 6768//943
f 6769//944 6778//2617 6736//911 6735//2613
f 6770//945 6779//954 6778//2617 6769//944
f 6771//946 6780//955 6779//954 6770//945
f 6772//947 6781//956 6780//955 6771//946
f 6773//948 6782//925 6781//956 6772//947
f 6774//949 6783//957 6782//925 6773//948
f 6775//950 6784//958 6783//957 6774//949
f 6776//951 6785//959 6784//958 6775//950
f 6777//952 6786//960 6785//959 6776//951
f 6740//915 6741//916 6786//960 6777//952
f 6788//1930 6789//1931 6790//1932 6791//1933 6792//1934 6793//1935 6794//1936 6795//1919 6796//1920 6797//1921 6798//1922 6799//1923 6800//1924 6801//1925 6802//1926 6803//1927 6804//1928 6787//1929
f 6813//1950 6831//1957 6832//1972 6814//1951
f 6798//1922 6816//1952 6817//1949 6799//1923
f 6791//1933 6809//1943 6810//1944 6792//1934
f 6799//1923 6817//1949 6818//1947 6800//1924
f 6792//1934 6810//1944 6811//1956 6793//1935
f 6800//1924 6818//1947 6819//1945 6801//1925
f 6793//1935 6811//1956 6812//1953 6794//1936
f 6801//1925 6819//1945 6820//1941 6802//1926
f 6794//1936 6812//1953 6813//1950 6795//1919
f 6787//1929 6805//1938 6806//1937 6788//1930
f 6802//1926 6820//1941 6821//1942 6803//1927
f 6795//1919 6813//1950 6814//1951 6796//1920
f 6788//1930 6806//1937 6807//1948 6789//1931
f 6803//1927 6821//1942 6822//1955 6804//1928
f 6796//1920 6814//1951 6815//1954 6797//1921
f 6789//1931 6807//1948 6808//1946 6790//1932
f 6804//1928 6822//1955 6805//1938 6787//1929
f 6797//1921 6815//1954 6816//1952 6798//1922
f 6790//1932 6808//1946 6809//1943 6791//1933
f 6824//1940 6823//1939 6840//1964 6839//1965 6838//1966 6837//1967 6836//1968 6835//1969 6834//1970 6833//1971 6832//1972 6831//1957 6830//1958 6829//1959 6828//1960 6827//1961 6826//1962 6825//1963
f 6806//1937 6824//1940 6825//1963 6807//1948
f 6821//1942 6839//1965 6840//1964 6822//1955
f 6814//1951 6832//1972 6833//1971 6815//1954
f 6807//1948 6825//1963 6826//1962 6808//1946
f 6822//1955 6840//1964 6823//1939 6805//1938
f 6815//1954 6833//1971 6834//1970 6816//1952
f 6808//1946 6826//1962 6827//1961 6809//1943
f 6816//1952 6834//1970 6835//1969 6817//1949
f 6809//1943 6827//1961 6828//1960 6810//1944
f 6817//1949 6835//1969 6836//1968 6818//1947
f 6810//1944 6828//1960 6829//1959 6811//1956
f 6818//1947 6836//1968 6837//1967 6819//1945
f 6811//1956 6829//1959 6830//1958 6812//1953
f 6819//1945 6837//1967 6838//1966 6820//1941
f 6812//1953 6830//1958 6831//1957 6813//1950
f 6805//1938 6823//1939 6824//1940 6806//1937
f 6820//1941 6838//1966 6839//1965 6821//1942
f 6846//2255 6857//2256 6856//2257 6845//2258
f 6847//2259 6858//2260 6857//2256 6846//2255
f 6848//2261 6859//2262 6858//2260 6847//2259
f 6849//2263 6860//2264 6859//2262 6848//2261
f 6850//2265 6861//2266 6860//2264 6849//2263
f 6851//2267 6862//2268 6861//2266 6850//2265
f 6852//2269 6863//2270 6862//2268 6851//2267
f 6853//2271 6864//2272 6863//2270 6852//2269
f 6854//2273 6865//2274 6864//2272 6853//2271
f 6855//2275 6866//2276 6865//2274 6854//2273
f 6857//2256 6868//1058 6867//1057 6856//2257
f 6858//2260 6869//1059 6868//1058 6857//2256
f 6859//2262 6870//1060 6869//1059 6858//2260
f 6860//2264 6871//1061 6870//1060 6859//2262
f 6861//2266 6872//1062 6871//1061 6860//2264
f 6862//2268 6873//1063 6872//1062 6861//2266
f 6863//2270 6874//1064 6873//1063 6862//2268
f 6864//2272 6875//1065 6874//1064 6863//2270
f 6865//2274 6876//1066 6875//1065 6864//2272
f 6866//2276 6877//1067 6876//1066 6865//2274
f 6868//1058 6879//1047 6878//1046 6867//1057
f 6869//1059 6880//1048 6879//1047 6868//1058
f 6870//1060 6881//1049 6880//1048 6869//1059
f 6871//1061 6882//1050 6881//1049 6870//1060
f 6872//1062 6883//1051 6882//1050 6871//1061
f 6873//1063 6884//1052 6883//1051 6872//1062
f 6874//1064 6885//1053 6884//1052 6873//1063
f 6875//1065 6886//1054 6885//1053 6874//1064
f 6876//1066 6887//1055 6886//1054 6875//1065
f 6877//1067 6888//1056 6887//1055 6876//1066
f 6879//1047 6890//1036 6889//2529 6878//1046
f 6880//1048 6891//1037 6890//1036 6879//1047
f 6881//1049 6892//1038 6891//1037 6880//1048
f 6882//1050 6893//1039 6892//1038 6881//1049
f 6883//1051 6894//1040 6893//1039 6882//1050
f 6884//1052 6895//1041 6894//1040 6883//1051
f 6885//1053 6896//1042 6895//1041 6884//1052
f 6886//1054 6897//2530 6896//1042 6885//1053
f 6887//1055 6898//1044 6897//2530 6886//1054
f 6888//1056 6899//1045 6898//1044 6887//1055
f 6890//1036 6901//1017 6900//1016 6889//2529
f 6891//1037 6902//1018 6901//1017 6890//1036
f 6892//1038 6903//1019 6902//1018 6891//1037
f 6893//1039 6904//1020 6903//1019 6892//1038
f 6894//1040 6905//1021 6904//1020 6893//1039
f 6895//1041 6906//1022 6905//1021 6894//1040
f 6896//1042 6907//1023 6906//1022 6895//1041
f 6897//2530 6908//1024 6907//1023 6896//1042
f 6898//1044 6909//1025 6908//1024 6897//2530
f 6899//1045 6910//1026 6909//1025 6898//1044
f 6901//1017 6912//1027 6911//2527 6900//1016
f 6902//1018 6913//1028 6912//1027 6901//1017
f 6903//1019 6914//1029 6913//1028 6902//1018
f 6904//1020 6915//2528 6914//1029 6903//1019
f 6905//1021 6916//1031 6915//2528 6904//1020
f 6906//1022 6917//1022 6916//1031 6905//1021
f 6907//1023 6918//1032 6917//1022 6906//1022
f 6908//1024 6919//1033 6918//1032 6907//1023
f 6909//1025 6920//1034 6919//1033 6908//1024
f 6910//1026 6921//1026 6920//1034 6909//1025
f 6912//1027 6923//1017 6922//1016 6911//2527
f 6913//1028 6924//1018 6923//1017 6912//1027
f 6914//1029 6925//1019 6924//1018 6913//1028
f 6915//2528 6926//1020 6925//1019 6914//1029
f 6916//1031 6927//1021 6926//1020 6915//2528
f 6917//1022 6928//1022 6927//1021 6916//1031
f 6918//1032 6929//1023 6928//1022 6917//1022
f 6919//1033 6930//1024 6929//1023 6918//1032
f 6920//1034 6931//1025 6930//1024 6919//1033
f 6921//1026 6932//1026 6931//1025 6920//1034
f 6923//1017 6934//1006 6933//2525 6922//1016
f 6924//1018 6935//1007 6934//1006 6923//1017
f 6925//1019 6936//1008 6935//1007 6924//1018
f 6926//1020 6937//1009 6936//1008 6925//1019
f 6927//1021 6938//1010 6937//1009 6926//1020
f 6928//1022 6939//1011 6938//1010 6927//1021
f 6929//1023 6940//1012 6939//1011 6928//1022
f 6930//1024 6941//2526 6940//1012 6929//1023
f 6931//1025 6942//1014 6941//2526 6930//1024
f 6932//1026 6943//1015 6942//1014 6931//1025
f 6934//1006 6945//995 6944//994 6933//2525
f 6935//1007 6946//996 6945//995 6934//1006
f 6936//1008 6947//997 6946//996 6935//1007
f 6937//1009 6948//998 6947//997 6936//1008
f 6938//1010 6949//999 6948//998 6937//1009
f 6939//1011 6950//1000 6949//999 6938//1010
f 6940//1012 6951//1001 6950//1000 6939//1011
f 6941//2526 6952//1002 6951//1001 6940//1012
f 6942//1014 6953//1003 6952//1002 6941//2526
f 6943//1015 6954//1004 6953//1003 6942//1014
f 6945//995 6956//2278 6955//983 6944//994
f 6946//996 6957//985 6956//2278 6945//995
f 6947//997 6958//986 6957//985 6946//996
f 6948//998 6959//987 6958//986 6947//997
f 6949//999 6960//988 6959//987 6948//998
f 6950//1000 6961//989 6960//988 6949//999
f 6951//1001 6962//990 6961//989 6950//1000
f 6952//1002 6963//991 6962//990 6951//1001
f 6953//1003 6964//992 6963//991 6952//1002
f 6954//1004 6965//993 6964//992 6953//1003
f 6956//2278 6967//2279 6966//2280 6955//983
f 6957//985 6968//2281 6967//2279 6956//2278
f 6958//986 6969//2282 6968//2281 6957//985
f 6959//987 6970//2283 6969//2282 6958//986
f 6960//988 6971//2284 6970//2283 6959//987
f 6961//989 6972//2285 6971//2284 6960//988
f 6962//990 6973//2286 6972//2285 6961//989
f 6963//991 6974//2287 6973//2286 6962//990
f 6964//992 6975//2288 6974//2287 6963//991
f 6965//993 6976//2289 6975//2288 6964//992
f 6967//2279 6978//2290 6977//2291 6966//2280
f 6968//2281 6979//2292 6978//2290 6967//2279
f 6969//2282 6980//2293 6979//2292 6968//2281
f 6970//2283 6981//2294 6980//2293 6969//2282
f 6971//2284 6982//2295 6981//2294 6970//2283
f 6972//2285 6983//2296 6982//2295 6971//2284
f 6973//2286 6984//2297 6983//2296 6972//2285
f 6974//2287 6985//2298 6984//2297 6973//2286
f 6975//2288 6986//2299 6985//2298 6974//2287
f 6976//2289 6987//2300 6986//2299 6975//2288
f 6978//2290 6989//2301 6988//2302 6977//2291
f 6979//2292 6990//2303 6989//2301 6978//2290
f 6980//2293 6991//2618 6990//2303 6979//2292
f 6981//2294 6992//2305 6991//2618 6980//2293
f 6982//2295 6993//2306 6992//2305 6981//2294
f 6983//2296 6994//2307 6993//2306 6982//2295
f 6984//2297 6995//2308 6994//2307 6983//2296
f 6985//2298 6996//2309 6995//2308 6984//2297
f 6986//2299 6997//2310 6996//2309 6985//2298
f 6987//2300 6998//2311 6997//2310 6986//2299
f 6989//2301 7000//1112 6999//1113 6988//2302
f 6990//2303 7001//1116 7000//1112 6989//2301
f 6991//2618 7002//1118 7001//1116 6990//2303
f 6992//2305 7003//1120 7002//1118 6991//2618
f 6993//2306 7004//1122 7003//1120 6992//2305
f 6994//2307 7005//1124 7004//1122 6993//2306
f 6995//2308 7006//1126 7005//1124 6994//2307
f 6996//2309 7007//1128 7006//1126 6995//2308
f 6997//2310 7008//1130 7007//1128 6996//2309
f 6998//2311 7009//1132 7008//1130 6997//2310
f 7011//1102 7022//2312 7021//2313 7010//1101
f 7012//1103 7023//2314 7022//2312 7011//1102
f 7013//1104 7024//2315 7023//2314 7012//1103
f 7014//1105 7025//2316 7024//2315 7013//1104
f 7015//1106 7026//2317 7025//2316 7014//1105
f 7016//1107 7027//2318 7026//2317 7015//1106
f 7017//1108 7028//2319 7027//2318 7016//1107
f 7018//1109 7029//2320 7028//2319 7017//1108
f 7019//2321 7030//2322 7029//2320 7018//1109
f 7020//1111 7031//2323 7030//2322 7019//2321
f 7022//2312 7033//2324 7032//2325 7021//2313
f 7023//2314 7034//2326 7033//2324 7022//2312
f 7024//2315 7035//2327 7034//2326 7023//2314
f 7025//2316 7036//2328 7035//2327 7024//2315
f 7026//2317 7037//2619 7036//2328 7025//2316
f 7027//2318 7038//2330 7037//2619 7026//2317
f 7028//2319 7039//2331 7038//2330 7027//2318
f 7029//2320 7040//2332 7039//2331 7028//2319
f 7030//2322 7041//2333 7040//2332 7029//2320
f 7031//2323 7042//2334 7041//2333 7030//2322
f 7033//2324 7044//2335 7043//2336 7032//2325
f 7034//2326 7045//2337 7044//2335 7033//2324
f 7035//2327 7046//2338 7045//2337 7034//2326
f 7036//2328 7047//2339 7046//2338 7035//2327
f 7037//2619 7048//2340 7047//2339 7036//2328
f 7038//2330 7049//2341 7048//2340 7037//2619
f 7039//2331 7050//2342 7049//2341 7038//2330
f 7040//2332 7051//2343 7050//2342 7039//2331
f 7041//2333 7052//2344 7051//2343 7040//2332
f 7042//2334 7053//2345 7052//2344 7041//2333
f 7044//2335 7055//1355 7054//2346 7043//2336
f 7045//2337 7056//1356 7055//1355 7044//2335
f 7046//2338 7057//2620 7056//1356 7045//2337
f 7047//2339 7058//1358 7057//2620 7046//2338
f 7048//2340 7059//1359 7058//1358 7047//2339
f 7049//2341 7060//1360 7059//1359 7048//2340
f 7050//2342 7061//1361 7060//1360 7049//2341
f 7051//2343 7062//2546 7061//1361 7050//2342
f 7052//2344 7063//1363 7062//2546 7051//2343
f 7053//2345 7064//1364 7063//1363 7052//2344
f 7055//1355 7066//2621 7065//1343 7054//2346
f 7056//1356 7067//1345 7066//2621 7055//1355
f 7057//2620 7068//2622 7067//1345 7056//1356
f 7058//1358 7069//1347 7068//2622 7057//2620
f 7059//1359 7070//1348 7069//1347 7058//1358
f 7060//1360 7071//1349 7070//1348 7059//1359
f 7061//1361 7072//1350 7071//1349 7060//1360
f 7062//2546 7073//1351 7072//1350 7061//1361
f 7063//1363 7074//2347 7073//1351 7062//2546
f 7064//1364 7075//2348 7074//2347 7063//1363
f 7066//2621 7077//1333 7076//1332 7065//1343
f 7067//1345 7078//1334 7077//1333 7066//2621
f 7068//2622 7079//1335 7078//1334 7067//1345
f 7069//1347 7080//1336 7079//1335 7068//2622
f 7070//1348 7081//1337 7080//1336 7069//1347
f 7071//1349 7082//1338 7081//1337 7070//1348
f 7072//1350 7083//1339 7082//1338 7071//1349
f 7073//1351 7084//1340 7083//1339 7072//1350
f 7074//2347 7085//1341 7084//1340 7073//1351
f 7075//2348 7086//1342 7085//1341 7074//2347
f 7077//1333 7088//1322 7087//2623 7076//1332
f 7078//1334 7089//1323 7088//1322 7077//1333
f 7079//1335 7090//1324 7089//1323 7078//1334
f 7080//1336 7091//1325 7090//1324 7079//1335
f 7081//1337 7092//1326 7091//1325 7080//1336
f 7082//1338 7093//1327 7092//1326 7081//1337
f 7083//1339 7094//1328 7093//1327 7082//1338
f 7084//1340 7095//2624 7094//1328 7083//1339
f 7085//1341 7096//1330 7095//2624 7084//1340
f 7086//1342 7097//1331 7096//1330 7085//1341
f 7088//1322 7099//1311 7098//2349 7087//2623
f 7089//1323 7100//1312 7099//1311 7088//1322
f 7090//1324 7101//1313 7100//1312 7089//1323
f 7091//1325 7102//2350 7101//1313 7090//1324
f 7092//1326 7103//1315 7102//2350 7091//1325
f 7093//1327 7104//1316 7103//1315 7092//1326
f 7094//1328 7105//1317 7104//1316 7093//1327
f 7095//2624 7106//1318 7105//1317 7094//1328
f 7096//1330 7107//1319 7106//1318 7095//2624
f 7097//1331 7108//1320 7107//1319 7096//1330
f 7099//1311 7110//1300 7109//1299 7098//2349
f 7100//1312 7111//1301 7110//1300 7099//1311
f 7101//1313 7112//1302 7111//1301 7100//1312
f 7102//2350 7113//1303 7112//1302 7101//1313
f 7103//1315 7114//1304 7113//1303 7102//2350
f 7104//1316 7115//2353 7114//1304 7103//1315
f 7105//1317 7116//1306 7115//2353 7104//1316
f 7106//1318 7117//1307 7116//1306 7105//1317
f 7107//1319 7118//1308 7117//1307 7106//1318
f 7108//1320 7119//1309 7118//1308 7107//1319
f 7110//1300 7121//1289 7120//2354 7109//1299
f 7111//1301 7122//2355 7121//1289 7110//1300
f 7112//1302 7123//1291 7122//2355 7111//1301
f 7113//1303 7124//1292 7123//1291 7112//1302
f 7114//1304 7125//1293 7124//1292 7113//1303
f 7115//2353 7126//1294 7125//1293 7114//1304
f 7116//1306 7127//1295 7126//1294 7115//2353
f 7117//1307 7128//1296 7127//1295 7116//1306
f 7118//1308 7129//1297 7128//1296 7117//1307
f 7119//1309 7130//1298 7129//1297 7118//1308
f 7121//1289 7132//1278 7131//2357 7120//2354
f 7122//2355 7133//1279 7132//1278 7121//1289
f 7123//1291 7134//1280 7133//1279 7122//2355
f 7124//1292 7135//1281 7134//1280 7123//1291
f 7125//1293 7136//1282 7135//1281 7124//1292
f 7126//1294 7137//2625 7136//1282 7125//1293
f 7127//1295 7138//1284 7137//2625 7126//1294
f 7128//1296 7139//1285 7138//1284 7127//1295
f 7129//1297 7140//2626 7139//1285 7128//1296
f 7130//1298 7141//1287 7140//2626 7129//1297
f 7132//1278 7143//1267 7142//1266 7131//2357
f 7133//1279 7144//1268 7143//1267 7132//1278
f 7134//1280 7145//1269 7144//1268 7133//1279
f 7135//1281 7146//1270 7145//1269 7134//1280
f 7136//1282 7147//1271 7146//1270 7135//1281
f 7137//2625 7148//1272 7147//1271 7136//1282
f 7138//1284 7149//1273 7148//1272 7137//2625
f 7139//1285 7150//1274 7149//1273 7138//1284
f 7140//2626 7151//1275 7150//1274 7139//1285
f 7141//1287 7152//1276 7151//1275 7140//2626
f 7143//1267 7154//1256 7153//1255 7142//1266
f 7144//1268 7155//1257 7154//1256 7143//1267
f 7145//1269 7156//1258 7155//1257 7144//1268
f 7146//1270 7157//1259 7156//1258 7145//1269
f 7147//1271 7158//1260 7157//1259 7146//1270
f 7148//1272 7159//1261 7158//1260 7147//1271
f 7149//1273 7160//1262 7159//1261 7148//1272
f 7150//1274 7161//2542 7160//1262 7149//1273
f 7151//1275 7162//1264 7161//2542 7150//1274
f 7152//1276 7163//1265 7162//1264 7151//1275
f 7154//1256 7165//1245 7164//1244 7153//1255
f 7155//1257 7166//1246 7165//1245 7154//1256
f 7156//1258 7167//1247 7166//1246 7155//1257
f 7157//1259 7168//1248 7167//1247 7156//1258
f 7158//1260 7169//1249 7168//1248 7157//1259
f 7159//1261 7170//1250 7169//1249 7158//1260
f 7160//1262 7171//1251 7170//1250 7159//1261
f 7161//2542 7172//1252 7171//1251 7160//1262
f 7162//1264 7173//1253 7172//1252 7161//2542
f 7163//1265 7174//1254 7173//1253 7162//1264
f 7165//1245 7176//1234 7175//2539 7164//1244
f 7166//1246 7177//1235 7176//1234 7165//1245
f 7167//1247 7178//1236 7177//1235 7166//1246
f 7168//1248 7179//1237 7178//1236 7167//1247
f 7169//1249 7180//1238 7179//1237 7168//1248
f 7170//1250 7181//2627 7180//1238 7169//1249
f 7171//1251 7182//1240 7181//2627 7170//1250
f 7172//1252 7183//1241 7182//1240 7171//1251
f 7173//1253 7184//2358 7183//1241 7172//1252
f 7174//1254 7185//1243 7184//2358 7173//1253
f 7176//1234 7187//1223 7186//2359 7175//2539
f 7177//1235 7188//2628 7187//1223 7176//1234
f 7178//1236 7189//1225 7188//2628 7177//1235
f 7179//1237 7190//1226 7189//1225 7178//1236
f 7180//1238 7191//1227 7190//1226 7179//1237
f 7181//2627 7192//1228 7191//1227 7180//1238
f 7182//1240 7193//1229 7192//1228 7181//2627
f 7183//1241 7194//1230 7193//1229 7182//1240
f 7184//2358 7195//1231 7194//1230 7183//1241
f 7185//1243 7196//1232 7195//1231 7184//2358
f 7187//1223 7198//1212 7197//2360 7186//2359
f 7188//2628 7199//1213 7198//1212 7187//1223
f 7189//1225 7200//1214 7199//1213 7188//2628
f 7190//1226 7201//1215 7200//1214 7189//1225
f 7191//1227 7202//1216 7201//1215 7190//1226
f 7192//1228 7203//1217 7202//1216 7191//1227
f 7193//1229 7204//1218 7203//1217 7192//1228
f 7194//1230 7205//1219 7204//1218 7193//1229
f 7195//1231 7206//1220 7205//1219 7194//1230
f 7196//1232 7207//1221 7206//1220 7195//1231
f 7198//1212 7209//1201 7208//1200 7197//2360
f 7199//1213 7210//1202 7209//1201 7198//1212
f 7200//1214 7211//2538 7210//1202 7199//1213
f 7201//1215 7212//2362 7211//2538 7200//1214
f 7202//1216 7213//1205 7212//2362 7201//1215
f 7203//1217 7214//1206 7213//1205 7202//1216
f 7204//1218 7215//1207 7214//1206 7203//1217
f 7205//1219 7216//2363 7215//1207 7204//1218
f 7206//1220 7217//2629 7216//2363 7205//1219
f 7207//1221 7218//1210 7217//2629 7206//1220
f 7209//1201 7220//1190 7219//1189 7208//1200
f 7210//1202 7221//1191 7220//1190 7209//1201
f 7211//2538 7222//1192 7221//1191 7210//1202
f 7212//2362 7223//1193 7222//1192 7211//2538
f 7213//1205 7224//1194 7223//1193 7212//2362
f 7214//1206 7225//1195 7224//1194 7213//1205
f 7215//1207 7226//1196 7225//1195 7214//1206
f 7216//2363 7227//1197 7226//1196 7215//1207
f 7217//2629 7228//1198 7227//1197 7216//2363
f 7218//1210 7229//2364 7228//1198 7217//2629
f 7220//1190 7231//1179 7230//1178 7219//1189
f 7221//1191 7232//1180 7231//1179 7220//1190
f 7222//1192 7233//1181 7232//1180 7221//1191
f 7223//1193 7234//1182 7233//1181 7222//1192
f 7224//1194 7235//1183 7234//1182 7223//1193
f 7225//1195 7236//1184 7235//1183 7224//1194
f 7226//1196 7237//1185 7236//1184 7225//1195
f 7227//1197 7238//1186 7237//1185 7226//1196
f 7228//1198 7239//1187 7238//1186 7227//1197
f 7229//2364 7240//1188 7239//1187 7228//1198
f 7231//1179 7242//1168 7241//1167 7230//1178
f 7232//1180 7243//1169 7242//1168 7231//1179
f 7233//1181 7244//1170 7243//1169 7232//1180
f 7234//1182 7245//1171 7244//1170 7233//1181
f 7235//1183 7246//1172 7245//1171 7234//1182
f 7236//1184 7247//1173 7246//1172 7235//1183
f 7237//1185 7248//1174 7247//1173 7236//1184
f 7238//1186 7249//1175 7248//1174 7237//1185
f 7239//1187 7250//1176 7249//1175 7238//1186
f 7240//1188 7251//1177 7250//1176 7239//1187
f 7242//1168 7253//1157 7252//2630 7241//1167
f 7243//1169 7254//1158 7253//1157 7242//1168
f 7244//1170 7255//1159 7254//1158 7243//1169
f 7245//1171 7256//1160 7255//1159 7244//1170
f 7246//1172 7257//1161 7256//1160 7245//1171
f 7247//1173 7258//2535 7257//1161 7246//1172
f 7248//1174 7259//1163 7258//2535 7247//1173
f 7249//1175 7260//2368 7259//1163 7248//1174
f 7250//1176 7261//1165 7260//2368 7249//1175
f 7251//1177 7262//1166 7261//1165 7250//1176
f 7253//1157 7264//2631 7263//2370 7252//2630
f 7254//1158 7265//2371 7264//2631 7253//1157
f 7255//1159 7266//2372 7265//2371 7254//1158
f 7256//1160 7267//2373 7266//2372 7255//1159
f 7257//1161 7268//2374 7267//2373 7256//1160
f 7258//2535 7269//2375 7268//2374 7257//1161
f 7259//1163 7270//2376 7269//2375 7258//2535
f 7260//2368 7271//2377 7270//2376 7259//1163
f 7261//1165 7272//2632 7271//2377 7260//2368
f 7262//1166 7273//2379 7272//2632 7261//1165
f 7264//2631 7275//2380 7274//2381 7263//2370
f 7265//2371 7276//2382 7275//2380 7264//2631
f 7266//2372 7277//2383 7276//2382 7265//2371
f 7267//2373 7278//2384 7277//2383 7266//2372
f 7268//2374 7279//2385 7278//2384 7267//2373
f 7269//2375 7280//2633 7279//2385 7268//2374
f 7270//2376 7281//2634 7280//2633 7269//2375
f 7271//2377 7282//2388 7281//2634 7270//2376
f 7272//2632 7283//2389 7282//2388 7271//2377
f 7273//2379 7284//2390 7283//2389 7272//2632
f 7285//2391 7286//2392 6866//2276 6855//2275
f 7286//2392 7287//1395 6877//1067 6866//2276
f 7287//1395 7288//2635 6888//1056 6877//1067
f 7288//2635 7289//1393 6899//1045 6888//1056
f 7289//1393 7290//1392 6910//1026 6899//1045
f 7290//1392 7291//1392 6921//1026 6910//1026
f 7291//1392 7292//1392 6932//1026 6921//1026
f 7292//1392 7293//1391 6943//1015 6932//1026
f 7293//1391 7294//2393 6954//1004 6943//1015
f 7294//2393 7295//1389 6965//993 6954//1004
f 7295//1389 7296//2394 6976//2289 6965//993
f 7296//2394 7297//2395 6987//2300 6976//2289
f 7297//2395 7298//2396 6998//2311 6987//2300
f 7298//2396 7299//1400 7009//1132 6998//2311
f 7300//2398 7301//2399 7031//2323 7020//1111
f 7301//2399 7302//2400 7042//2334 7031//2323
f 7302//2400 7303//2401 7053//2345 7042//2334
f 7303//2401 7304//1422 7064//1364 7053//2345
f 7304//1422 7305//1421 7075//2348 7064//1364
f 7305//1421 7306//1420 7086//1342 7075//2348
f 7306//1420 7307//1419 7097//1331 7086//1342
f 7307//1419 7308//2549 7108//1320 7097//1331
f 7308//2549 7309//1417 7119//1309 7108//1320
f 7309//1417 7310//1416 7130//1298 7119//1309
f 7310//1416 7311//1415 7141//1287 7130//1298
f 7311//1415 7312//1414 7152//1276 7141//1287
f 7312//1414 7313//1413 7163//1265 7152//1276
f 7313//1413 7314//1412 7174//1254 7163//1265
f 7314//1412 7315//1411 7185//1243 7174//1254
f 7315//1411 7316//1410 7196//1232 7185//1243
f 7316//1410 7317//1409 7207//1221 7196//1232
f 7317//1409 7318//1408 7218//1210 7207//1221
f 7318//1408 7319//1407 7229//2364 7218//1210
f 7319//1407 7320//1406 7240//1188 7229//2364
f 7320//1406 7321//1405 7251//1177 7240//1188
f 7321//1405 7322//1404 7262//1166 7251//1177
f 7322//1404 7323//2404 7273//2379 7262//1166
f 7323//2404 7324//2405 7284//2390 7273//2379
f 6845//2258 6856//2257 7326//2406 7325//2407
f 6856//2257 6867//1057 7327//1433 7326//2406
f 6867//1057 6878//1046 7328//1432 7327//1433
f 6878//1046 6889//2529 7329//1431 7328//1432
f 6889//2529 6900//1016 7330//1430 7329//1431
f 6900//1016 6911//2527 7331//2551 7330//1430
f 6911//2527 6922//1016 7332//1430 7331//2551
f 6922//1016 6933//2525 7333//1429 7332//1430
f 6933//2525 6944//994 7334//1428 7333//1429
f 6944//994 6955//983 7335//1427 7334//1428
f 6955//983 6966//2280 7336//2408 7335//1427
f 6966//2280 6977//2291 7337//2409 7336//2408
f 6977//2291 6988//2302 7338//2410 7337//2409
f 6988//2302 6999//1113 7339//2411 7338//2410
f 7010//1101 7021//2313 7341//2412 7340//2413
f 7021//2313 7032//2325 7342//2636 7341//2412
f 7032//2325 7043//2336 7343//2415 7342//2636
f 7043//2336 7054//2346 7344//1460 7343//2415
f 7054//2346 7065//1343 7345//1459 7344//1460
f 7065//1343 7076//1332 7346//2637 7345//1459
f 7076//1332 7087//2623 7347//1457 7346//2637
f 7087//2623 7098//2349 7348//2416 7347//1457
f 7098//2349 7109//1299 7349//1455 7348//2416
f 7109//1299 7120//2354 7350//1454 7349//1455
f 7120//2354 7131//2357 7351//1453 7350//1454
f 7131//2357 7142//1266 7352//1452 7351//1453
f 7142//1266 7153//1255 7353//1451 7352//1452
f 7153//1255 7164//1244 7354//1450 7353//1451
f 7164//1244 7175//2539 7355//1449 7354//1450
f 7175//2539 7186//2359 7356//1448 7355//1449
f 7186//2359 7197//2360 7357//1447 7356//1448
f 7197//2360 7208//1200 7358//2638 7357//1447
f 7208//1200 7219//1189 7359//1445 7358//2638
f 7219//1189 7230//1178 7360//1444 7359//1445
f 7230//1178 7241//1167 7361//1443 7360//1444
f 7241//1167 7252//2630 7362//1442 7361//1443
f 7252//2630 7263//2370 7363//2418 7362//1442
f 7263//2370 7274//2381 7364//2419 7363//2418
f 7365//2420 7374//2421 7286//2392 7285//2391
f 7366//2422 7375//2423 7374//2421 7365//2420
f 7367//2424 7376//2425 7375//2423 7366//2422
f 7368//2426 7377//2427 7376//2425 7367//2424
f 7369//2428 7378//2429 7377//2427 7368//2426
f 7370//2430 7379//2431 7378//2429 7369//2428
f 7371//2432 7380//2433 7379//2431 7370//2430
f 7372//2434 7381//2435 7380//2433 7371//2432
f 7373//2436 7382//2437 7381//2435 7372//2434
f 7325//2407 7326//2406 7382//2437 7373//2436
f 7374//2421 7383//1543 7287//1395 7286//2392
f 7375//2423 7384//1544 7383//1543 7374//2421
f 7376//2425 7385//1545 7384//1544 7375//2423
f 7377//2427 7386//1546 7385//1545 7376//2425
f 7378//2429 7387//1547 7386//1546 7377//2427
f 7379//2431 7388//1548 7387//1547 7378//2429
f 7380//2433 7389//1549 7388//1548 7379//2431
f 7381//2435 7390//1550 7389//1549 7380//2433
f 7382//2437 7391//1551 7390//1550 7381//2435
f 7326//2406 7327//1433 7391//1551 7382//2437
f 7383//1543 7392//1534 7288//2635 7287//1395
f 7384//1544 7393//1535 7392//1534 7383//1543
f 7385//1545 7394//1536 7393//1535 7384//1544
f 7386//1546 7395//1537 7394//1536 7385//1545
f 7387//1547 7396//1538 7395//1537 7386//1546
f 7388//1548 7397//1539 7396//1538 7387//1547
f 7389//1549 7398//1540 7397//1539 7388//1548
f 7390//1550 7399//1541 7398//1540 7389//1549
f 7391//1551 7400//1542 7399//1541 7390//1550
f 7327//1433 7328//1432 7400//1542 7391//1551
f 7392//1534 7401//1525 7289//1393 7288//2635
f 7393//1535 7402//1526 7401//1525 7392//1534
f 7394//1536 7403//2555 7402//1526 7393//1535
f 7395//1537 7404//1528 7403//2555 7394//1536
f 7396//1538 7405//1529 7404//1528 7395//1537
f 7397//1539 7406//1530 7405//1529 7396//1538
f 7398//1540 7407//1531 7406//1530 7397//1539
f 7399//1541 7408//1532 7407//1531 7398//1540
f 7400//1542 7409//1533 7408//1532 7399//1541
f 7328//1432 7329//1431 7409//1533 7400//1542
f 7401//1525 7410//1508 7290//1392 7289//1393
f 7402//1526 7411//1509 7410//1508 7401//1525
f 7403//2555 7412//1510 7411//1509 7402//1526
f 7404//1528 7413//1511 7412//1510 7403//2555
f 7405//1529 7414//1512 7413//1511 7404//1528
f 7406//1530 7415//1513 7414//1512 7405//1529
f 7407//1531 7416//1514 7415//1513 7406//1530
f 7408//1532 7417//1515 7416//1514 7407//1531
f 7409//1533 7418//1516 7417//1515 7408//1532
f 7329//1431 7330//1430 7418//1516 7409//1533
f 7410//1508 7419//1517 7291//1392 7290//1392
f 7411//1509 7420//1518 7419//1517 7410//1508
f 7412//1510 7421//1519 7420//1518 7411//1509
f 7413//1511 7422//1520 7421//1519 7412//1510
f 7414//1512 7423//1521 7422//1520 7413//1511
f 7415//1513 7424//1513 7423//1521 7414//1512
f 7416//1514 7425//1522 7424//1513 7415//1513
f 7417//1515 7426//1523 7425//1522 7416//1514
f 7418//1516 7427//1524 7426//1523 7417//1515
f 7330//1430 7331//2551 7427//1524 7418//1516
f 7419//1517 7428//1508 7292//1392 7291//1392
f 7420//1518 7429//1509 7428//1508 7419//1517
f 7421//1519 7430//1510 7429//1509 7420//1518
f 7422//1520 7431//1511 7430//1510 7421//1519
f 7423//1521 7432//1512 7431//1511 7422//1520
f 7424//1513 7433//1513 7432//1512 7423//1521
f 7425//1522 7434//1514 7433//1513 7424//1513
f 7426//1523 7435//1515 7434//1514 7425//1522
f 7427//1524 7436//1516 7435//1515 7426//1523
f 7331//2551 7332//1430 7436//1516 7427//1524
f 7428//1508 7437//1499 7293//1391 7292//1392
f 7429//1509 7438//1500 7437//1499 7428//1508
f 7430//1510 7439//2554 7438//1500 7429//1509
f 7431//1511 7440//1502 7439//2554 7430//1510
f 7432//1512 7441//1503 7440//1502 7431//1511
f 7433//1513 7442//1504 7441//1503 7432//1512
f 7434//1514 7443//1505 7442//1504 7433//1513
f 7435//1515 7444//1506 7443//1505 7434//1514
f 7436//1516 7445//1507 7444//1506 7435//1515
f 7332//1430 7333//1429 7445//1507 7436//1516
f 7437//1499 7446//1490 7294//2393 7293//1391
f 7438//1500 7447//1491 7446//1490 7437//1499
f 7439//2554 7448//1492 7447//1491 7438//1500
f 7440//1502 7449//1493 7448//1492 7439//2554
f 7441//1503 7450//1494 7449//1493 7440//1502
f 7442//1504 7451//1495 7450//1494 7441//1503
f 7443//1505 7452//1496 7451//1495 7442//1504
f 7444//1506 7453//1497 7452//1496 7443//1505
f 7445//1507 7454//1498 7453//1497 7444//1506
f 7333//1429 7334//1428 7454//1498 7445//1507
f 7446//1490 7455//1481 7295//1389 7294//2393
f 7447//1491 7456//1482 7455//1481 7446//1490
f 7448//1492 7457//1483 7456//1482 7447//1491
f 7449//1493 7458//1484 7457//1483 7448//1492
f 7450//1494 7459//1485 7458//1484 7449//1493
f 7451//1495 7460//1486 7459//1485 7450//1494
f 7452//1496 7461//2639 7460//1486 7451//1495
f 7453//1497 7462//1488 7461//2639 7452//1496
f 7454//1498 7463//2439 7462//1488 7453//1497
f 7334//1428 7335//1427 7463//2439 7454//1498
f 7455//1481 7464//2440 7296//2394 7295//1389
f 7456//1482 7465//2441 7464//2440 7455//1481
f 7457//1483 7466//2442 7465//2441 7456//1482
f 7458//1484 7467//2443 7466//2442 7457//1483
f 7459//1485 7468//2444 7467//2443 7458//1484
f 7460//1486 7469//2445 7468//2444 7459//1485
f 7461//2639 7470//2446 7469//2445 7460//1486
f 7462//1488 7471//2447 7470//2446 7461//2639
f 7463//2439 7472//2448 7471//2447 7462//1488
f 7335//1427 7336//2408 7472//2448 7463//2439
f 7464//2440 7473//2449 7297//2395 7296//2394
f 7465//2441 7474//2450 7473//2449 7464//2440
f 7466//2442 7475//2451 7474//2450 7465//2441
f 7467//2443 7476//2452 7475//2451 7466//2442
f 7468//2444 7477//2453 7476//2452 7467//2443
f 7469//2445 7478//2454 7477//2453 7468//2444
f 7470//2446 7479//2455 7478//2454 7469//2445
f 7471//2447 7480//2456 7479//2455 7470//2446
f 7472//2448 7481//2457 7480//2456 7471//2447
f 7336//2408 7337//2409 7481//2457 7472//2448
f 7473//2449 7482//2640 7298//2396 7297//2395
f 7474//2450 7483//2459 7482//2640 7473//2449
f 7475//2451 7484//2460 7483//2459 7474//2450
f 7476//2452 7485//2461 7484//2460 7475//2451
f 7477//2453 7486//2462 7485//2461 7476//2452
f 7478//2454 7487//2463 7486//2462 7477//2453
f 7479//2455 7488//2464 7487//2463 7478//2454
f 7480//2456 7489//2465 7488//2464 7479//2455
f 7481//2457 7490//2466 7489//2465 7480//2456
f 7337//2409 7338//2410 7490//2466 7481//2457
f 7482//2640 7491//1588 7299//1400 7298//2396
f 7483//2459 7492//1590 7491//1588 7482//2640
f 7484//2460 7493//1592 7492//1590 7483//2459
f 7485//2461 7494//1594 7493//1592 7484//2460
f 7486//2462 7495//1596 7494//1594 7485//2461
f 7487//2463 7496//1598 7495//1596 7486//2462
f 7488//2464 7497//1600 7496//1598 7487//2463
f 7489//2465 7498//1602 7497//1600 7488//2464
f 7490//2466 7499//1604 7498//1602 7489//2465
f 7338//2410 7339//2411 7499//1604 7490//2466
f 7500//1579 7509//2468 7301//2399 7300//2398
f 7501//1580 7510//2469 7509//2468 7500//1579
f 7502//1581 7511//2641 7510//2469 7501//1580
f 7503//1582 7512//2471 7511//2641 7502//1581
f 7504//1583 7513//2472 7512//2471 7503//1582
f 7505//1584 7514//2473 7513//2472 7504//1583
f 7506//1585 7515//2474 7514//2473 7505//1584
f 7507//2475 7516//2476 7515//2474 7506//1585
f 7508//1587 7517//2477 7516//2476 7507//2475
f 7340//2413 7341//2412 7517//2477 7508//1587
f 7509//2468 7518//2478 7302//2400 7301//2399
f 7510//2469 7519//2479 7518//2478 7509//2468
f 7511//2641 7520//2480 7519//2479 7510//2469
f 7512//2471 7521//2481 7520//2480 7511//2641
f 7513//2472 7522//2642 7521//2481 7512//2471
f 7514//2473 7523//2483 7522//2642 7513//2472
f 7515//2474 7524//2484 7523//2483 7514//2473
f 7516//2476 7525//2485 7524//2484 7515//2474
f 7517//2477 7526//2486 7525//2485 7516//2476
f 7341//2412 7342//2636 7526//2486 7517//2477
f 7518//2478 7527//2487 7303//2401 7302//2400
f 7519//2479 7528//2488 7527//2487 7518//2478
f 7520//2480 7529//2489 7528//2488 7519//2479
f 7521//2481 7530//2490 7529//2489 7520//2480
f 7522//2642 7531//2491 7530//2490 7521//2481
f 7523//2483 7532//2643 7531//2491 7522//2642
f 7524//2484 7533//2493 7532//2643 7523//2483
f 7525//2485 7534//2494 7533//2493 7524//2484
f 7526//2486 7535//2495 7534//2494 7525//2485
f 7342//2636 7343//2415 7535//2495 7526//2486
f 7527//2487 7536//1786 7304//1422 7303//2401
f 7528//2488 7537//1787 7536//1786 7527//2487
f 7529//2489 7538//1788 7537//1787 7528//2488
f 7530//2490 7539//1789 7538//1788 7529//2489
f 7531//2491 7540//1790 7539//1789 7530//2490
f 7532//2643 7541//1791 7540//1790 7531//2491
f 7533//2493 7542//1792 7541//1791 7532//2643
f 7534//2494 7543//1793 7542//1792 7533//2493
f 7535//2495 7544//1794 7543//1793 7534//2494
f 7343//2415 7344//1460 7544//1794 7535//2495
f 7536//1786 7545//1777 7305//1421 7304//1422
f 7537//1787 7546//1778 7545//1777 7536//1786
f 7538//1788 7547//1779 7546//1778 7537//1787
f 7539//1789 7548//1780 7547//1779 7538//1788
f 7540//1790 7549//1781 7548//1780 7539//1789
f 7541//1791 7550//1782 7549//1781 7540//1790
f 7542//1792 7551//1783 7550//1782 7541//1791
f 7543//1793 7552//1784 7551//1783 7542//1792
f 7544//1794 7553//1785 7552//1784 7543//1793
f 7344//1460 7345//1459 7553//1785 7544//1794
f 7545//1777 7554//1768 7306//1420 7305//1421
f 7546//1778 7555//2496 7554//1768 7545//1777
f 7547//1779 7556//1770 7555//2496 7546//1778
f 7548//1780 7557//1771 7556//1770 7547//1779
f 7549//1781 7558//1772 7557//1771 7548//1780
f 7550//1782 7559//1773 7558//1772 7549//1781
f 7551//1783 7560//1774 7559//1773 7550//1782
f 7552//1784 7561//1775 7560//1774 7551//1783
f 7553//1785 7562//1776 7561//1775 7552//1784
f 7345//1459 7346//2637 7562//1776 7553//1785
f 7554//1768 7563//1759 7307//1419 7306//1420
f 7555//2496 7564//1760 7563//1759 7554//1768
f 7556//1770 7565//1761 7564//1760 7555//2496
f 7557//1771 7566//1762 7565//1761 7556//1770
f 7558//1772 7567//1763 7566//1762 7557//1771
f 7559//1773 7568//1764 7567//1763 7558//1772
f 7560//1774 7569//1765 7568//1764 7559//1773
f 7561//1775 7570//1766 7569//1765 7560//1774
f 7562//1776 7571//1767 7570//1766 7561//1775
f 7346//2637 7347//1457 7571//1767 7562//1776
f 7563//1759 7572//1750 7308//2549 7307//1419
f 7564//1760 7573//1751 7572//1750 7563//1759
f 7565//1761 7574//1752 7573//1751 7564//1760
f 7566//1762 7575//1753 7574//1752 7565//1761
f 7567//1763 7576//1754 7575//1753 7566//1762
f 7568//1764 7577//1755 7576//1754 7567//1763
f 7569//1765 7578//1756 7577//1755 7568//1764
f 7570//1766 7579//1757 7578//1756 7569//1765
f 7571//1767 7580//1758 7579//1757 7570//1766
f 7347//1457 7348//2416 7580//1758 7571//1767
f 7572//1750 7581//1741 7309//1417 7308//2549
f 7573//1751 7582//1742 7581//1741 7572//1750
f 7574//1752 7583//1743 7582//1742 7573//1751
f 7575//1753 7584//1744 7583//1743 7574//1752
f 7576//1754 7585//1745 7584//1744 7575//1753
f 7577//1755 7586//1746 7585//1745 7576//1754
f 7578//1756 7587//1747 7586//1746 7577//1755
f 7579//1757 7588//1748 7587//1747 7578//1756
f 7580//1758 7589//1749 7588//1748 7579//1757
f 7348//2416 7349//1455 7589//1749 7580//1758
f 7581//1741 7590//1732 7310//1416 7309//1417
f 7582//1742 7591//1733 7590//1732 7581//1741
f 7583//1743 7592//1734 7591//1733 7582//1742
f 7584//1744 7593//1735 7592//1734 7583//1743
f 7585//1745 7594//1736 7593//1735 7584//1744
f 7586//1746 7595//1737 7594//1736 7585//1745
f 7587//1747 7596//1738 7595//1737 7586//1746
f 7588//1748 7597//1739 7596//1738 7587//1747
f 7589//1749 7598//1740 7597//1739 7588//1748
f 7349//1455 7350//1454 7598//1740 7589//1749
f 7590//1732 7599//1723 7311//1415 7310//1416
f 7591//1733 7600//1724 7599//1723 7590//1732
f 7592//1734 7601//1725 7600//1724 7591//1733
f 7593//1735 7602//1726 7601//1725 7592//1734
f 7594//1736 7603//1727 7602//1726 7593//1735
f 7595//1737 7604//1728 7603//1727 7594//1736
f 7596//1738 7605//1729 7604//1728 7595//1737
f 7597//1739 7606//1730 7605//1729 7596//1738
f 7598//1740 7607//1731 7606//1730 7597//1739
f 7350//1454 7351//1453 7607//1731 7598//1740
f 7599//1723 7608//1714 7312//1414 7311//1415
f 7600//1724 7609//1715 7608//1714 7599//1723
f 7601//1725 7610//1716 7609//1715 7600//1724
f 7602//1726 7611//1717 7610//1716 7601//1725
f 7603//1727 7612//1718 7611//1717 7602//1726
f 7604//1728 7613//1719 7612//1718 7603//1727
f 7605//1729 7614//1720 7613//1719 7604//1728
f 7606//1730 7615//1721 7614//1720 7605//1729
f 7607//1731 7616//1722 7615//1721 7606//1730
f 7351//1453 7352//1452 7616//1722 7607//1731
f 7608//1714 7617//1705 7313//1413 7312//1414
f 7609//1715 7618//1706 7617//1705 7608//1714
f 7610//1716 7619//1707 7618//1706 7609//1715
f 7611//1717 7620//1708 7619//1707 7610//1716
f 7612//1718 7621//1709 7620//1708 7611//1717
f 7613//1719 7622//1710 7621//1709 7612//1718
f 7614//1720 7623//1711 7622//1710 7613//1719
f 7615//1721 7624//1712 7623//1711 7614//1720
f 7616//1722 7625//1713 7624//1712 7615//1721
f 7352//1452 7353//1451 7625//1713 7616//1722
f 7617//1705 7626//1696 7314//1412 7313//1413
f 7618//1706 7627//1697 7626//1696 7617//1705
f 7619//1707 7628//1698 7627//1697 7618//1706
f 7620//1708 7629//1699 7628//1698 7619//1707
f 7621//1709 7630//1700 7629//1699 7620//1708
f 7622//1710 7631//1701 7630//1700 7621//1709
f 7623//1711 7632//1702 7631//1701 7622//1710
f 7624//1712 7633//1703 7632//1702 7623//1711
f 7625//1713 7634//1704 7633//1703 7624//1712
f 7353//1451 7354//1450 7634//1704 7625//1713
f 7626//1696 7635//1687 7315//1411 7314//1412
f 7627//1697 7636//1688 7635//1687 7626//1696
f 7628//1698 7637//1689 7636//1688 7627//1697
f 7629//1699 7638//1690 7637//1689 7628//1698
f 7630//1700 7639//1691 7638//1690 7629//1699
f 7631//1701 7640//1692 7639//1691 7630//1700
f 7632//1702 7641//1693 7640//1692 7631//1701
f 7633//1703 7642//1694 7641//1693 7632//1702
f 7634//1704 7643//1695 7642//1694 7633//1703
f 7354//1450 7355//1449 7643//1695 7634//1704
f 7635//1687 7644//1678 7316//1410 7315//1411
f 7636//1688 7645//1679 7644//1678 7635//1687
f 7637//1689 7646//1680 7645//1679 7636//1688
f 7638//1690 7647//1681 7646//1680 7637//1689
f 7639//1691 7648//1682 7647//1681 7638//1690
f 7640//1692 7649//1683 7648//1682 7639//1691
f 7641//1693 7650//1684 7649//1683 7640//1692
f 7642//1694 7651//1685 7650//1684 7641//1693
f 7643//1695 7652//1686 7651//1685 7642//1694
f 7355//1449 7356//1448 7652//1686 7643//1695
f 7644//1678 7653//1669 7317//1409 7316//1410
f 7645//1679 7654//2499 7653//1669 7644//1678
f 7646//1680 7655//1671 7654//2499 7645//1679
f 7647//1681 7656//1672 7655//1671 7646//1680
f 7648//1682 7657//1673 7656//1672 7647//1681
f 7649//1683 7658//1674 7657//1673 7648//1682
f 7650//1684 7659//1675 7658//1674 7649//1683
f 7651//1685 7660//1676 7659//1675 7650//1684
f 7652//1686 7661//1677 7660//1676 7651//1685
f 7356//1448 7357//1447 7661//1677 7652//1686
f 7653//1669 7662//2500 7318//1408 7317//1409
f 7654//2499 7663//1661 7662//2500 7653//1669
f 7655//1671 7664//1662 7663//1661 7654//2499
f 7656//1672 7665//1663 7664//1662 7655//1671
f 7657//1673 7666//1664 7665//1663 7656//1672
f 7658//1674 7667//1665 7666//1664 7657//1673
f 7659//1675 7668//1666 7667//1665 7658//1674
f 7660//1676 7669//1667 7668//1666 7659//1675
f 7661//1677 7670//1668 7669//1667 7660//1676
f 7357//1447 7358//2638 7670//1668 7661//1677
f 7662//2500 7671//1651 7319//1407 7318//1408
f 7663//1661 7672//1652 7671//1651 7662//2500
f 7664//1662 7673//1653 7672//1652 7663//1661
f 7665//1663 7674//1654 7673//1653 7664//1662
f 7666//1664 7675//1655 7674//1654 7665//1663
f 7667//1665 7676//1656 7675//1655 7666//1664
f 7668//1666 7677//1657 7676//1656 7667//1665
f 7669//1667 7678//1658 7677//1657 7668//1666
f 7670//1668 7679//1659 7678//1658 7669//1667
f 7358//2638 7359//1445 7679//1659 7670//1668
f 7671//1651 7680//2644 7320//1406 7319//1407
f 7672//1652 7681//1643 7680//2644 7671//1651
f 7673//1653 7682//2501 7681//1643 7672//1652
f 7674//1654 7683//1645 7682//2501 7673//1653
f 7675//1655 7684//1646 7683//1645 7674//1654
f 7676//1656 7685//1647 7684//1646 7675//1655
f 7677//1657 7686//1648 7685//1647 7676//1656
f 7678//1658 7687//1649 7686//1648 7677//1657
f 7679//1659 7688//1650 7687//1649 7678//1658
f 7359//1445 7360//1444 7688//1650 7679//1659
f 7680//2644 7689//1633 7321//1405 7320//1406
f 7681//1643 7690//1634 7689//1633 7680//2644
f 7682//2501 7691//1635 7690//1634 7681//1643
f 7683//1645 7692//1636 7691//1635 7682//2501
f 7684//1646 7693//1637 7692//1636 7683//1645
f 7685//1647 7694//1638 7693//1637 7684//1646
f 7686//1648 7695//1639 7694//1638 7685//1647
f 7687//1649 7696//1640 7695//1639 7686//1648
f 7688//1650 7697//1641 7696//1640 7687//1649
f 7360//1444 7361//1443 7697//1641 7688//1650
f 7689//1633 7698//2502 7322//1404 7321//1405
f 7690//1634 7699//1625 7698//2502 7689//1633
f 7691//1635 7700//1626 7699//1625 7690//1634
f 7692//1636 7701//1627 7700//1626 7691//1635
f 7693//1637 7702//1628 7701//1627 7692//1636
f 7694//1638 7703//1629 7702//1628 7693//1637
f 7695//1639 7704//1630 7703//1629 7694//1638
f 7696//1640 7705//1631 7704//1630 7695//1639
f 7697//1641 7706//1632 7705//1631 7696//1640
f 7361//1443 7362//1442 7706//1632 7697//1641
f 7698//2502 7707//2503 7323//2404 7322//1404
f 7699//1625 7708//2504 7707//2503 7698//2502
f 7700//1626 7709//2505 7708//2504 7699//1625
f 7701//1627 7710//2506 7709//2505 7700//1626
f 7702//1628 7711//2507 7710//2506 7701//1627
f 7703//1629 7712//2508 7711//2507 7702//1628
f 7704//1630 7713//2509 7712//2508 7703//1629
f 7705//1631 7714//2510 7713//2509 7704//1630
f 7706//1632 7715//2511 7714//2510 7705//1631
f 7362//1442 7363//2418 7715//2511 7706//1632
f 7707//2503 7716//2512 7324//2405 7323//2404
f 7708//2504 7717//2513 7716//2512 7707//2503
f 7709//2505 7718//2514 7717//2513 7708//2504
f 7710//2506 7719//2515 7718//2514 7709//2505
f 7711//2507 7720//2516 7719//2515 7710//2506
f 7712//2508 7721//2517 7720//2516 7711//2507
f 7713//2509 7722//2645 7721//2517 7712//2508
f 7714//2510 7723//2519 7722//2645 7713//2509
f 7715//2511 7724//2520 7723//2519 7714//2510
f 7363//2418 7364//2419 7724//2520 7715//2511
f 7726//1857 7737//1846 7736//2567 7725//2568
f 7727//1858 7738//1847 7737//1846 7726//1857
f 7728//1859 7739//1848 7738//1847 7727//1858
f 7729//1860 7740//1849 7739//1848 7728//1859
f 7730//863 7741//1850 7740//1849 7729//1860
f 7731//1861 7742//1851 7741//1850 7730//863
f 7732//1862 7743//1852 7742//1851 7731//1861
f 7733//1863 7744//1853 7743//1852 7732//1862
f 7734//1864 7745//1854 7744//1853 7733//1863
f 7735//1865 7746//1855 7745//1854 7734//1864
f 7737//1846 7748//1835 7747//1834 7736//2567
f 7738//1847 7749//1836 7748//1835 7737//1846
f 7739//1848 7750//1837 7749//1836 7738//1847
f 7740//1849 7751//1838 7750//1837 7739//1848
f 7741//1850 7752//1839 7751//1838 7740//1849
f 7742//1851 7753//1840 7752//1839 7741//1850
f 7743//1852 7754//1841 7753//1840 7742//1851
f 7744//1853 7755//2566 7754//1841 7743//1852
f 7745//1854 7756//1843 7755//2566 7744//1853
f 7746//1855 7757//1844 7756//1843 7745//1854
f 7748//1835 7759//1816 7758//2565 7747//1834
f 7749//1836 7760//1818 7759//1816 7748//1835
f 7750//1837 7761//1820 7760//1818 7749//1836
f 7751//1838 7762//1822 7761//1820 7750//1837
f 7752//1839 7763//1823 7762//1822 7751//1838
f 7753//1840 7764//1825 7763//1823 7752//1839
f 7754//1841 7765//1827 7764//1825 7753//1840
f 7755//2566 7766//1829 7765//1827 7754//1841
f 7756//1843 7767//1831 7766//1829 7755//2566
f 7757//1844 7768//1833 7767//1831 7756//1843
f 7759//1816 7770//1813 7769//2564 7758//2565
f 7760//1818 7771//1817 7770//1813 7759//1816
f 7761//1820 7772//1819 7771//1817 7760//1818
f 7762//1822 7773//1821 7772//1819 7761//1820
f 7763//1823 7774//863 7773//1821 7762//1822
f 7764//1825 7775//1824 7774//863 7763//1823
f 7765//1827 7776//1826 7775//1824 7764//1825
f 7766//1829 7777//1828 7776//1826 7765//1827
f 7767//1831 7778//1830 7777//1828 7766//1829
f 7768//1833 7779//1832 7778//1830 7767//1831
f 7780//1870 7781//1869 7746//1855 7735//1865
f 7781//1869 7782//1868 7757//1844 7746//1855
f 7782//1868 7783//1867 7768//1833 7757//1844
f 7783//1867 7784//1866 7779//1832 7768//1833
f 7725//2568 7736//2567 7786//1874 7785//2572
f 7736//2567 7747//1834 7787//1873 7786//1874
f 7747//1834 7758//2565 7788//2570 7787//1873
f 7758//2565 7769//2564 7789//2569 7788//2570
f 7790//1911 7799//1902 7781//1869 7780//1870
f 7791//1912 7800//1903 7799//1902 7790//1911
f 7792//1913 7801//1904 7800//1903 7791//1912
f 7793//1914 7802//1905 7801//1904 7792//1913
f 7794//925 7803//1906 7802//1905 7793//1914
f 7795//1915 7804//1907 7803//1906 7794//925
f 7796//1916 7805//1908 7804//1907 7795//1915
f 7797//1917 7806//1909 7805//1908 7796//1916
f 7798//1918 7807//1910 7806//1909 7797//1917
f 7785//2572 7786//1874 7807//1910 7798//1918
f 7799//1902 7808//1893 7782//1868 7781//1869
f 7800//1903 7809//2573 7808//1893 7799//1902
f 7801//1904 7810//1895 7809//2573 7800//1903
f 7802//1905 7811//1896 7810//1895 7801//1904
f 7803//1906 7812//1897 7811//1896 7802//1905
f 7804//1907 7813//1898 7812//1897 7803//1906
f 7805//1908 7814//1899 7813//1898 7804//1907
f 7806//1909 7815//1900 7814//1899 7805//1908
f 7807//1910 7816//1901 7815//1900 7806//1909
f 7786//1874 7787//1873 7816//1901 7807//1910
f 7808//1893 7817//1877 7783//1867 7782//1868
f 7809//2573 7818//1879 7817//1877 7808//1893
f 7810//1895 7819//1881 7818//1879 7809//2573
f 7811//1896 7820//1883 7819//1881 7810//1895
f 7812//1897 7821//1884 7820//1883 7811//1896
f 7813//1898 7822//1886 7821//1884 7812//1897
f 7814//1899 7823//1888 7822//1886 7813//1898
f 7815//1900 7824//1890 7823//1888 7814//1899
f 7816//1901 7825//1892 7824//1890 7815//1900
f 7787//1873 7788//2570 7825//1892 7816//1901
f 7817//1877 7826//1876 7784//1866 7783//1867
f 7818//1879 7827//1878 7826//1876 7817//1877
f 7819//1881 7828//1880 7827//1878 7818//1879
f 7820//1883 7829//1882 7828//1880 7819//1881
f 7821//1884 7830//925 7829//1882 7820//1883
f 7822//1886 7831//1885 7830//925 7821//1884
f 7823//1888 7832//1887 7831//1885 7822//1886
f 7824//1890 7833//1889 7832//1887 7823//1888
f 7825//1892 7834//1891 7833//1889 7824//1890
f 7788//2570 7789//2569 7834//1891 7825//1892
f 7836//1973 7835//1974 7846//1975 7847//1976
f 7837//1977 7836//1973 7847//1976 7848//1978
f 7838//1979 7837//1977 7848//1978 7849//1980
f 7839//1981 7838//1979 7849//1980 7850//1982
f 7840//1983 7839//1981 7850//1982 7851//1984
f 7841//1985 7840//1983 7851//1984 7852//1986
f 7842//1987 7841//1985 7852//1986 7853//1988
f 7843//1989 7842//1987 7853//1988 7854//1990
f 7844//2646 7843//1989 7854//1990 7855//1992
f 7845//1993 7844//2646 7855//1992 7856//1994
f 7847//1976 7846//1975 7857//98 7858//2583
f 7848//1978 7847//1976 7858//2583 7859//99
f 7849//1980 7848//1978 7859//99 7860//100
f 7850//1982 7849//1980 7860//100 7861//101
f 7851//1984 7850//1982 7861//101 7862//102
f 7852//1986 7851//1984 7862//102 7863//103
f 7853//1988 7852//1986 7863//103 7864//1995
f 7854//1990 7853//1988 7864//1995 7865//105
f 7855//1992 7854//1990 7865//105 7866//1996
f 7856//1994 7855//1992 7866//1996 7867//107
f 7858//2583 7857//98 7868//87 7869//86
f 7859//99 7858//2583 7869//86 7870//88
f 7860//100 7859//99 7870//88 7871//89
f 7861//101 7860//100 7871//89 7872//90
f 7862//102 7861//101 7872//90 7873//91
f 7863//103 7862//102 7873//91 7874//92
f 7864//1995 7863//103 7874//92 7875//93
f 7865//105 7864//1995 7875//93 7876//94
f 7866//1996 7865//105 7876//94 7877//95
f 7867//107 7866//1996 7877//95 7878//96
f 7869//86 7868//87 7879//76 7880//75
f 7870//88 7869//86 7880//75 7881//2581
f 7871//89 7870//88 7881//2581 7882//78
f 7872//90 7871//89 7882//78 7883//79
f 7873//91 7872//90 7883//79 7884//80
f 7874//92 7873//91 7884//80 7885//81
f 7875//93 7874//92 7885//81 7886//2582
f 7876//94 7875//93 7886//2582 7887//83
f 7877//95 7876//94 7887//83 7888//84
f 7878//96 7877//95 7888//84 7889//85
f 7880//75 7879//76 7890//57 7891//56
f 7881//2581 7880//75 7891//56 7892//58
f 7882//78 7881//2581 7892//58 7893//59
f 7883//79 7882//78 7893//59 7894//60
f 7884//80 7883//79 7894//60 7895//61
f 7885//81 7884//80 7895//61 7896//62
f 7886//2582 7885//81 7896//62 7897//63
f 7887//83 7886//2582 7897//63 7898//64
f 7888//84 7887//83 7898//64 7899//65
f 7889//85 7888//84 7899//65 7900//66
f 7891//56 7890//57 7901//57 7902//67
f 7892//58 7891//56 7902//67 7903//68
f 7893//59 7892//58 7903//68 7904//69
f 7894//60 7893//59 7904//69 7905//70
f 7895//61 7894//60 7905//70 7906//71
f 7896//62 7895//61 7906//71 7907//62
f 7897//63 7896//62 7907//62 7908//72
f 7898//64 7897//63 7908//72 7909//73
f 7899//65 7898//64 7909//73 7910//74
f 7900//66 7899//65 7910//74 7911//66
f 7902//67 7901//57 7912//57 7913//56
f 7903//68 7902//67 7913//56 7914//58
f 7904//69 7903//68 7914//58 7915//59
f 7905//70 7904//69 7915//59 7916//60
f 7906//71 7905//70 7916//60 7917//61
f 7907//62 7906//71 7917//61 7918//62
f 7908//72 7907//62 7918//62 7919//63
f 7909//73 7908//72 7919//63 7920//64
f 7910//74 7909//73 7920//64 7921//65
f 7911//66 7910//74 7921//65 7922//66
f 7913//56 7912//57 7923//1999 7924//45
f 7914//58 7913//56 7924//45 7925//2579
f 7915//59 7914//58 7925//2579 7926//48
f 7916//60 7915//59 7926//48 7927//49
f 7917//61 7916//60 7927//49 7928//50
f 7918//62 7917//61 7928//50 7929//51
f 7919//63 7918//62 7929//51 7930//2580
f 7920//64 7919//63 7930//2580 7931//53
f 7921//65 7920//64 7931//53 7932//54
f 7922//66 7921//65 7932//54 7933//55
f 7924//45 7923//1999 7934//2578 7935//34
f 7925//2579 7924//45 7935//34 7936//36
f 7926//48 7925//2579 7936//36 7937//37
f 7927//49 7926//48 7937//37 7938//38
f 7928//50 7927//49 7938//38 7939//39
f 7929//51 7928//50 7939//39 7940//40
f 7930//2580 7929//51 7940//40 7941//41
f 7931//53 7930//2580 7941//41 7942//42
f 7932//54 7931//53 7942//42 7943//43
f 7933//55 7932//54 7943//43 7944//44
f 7935//34 7934//2578 7945//24 7946//2000
f 7936//36 7935//34 7946//2000 7947//2647
f 7937//37 7936//36 7947//2647 7948//26
f 7938//38 7937//37 7948//26 7949//27
f 7939//39 7938//38 7949//27 7950//28
f 7940//40 7939//39 7950//28 7951//29
f 7941//41 7940//40 7951//29 7952//2001
f 7942//42 7941//41 7952//2001 7953//31
f 7943//43 7942//42 7953//31 7954//32
f 7944//44 7943//43 7954//32 7955//33
f 7946//2000 7945//24 7956//2002 7957//2003
f 7947//2647 7946//2000 7957//2003 7958//2004
f 7948//26 7947//2647 7958//2004 7959//2005
f 7949//27 7948//26 7959//2005 7960//2006
f 7950//28 7949//27 7960//2006 7961//2007
f 7951//29 7950//28 7961//2007 7962//2008
f 7952//2001 7951//29 7962//2008 7963//2009
f 7953//31 7952//2001 7963//2009 7964//2010
f 7954//32 7953//31 7964//2010 7965//2648
f 7955//33 7954//32 7965//2648 7966//2012
f 7957//2003 7956//2002 7967//2013 7968//2014
f 7958//2004 7957//2003 7968//2014 7969//2015
f 7959//2005 7958//2004 7969//2015 7970//2016
f 7960//2006 7959//2005 7970//2016 7971//2017
f 7961//2007 7960//2006 7971//2017 7972//2018
f 7962//2008 7961//2007 7972//2018 7973//2019
f 7963//2009 7962//2008 7973//2019 7974//2020
f 7964//2010 7963//2009 7974//2020 7975//2021
f 7965//2648 7964//2010 7975//2021 7976//2022
f 7966//2012 7965//2648 7976//2022 7977//2023
f 7968//2014 7967//2013 7978//2649 7979//2025
f 7969//2015 7968//2014 7979//2025 7980//2026
f 7970//2016 7969//2015 7980//2026 7981//2027
f 7971//2017 7970//2016 7981//2027 7982//2028
f 7972//2018 7971//2017 7982//2028 7983//2029
f 7973//2019 7972//2018 7983//2029 7984//2030
f 7974//2020 7973//2019 7984//2030 7985//2650
f 7975//2021 7974//2020 7985//2650 7986//2032
f 7976//2022 7975//2021 7986//2032 7987//2033
f 7977//2023 7976//2022 7987//2033 7988//2034
f 7979//2025 7978//2649 7989//155 7990//152
f 7980//2026 7979//2025 7990//152 7991//156
f 7981//2027 7980//2026 7991//156 7992//158
f 7982//2028 7981//2027 7992//158 7993//160
f 7983//2029 7982//2028 7993//160 7994//162
f 7984//2030 7983//2029 7994//162 7995//164
f 7985//2650 7984//2030 7995//164 7996//166
f 7986//2032 7985//2650 7996//166 7997//168
f 7987//2033 7986//2032 7997//168 7998//170
f 7988//2034 7987//2033 7998//170 7999//172
f 8001//141 8000//142 8011//2035 8012//2036
f 8002//143 8001//141 8012//2036 8013//2037
f 8003//144 8002//143 8013//2037 8014//2038
f 8004//145 8003//144 8014//2038 8015//2039
f 8005//146 8004//145 8015//2039 8016//2040
f 8006//147 8005//146 8016//2040 8017//2041
f 8007//148 8006//147 8017//2041 8018//2042
f 8008//149 8007//148 8018//2042 8019//2043
f 8009//150 8008//149 8019//2043 8020//2044
f 8010//151 8009//150 8020//2044 8021//2651
f 8012//2036 8011//2035 8022//2046 8023//2047
f 8013//2037 8012//2036 8023//2047 8024//2652
f 8014//2038 8013//2037 8024//2652 8025//2049
f 8015//2039 8014//2038 8025//2049 8026//2050
f 8016//2040 8015//2039 8026//2050 8027//2653
f 8017//2041 8016//2040 8027//2653 8028//2052
f 8018//2042 8017//2041 8028//2052 8029//2053
f 8019//2043 8018//2042 8029//2053 8030//2054
f 8020//2044 8019//2043 8030//2054 8031//2055
f 8021//2651 8020//2044 8031//2055 8032//2056
f 8023//2047 8022//2046 8033//2057 8034//2058
f 8024//2652 8023//2047 8034//2058 8035//2059
f 8025//2049 8024//2652 8035//2059 8036//2060
f 8026//2050 8025//2049 8036//2060 8037//2061
f 8027//2653 8026//2050 8037//2061 8038//2062
f 8028//2052 8027//2653 8038//2062 8039//2063
f 8029//2053 8028//2052 8039//2063 8040//2064
f 8030//2054 8029//2053 8040//2064 8041//2065
f 8031//2055 8030//2054 8041//2065 8042//2066
f 8032//2056 8031//2055 8042//2066 8043//2067
f 8034//2058 8033//2057 8044//2068 8045//394
f 8035//2059 8034//2058 8045//394 8046//396
f 8036//2060 8035//2059 8046//396 8047//2654
f 8037//2061 8036//2060 8047//2654 8048//398
f 8038//2062 8037//2061 8048//398 8049//399
f 8039//2063 8038//2062 8049//399 8050//2069
f 8040//2064 8039//2063 8050//2069 8051//401
f 8041//2065 8040//2064 8051//401 8052//2070
f 8042//2066 8041//2065 8052//2070 8053//403
f 8043//2067 8042//2066 8053//403 8054//404
f 8045//394 8044//2068 8055//384 8056//2071
f 8046//396 8045//394 8056//2071 8057//385
f 8047//2654 8046//396 8057//385 8058//2655
f 8048//398 8047//2654 8058//2655 8059//387
f 8049//399 8048//398 8059//387 8060//388
f 8050//2069 8049//399 8060//388 8061//389
f 8051//401 8050//2069 8061//389 8062//390
f 8052//2070 8051//401 8062//390 8063//391
f 8053//403 8052//2070 8063//391 8064//392
f 8054//404 8053//403 8064//392 8065//2073
f 8056//2071 8055//384 8066//373 8067//372
f 8057//385 8056//2071 8067//372 8068//374
f 8058//2655 8057//385 8068//374 8069//2074
f 8059//387 8058//2655 8069//2074 8070//376
f 8060//388 8059//387 8070//376 8071//377
f 8061//389 8060//388 8071//377 8072//378
f 8062//390 8061//389 8072//378 8073//379
f 8063//391 8062//390 8073//379 8074//380
f 8064//392 8063//391 8074//380 8075//381
f 8065//2073 8064//392 8075//381 8076//2075
f 8067//372 8066//373 8077//362 8078//361
f 8068//374 8067//372 8078//361 8079//363
f 8069//2074 8068//374 8079//363 8080//364
f 8070//376 8069//2074 8080//364 8081//365
f 8071//377 8070//376 8081//365 8082//366
f 8072//378 8071//377 8082//366 8083//367
f 8073//379 8072//378 8083//367 8084//368
f 8074//380 8073//379 8084//368 8085//369
f 8075//381 8074//380 8085//369 8086//370
f 8076//2075 8075//381 8086//370 8087//2656
f 8078//361 8077//362 8088//2076 8089//350
f 8079//363 8078//361 8089//350 8090//352
f 8080//364 8079//363 8090//352 8091//353
f 8081//365 8080//364 8091//353 8092//2077
f 8082//366 8081//365 8092//2077 8093//355
f 8083//367 8082//366 8093//355 8094//356
f 8084//368 8083//367 8094//356 8095//357
f 8085//369 8084//368 8095//357 8096//2078
f 8086//370 8085//369 8096//2078 8097//359
f 8087//2656 8086//370 8097//359 8098//360
f 8089//350 8088//2076 8099//2657 8100//339
f 8090//352 8089//350 8100//339 8101//341
f 8091//353 8090//352 8101//341 8102//342
f 8092//2077 8091//353 8102//342 8103//343
f 8093//355 8092//2077 8103//343 8104//344
f 8094//356 8093//355 8104//344 8105//2079
f 8095//357 8094//356 8105//2079 8106//346
f 8096//2078 8095//357 8106//346 8107//347
f 8097//359 8096//2078 8107//347 8108//348
f 8098//360 8097//359 8108//348 8109//349
f 8100//339 8099//2657 8110//2658 8111//328
f 8101//341 8100//339 8111//328 8112//330
f 8102//342 8101//341 8112//330 8113//331
f 8103//343 8102//342 8113//331 8114//332
f 8104//344 8103//343 8114//332 8115//333
f 8105//2079 8104//344 8115//333 8116//334
f 8106//346 8105//2079 8116//334 8117//335
f 8107//347 8106//346 8117//335 8118//2081
f 8108//348 8107//347 8118//2081 8119//337
f 8109//349 8108//348 8119//337 8120//338
f 8111//328 8110//2658 8121//318 8122//317
f 8112//330 8111//328 8122//317 8123//319
f 8113//331 8112//330 8123//319 8124//320
f 8114//332 8113//331 8124//320 8125//321
f 8115//333 8114//332 8125//321 8126//322
f 8116//334 8115//333 8126//322 8127//2659
f 8117//335 8116//334 8127//2659 8128//324
f 8118//2081 8117//335 8128//324 8129//2660
f 8119//337 8118//2081 8129//2660 8130//2593
f 8120//338 8119//337 8130//2593 8131//327
f 8122//317 8121//318 8132//2082 8133//306
f 8123//319 8122//317 8133//306 8134//308
f 8124//320 8123//319 8134//308 8135//309
f 8125//321 8124//320 8135//309 8136//310
f 8126//322 8125//321 8136//310 8137//311
f 8127//2659 8126//322 8137//311 8138//2592
f 8128//324 8127//2659 8138//2592 8139//313
f 8129//2660 8128//324 8139//313 8140//314
f 8130//2593 8129//2660 8140//314 8141//315
f 8131//327 8130//2593 8141//315 8142//316
f 8133//306 8132//2082 8143//296 8144//295
f 8134//308 8133//306 8144//295 8145//297
f 8135//309 8134//308 8145//297 8146//298
f 8136//310 8135//309 8146//298 8147//299
f 8137//311 8136//310 8147//299 8148//300
f 8138//2592 8137//311 8148//300 8149//301
f 8139//313 8138//2592 8149//301 8150//302
f 8140//314 8139//313 8150//302 8151//303
f 8141//315 8140//314 8151//303 8152//304
f 8142//316 8141//315 8152//304 8153//305
f 8144//295 8143//296 8154//2083 8155//284
f 8145//297 8144//295 8155//284 8156//286
f 8146//298 8145//297 8156//286 8157//287
f 8147//299 8146//298 8157//287 8158//288
f 8148//300 8147//299 8158//288 8159//289
f 8149//301 8148//300 8159//289 8160//2591
f 8150//302 8149//301 8160//2591 8161//291
f 8151//303 8150//302 8161//291 8162//292
f 8152//304 8151//303 8162//292 8163//293
f 8153//305 8152//304 8163//293 8164//294
f 8155//284 8154//2083 8165//2084 8166//273
f 8156//286 8155//284 8166//273 8167//275
f 8157//287 8156//286 8167//275 8168//276
f 8158//288 8157//287 8168//276 8169//277
f 8159//289 8158//288 8169//277 8170//278
f 8160//2591 8159//289 8170//278 8171//279
f 8161//291 8160//2591 8171//279 8172//280
f 8162//292 8161//291 8172//280 8173//2661
f 8163//293 8162//292 8173//2661 8174//282
f 8164//294 8163//293 8174//282 8175//283
f 8166//273 8165//2084 8176//2662 8177//262
f 8167//275 8166//273 8177//262 8178//2086
f 8168//276 8167//275 8178//2086 8179//265
f 8169//277 8168//276 8179//265 8180//266
f 8170//278 8169//277 8180//266 8181//267
f 8171//279 8170//278 8181//267 8182//268
f 8172//280 8171//279 8182//268 8183//269
f 8173//2661 8172//280 8183//269 8184//270
f 8174//282 8173//2661 8184//270 8185//271
f 8175//283 8174//282 8185//271 8186//272
f 8177//262 8176//2662 8187//2087 8188//251
f 8178//2086 8177//262 8188//251 8189//253
f 8179//265 8178//2086 8189//253 8190//254
f 8180//266 8179//265 8190//254 8191//255
f 8181//267 8180//266 8191//255 8192//256
f 8182//268 8181//267 8192//256 8193//257
f 8183//269 8182//268 8193//257 8194//258
f 8184//270 8183//269 8194//258 8195//259
f 8185//271 8184//270 8195//259 8196//260
f 8186//272 8185//271 8196//260 8197//261
f 8188//251 8187//2087 8198//2588 8199//240
f 8189//253 8188//251 8199//240 8200//242
f 8190//254 8189//253 8200//242 8201//243
f 8191//255 8190//254 8201//243 8202//244
f 8192//256 8191//255 8202//244 8203//245
f 8193//257 8192//256 8203//245 8204//246
f 8194//258 8193//257 8204//246 8205//247
f 8195//259 8194//258 8205//247 8206//248
f 8196//260 8195//259 8206//248 8207//249
f 8197//261 8196//260 8207//249 8208//250
f 8199//240 8198//2588 8209//230 8210//229
f 8200//242 8199//240 8210//229 8211//231
f 8201//243 8200//242 8211//231 8212//232
f 8202//244 8201//243 8212//232 8213//233
f 8203//245 8202//244 8213//233 8214//234
f 8204//246 8203//245 8214//234 8215//235
f 8205//247 8204//246 8215//235 8216//236
f 8206//248 8205//247 8216//236 8217//237
f 8207//249 8206//248 8217//237 8218//238
f 8208//250 8207//249 8218//238 8219//239
f 8210//229 8209//230 8220//219 8221//218
f 8211//231 8210//229 8221//218 8222//220
f 8212//232 8211//231 8222//220 8223//221
f 8213//233 8212//232 8223//221 8224//222
f 8214//234 8213//233 8224//222 8225//223
f 8215//235 8214//234 8225//223 8226//224
f 8216//236 8215//235 8226//224 8227//225
f 8217//237 8216//236 8227//225 8228//226
f 8218//238 8217//237 8228//226 8229//227
f 8219//239 8218//238 8229//227 8230//228
f 8221//218 8220//219 8231//208 8232//2089
f 8222//220 8221//218 8232//2089 8233//209
f 8223//221 8222//220 8233//209 8234//2090
f 8224//222 8223//221 8234//2090 8235//211
f 8225//223 8224//222 8235//211 8236//212
f 8226//224 8225//223 8236//212 8237//213
f 8227//225 8226//224 8237//213 8238//214
f 8228//226 8227//225 8238//214 8239//215
f 8229//227 8228//226 8239//215 8240//2091
f 8230//228 8229//227 8240//2091 8241//217
f 8232//2089 8231//208 8242//2092 8243//196
f 8233//209 8232//2089 8243//196 8244//198
f 8234//2090 8233//209 8244//198 8245//199
f 8235//211 8234//2090 8245//199 8246//2663
f 8236//212 8235//211 8246//2663 8247//201
f 8237//213 8236//212 8247//201 8248//202
f 8238//214 8237//213 8248//202 8249//203
f 8239//215 8238//214 8249//203 8250//204
f 8240//2091 8239//215 8250//204 8251//205
f 8241//217 8240//2091 8251//205 8252//206
f 8243//196 8242//2092 8253//2095 8254//2664
f 8244//198 8243//196 8254//2664 8255//2097
f 8245//199 8244//198 8255//2097 8256//2098
f 8246//2663 8245//199 8256//2098 8257//2099
f 8247//201 8246//2663 8257//2099 8258//2100
f 8248//202 8247//201 8258//2100 8259//2101
f 8249//203 8248//202 8259//2101 8260//2102
f 8250//204 8249//203 8260//2102 8261//2103
f 8251//205 8250//204 8261//2103 8262//2665
f 8252//206 8251//205 8262//2665 8263//2105
f 8254//2664 8253//2095 8264//2106 8265//2107
f 8255//2097 8254//2664 8265//2107 8266//2666
f 8256//2098 8255//2097 8266//2666 8267//2109
f 8257//2099 8256//2098 8267//2109 8268//2110
f 8258//2100 8257//2099 8268//2110 8269//2111
f 8259//2101 8258//2100 8269//2111 8270//2112
f 8260//2102 8259//2101 8270//2112 8271//2113
f 8261//2103 8260//2102 8271//2113 8272//2114
f 8262//2665 8261//2103 8272//2114 8273//2115
f 8263//2105 8262//2665 8273//2115 8274//2116
f 8275//2117 7845//1993 7856//1994 8276//2118
f 8276//2118 7856//1994 7867//107 8277//435
f 8277//435 7867//107 7878//96 8278//434
f 8278//434 7878//96 7889//85 8279//433
f 8279//433 7889//85 7900//66 8280//432
f 8280//432 7900//66 7911//66 8281//432
f 8281//432 7911//66 7922//66 8282//432
f 8282//432 7922//66 7933//55 8283//431
f 8283//431 7933//55 7944//44 8284//2596
f 8284//2596 7944//44 7955//33 8285//429
f 8285//429 7955//33 7966//2012 8286//2120
f 8286//2120 7966//2012 7977//2023 8287//2121
f 8287//2121 7977//2023 7988//2034 8288//2122
f 8288//2122 7988//2034 7999//172 8289//2667
f 8290//439 8010//151 8021//2651 8291//2123
f 8291//2123 8021//2651 8032//2056 8292//2124
f 8292//2124 8032//2056 8043//2067 8293//2125
f 8293//2125 8043//2067 8054//404 8294//462
f 8294//462 8054//404 8065//2073 8295//2126
f 8295//2126 8065//2073 8076//2075 8296//460
f 8296//460 8076//2075 8087//2656 8297//2127
f 8297//2127 8087//2656 8098//360 8298//458
f 8298//458 8098//360 8109//349 8299//457
f 8299//457 8109//349 8120//338 8300//456
f 8300//456 8120//338 8131//327 8301//455
f 8301//455 8131//327 8142//316 8302//454
f 8302//454 8142//316 8153//305 8303//453
f 8303//453 8153//305 8164//294 8304//2668
f 8304//2668 8164//294 8175//283 8305//451
f 8305//451 8175//283 8186//272 8306//450
f 8306//450 8186//272 8197//261 8307//449
f 8307//449 8197//261 8208//250 8308//2130
f 8308//2130 8208//250 8219//239 8309//447
f 8309//447 8219//239 8230//228 8310//446
f 8310//446 8230//228 8241//217 8311//445
f 8311//445 8241//217 8252//206 8312//444
f 8312//444 8252//206 8263//2105 8313//2131
f 8313//2131 8263//2105 8274//2116 8314//2132
f 7835//1974 8315//2133 8316//2134 7846//1975
f 7846//1975 8316//2134 8317//473 7857//98
f 7857//98 8317//473 8318//472 7868//87
f 7868//87 8318//472 8319//471 7879//76
f 7879//76 8319//471 8320//470 7890//57
f 7890//57 8320//470 8321//470 7901//57
f 7901//57 8321//470 8322//470 7912//57
f 7912//57 8322//470 8323//469 7923//1999
f 7923//1999 8323//469 8324//468 7934//2578
f 7934//2578 8324//468 8450//467 7945//24
f 7945//24 8450//467 8325//2135 7956//2002
f 7956//2002 8325//2135 8326//2136 7967//2013
f 7967//2013 8326//2136 8327//2137 7978//2649
f 7978//2649 8327//2137 8328//479 7989//155
f 8000//142 8329//477 8330//2138 8011//2035
f 8011//2035 8330//2138 8331//2139 8022//2046
f 8022//2046 8331//2139 8332//2140 8033//2057
f 8033//2057 8332//2140 8333//500 8044//2068
f 8044//2068 8333//500 8334//499 8055//384
f 8055//384 8334//499 8550//2141 8066//373
f 8066//373 8550//2141 8560//497 8077//362
f 8077//362 8560//497 8335//2142 8088//2076
f 8088//2076 8335//2142 8336//495 8099//2657
f 8099//2657 8336//495 8337//494 8110//2658
f 8110//2658 8337//494 8338//493 8121//318
f 8121//318 8338//493 8339//492 8132//2082
f 8132//2082 8339//492 8340//491 8143//296
f 8143//296 8340//491 8341//490 8154//2083
f 8154//2083 8341//490 8342//489 8165//2084
f 8165//2084 8342//489 8343//488 8176//2662
f 8176//2662 8343//488 8344//487 8187//2087
f 8187//2087 8344//487 8345//486 8198//2588
f 8198//2588 8345//486 8346//485 8209//230
f 8209//230 8346//485 8347//2143 8220//219
f 8220//219 8347//2143 8687//483 8231//208
f 8231//208 8687//483 8348//482 8242//2092
f 8242//2092 8348//482 8349//2669 8253//2095
f 8253//2095 8349//2669 8350//2145 8264//2106
f 8351//2146 8275//2117 8276//2118 8360//2147
f 8352//2148 8351//2146 8360//2147 8361//2149
f 8353//2150 8352//2148 8361//2149 8362//2151
f 8354//2152 8353//2150 8362//2151 8363//2153
f 8355//2154 8354//2152 8363//2153 8364//2155
f 8356//2156 8355//2154 8364//2155 8365//2157
f 8357//2158 8356//2156 8365//2157 8366//2159
f 8358//2160 8357//2158 8366//2159 8367//2161
f 8359//2162 8358//2160 8367//2161 8368//2163
f 8315//2133 8359//2162 8368//2163 8316//2134
f 8360//2147 8276//2118 8277//435 8369//583
f 8361//2149 8360//2147 8369//583 8370//584
f 8362//2151 8361//2149 8370//584 8371//585
f 8363//2153 8362//2151 8371//585 8372//586
f 8364//2155 8363//2153 8372//586 8373//587
f 8365//2157 8364//2155 8373//587 8374//588
f 8366//2159 8365//2157 8374//588 8375//589
f 8367//2161 8366//2159 8375//589 8376//590
f 8368//2163 8367//2161 8376//590 8377//591
f 8316//2134 8368//2163 8377//591 8317//473
f 8369//583 8277//435 8278//434 8378//574
f 8370//584 8369//583 8378//574 8379//575
f 8371//585 8370//584 8379//575 8380//576
f 8372//586 8371//585 8380//576 8381//577
f 8373//587 8372//586 8381//577 8382//2165
f 8374//588 8373//587 8382//2165 8383//579
f 8375//589 8374//588 8383//579 8384//580
f 8376//590 8375//589 8384//580 8385//581
f 8377//591 8376//590 8385//581 8386//582
f 8317//473 8377//591 8386//582 8318//472
f 8378//574 8278//434 8279//433 8387//565
f 8379//575 8378//574 8387//565 8388//566
f 8380//576 8379//575 8388//566 8389//567
f 8381//577 8380//576 8389//567 8390//568
f 8382//2165 8381//577 8390//568 8391//569
f 8383//579 8382//2165 8391//569 8392//570
f 8384//580 8383//579 8392//570 8393//571
f 8385//581 8384//580 8393//571 8394//572
f 8386//582 8385//581 8394//572 8395//573
f 8318//472 8386//582 8395//573 8319//471
f 8387//565 8279//433 8280//432 8396//548
f 8388//566 8387//565 8396//548 8397//549
f 8389//567 8388//566 8397//549 8398//550
f 8390//568 8389//567 8398//550 8399//551
f 8391//569 8390//568 8399//551 8400//552
f 8392//570 8391//569 8400//552 8401//553
f 8393//571 8392//570 8401//553 8402//554
f 8394//572 8393//571 8402//554 8403//555
f 8395//573 8394//572 8403//555 8404//556
f 8319//471 8395//573 8404//556 8320//470
f 8396//548 8280//432 8281//432 8405//557
f 8397//549 8396//548 8405//557 8406//558
f 8398//550 8397//549 8406//558 8407//559
f 8399//551 8398//550 8407//559 8408//560
f 8400//552 8399//551 8408//560 8409//561
f 8401//553 8400//552 8409//561 8410//553
f 8402//554 8401//553 8410//553 8411//562
f 8403//555 8402//554 8411//562 8412//563
f 8404//556 8403//555 8412//563 8413//564
f 8320//470 8404//556 8413//564 8321//470
f 8405//557 8281//432 8282//432 8414//548
f 8406//558 8405//557 8414//548 8415//549
f 8407//559 8406//558 8415//549 8416//550
f 8408//560 8407//559 8416//550 8417//551
f 8409//561 8408//560 8417//551 8418//552
f 8410//553 8409//561 8418//552 8419//553
f 8411//562 8410//553 8419//553 8420//554
f 8412//563 8411//562 8420//554 8421//555
f 8413//564 8412//563 8421//555 8422//556
f 8321//470 8413//564 8422//556 8322//470
f 8414//548 8282//432 8283//431 8423//2167
f 8415//549 8414//548 8423//2167 8424//540
f 8416//550 8415//549 8424//540 8425//541
f 8417//551 8416//550 8425//541 8426//542
f 8418//552 8417//551 8426//542 8427//543
f 8419//553 8418//552 8427//543 8428//544
f 8420//554 8419//553 8428//544 8429//545
f 8421//555 8420//554 8429//545 8430//546
f 8422//556 8421//555 8430//546 8431//547
f 8322//470 8422//556 8431//547 8323//469
f 8423//2167 8283//431 8284//2596 8432//530
f 8424//540 8423//2167 8432//530 8433//531
f 8425//541 8424//540 8433//531 8434//532
f 8426//542 8425//541 8434//532 8435//533
f 8427//543 8426//542 8435//533 8436//2168
f 8428//544 8427//543 8436//2168 8437//535
f 8429//545 8428//544 8437//535 8438//536
f 8430//546 8429//545 8438//536 8439//537
f 8431//547 8430//546 8439//537 8440//538
f 8323//469 8431//547 8440//538 8324//468
f 8432//530 8284//2596 8285//429 8441//521
f 8433//531 8432//530 8441//521 8442//522
f 8434//532 8433//531 8442//522 8443//523
f 8435//533 8434//532 8443//523 8444//524
f 8436//2168 8435//533 8444//524 8445//525
f 8437//535 8436//2168 8445//525 8446//526
f 8438//536 8437//535 8446//526 8447//2169
f 8439//537 8438//536 8447//2169 8448//528
f 8440//538 8439//537 8448//528 8449//529
f 8324//468 8440//538 8449//529 8450//467
f 8441//521 8285//429 8286//2120 8451//2670
f 8442//522 8441//521 8451//2670 8452//2172
f 8443//523 8442//522 8452//2172 8453//2173
f 8444//524 8443//523 8453//2173 8454//2174
f 8445//525 8444//524 8454//2174 8455//2175
f 8446//526 8445//525 8455//2175 8456//2176
f 8447//2169 8446//526 8456//2176 8457//2177
f 8448//528 8447//2169 8457//2177 8458//2178
f 8449//529 8448//528 8458//2178 8459//2179
f 8450//467 8449//529 8459//2179 8325//2135
f 8451//2670 8286//2120 8287//2121 8460//2180
f 8452//2172 8451//2670 8460//2180 8461//2181
f 8453//2173 8452//2172 8461//2181 8462//2182
f 8454//2174 8453//2173 8462//2182 8463//2183
f 8455//2175 8454//2174 8463//2183 8464//2184
f 8456//2176 8455//2175 8464//2184 8465//2185
f 8457//2177 8456//2176 8465//2185 8466//2186
f 8458//2178 8457//2177 8466//2186 8467//2187
f 8459//2179 8458//2178 8467//2187 8468//2671
f 8325//2135 8459//2179 8468//2671 8326//2136
f 8460//2180 8287//2121 8288//2122 8469//2189
f 8461//2181 8460//2180 8469//2189 8470//2190
f 8462//2182 8461//2181 8470//2190 8471//2191
f 8463//2183 8462//2182 8471//2191 8472//2192
f 8464//2184 8463//2183 8472//2192 8473//2193
f 8465//2185 8464//2184 8473//2193 8474//2194
f 8466//2186 8465//2185 8474//2194 8475//2195
f 8467//2187 8466//2186 8475//2195 8476//2196
f 8468//2671 8467//2187 8476//2196 8477//2197
f 8326//2136 8468//2671 8477//2197 8327//2137
f 8469//2189 8288//2122 8289//2667 8478//628
f 8470//2190 8469//2189 8478//628 8479//2672
f 8471//2191 8470//2190 8479//2672 8480//632
f 8472//2192 8471//2191 8480//632 8481//2673
f 8473//2193 8472//2192 8481//2673 8482//636
f 8474//2194 8473//2193 8482//636 8483//638
f 8475//2195 8474//2194 8483//638 8484//640
f 8476//2196 8475//2195 8484//640 8485//642
f 8477//2197 8476//2196 8485//642 8486//644
f 8327//2137 8477//2197 8486//644 8328//479
f 8487//619 8290//439 8291//2123 8496//2198
f 8488//620 8487//619 8496//2198 8497//2199
f 8489//621 8488//620 8497//2199 8498//2200
f 8490//2674 8489//621 8498//2200 8499//2201
f 8491//623 8490//2674 8499//2201 8500//2202
f 8492//624 8491//623 8500//2202 8501//2203
f 8493//625 8492//624 8501//2203 8502//2204
f 8494//626 8493//625 8502//2204 8503//2206
f 8495//627 8494//626 8503//2206 8504//2207
f 8329//477 8495//627 8504//2207 8330//2138
f 8496//2198 8291//2123 8292//2124 8505//2208
f 8497//2199 8496//2198 8505//2208 8506//2209
f 8498//2200 8497//2199 8506//2209 8507//2210
f 8499//2201 8498//2200 8507//2210 8508//2211
f 8500//2202 8499//2201 8508//2211 8509//2675
f 8501//2203 8500//2202 8509//2675 8510//2213
f 8502//2204 8501//2203 8510//2213 8511//2214
f 8503//2206 8502//2204 8511//2214 8512//2215
f 8504//2207 8503//2206 8512//2215 8513//2216
f 8330//2138 8504//2207 8513//2216 8331//2139
f 8505//2208 8292//2124 8293//2125 8514//2217
f 8506//2209 8505//2208 8514//2217 8515//2676
f 8507//2210 8506//2209 8515//2676 8516//2219
f 8508//2211 8507//2210 8516//2219 8517//2220
f 8509//2675 8508//2211 8517//2220 8518//2221
f 8510//2213 8509//2675 8518//2221 8519//2222
f 8511//2214 8510//2213 8519//2222 8520//2223
f 8512//2215 8511//2214 8520//2223 8521//2224
f 8513//2216 8512//2215 8521//2224 8522//2225
f 8331//2139 8513//2216 8522//2225 8332//2140
f 8514//2217 8293//2125 8294//462 8523//826
f 8515//2676 8514//2217 8523//826 8524//827
f 8516//2219 8515//2676 8524//827 8525//828
f 8517//2220 8516//2219 8525//828 8526//829
f 8518//2221 8517//2220 8526//829 8527//830
f 8519//2222 8518//2221 8527//830 8528//831
f 8520//2223 8519//2222 8528//831 8529//832
f 8521//2224 8520//2223 8529//832 8530//833
f 8522//2225 8521//2224 8530//833 8531//834
f 8332//2140 8522//2225 8531//834 8333//500
f 8523//826 8294//462 8295//2126 8532//817
f 8524//827 8523//826 8532//817 8533//818
f 8525//828 8524//827 8533//818 8534//819
f 8526//829 8525//828 8534//819 8535//820
f 8527//830 8526//829 8535//820 8536//821
f 8528//831 8527//830 8536//821 8537//822
f 8529//832 8528//831 8537//822 8538//823
f 8530//833 8529//832 8538//823 8539//824
f 8531//834 8530//833 8539//824 8540//825
f 8333//500 8531//834 8540//825 8334//499
f 8532//817 8295//2126 8296//460 8541//808
f 8533//818 8532//817 8541//808 8542//809
f 8534//819 8533//818 8542//809 8543//810
f 8535//820 8534//819 8543//810 8544//811
f 8536//821 8535//820 8544//811 8545//812
f 8537//822 8536//821 8545//812 8546//813
f 8538//823 8537//822 8546//813 8547//814
f 8539//824 8538//823 8547//814 8548//815
f 8540//825 8539//824 8548//815 8549//816
f 8334//499 8540//825 8549//816 8550//2141
f 8541//808 8296//460 8297//2127 8551//799
f 8542//809 8541//808 8551//799 8552//800
f 8543//810 8542//809 8552//800 8553//801
f 8544//811 8543//810 8553//801 8554//802
f 8545//812 8544//811 8554//802 8555//803
f 8546//813 8545//812 8555//803 8556//804
f 8547//814 8546//813 8556//804 8557//805
f 8548//815 8547//814 8557//805 8558//806
f 8549//816 8548//815 8558//806 8559//807
f 8550//2141 8549//816 8559//807 8560//497
f 8551//799 8297//2127 8298//458 8561//2226
f 8552//800 8551//799 8561//2226 8562//791
f 8553//801 8552//800 8562//791 8563//792
f 8554//802 8553//801 8563//792 8564//793
f 8555//803 8554//802 8564//793 8565//794
f 8556//804 8555//803 8565//794 8566//795
f 8557//805 8556//804 8566//795 8567//796
f 8558//806 8557//805 8567//796 8568//797
f 8559//807 8558//806 8568//797 8569//798
f 8560//497 8559//807 8569//798 8335//2142
f 8561//2226 8298//458 8299//457 8570//781
f 8562//791 8561//2226 8570//781 8571//2677
f 8563//792 8562//791 8571//2677 8572//783
f 8564//793 8563//792 8572//783 8573//784
f 8565//794 8564//793 8573//784 8574//785
f 8566//795 8565//794 8574//785 8575//786
f 8567//796 8566//795 8575//786 8576//787
f 8568//797 8567//796 8576//787 8577//788
f 8569//798 8568//797 8577//788 8578//789
f 8335//2142 8569//798 8578//789 8336//495
f 8570//781 8299//457 8300//456 8579//772
f 8571//2677 8570//781 8579//772 8580//773
f 8572//783 8571//2677 8580//773 8581//774
f 8573//784 8572//783 8581//774 8582//775
f 8574//785 8573//784 8582//775 8583//776
f 8575//786 8574//785 8583//776 8584//777
f 8576//787 8575//786 8584//777 8585//778
f 8577//788 8576//787 8585//778 8586//779
f 8578//789 8577//788 8586//779 8587//780
f 8336//495 8578//789 8587//780 8337//494
f 8579//772 8300//456 8301//455 8588//763
f 8580//773 8579//772 8588//763 8589//764
f 8581//774 8580//773 8589//764 8590//765
f 8582//775 8581//774 8590//765 8591//766
f 8583//776 8582//775 8591//766 8592//767
f 8584//777 8583//776 8592//767 8593//768
f 8585//778 8584//777 8593//768 8594//769
f 8586//779 8585//778 8594//769 8595//770
f 8587//780 8586//779 8595//770 8596//771
f 8337//494 8587//780 8596//771 8338//493
f 8588//763 8301//455 8302//454 8597//754
f 8589//764 8588//763 8597//754 8598//755
f 8590//765 8589//764 8598//755 8599//756
f 8591//766 8590//765 8599//756 8600//757
f 8592//767 8591//766 8600//757 8601//758
f 8593//768 8592//767 8601//758 8602//759
f 8594//769 8593//768 8602//759 8603//760
f 8595//770 8594//769 8603//760 8604//761
f 8596//771 8595//770 8604//761 8605//762
f 8338//493 8596//771 8605//762 8339//492
f 8597//754 8302//454 8303//453 8606//745
f 8598//755 8597//754 8606//745 8607//746
f 8599//756 8598//755 8607//746 8608//747
f 8600//757 8599//756 8608//747 8609//748
f 8601//758 8600//757 8609//748 8610//749
f 8602//759 8601//758 8610//749 8611//750
f 8603//760 8602//759 8611//750 8612//751
f 8604//761 8603//760 8612//751 8613//752
f 8605//762 8604//761 8613//752 8614//753
f 8339//492 8605//762 8614//753 8340//491
f 8606//745 8303//453 8304//2668 8615//736
f 8607//746 8606//745 8615//736 8616//737
f 8608//747 8607//746 8616//737 8617//738
f 8609//748 8608//747 8617//738 8618//739
f 8610//749 8609//748 8618//739 8619//740
f 8611//750 8610//749 8619//740 8620//741
f 8612//751 8611//750 8620//741 8621//742
f 8613//752 8612//751 8621//742 8622//743
f 8614//753 8613//752 8622//743 8623//744
f 8340//491 8614//753 8623//744 8341//490
f 8615//736 8304//2668 8305//451 8624//727
f 8616//737 8615//736 8624//727 8625//728
f 8617//738 8616//737 8625//728 8626//729
f 8618//739 8617//738 8626//729 8627//730
f 8619//740 8618//739 8627//730 8628//731
f 8620//741 8619//740 8628//731 8629//732
f 8621//742 8620//741 8629//732 8630//733
f 8622//743 8621//742 8630//733 8631//734
f 8623//744 8622//743 8631//734 8632//735
f 8341//490 8623//744 8632//735 8342//489
f 8624//727 8305//451 8306//450 8633//2228
f 8625//728 8624//727 8633//2228 8634//719
f 8626//729 8625//728 8634//719 8635//720
f 8627//730 8626//729 8635//720 8636//721
f 8628//731 8627//730 8636//721 8637//722
f 8629//732 8628//731 8637//722 8638//723
f 8630//733 8629//732 8638//723 8639//724
f 8631//734 8630//733 8639//724 8640//725
f 8632//735 8631//734 8640//725 8641//726
f 8342//489 8632//735 8641//726 8343//488
f 8633//2228 8306//450 8307//449 8642//709
f 8634//719 8633//2228 8642//709 8643//2231
f 8635//720 8634//719 8643//2231 8644//711
f 8636//721 8635//720 8644//711 8645//712
f 8637//722 8636//721 8645//712 8646//713
f 8638//723 8637//722 8646//713 8647//714
f 8639//724 8638//723 8647//714 8648//715
f 8640//725 8639//724 8648//715 8649//716
f 8641//726 8640//725 8649//716 8650//717
f 8343//488 8641//726 8650//717 8344//487
f 8642//709 8307//449 8308//2130 8651//2678
f 8643//2231 8642//709 8651//2678 8652//701
f 8644//711 8643//2231 8652//701 8653//702
f 8645//712 8644//711 8653//702 8654//703
f 8646//713 8645//712 8654//703 8655//704
f 8647//714 8646//713 8655//704 8656//705
f 8648//715 8647//714 8656//705 8657//706
f 8649//716 8648//715 8657//706 8658//707
f 8650//717 8649//716 8658//707 8659//708
f 8344//487 8650//717 8659//708 8345//486
f 8651//2678 8308//2130 8309//447 8660//691
f 8652//701 8651//2678 8660//691 8661//692
f 8653//702 8652//701 8661//692 8662//693
f 8654//703 8653//702 8662//693 8663//694
f 8655//704 8654//703 8663//694 8664//695
f 8656//705 8655//704 8664//695 8665//696
f 8657//706 8656//705 8665//696 8666//697
f 8658//707 8657//706 8666//697 8667//698
f 8659//708 8658//707 8667//698 8668//699
f 8345//486 8659//708 8668//699 8346//485
f 8660//691 8309//447 8310//446 8669//2679
f 8661//692 8660//691 8669//2679 8670//683
f 8662//693 8661//692 8670//683 8671//684
f 8663//694 8662//693 8671//684 8672//685
f 8664//695 8663//694 8672//685 8673//686
f 8665//696 8664//695 8673//686 8674//687
f 8666//697 8665//696 8674//687 8675//688
f 8667//698 8666//697 8675//688 8676//689
f 8668//699 8667//698 8676//689 8677//690
f 8346//485 8668//699 8677//690 8347//2143
f 8669//2679 8310//446 8311//445 8678//673
f 8670//683 8669//2679 8678//673 8679//674
f 8671//684 8670//683 8679//674 8680//675
f 8672//685 8671//684 8680//675 8681//676
f 8673//686 8672//685 8681//676 8682//677
f 8674//687 8673//686 8682//677 8683//678
f 8675//688 8674//687 8683//678 8684//679
f 8676//689 8675//688 8684//679 8685//680
f 8677//690 8676//689 8685//680 8686//681
f 8347//2143 8677//690 8686//681 8687//483
f 8678//673 8311//445 8312//444 8688//664
f 8679//674 8678//673 8688//664 8689//665
f 8680//675 8679//674 8689//665 8690//666
f 8681//676 8680//675 8690//666 8691//667
f 8682//677 8681//676 8691//667 8692//668
f 8683//678 8682//677 8692//668 8693//669
f 8684//679 8683//678 8693//669 8694//670
f 8685//680 8684//679 8694//670 8695//671
f 8686//681 8685//680 8695//671 8696//672
f 8687//483 8686//681 8696//672 8348//482
f 8688//664 8312//444 8313//2131 8697//2232
f 8689//665 8688//664 8697//2232 8698//2233
f 8690//666 8689//665 8698//2233 8699//2234
f 8691//667 8690//666 8699//2234 8700//2235
f 8692//668 8691//667 8700//2235 8701//2680
f 8693//669 8692//668 8701//2680 8702//2237
f 8694//670 8693//669 8702//2237 8703//2238
f 8695//671 8694//670 8703//2238 8704//2239
f 8696//672 8695//671 8704//2239 8705//2240
f 8348//482 8696//672 8705//2240 8349//2669
f 8697//2232 8313//2131 8314//2132 8706//2241
f 8698//2233 8697//2232 8706//2241 8707//2242
f 8699//2234 8698//2233 8707//2242 8708//2243
f 8700//2235 8699//2234 8708//2243 8709//2244
f 8701//2680 8700//2235 8709//2244 8710//2245
f 8702//2237 8701//2680 8710//2245 8711//2681
f 8703//2238 8702//2237 8711//2681 8712//2247
f 8704//2239 8703//2238 8712//2247 8713//2248
f 8705//2240 8704//2239 8713//2248 8714//2249
f 8349//2669 8705//2240 8714//2249 8350//2145
f 8716//897 8715//898 8726//887 8727//886
f 8717//899 8716//897 8727//886 8728//888
f 8718//900 8717//899 8728//888 8729//889
f 8719//901 8718//900 8729//889 8730//890
f 8720//863 8719//901 8730//890 8731//891
f 8721//902 8720//863 8731//891 8732//892
f 8722//903 8721//902 8732//892 8733//893
f 8723//904 8722//903 8733//893 8734//894
f 8724//905 8723//904 8734//894 8735//895
f 8725//906 8724//905 8735//895 8736//2611
f 8727//886 8726//887 8737//876 8738//875
f 8728//888 8727//886 8738//875 8739//877
f 8729//889 8728//888 8739//877 8740//878
f 8730//890 8729//889 8740//878 8741//879
f 8731//891 8730//890 8741//879 8742//880
f 8732//892 8731//891 8742//880 8743//881
f 8733//893 8732//892 8743//881 8744//882
f 8734//894 8733//893 8744//882 8745//883
f 8735//895 8734//894 8745//883 8746//884
f 8736//2611 8735//895 8746//884 8747//885
f 8738//875 8737//876 8748//855 8749//2251
f 8739//877 8738//875 8749//2251 8750//858
f 8740//878 8739//877 8750//858 8751//860
f 8741//879 8740//878 8751//860 8752//862
f 8742//880 8741//879 8752//862 8753//864
f 8743//881 8742//880 8753//864 8754//866
f 8744//882 8743//881 8754//866 8755//868
f 8745//883 8744//882 8755//868 8756//870
f 8746//884 8745//883 8756//870 8757//872
f 8747//885 8746//884 8757//872 8758//2610
f 8749//2251 8748//855 8759//856 8760//853
f 8750//858 8749//2251 8760//853 8761//857
f 8751//860 8750//858 8761//857 8762//859
f 8752//862 8751//860 8762//859 8763//861
f 8753//864 8752//862 8763//861 8764//863
f 8754//866 8753//864 8764//863 8765//865
f 8755//868 8754//866 8765//865 8766//867
f 8756//870 8755//868 8766//867 8767//869
f 8757//872 8756//870 8767//869 8768//871
f 8758//2610 8757//872 8768//871 8769//873
f 8770//911 8725//906 8736//2611 8771//2613
f 8771//2613 8736//2611 8747//885 8772//909
f 8772//909 8747//885 8758//2610 8773//2612
f 8773//2612 8758//2610 8769//873 8774//907
f 8715//898 8775//916 8776//915 8726//887
f 8726//887 8776//915 8777//914 8737//876
f 8737//876 8777//914 8778//912 8748//855
f 8748//855 8778//912 8779//913 8759//856
f 8780//2617 8770//911 8771//2613 8789//944
f 8781//954 8780//2617 8789//944 8790//945
f 8782//955 8781//954 8790//945 8791//946
f 8783//956 8782//955 8791//946 8792//947
f 8784//925 8783//956 8792//947 8793//948
f 8785//957 8784//925 8793//948 8794//949
f 8786//958 8785//957 8794//949 8795//950
f 8787//959 8786//958 8795//950 8796//951
f 8788//2253 8787//959 8796//951 8797//2682
f 8775//916 8788//2253 8797//2682 8776//915
f 8789//944 8771//2613 8772//909 8798//2615
f 8790//945 8789//944 8798//2615 8799//2616
f 8791//946 8790//945 8799//2616 8800//937
f 8792//947 8791//946 8800//937 8801//938
f 8793//948 8792//947 8801//938 8802//939
f 8794//949 8793//948 8802//939 8803//940
f 8795//950 8794//949 8803//940 8804//941
f 8796//951 8795//950 8804//941 8805//942
f 8797//2682 8796//951 8805//942 8806//943
f 8776//915 8797//2682 8806//943 8777//914
f 8798//2615 8772//909 8773//2612 8807//918
f 8799//2616 8798//2615 8807//918 8808//920
f 8800//937 8799//2616 8808//920 8809//922
f 8801//938 8800//937 8809//922 8810//924
f 8802//939 8801//938 8810//924 8811//926
f 8803//940 8802//939 8811//926 8812//928
f 8804//941 8803//940 8812//928 8813//930
f 8805//942 8804//941 8813//930 8814//932
f 8806//943 8805//942 8814//932 8815//2254
f 8777//914 8806//943 8815//2254 8778//912
f 8807//918 8773//2612 8774//907 8816//2614
f 8808//920 8807//918 8816//2614 8817//919
f 8809//922 8808//920 8817//919 8818//921
f 8810//924 8809//922 8818//921 8819//923
f 8811//926 8810//924 8819//923 8820//925
f 8812//928 8811//926 8820//925 8821//927
f 8813//930 8812//928 8821//927 8822//929
f 8814//932 8813//930 8822//929 8823//931
f 8815//2254 8814//932 8823//931 8824//933
f 8778//912 8815//2254 8824//933 8779//913
f 8826//1928 8825//1929 8842//1930 8841//1931 8840//1932 8839//1933 8838//1934 8837//1935 8836//1936 8835//1919 8834//1920 8833//1921 8832//1922 8831//1923 8830//1924 8829//1925 8828//1926 8827//1927
f 8851//1954 8852//1951 8870//1972 8869//1971
f 8836//1936 8837//1935 8855//1956 8854//1953
f 8829//1925 8830//1924 8848//1947 8847//1945
f 8837//1935 8838//1934 8856//1944 8855//1956
f 8830//1924 8831//1923 8849//1949 8848//1947
f 8838//1934 8839//1933 8857//1943 8856//1944
f 8831//1923 8832//1922 8850//1952 8849//1949
f 8839//1933 8840//1932 8858//1946 8857//1943
f 8832//1922 8833//1921 8851//1954 8850//1952
f 8825//1929 8826//1928 8844//1955 8843//1938
f 8840//1932 8841//1931 8859//1948 8858//1946
f 8833//1921 8834//1920 8852//1951 8851//1954
f 8826//1928 8827//1927 8845//1942 8844//1955
f 8841//1931 8842//1930 8860//1937 8859//1948
f 8834//1920 8835//1919 8853//1950 8852//1951
f 8827//1927 8828//1926 8846//1941 8845//1942
f 8842//1930 8825//1929 8843//1938 8860//1937
f 8835//1919 8836//1936 8854//1953 8853//1950
f 8828//1926 8829//1925 8847//1945 8846//1941
f 8862//1964 8863//1965 8864//1966 8865//1967 8866//1968 8867//1969 8868//1970 8869//1971 8870//1972 8871//1957 8872//1958 8873//1959 8874//1960 8875//1961 8876//1962 8877//1963 8878//1940 8861//1939
f 8844//1955 8845//1942 8863//1965 8862//1964
f 8859//1948 8860//1937 8878//1940 8877//1963
f 8852//1951 8853//1950 8871//1957 8870//1972
f 8845//1942 8846//1941 8864//1966 8863//1965
f 8860//1937 8843//1938 8861//1939 8878//1940
f 8853//1950 8854//1953 8872//1958 8871//1957
f 8846//1941 8847//1945 8865//1967 8864//1966
f 8854//1953 8855//1956 8873//1959 8872//1958
f 8847//1945 8848//1947 8866//1968 8865//1967
f 8855//1956 8856//1944 8874//1960 8873//1959
f 8848//1947 8849//1949 8867//1969 8866//1968
f 8856//1944 8857//1943 8875//1961 8874//1960
f 8849//1949 8850//1952 8868//1970 8867//1969
f 8857//1943 8858//1946 8876//1962 8875//1961
f 8850//1952 8851//1954 8869//1971 8868//1970
f 8843//1938 8844//1955 8862//1964 8861//1939
f 8858//1946 8859//1948 8877//1963 8876//1962
usemtl Material.002
f 1//2683 2402//2684 4748//925 2345//2685
f 2401//2686 4747//2687 4748//925 2402//2684
f 4805//2688 2345//2685 4748//925 6842//2689
f 6841//2690 6842//2689 4748//925 4747//2687
f 4747//2687 8883//2691 8882//2692 6841//2690
f 6841//2690 8882//2692 8879//2693 6842//2689
f 2345//2685 4805//2688 8880//2694 8881//2695
f 4805//2688 6842//2689 8879//2693 8880//2694
f 4747//2687 2401//2686 8886//2696 8883//2691
f 2401//2686 2402//2684 8884//2697 8886//2696
f 2345//2685 8881//2695 8885//2698 1//2683
f 1//2683 8885//2698 8884//2697 2402//2684
usemtl Material.003
f 8885//2698 2//2699 2404//2700 8884//2697
f 8881//2695 2346//2701 2//2699 8885//2698
f 2//2699 2346//2701 4750//863 2404//2700
f 8886//2696 8884//2697 2404//2700 2403//2702
f 8883//2691 8886//2696 2403//2702 4749//2703
f 2403//2702 2404//2700 4750//863 4749//2703
f 8880//2694 8879//2693 6844//2704 4806//2705
f 8881//2695 8880//2694 4806//2705 2346//2701
f 4806//2705 6844//2704 4750//863 2346//2701
f 8882//2692 6843//2706 6844//2704 8879//2693
f 8883//2691 4749//2703 6843//2706 8882//2692
f 6843//2706 4749//2703 4750//863 6844//2704
usemtl Material.005
f 101//2707 58//2708 57//2709 100//2710
f 105//2711 45//2712 44//2713 104//2714
f 107//2715 59//2716 58//2708 101//2707
f 109//2717 46//2718 45//2712 105//2711
f 111//2719 60//2720 59//2716 107//2715
f 113//2721 47//2722 46//2718 109//2717
f 115//2723 61//2724 60//2720 111//2719
f 117//2725 48//2726 47//2722 113//2721
f 119//2727 62//2728 61//2724 115//2723
f 121//2729 49//2730 48//2726 117//2725
f 125//2731 36//2732 35//2733 124//2734
f 127//2735 63//2736 62//2728 119//2727
f 129//2737 50//2738 49//2730 121//2729
f 131//2739 37//2740 36//2732 125//2731
f 133//2741 64//2742 63//2736 127//2735
f 135//2743 51//2744 50//2738 129//2737
f 137//2745 38//2746 37//2740 131//2739
f 139//2747 65//2748 64//2742 133//2741
f 141//2749 52//2750 51//2744 135//2743
f 143//2751 39//2752 38//2746 137//2745
f 145//2753 66//2754 65//2748 139//2747
f 147//2755 53//2756 52//2750 141//2749
f 149//2757 40//2758 39//2752 143//2751
f 124//2734 35//2733 66//2754 145//2753
f 151//2759 54//2760 53//2756 147//2755
f 153//2761 41//2762 40//2758 149//2757
f 155//2763 55//2764 54//2760 151//2759
f 157//2765 42//2766 41//2762 153//2761
f 159//2767 56//2768 55//2764 155//2763
f 161//2769 43//2770 42//2766 157//2765
f 100//2710 57//2709 56//2768 159//2767
f 104//2714 44//2713 43//2770 161//2769
f 57//2709 168//2771 88//2771 56//2768
f 183//2695 173//2685 70//2772 85//2773
f 97//2697 87//2771 74//2774 78//2775
f 181//2691 175//2687 72//2776 89//2777
f 93//2778 82//2779 68//2780 84//2781
f 179//863 174//2703 71//2782 80//2783
f 177//925 173//2685 68//2780 82//2779
f 175//2687 176//925 81//2784 72//2776
f 176//925 177//925 82//2779 81//2784
f 172//2701 178//863 79//2785 67//2786
f 178//863 179//863 80//2783 79//2785
f 89//2777 72//2776 81//2784 91//2787
f 91//2787 81//2784 82//2779 93//2778
f 85//2773 95//2697 77//2775 70//2772
f 95//2697 97//2697 78//2775 163//2775 77//2775
f 76//2788 167//2788 75//2788 98//2697 96//2697
f 96//2697 98//2697 97//2697 95//2697
f 69//2789 76//2788 96//2697 86//2773
f 86//2773 96//2697 95//2697 85//2773 164//2773 166//2773 165//2773
f 80//2783 92//2790 94//2791 79//2785
f 92//2790 91//2787 93//2778 94//2791
f 71//2782 90//2792 92//2790 80//2783
f 90//2792 89//2777 91//2787 92//2790
f 79//2785 94//2791 83//2793 67//2786
f 94//2791 93//2778 84//2781 83//2793
f 174//2703 180//2691 90//2792 71//2782
f 180//2691 181//2691 89//2777 90//2792
f 75//2788 73//2794 88//2771 98//2697
f 98//2697 88//2771 168//2771 169//2771 170//2771 171//2771 87//2771 97//2697
f 172//2701 182//2695 86//2773 69//2789
f 182//2695 183//2695 85//2773 164//2773 166//2773 165//2773 86//2773
f 12//2795 103//2796 162//2797 11//2798
f 103//2796 104//2714 161//2769 162//2797
f 25//2799 99//2800 160//2801 24//2802
f 99//2800 100//2710 159//2767 160//2801
f 11//2798 162//2797 158//2803 10//2804
f 162//2797 161//2769 157//2765 158//2803
f 24//2802 160//2801 156//2805 23//2806
f 160//2801 159//2767 155//2763 156//2805
f 10//2804 158//2803 154//2807 9//2808
f 158//2803 157//2765 153//2761 154//2807
f 23//2806 156//2805 152//2809 22//2810
f 156//2805 155//2763 151//2759 152//2809
f 9//2808 154//2807 150//2811 8//2812
f 154//2807 153//2761 149//2757 150//2811
f 22//2810 152//2809 148//2813 21//2814
f 152//2809 151//2759 147//2755 148//2813
f 3//2815 123//2816 146//2817 34//2818
f 123//2816 124//2734 145//2753 146//2817
f 8//2812 150//2811 144//2819 7//2820
f 150//2811 149//2757 143//2751 144//2819
f 21//2814 148//2813 142//2821 20//2822
f 148//2813 147//2755 141//2749 142//2821
f 34//2818 146//2817 140//2823 33//2824
f 146//2817 145//2753 139//2747 140//2823
f 7//2820 144//2819 138//2825 6//2826
f 144//2819 143//2751 137//2745 138//2825
f 20//2822 142//2821 136//2827 19//2828
f 142//2821 141//2749 135//2743 136//2827
f 33//2824 140//2823 134//2829 32//2830
f 140//2823 139//2747 133//2741 134//2829
f 6//2826 138//2825 132//2831 5//2832
f 138//2825 137//2745 131//2739 132//2831
f 19//2828 136//2827 130//2833 18//2834
f 136//2827 135//2743 129//2737 130//2833
f 32//2830 134//2829 128//2835 31//2836
f 134//2829 133//2741 127//2735 128//2835
f 5//2832 132//2831 126//2837 4//2838
f 132//2831 131//2739 125//2731 126//2837
f 18//2834 130//2833 122//2839 17//2840
f 130//2833 129//2737 121//2729 122//2839
f 31//2836 128//2835 120//2841 30//2842
f 128//2835 127//2735 119//2727 120//2841
f 4//2838 126//2837 123//2816 3//2815
f 126//2837 125//2731 124//2734 123//2816
f 17//2840 122//2839 118//2843 16//2844
f 122//2839 121//2729 117//2725 118//2843
f 30//2842 120//2841 116//2845 29//2846
f 120//2841 119//2727 115//2723 116//2845
f 16//2844 118//2843 114//2847 15//2848
f 118//2843 117//2725 113//2721 114//2847
f 29//2846 116//2845 112//2849 28//2850
f 116//2845 115//2723 111//2719 112//2849
f 15//2848 114//2847 110//2851 14//2852
f 114//2847 113//2721 109//2717 110//2851
f 28//2850 112//2849 108//2853 27//2854
f 112//2849 111//2719 107//2715 108//2853
f 14//2852 110//2851 106//2855 13//2856
f 110//2851 109//2717 105//2711 106//2855
f 27//2854 108//2853 102//2857 26//2858
f 108//2853 107//2715 101//2707 102//2857
f 13//2856 106//2855 103//2796 12//2795
f 106//2855 105//2711 104//2714 103//2796
f 26//2858 102//2857 99//2800 25//2799
f 102//2857 101//2707 100//2710 99//2800
f 70//2772 85//2773 164//2773 166//2773 165//2773 86//2773 69//2789 76//2788 167//2788 75//2788 73//2794 88//2771 168//2771 169//2771 170//2771 171//2771 87//2771 74//2774 78//2775 163//2775 77//2775
f 44//2713 165//2773 166//2773 43//2770
f 58//2708 168//2771 57//2709
f 45//2712 165//2773 44//2713
f 59//2716 169//2771 168//2771 58//2708
f 46//2718 86//2773 165//2773 45//2712
f 60//2720 170//2771 169//2771 59//2716
f 47//2722 86//2773 46//2718
f 61//2724 170//2771 60//2720
f 48//2726 86//2773 47//2722
f 62//2728 171//2771 170//2771 61//2724
f 49//2730 86//2773 48//2726
f 36//2732 70//2772 77//2775 163//2775 35//2733
f 63//2736 87//2771 171//2771 62//2728
f 50//2738 69//2789 86//2773 49//2730
f 37//2740 85//2773 70//2772 36//2732
f 64//2742 87//2771 63//2736
f 51//2744 167//2788 76//2788 69//2789 50//2738
f 38//2746 85//2773 37//2740
f 65//2748 87//2771 64//2742
f 52//2750 73//2794 75//2788 167//2788 51//2744
f 39//2752 85//2773 38//2746
f 66//2754 74//2774 87//2771 65//2748
f 53//2756 88//2771 73//2794 52//2750
f 40//2758 164//2773 85//2773 39//2752
f 35//2733 163//2775 78//2775 74//2774 66//2754
f 54//2760 88//2771 53//2756
f 41//2762 164//2773 40//2758
f 55//2764 88//2771 54//2760
f 42//2766 166//2773 164//2773 41//2762
f 56//2768 88//2771 55//2764
f 43//2770 166//2773 42//2766
f 83//2793 84//2781 183//2695 182//2695
f 67//2786 83//2793 182//2695 172//2701
f 88//2771 168//2771 169//2771 170//2771 171//2771 87//2771 181//2691 180//2691
f 73//2794 88//2771 180//2691 174//2703
f 76//2788 167//2788 75//2788 179//863 178//863
f 69//2789 76//2788 178//863 172//2701
f 78//2775 163//2775 77//2775 177//925 176//925
f 74//2774 78//2775 176//925 175//2687
f 77//2775 70//2772 173//2685 177//925
f 75//2788 73//2794 174//2703 179//863
f 87//2771 74//2774 175//2687 181//2691
f 84//2781 68//2780 173//2685 183//2695
f 282//2707 239//2708 238//2709 281//2710
f 286//2711 226//2712 225//2713 285//2714
f 288//2715 240//2716 239//2708 282//2707
f 290//2717 227//2718 226//2712 286//2711
f 292//2719 241//2720 240//2716 288//2715
f 294//2721 228//2722 227//2718 290//2717
f 296//2723 242//2724 241//2720 292//2719
f 298//2725 229//2726 228//2722 294//2721
f 300//2727 243//2728 242//2724 296//2723
f 302//2729 230//2730 229//2726 298//2725
f 306//2731 217//2732 216//2733 305//2734
f 308//2735 244//2736 243//2728 300//2727
f 310//2737 231//2738 230//2730 302//2729
f 312//2739 218//2740 217//2732 306//2731
f 314//2741 245//2742 244//2736 308//2735
f 316//2743 232//2744 231//2738 310//2737
f 318//2745 219//2746 218//2740 312//2739
f 320//2747 246//2748 245//2742 314//2741
f 322//2749 233//2750 232//2744 316//2743
f 324//2751 220//2752 219//2746 318//2745
f 326//2753 247//2754 246//2748 320//2747
f 328//2755 234//2756 233//2750 322//2749
f 330//2757 221//2758 220//2752 324//2751
f 305//2734 216//2733 247//2754 326//2753
f 332//2759 235//2760 234//2756 328//2755
f 334//2761 222//2762 221//2758 330//2757
f 336//2763 236//2764 235//2760 332//2759
f 338//2765 223//2766 222//2762 334//2761
f 340//2767 237//2768 236//2764 336//2763
f 342//2769 224//2770 223//2766 338//2765
f 281//2710 238//2709 237//2768 340//2767
f 285//2714 225//2713 224//2770 342//2769
f 238//2709 349//2771 269//2771 237//2768
f 364//2695 354//2685 251//2772 266//2773
f 278//2697 268//2771 255//2774 259//2775
f 362//2691 356//2687 253//2776 270//2777
f 274//2778 263//2779 249//2780 265//2781
f 360//863 355//2703 252//2782 261//2783
f 358//925 354//2685 249//2780 263//2779
f 356//2687 357//925 262//2784 253//2776
f 357//925 358//925 263//2779 262//2784
f 353//2701 359//863 260//2785 248//2786
f 359//863 360//863 261//2783 260//2785
f 270//2777 253//2776 262//2784 272//2787
f 272//2787 262//2784 263//2779 274//2778
f 266//2773 276//2697 258//2775 251//2772
f 276//2697 278//2697 259//2775 344//2775 258//2775
f 257//2788 348//2788 256//2788 279//2697 277//2697
f 277//2697 279//2697 278//2697 276//2697
f 250//2789 257//2788 277//2697 267//2773
f 267//2773 277//2697 276//2697 266//2773 345//2773 347//2773 346//2773
f 261//2783 273//2790 275//2791 260//2785
f 273//2790 272//2787 274//2778 275//2791
f 252//2782 271//2792 273//2790 261//2783
f 271//2792 270//2777 272//2787 273//2790
f 260//2785 275//2791 264//2793 248//2786
f 275//2791 274//2778 265//2781 264//2793
f 355//2703 361//2691 271//2792 252//2782
f 361//2691 362//2691 270//2777 271//2792
f 256//2788 254//2794 269//2771 279//2697
f 279//2697 269//2771 349//2771 350//2771 351//2771 352//2771 268//2771 278//2697
f 353//2701 363//2695 267//2773 250//2789
f 363//2695 364//2695 266//2773 345//2773 347//2773 346//2773 267//2773
f 193//2795 284//2796 343//2797 192//2798
f 284//2796 285//2714 342//2769 343//2797
f 206//2799 280//2800 341//2801 205//2802
f 280//2800 281//2710 340//2767 341//2801
f 192//2798 343//2797 339//2803 191//2804
f 343//2797 342//2769 338//2765 339//2803
f 205//2802 341//2801 337//2805 204//2806
f 341//2801 340//2767 336//2763 337//2805
f 191//2804 339//2803 335//2807 190//2808
f 339//2803 338//2765 334//2761 335//2807
f 204//2806 337//2805 333//2809 203//2810
f 337//2805 336//2763 332//2759 333//2809
f 190//2808 335//2807 331//2811 189//2812
f 335//2807 334//2761 330//2757 331//2811
f 203//2810 333//2809 329//2813 202//2814
f 333//2809 332//2759 328//2755 329//2813
f 184//2815 304//2816 327//2817 215//2818
f 304//2816 305//2734 326//2753 327//2817
f 189//2812 331//2811 325//2819 188//2820
f 331//2811 330//2757 324//2751 325//2819
f 202//2814 329//2813 323//2821 201//2822
f 329//2813 328//2755 322//2749 323//2821
f 215//2818 327//2817 321//2823 214//2824
f 327//2817 326//2753 320//2747 321//2823
f 188//2820 325//2819 319//2825 187//2826
f 325//2819 324//2751 318//2745 319//2825
f 201//2822 323//2821 317//2827 200//2828
f 323//2821 322//2749 316//2743 317//2827
f 214//2824 321//2823 315//2829 213//2830
f 321//2823 320//2747 314//2741 315//2829
f 187//2826 319//2825 313//2831 186//2832
f 319//2825 318//2745 312//2739 313//2831
f 200//2828 317//2827 311//2833 199//2834
f 317//2827 316//2743 310//2737 311//2833
f 213//2830 315//2829 309//2835 212//2836
f 315//2829 314//2741 308//2735 309//2835
f 186//2832 313//2831 307//2837 185//2838
f 313//2831 312//2739 306//2731 307//2837
f 199//2834 311//2833 303//2839 198//2840
f 311//2833 310//2737 302//2729 303//2839
f 212//2836 309//2835 301//2841 211//2842
f 309//2835 308//2735 300//2727 301//2841
f 185//2838 307//2837 304//2816 184//2815
f 307//2837 306//2731 305//2734 304//2816
f 198//2840 303//2839 299//2843 197//2844
f 303//2839 302//2729 298//2725 299//2843
f 211//2842 301//2841 297//2845 210//2846
f 301//2841 300//2727 296//2723 297//2845
f 197//2844 299//2843 295//2847 196//2848
f 299//2843 298//2725 294//2721 295//2847
f 210//2846 297//2845 293//2849 209//2850
f 297//2845 296//2723 292//2719 293//2849
f 196//2848 295//2847 291//2851 195//2852
f 295//2847 294//2721 290//2717 291//2851
f 209//2850 293//2849 289//2853 208//2854
f 293//2849 292//2719 288//2715 289//2853
f 195//2852 291//2851 287//2855 194//2856
f 291//2851 290//2717 286//2711 287//2855
f 208//2854 289//2853 283//2857 207//2858
f 289//2853 288//2715 282//2707 283//2857
f 194//2856 287//2855 284//2796 193//2795
f 287//2855 286//2711 285//2714 284//2796
f 207//2858 283//2857 280//2800 206//2799
f 283//2857 282//2707 281//2710 280//2800
f 251//2772 266//2773 345//2773 347//2773 346//2773 267//2773 250//2789 257//2788 348//2788 256//2788 254//2794 269//2771 349//2771 350//2771 351//2771 352//2771 268//2771 255//2774 259//2775 344//2775 258//2775
f 225//2713 346//2773 347//2773 224//2770
f 239//2708 349//2771 238//2709
f 226//2712 346//2773 225//2713
f 240//2716 350//2771 349//2771 239//2708
f 227//2718 267//2773 346//2773 226//2712
f 241//2720 351//2771 350//2771 240//2716
f 228//2722 267//2773 227//2718
f 242//2724 351//2771 241//2720
f 229//2726 267//2773 228//2722
f 243//2728 352//2771 351//2771 242//2724
f 230//2730 267//2773 229//2726
f 217//2732 251//2772 258//2775 344//2775 216//2733
f 244//2736 268//2771 352//2771 243//2728
f 231//2738 250//2789 267//2773 230//2730
f 218//2740 266//2773 251//2772 217//2732
f 245//2742 268//2771 244//2736
f 232//2744 348//2788 257//2788 250//2789 231//2738
f 219//2746 266//2773 218//2740
f 246//2748 268//2771 245//2742
f 233//2750 254//2794 256//2788 348//2788 232//2744
f 220//2752 266//2773 219//2746
f 247//2754 255//2774 268//2771 246//2748
f 234//2756 269//2771 254//2794 233//2750
f 221//2758 345//2773 266//2773 220//2752
f 216//2733 344//2775 259//2775 255//2774 247//2754
f 235//2760 269//2771 234//2756
f 222//2762 345//2773 221//2758
f 236//2764 269//2771 235//2760
f 223//2766 347//2773 345//2773 222//2762
f 237//2768 269//2771 236//2764
f 224//2770 347//2773 223//2766
f 264//2793 265//2781 364//2695 363//2695
f 248//2786 264//2793 363//2695 353//2701
f 269//2771 349//2771 350//2771 351//2771 352//2771 268//2771 362//2691 361//2691
f 254//2794 269//2771 361//2691 355//2703
f 257//2788 348//2788 256//2788 360//863 359//863
f 250//2789 257//2788 359//863 353//2701
f 259//2775 344//2775 258//2775 358//925 357//925
f 255//2774 259//2775 357//925 356//2687
f 258//2775 251//2772 354//2685 358//925
f 256//2788 254//2794 355//2703 360//863
f 268//2771 255//2774 356//2687 362//2691
f 265//2781 249//2780 354//2685 364//2695
f 2503//2714 2502//2711 2459//2712 2460//2713
f 2507//2710 2506//2707 2446//2708 2447//2709
f 2509//2769 2503//2714 2460//2713 2461//2770
f 2511//2767 2507//2710 2447//2709 2448//2768
f 2513//2765 2509//2769 2461//2770 2462//2766
f 2515//2763 2511//2767 2448//2768 2449//2764
f 2517//2761 2513//2765 2462//2766 2463//2762
f 2519//2759 2515//2763 2449//2764 2450//2760
f 2521//2757 2517//2761 2463//2762 2464//2758
f 2523//2755 2519//2759 2450//2760 2451//2756
f 2527//2753 2526//2734 2437//2733 2438//2754
f 2529//2751 2521//2757 2464//2758 2465//2752
f 2531//2749 2523//2755 2451//2756 2452//2750
f 2533//2747 2527//2753 2438//2754 2439//2748
f 2535//2745 2529//2751 2465//2752 2466//2746
f 2537//2743 2531//2749 2452//2750 2453//2744
f 2539//2741 2533//2747 2439//2748 2440//2742
f 2541//2739 2535//2745 2466//2746 2467//2740
f 2543//2737 2537//2743 2453//2744 2454//2738
f 2545//2735 2539//2741 2440//2742 2441//2736
f 2547//2731 2541//2739 2467//2740 2468//2732
f 2549//2729 2543//2737 2454//2738 2455//2730
f 2551//2727 2545//2735 2441//2736 2442//2728
f 2526//2734 2547//2731 2468//2732 2437//2733
f 2553//2725 2549//2729 2455//2730 2456//2726
f 2555//2723 2551//2727 2442//2728 2443//2724
f 2557//2721 2553//2725 2456//2726 2457//2722
f 2559//2719 2555//2723 2443//2724 2444//2720
f 2561//2717 2557//2721 2457//2722 2458//2718
f 2563//2715 2559//2719 2444//2720 2445//2716
f 2502//2711 2561//2717 2458//2718 2459//2712
f 2506//2707 2563//2715 2445//2716 2446//2708
f 2459//2712 2458//2718 2490//2773 2570//2773
f 2585//2691 2487//2771 2472//2859 2575//2687
f 2499//2697 2480//2775 2476//2860 2489//2773
f 2583//2695 2491//2781 2474//2780 2577//2685
f 2495//2787 2486//2777 2470//2776 2484//2784
f 2581//863 2482//2785 2473//2786 2576//2701
f 2579//925 2484//2784 2470//2776 2575//2687
f 2577//2685 2474//2780 2483//2779 2578//925
f 2578//925 2483//2779 2484//2784 2579//925
f 2574//2703 2469//2782 2481//2783 2580//863
f 2580//863 2481//2783 2482//2785 2581//863
f 2491//2781 2493//2778 2483//2779 2474//2780
f 2493//2778 2495//2787 2484//2784 2483//2779
f 2487//2771 2472//2859 2479//2775 2497//2697
f 2497//2697 2479//2775 2565//2775 2480//2775 2499//2697
f 2478//2788 2498//2697 2500//2697 2477//2788 2569//2788
f 2498//2697 2497//2697 2499//2697 2500//2697
f 2471//2861 2488//2771 2498//2697 2478//2788
f 2488//2771 2567//2771 2568//2771 2566//2771 2487//2771 2497//2697 2498//2697
f 2482//2785 2481//2783 2496//2790 2494//2791
f 2494//2791 2496//2790 2495//2787 2493//2778
f 2473//2786 2482//2785 2494//2791 2492//2793
f 2492//2793 2494//2791 2493//2778 2491//2781
f 2481//2783 2469//2782 2485//2792 2496//2790
f 2496//2790 2485//2792 2486//2777 2495//2787
f 2576//2701 2473//2786 2492//2793 2582//2695
f 2582//2695 2492//2793 2491//2781 2583//2695
f 2477//2788 2500//2697 2490//2773 2475//2862
f 2500//2697 2499//2697 2489//2773 2573//2773 2572//2773 2571//2773 2570//2773 2490//2773
f 2574//2703 2471//2861 2488//2771 2584//2691
f 2584//2691 2488//2771 2567//2771 2568//2771 2566//2771 2487//2771 2585//2691
f 2414//2858 2413//2854 2564//2853 2505//2857
f 2505//2857 2564//2853 2563//2715 2506//2707
f 2427//2856 2426//2852 2562//2851 2501//2855
f 2501//2855 2562//2851 2561//2717 2502//2711
f 2413//2854 2412//2850 2560//2849 2564//2853
f 2564//2853 2560//2849 2559//2719 2563//2715
f 2426//2852 2425//2848 2558//2847 2562//2851
f 2562//2851 2558//2847 2557//2721 2561//2717
f 2412//2850 2411//2846 2556//2845 2560//2849
f 2560//2849 2556//2845 2555//2723 2559//2719
f 2425//2848 2424//2844 2554//2843 2558//2847
f 2558//2847 2554//2843 2553//2725 2557//2721
f 2411//2846 2410//2842 2552//2841 2556//2845
f 2556//2845 2552//2841 2551//2727 2555//2723
f 2424//2844 2423//2840 2550//2839 2554//2843
f 2554//2843 2550//2839 2549//2729 2553//2725
f 2405//2815 2436//2838 2548//2837 2525//2816
f 2525//2816 2548//2837 2547//2731 2526//2734
f 2410//2842 2409//2836 2546//2835 2552//2841
f 2552//2841 2546//2835 2545//2735 2551//2727
f 2423//2840 2422//2834 2544//2833 2550//2839
f 2550//2839 2544//2833 2543//2737 2549//2729
f 2436//2838 2435//2832 2542//2831 2548//2837
f 2548//2837 2542//2831 2541//2739 2547//2731
f 2409//2836 2408//2830 2540//2829 2546//2835
f 2546//2835 2540//2829 2539//2741 2545//2735
f 2422//2834 2421//2828 2538//2827 2544//2833
f 2544//2833 2538//2827 2537//2743 2543//2737
f 2435//2832 2434//2826 2536//2825 2542//2831
f 2542//2831 2536//2825 2535//2745 2541//2739
f 2408//2830 2407//2824 2534//2823 2540//2829
f 2540//2829 2534//2823 2533//2747 2539//2741
f 2421//2828 2420//2822 2532//2821 2538//2827
f 2538//2827 2532//2821 2531//2749 2537//2743
f 2434//2826 2433//2820 2530//2819 2536//2825
f 2536//2825 2530//2819 2529//2751 2535//2745
f 2407//2824 2406//2818 2528//2817 2534//2823
f 2534//2823 2528//2817 2527//2753 2533//2747
f 2420//2822 2419//2814 2524//2813 2532//2821
f 2532//2821 2524//2813 2523//2755 2531//2749
f 2433//2820 2432//2812 2522//2811 2530//2819
f 2530//2819 2522//2811 2521//2757 2529//2751
f 2406//2818 2405//2815 2525//2816 2528//2817
f 2528//2817 2525//2816 2526//2734 2527//2753
f 2419//2814 2418//2810 2520//2809 2524//2813
f 2524//2813 2520//2809 2519//2759 2523//2755
f 2432//2812 2431//2808 2518//2807 2522//2811
f 2522//2811 2518//2807 2517//2761 2521//2757
f 2418//2810 2417//2806 2516//2805 2520//2809
f 2520//2809 2516//2805 2515//2763 2519//2759
f 2431//2808 2430//2804 2514//2803 2518//2807
f 2518//2807 2514//2803 2513//2765 2517//2761
f 2417//2806 2416//2802 2512//2801 2516//2805
f 2516//2805 2512//2801 2511//2767 2515//2763
f 2430//2804 2429//2798 2510//2797 2514//2803
f 2514//2803 2510//2797 2509//2769 2513//2765
f 2416//2802 2415//2799 2508//2800 2512//2801
f 2512//2801 2508//2800 2507//2710 2511//2767
f 2429//2798 2428//2795 2504//2796 2510//2797
f 2510//2797 2504//2796 2503//2714 2509//2769
f 2415//2799 2414//2858 2505//2857 2508//2800
f 2508//2800 2505//2857 2506//2707 2507//2710
f 2428//2795 2427//2856 2501//2855 2504//2796
f 2504//2796 2501//2855 2502//2711 2503//2714
f 2472//2859 2479//2775 2565//2775 2480//2775 2476//2860 2489//2773 2573//2773 2572//2773 2571//2773 2570//2773 2490//2773 2475//2862 2477//2788 2569//2788 2478//2788 2471//2861 2488//2771 2567//2771 2568//2771 2566//2771 2487//2771
f 2446//2708 2445//2716 2568//2771 2567//2771
f 2460//2713 2459//2712 2570//2773
f 2447//2709 2446//2708 2567//2771
f 2461//2770 2460//2713 2570//2773 2571//2773
f 2448//2768 2447//2709 2567//2771 2488//2771
f 2462//2766 2461//2770 2571//2773 2572//2773
f 2449//2764 2448//2768 2488//2771
f 2463//2762 2462//2766 2572//2773
f 2450//2760 2449//2764 2488//2771
f 2464//2758 2463//2762 2572//2773 2573//2773
f 2451//2756 2450//2760 2488//2771
f 2438//2754 2437//2733 2565//2775 2479//2775 2472//2859
f 2465//2752 2464//2758 2573//2773 2489//2773
f 2452//2750 2451//2756 2488//2771 2471//2861
f 2439//2748 2438//2754 2472//2859 2487//2771
f 2466//2746 2465//2752 2489//2773
f 2453//2744 2452//2750 2471//2861 2478//2788 2569//2788
f 2440//2742 2439//2748 2487//2771
f 2467//2740 2466//2746 2489//2773
f 2454//2738 2453//2744 2569//2788 2477//2788 2475//2862
f 2441//2736 2440//2742 2487//2771
f 2468//2732 2467//2740 2489//2773 2476//2860
f 2455//2730 2454//2738 2475//2862 2490//2773
f 2442//2728 2441//2736 2487//2771 2566//2771
f 2437//2733 2468//2732 2476//2860 2480//2775 2565//2775
f 2456//2726 2455//2730 2490//2773
f 2443//2724 2442//2728 2566//2771
f 2457//2722 2456//2726 2490//2773
f 2444//2720 2443//2724 2566//2771 2568//2771
f 2458//2718 2457//2722 2490//2773
f 2445//2716 2444//2720 2568//2771
f 2485//2792 2584//2691 2585//2691 2486//2777
f 2469//2782 2574//2703 2584//2691 2485//2792
f 2490//2773 2582//2695 2583//2695 2489//2773 2573//2773 2572//2773 2571//2773 2570//2773
f 2475//2862 2576//2701 2582//2695 2490//2773
f 2478//2788 2580//863 2581//863 2477//2788 2569//2788
f 2471//2861 2574//2703 2580//863 2478//2788
f 2480//2775 2578//925 2579//925 2479//2775 2565//2775
f 2476//2860 2577//2685 2578//925 2480//2775
f 2479//2775 2579//925 2575//2687 2472//2859
f 2477//2788 2581//863 2576//2701 2475//2862
f 2489//2773 2583//2695 2577//2685 2476//2860
f 2486//2777 2585//2691 2575//2687 2470//2776
f 2684//2714 2683//2711 2640//2712 2641//2713
f 2688//2710 2687//2707 2627//2708 2628//2709
f 2690//2769 2684//2714 2641//2713 2642//2770
f 2692//2767 2688//2710 2628//2709 2629//2768
f 2694//2765 2690//2769 2642//2770 2643//2766
f 2696//2763 2692//2767 2629//2768 2630//2764
f 2698//2761 2694//2765 2643//2766 2644//2762
f 2700//2759 2696//2763 2630//2764 2631//2760
f 2702//2757 2698//2761 2644//2762 2645//2758
f 2704//2755 2700//2759 2631//2760 2632//2756
f 2708//2753 2707//2734 2618//2733 2619//2754
f 2710//2751 2702//2757 2645//2758 2646//2752
f 2712//2749 2704//2755 2632//2756 2633//2750
f 2714//2747 2708//2753 2619//2754 2620//2748
f 2716//2745 2710//2751 2646//2752 2647//2746
f 2718//2743 2712//2749 2633//2750 2634//2744
f 2720//2741 2714//2747 2620//2748 2621//2742
f 2722//2739 2716//2745 2647//2746 2648//2740
f 2724//2737 2718//2743 2634//2744 2635//2738
f 2726//2735 2720//2741 2621//2742 2622//2736
f 2728//2731 2722//2739 2648//2740 2649//2732
f 2730//2729 2724//2737 2635//2738 2636//2730
f 2732//2727 2726//2735 2622//2736 2623//2728
f 2707//2734 2728//2731 2649//2732 2618//2733
f 2734//2725 2730//2729 2636//2730 2637//2726
f 2736//2723 2732//2727 2623//2728 2624//2724
f 2738//2721 2734//2725 2637//2726 2638//2722
f 2740//2719 2736//2723 2624//2724 2625//2720
f 2742//2717 2738//2721 2638//2722 2639//2718
f 2744//2715 2740//2719 2625//2720 2626//2716
f 2683//2711 2742//2717 2639//2718 2640//2712
f 2687//2707 2744//2715 2626//2716 2627//2708
f 2640//2712 2639//2718 2671//2773 2751//2773
f 2766//2691 2668//2771 2653//2859 2756//2687
f 2680//2697 2661//2775 2657//2860 2670//2773
f 2764//2695 2672//2781 2655//2780 2758//2685
f 2676//2787 2667//2777 2651//2776 2665//2784
f 2762//863 2663//2785 2654//2786 2757//2701
f 2760//925 2665//2784 2651//2776 2756//2687
f 2758//2685 2655//2780 2664//2779 2759//925
f 2759//925 2664//2779 2665//2784 2760//925
f 2755//2703 2650//2782 2662//2783 2761//863
f 2761//863 2662//2783 2663//2785 2762//863
f 2672//2781 2674//2778 2664//2779 2655//2780
f 2674//2778 2676//2787 2665//2784 2664//2779
f 2668//2771 2653//2859 2660//2775 2678//2697
f 2678//2697 2660//2775 2746//2775 2661//2775 2680//2697
f 2659//2788 2679//2697 2681//2697 2658//2788 2750//2788
f 2679//2697 2678//2697 2680//2697 2681//2697
f 2652//2861 2669//2771 2679//2697 2659//2788
f 2669//2771 2748//2771 2749//2771 2747//2771 2668//2771 2678//2697 2679//2697
f 2663//2785 2662//2783 2677//2790 2675//2791
f 2675//2791 2677//2790 2676//2787 2674//2778
f 2654//2786 2663//2785 2675//2791 2673//2793
f 2673//2793 2675//2791 2674//2778 2672//2781
f 2662//2783 2650//2782 2666//2792 2677//2790
f 2677//2790 2666//2792 2667//2777 2676//2787
f 2757//2701 2654//2786 2673//2793 2763//2695
f 2763//2695 2673//2793 2672//2781 2764//2695
f 2658//2788 2681//2697 2671//2773 2656//2862
f 2681//2697 2680//2697 2670//2773 2754//2773 2753//2773 2752//2773 2751//2773 2671//2773
f 2755//2703 2652//2861 2669//2771 2765//2691
f 2765//2691 2669//2771 2748//2771 2749//2771 2747//2771 2668//2771 2766//2691
f 2595//2858 2594//2854 2745//2853 2686//2857
f 2686//2857 2745//2853 2744//2715 2687//2707
f 2608//2856 2607//2852 2743//2851 2682//2855
f 2682//2855 2743//2851 2742//2717 2683//2711
f 2594//2854 2593//2850 2741//2849 2745//2853
f 2745//2853 2741//2849 2740//2719 2744//2715
f 2607//2852 2606//2848 2739//2847 2743//2851
f 2743//2851 2739//2847 2738//2721 2742//2717
f 2593//2850 2592//2846 2737//2845 2741//2849
f 2741//2849 2737//2845 2736//2723 2740//2719
f 2606//2848 2605//2844 2735//2843 2739//2847
f 2739//2847 2735//2843 2734//2725 2738//2721
f 2592//2846 2591//2842 2733//2841 2737//2845
f 2737//2845 2733//2841 2732//2727 2736//2723
f 2605//2844 2604//2840 2731//2839 2735//2843
f 2735//2843 2731//2839 2730//2729 2734//2725
f 2586//2815 2617//2838 2729//2837 2706//2816
f 2706//2816 2729//2837 2728//2731 2707//2734
f 2591//2842 2590//2836 2727//2835 2733//2841
f 2733//2841 2727//2835 2726//2735 2732//2727
f 2604//2840 2603//2834 2725//2833 2731//2839
f 2731//2839 2725//2833 2724//2737 2730//2729
f 2617//2838 2616//2832 2723//2831 2729//2837
f 2729//2837 2723//2831 2722//2739 2728//2731
f 2590//2836 2589//2830 2721//2829 2727//2835
f 2727//2835 2721//2829 2720//2741 2726//2735
f 2603//2834 2602//2828 2719//2827 2725//2833
f 2725//2833 2719//2827 2718//2743 2724//2737
f 2616//2832 2615//2826 2717//2825 2723//2831
f 2723//2831 2717//2825 2716//2745 2722//2739
f 2589//2830 2588//2824 2715//2823 2721//2829
f 2721//2829 2715//2823 2714//2747 2720//2741
f 2602//2828 2601//2822 2713//2821 2719//2827
f 2719//2827 2713//2821 2712//2749 2718//2743
f 2615//2826 2614//2820 2711//2819 2717//2825
f 2717//2825 2711//2819 2710//2751 2716//2745
f 2588//2824 2587//2818 2709//2817 2715//2823
f 2715//2823 2709//2817 2708//2753 2714//2747
f 2601//2822 2600//2814 2705//2813 2713//2821
f 2713//2821 2705//2813 2704//2755 2712//2749
f 2614//2820 2613//2812 2703//2811 2711//2819
f 2711//2819 2703//2811 2702//2757 2710//2751
f 2587//2818 2586//2815 2706//2816 2709//2817
f 2709//2817 2706//2816 2707//2734 2708//2753
f 2600//2814 2599//2810 2701//2809 2705//2813
f 2705//2813 2701//2809 2700//2759 2704//2755
f 2613//2812 2612//2808 2699//2807 2703//2811
f 2703//2811 2699//2807 2698//2761 2702//2757
f 2599//2810 2598//2806 2697//2805 2701//2809
f 2701//2809 2697//2805 2696//2763 2700//2759
f 2612//2808 2611//2804 2695//2803 2699//2807
f 2699//2807 2695//2803 2694//2765 2698//2761
f 2598//2806 2597//2802 2693//2801 2697//2805
f 2697//2805 2693//2801 2692//2767 2696//2763
f 2611//2804 2610//2798 2691//2797 2695//2803
f 2695//2803 2691//2797 2690//2769 2694//2765
f 2597//2802 2596//2799 2689//2800 2693//2801
f 2693//2801 2689//2800 2688//2710 2692//2767
f 2610//2798 2609//2795 2685//2796 2691//2797
f 2691//2797 2685//2796 2684//2714 2690//2769
f 2596//2799 2595//2858 2686//2857 2689//2800
f 2689//2800 2686//2857 2687//2707 2688//2710
f 2609//2795 2608//2856 2682//2855 2685//2796
f 2685//2796 2682//2855 2683//2711 2684//2714
f 2653//2859 2660//2775 2746//2775 2661//2775 2657//2860 2670//2773 2754//2773 2753//2773 2752//2773 2751//2773 2671//2773 2656//2862 2658//2788 2750//2788 2659//2788 2652//2861 2669//2771 2748//2771 2749//2771 2747//2771 2668//2771
f 2627//2708 2626//2716 2749//2771 2748//2771
f 2641//2713 2640//2712 2751//2773
f 2628//2709 2627//2708 2748//2771
f 2642//2770 2641//2713 2751//2773 2752//2773
f 2629//2768 2628//2709 2748//2771 2669//2771
f 2643//2766 2642//2770 2752//2773 2753//2773
f 2630//2764 2629//2768 2669//2771
f 2644//2762 2643//2766 2753//2773
f 2631//2760 2630//2764 2669//2771
f 2645//2758 2644//2762 2753//2773 2754//2773
f 2632//2756 2631//2760 2669//2771
f 2619//2754 2618//2733 2746//2775 2660//2775 2653//2859
f 2646//2752 2645//2758 2754//2773 2670//2773
f 2633//2750 2632//2756 2669//2771 2652//2861
f 2620//2748 2619//2754 2653//2859 2668//2771
f 2647//2746 2646//2752 2670//2773
f 2634//2744 2633//2750 2652//2861 2659//2788 2750//2788
f 2621//2742 2620//2748 2668//2771
f 2648//2740 2647//2746 2670//2773
f 2635//2738 2634//2744 2750//2788 2658//2788 2656//2862
f 2622//2736 2621//2742 2668//2771
f 2649//2732 2648//2740 2670//2773 2657//2860
f 2636//2730 2635//2738 2656//2862 2671//2773
f 2623//2728 2622//2736 2668//2771 2747//2771
f 2618//2733 2649//2732 2657//2860 2661//2775 2746//2775
f 2637//2726 2636//2730 2671//2773
f 2624//2724 2623//2728 2747//2771
f 2638//2722 2637//2726 2671//2773
f 2625//2720 2624//2724 2747//2771 2749//2771
f 2639//2718 2638//2722 2671//2773
f 2626//2716 2625//2720 2749//2771
f 2666//2792 2765//2691 2766//2691 2667//2777
f 2650//2782 2755//2703 2765//2691 2666//2792
f 2671//2773 2763//2695 2764//2695 2670//2773 2754//2773 2753//2773 2752//2773 2751//2773
f 2656//2862 2757//2701 2763//2695 2671//2773
f 2659//2788 2761//863 2762//863 2658//2788 2750//2788
f 2652//2861 2755//2703 2761//863 2659//2788
f 2661//2775 2759//925 2760//925 2660//2775 2746//2775
f 2657//2860 2758//2685 2759//925 2661//2775
f 2660//2775 2760//925 2756//2687 2653//2859
f 2658//2788 2762//863 2757//2701 2656//2862
f 2670//2773 2764//2695 2758//2685 2657//2860
f 2667//2777 2766//2691 2756//2687 2651//2776
