# Blender v2.79 (sub 0) OBJ File: 'game.blend'
# www.blender.org
mtllib game.mtl
o fogao
v -9.575310 0.000000 2.980996
v -9.575310 -1.931477 2.980996
v -4.763791 -0.542212 2.899297
v -4.866338 -0.552312 2.899297
v -4.964943 -0.582223 2.899297
v -5.055820 -0.630798 2.899297
v -5.135473 -0.696167 2.899297
v -5.200843 -0.775821 2.899297
v -5.249417 -0.866697 2.899297
v -5.279329 -0.965303 2.899297
v -5.289429 -1.067850 2.899297
v -5.279329 -1.170396 2.899297
v -5.249417 -1.269002 2.899297
v -5.200843 -1.359878 2.899297
v -5.135473 -1.439532 2.899297
v -5.055820 -1.504902 2.899297
v -4.964943 -1.553476 2.899297
v -4.866337 -1.583388 2.899297
v -4.763791 -1.593488 2.899297
v -4.661243 -1.583388 2.899297
v -4.562638 -1.553476 2.899297
v -4.471762 -1.504902 2.899297
v -4.392108 -1.439532 2.899297
v -4.326739 -1.359878 2.899297
v -4.278164 -1.269002 2.899297
v -4.248253 -1.170396 2.899297
v -4.238153 -1.067849 2.899297
v -4.248253 -0.965302 2.899297
v -4.278165 -0.866696 2.899297
v -4.326739 -0.775820 2.899297
v -4.392109 -0.696167 2.899297
v -4.471763 -0.630797 2.899297
v -4.562639 -0.582223 2.899297
v -4.661245 -0.552311 2.899297
v -4.763791 -0.542212 3.309765
v -4.866338 -0.552312 3.309765
v -4.964943 -0.582223 3.309765
v -5.055820 -0.630798 3.309765
v -5.135473 -0.696167 3.309765
v -5.200843 -0.775821 3.309765
v -5.249417 -0.866697 3.309765
v -5.279329 -0.965303 3.309765
v -5.289429 -1.067850 3.309765
v -5.279329 -1.170396 3.309765
v -5.249417 -1.269002 3.309765
v -5.200843 -1.359878 3.309765
v -5.135473 -1.439532 3.309767
v -5.055820 -1.504902 3.309765
v -4.964943 -1.553476 3.309765
v -4.866337 -1.583388 3.309765
v -4.763791 -1.593488 3.309765
v -4.661243 -1.583388 3.309765
v -4.562638 -1.553476 3.309765
v -4.471762 -1.504902 3.309765
v -4.392108 -1.439532 3.309767
v -4.326739 -1.359878 3.309765
v -4.278164 -1.269002 3.309765
v -4.248253 -1.170396 3.309765
v -4.238153 -1.067849 3.309765
v -4.248253 -0.965302 3.309765
v -4.278165 -0.866696 3.309765
v -4.326739 -0.775820 3.309765
v -4.392109 -0.696167 3.309765
v -4.471763 -0.630797 3.309765
v -4.562639 -0.582223 3.309765
v -4.661245 -0.552311 3.309765
v -4.865755 -1.372914 3.448217
v -4.865755 -0.694041 3.448217
v -4.865755 -1.372914 3.309765
v -4.865755 -0.694041 3.309765
v -4.651413 -1.372914 3.448217
v -4.651413 -0.694041 3.448217
v -4.651413 -1.372914 3.309765
v -4.651413 -0.694041 3.309765
v -4.722860 -1.372914 3.309765
v -4.794308 -1.372914 3.309765
v -4.794308 -0.694041 3.309765
v -4.722860 -0.694041 3.309765
v -4.794308 -1.372914 3.479489
v -4.722860 -1.372914 3.479489
v -4.722860 -0.694041 3.479489
v -4.794308 -0.694041 3.479489
v -4.865755 -1.219259 3.510699
v -4.865755 -0.821917 3.510699
v -4.865755 -0.821917 3.309765
v -4.865755 -1.219259 3.309765
v -4.651413 -0.821917 3.309765
v -4.651413 -1.219259 3.309765
v -4.651413 -0.821917 3.510699
v -4.651413 -1.219259 3.510699
v -4.722860 -0.821917 3.541970
v -4.722860 -1.219259 3.541970
v -4.794308 -0.821917 3.541970
v -4.794308 -1.219259 3.541970
v -4.794308 -0.821917 3.309765
v -4.794308 -1.219259 3.309765
v -4.722860 -0.821917 3.309765
v -4.722860 -1.219259 3.309765
v -4.222475 -1.292070 2.973966
v -4.222475 -1.292070 3.240875
v -4.189132 -1.182156 3.240875
v -4.189132 -1.182156 2.973966
v -5.338449 -1.182156 2.973966
v -5.338449 -1.182156 3.240875
v -5.305107 -1.292070 3.240875
v -5.305107 -1.292070 2.973966
v -4.177874 -1.067849 3.240875
v -4.177874 -1.067849 2.973966
v -5.250963 -1.393367 3.240875
v -5.250963 -1.393367 2.973966
v -4.189133 -0.953542 3.240875
v -4.189133 -0.953542 2.973966
v -5.178096 -1.482155 3.240875
v -5.178096 -1.482155 2.973966
v -4.222475 -0.843628 3.240875
v -4.222475 -0.843628 2.973966
v -5.089309 -1.555021 3.240875
v -5.089309 -1.555022 2.973966
v -4.276619 -0.742331 3.240875
v -4.276619 -0.742331 2.973966
v -4.988011 -1.609166 3.240875
v -4.988011 -1.609166 2.973966
v -4.763791 -0.481933 2.973966
v -4.763791 -0.481933 3.240875
v -4.878097 -0.493191 3.240875
v -4.878097 -0.493191 2.973966
v -4.349486 -0.653543 3.240875
v -4.349486 -0.653544 2.973966
v -4.878097 -1.642508 3.240875
v -4.878097 -1.642508 2.973966
v -4.988011 -0.526533 3.240875
v -4.988011 -0.526533 2.973966
v -4.438274 -0.580677 3.240875
v -4.438274 -0.580677 2.973966
v -4.763791 -1.653766 3.240875
v -4.763791 -1.653766 2.973966
v -5.089309 -0.580678 3.240875
v -5.089309 -0.580678 2.973966
v -4.539571 -0.526533 3.240875
v -4.539571 -0.526533 2.973966
v -4.649484 -1.642508 3.240875
v -4.649484 -1.642508 2.973966
v -5.178096 -0.653544 3.240875
v -5.178096 -0.653544 2.973966
v -4.649485 -0.493191 3.240875
v -4.649485 -0.493191 2.973966
v -4.539570 -1.609166 3.240875
v -4.539570 -1.609166 2.973966
v -5.250963 -0.742332 3.240875
v -5.250963 -0.742332 2.973966
v -4.438273 -1.555021 3.240875
v -4.438273 -1.555021 2.973966
v -5.305107 -0.843629 3.240875
v -5.305107 -0.843629 2.973966
v -4.349485 -1.482155 3.240875
v -4.349485 -1.482155 2.973966
v -5.338449 -0.953543 3.240875
v -5.338449 -0.953543 2.973966
v -4.276619 -1.393367 3.240875
v -4.276619 -1.393367 2.973966
v -5.349707 -1.067850 3.240875
v -5.349707 -1.067850 2.973966
v -4.758584 -0.694041 3.309765
v -4.865755 -0.921252 3.309765
v -4.865755 -1.119924 3.309765
v -4.865755 -1.020588 3.309765
v -4.758584 -1.372914 3.309765
v -4.651413 -1.119924 3.309765
v -4.651413 -1.070256 3.309765
v -4.651413 -1.020588 3.309765
v -4.651413 -0.921252 3.309765
v -4.865755 -1.372914 3.317140
v -4.865755 -0.694041 3.317140
v -4.651413 -1.372914 3.317140
v -4.651413 -0.694041 3.317140
v -4.722860 -0.694041 3.317140
v -4.794308 -0.694041 3.317140
v -4.794308 -1.372914 3.317140
v -4.722860 -1.372914 3.317140
v -4.651413 -1.219259 3.317140
v -4.651413 -0.821917 3.317140
v -4.865755 -1.219259 3.317140
v -4.865755 -0.821917 3.317140
v -1.131108 -0.542212 2.899297
v -1.233655 -0.552312 2.899297
v -1.332261 -0.582223 2.899297
v -1.423137 -0.630798 2.899297
v -1.502790 -0.696167 2.899297
v -1.568160 -0.775821 2.899297
v -1.616734 -0.866697 2.899297
v -1.646646 -0.965303 2.899297
v -1.656746 -1.067850 2.899297
v -1.646646 -1.170396 2.899297
v -1.616734 -1.269002 2.899297
v -1.568160 -1.359878 2.899297
v -1.502790 -1.439532 2.899297
v -1.423137 -1.504902 2.899297
v -1.332261 -1.553476 2.899297
v -1.233655 -1.583388 2.899297
v -1.131107 -1.593488 2.899297
v -1.028561 -1.583388 2.899297
v -0.929955 -1.553476 2.899297
v -0.839079 -1.504902 2.899297
v -0.759425 -1.439532 2.899297
v -0.694055 -1.359878 2.899297
v -0.645481 -1.269002 2.899297
v -0.615570 -1.170396 2.899297
v -0.605470 -1.067849 2.899297
v -0.615570 -0.965302 2.899297
v -0.645482 -0.866696 2.899297
v -0.694056 -0.775820 2.899297
v -0.759426 -0.696167 2.899297
v -0.839079 -0.630797 2.899297
v -0.929955 -0.582223 2.899297
v -1.028562 -0.552311 2.899297
v -1.131108 -0.542212 3.309765
v -1.233655 -0.552312 3.309765
v -1.332261 -0.582223 3.309765
v -1.423137 -0.630798 3.309765
v -1.502790 -0.696167 3.309765
v -1.568160 -0.775821 3.309765
v -1.616734 -0.866697 3.309765
v -1.646646 -0.965303 3.309765
v -1.656746 -1.067850 3.309765
v -1.646646 -1.170396 3.309765
v -1.616734 -1.269002 3.309765
v -1.568160 -1.359878 3.309765
v -1.502790 -1.439532 3.309767
v -1.423137 -1.504902 3.309765
v -1.332261 -1.553476 3.309765
v -1.233655 -1.583388 3.309765
v -1.131107 -1.593488 3.309765
v -1.028561 -1.583388 3.309765
v -0.929955 -1.553476 3.309765
v -0.839079 -1.504902 3.309765
v -0.759425 -1.439532 3.309767
v -0.694055 -1.359878 3.309765
v -0.645481 -1.269002 3.309765
v -0.615570 -1.170396 3.309765
v -0.605470 -1.067849 3.309765
v -0.615570 -0.965302 3.309765
v -0.645482 -0.866696 3.309765
v -0.694056 -0.775820 3.309765
v -0.759426 -0.696167 3.309765
v -0.839079 -0.630797 3.309765
v -0.929955 -0.582223 3.309765
v -1.028562 -0.552311 3.309765
v -1.233072 -1.372914 3.448217
v -1.233072 -0.694041 3.448217
v -1.233072 -1.372914 3.309765
v -1.233072 -0.694041 3.309765
v -1.018730 -1.372914 3.448217
v -1.018730 -0.694041 3.448217
v -1.018730 -1.372914 3.309765
v -1.018730 -0.694041 3.309765
v -1.090178 -1.372914 3.309765
v -1.161625 -1.372914 3.309765
v -1.161625 -0.694041 3.309765
v -1.090178 -0.694041 3.309765
v -1.161625 -1.372914 3.479489
v -1.090178 -1.372914 3.479489
v -1.090178 -0.694041 3.479489
v -1.161625 -0.694041 3.479489
v -1.233072 -1.219259 3.510699
v -1.233072 -0.821917 3.510699
v -1.233072 -0.821917 3.309765
v -1.233072 -1.219259 3.309765
v -1.018730 -0.821917 3.309765
v -1.018730 -1.219259 3.309765
v -1.018730 -0.821917 3.510699
v -1.018730 -1.219259 3.510699
v -1.090178 -0.821917 3.541970
v -1.090178 -1.219259 3.541970
v -1.161625 -0.821917 3.541970
v -1.161625 -1.219259 3.541970
v -1.161625 -0.821917 3.309765
v -1.161625 -1.219259 3.309765
v -1.090178 -0.821917 3.309765
v -1.090178 -1.219259 3.309765
v -0.589791 -1.292070 2.973966
v -0.589791 -1.292070 3.240875
v -0.556449 -1.182156 3.240875
v -0.556449 -1.182156 2.973966
v -1.705766 -1.182156 2.973966
v -1.705766 -1.182156 3.240875
v -1.672424 -1.292070 3.240875
v -1.672424 -1.292070 2.973966
v -0.545191 -1.067849 3.240875
v -0.545191 -1.067849 2.973966
v -1.618280 -1.393367 3.240875
v -1.618280 -1.393367 2.973966
v -0.556449 -0.953542 3.240875
v -0.556449 -0.953542 2.973966
v -1.545414 -1.482155 3.240875
v -1.545414 -1.482155 2.973966
v -0.589792 -0.843628 3.240875
v -0.589792 -0.843628 2.973966
v -1.456626 -1.555021 3.240875
v -1.456626 -1.555022 2.973966
v -0.643936 -0.742331 3.240875
v -0.643936 -0.742331 2.973966
v -1.355328 -1.609166 3.240875
v -1.355328 -1.609166 2.973966
v -1.131108 -0.481933 2.973966
v -1.131108 -0.481933 3.240875
v -1.245414 -0.493191 3.240875
v -1.245414 -0.493191 2.973966
v -0.716803 -0.653543 3.240875
v -0.716803 -0.653544 2.973966
v -1.245414 -1.642508 3.240875
v -1.245414 -1.642508 2.973966
v -1.355329 -0.526533 3.240875
v -1.355329 -0.526533 2.973966
v -0.805591 -0.580677 3.240875
v -0.805591 -0.580677 2.973966
v -1.131107 -1.653766 3.240875
v -1.131107 -1.653766 2.973966
v -1.456626 -0.580678 3.240875
v -1.456626 -0.580678 2.973966
v -0.906888 -0.526533 3.240875
v -0.906888 -0.526533 2.973966
v -1.016801 -1.642508 3.240875
v -1.016801 -1.642508 2.973966
v -1.545414 -0.653544 3.240875
v -1.545414 -0.653544 2.973966
v -1.016802 -0.493191 3.240875
v -1.016802 -0.493191 2.973966
v -0.906887 -1.609166 3.240875
v -0.906887 -1.609166 2.973966
v -1.618280 -0.742332 3.240875
v -1.618280 -0.742332 2.973966
v -0.805590 -1.555021 3.240875
v -0.805590 -1.555021 2.973966
v -1.672424 -0.843629 3.240875
v -1.672424 -0.843629 2.973966
v -0.716802 -1.482155 3.240875
v -0.716802 -1.482155 2.973966
v -1.705766 -0.953543 3.240875
v -1.705766 -0.953543 2.973966
v -0.643936 -1.393367 3.240875
v -0.643936 -1.393367 2.973966
v -1.717025 -1.067850 3.240875
v -1.717025 -1.067850 2.973966
v -1.125901 -0.694041 3.309765
v -1.233072 -0.921252 3.309765
v -1.233072 -1.119924 3.309765
v -1.233072 -1.020588 3.309765
v -1.125901 -1.372914 3.309765
v -1.018730 -1.119924 3.309765
v -1.018730 -1.070256 3.309765
v -1.018730 -1.020588 3.309765
v -1.018730 -0.921252 3.309765
v -1.233072 -1.372914 3.317140
v -1.233072 -0.694041 3.317140
v -1.018730 -1.372914 3.317140
v -1.018730 -0.694041 3.317140
v -1.090178 -0.694041 3.317140
v -1.161625 -0.694041 3.317140
v -1.161625 -1.372914 3.317140
v -1.090178 -1.372914 3.317140
v -1.018730 -1.219259 3.317140
v -1.018730 -0.821917 3.317140
v -1.233072 -1.219259 3.317140
v -1.233072 -0.821917 3.317140
v -3.135418 0.174356 1.343634
v -3.132436 0.159963 1.341147
v -3.125103 0.147110 1.339338
v -3.114138 0.137055 1.338383
v -3.100614 0.130782 1.338376
v -3.085854 0.128906 1.339318
v -3.071305 0.131610 1.341117
v -3.058388 0.138629 1.343596
v -3.048370 0.149277 1.346513
v -3.042231 0.162511 1.349582
v -3.040571 0.177036 1.352503
v -3.172699 0.091699 1.775075
v -3.169959 0.077090 1.773926
v -3.162994 0.063911 1.774137
v -3.152484 0.053452 1.775687
v -3.139459 0.046737 1.778424
v -3.125193 0.044423 1.782081
v -3.111082 0.046737 1.786300
v -3.098510 0.053452 1.790667
v -3.088704 0.063911 1.794755
v -3.082626 0.077090 1.798165
v -3.080872 0.091699 1.800562
v -3.316291 0.072718 2.076092
v -3.314748 0.057917 2.076988
v -3.310055 0.044374 2.081088
v -3.302675 0.033413 2.087990
v -3.293328 0.026108 2.097019
v -3.282929 0.023174 2.107290
v -3.272497 0.024899 2.117800
v -3.263052 0.031112 2.127517
v -3.255520 0.041206 2.135493
v -3.250637 0.054194 2.140945
v -3.248881 0.068803 2.143341
v -3.616308 0.073107 2.219362
v -3.615881 0.058285 2.220908
v -3.614255 0.044685 2.226793
v -3.611588 0.033637 2.236441
v -3.608143 0.026223 2.248907
v -3.604256 0.023168 2.262972
v -3.600308 0.024772 2.277257
v -3.596685 0.030878 2.290367
v -3.593743 0.040888 2.301015
v -3.591768 0.053821 2.308162
v -3.590954 0.068413 2.311106
v -4.043434 0.073107 2.256379
v -4.043363 0.058285 2.257981
v -4.043094 0.044685 2.264081
v -4.042653 0.033637 2.274081
v -4.042082 0.026223 2.287002
v -4.041440 0.023168 2.301579
v -4.040786 0.024772 2.316386
v -4.040187 0.030878 2.329973
v -4.039700 0.040888 2.341010
v -4.039373 0.053821 2.348417
v -4.039238 0.068413 2.351469
v -4.517811 0.073107 2.256332
v -4.517811 0.058285 2.257936
v -4.517811 0.044685 2.264041
v -4.517811 0.033637 2.274051
v -4.517811 0.026223 2.286985
v -4.517811 0.023168 2.301577
v -4.517811 0.024772 2.316398
v -4.517811 0.030878 2.329998
v -4.517811 0.040888 2.341046
v -4.517811 0.053821 2.348460
v -4.517811 0.068413 2.351514
v -4.994302 0.073107 2.256332
v -4.994302 0.058285 2.257936
v -4.994302 0.044685 2.264041
v -4.994302 0.033637 2.274051
v -4.994302 0.026223 2.286985
v -4.994302 0.023168 2.301577
v -4.994302 0.024772 2.316398
v -4.994302 0.030878 2.329998
v -4.994302 0.040888 2.341046
v -4.994302 0.053821 2.348460
v -4.994302 0.068413 2.351514
v -5.470793 0.073107 2.256332
v -5.470793 0.058285 2.257936
v -5.470793 0.044685 2.264041
v -5.470793 0.033637 2.274051
v -5.470793 0.026223 2.286985
v -5.470793 0.023168 2.301577
v -5.470793 0.024772 2.316398
v -5.470793 0.030878 2.329998
v -5.470793 0.040888 2.341046
v -5.470793 0.053821 2.348460
v -5.470793 0.068413 2.351514
v -5.945170 0.073107 2.256379
v -5.945240 0.058285 2.257981
v -5.945510 0.044685 2.264081
v -5.945951 0.033637 2.274081
v -5.946522 0.026223 2.287002
v -5.947165 0.023168 2.301579
v -5.947818 0.024772 2.316386
v -5.948417 0.030878 2.329973
v -5.948904 0.040888 2.341010
v -5.949231 0.053821 2.348417
v -5.949366 0.068413 2.351469
v -6.372295 0.073107 2.219362
v -6.372723 0.058285 2.220908
v -6.374349 0.044685 2.226793
v -6.377016 0.033637 2.236441
v -6.380460 0.026223 2.248907
v -6.384347 0.023168 2.262972
v -6.388296 0.024772 2.277257
v -6.391919 0.030878 2.290367
v -6.394861 0.040888 2.301015
v -6.396836 0.053821 2.308162
v -6.397650 0.068413 2.311106
v -6.672313 0.072718 2.076092
v -6.673857 0.057917 2.076988
v -6.678548 0.044374 2.081088
v -6.685929 0.033413 2.087990
v -6.695275 0.026108 2.097019
v -6.705675 0.023174 2.107290
v -6.716107 0.024899 2.117800
v -6.725552 0.031112 2.127517
v -6.733084 0.041206 2.135493
v -6.737967 0.054194 2.140945
v -6.739723 0.068803 2.143341
v -6.815905 0.091699 1.775075
v -6.818645 0.077090 1.773926
v -6.825610 0.063911 1.774137
v -6.836120 0.053452 1.775687
v -6.849145 0.046737 1.778424
v -6.863411 0.044423 1.782081
v -6.877522 0.046737 1.786300
v -6.890094 0.053452 1.790667
v -6.899899 0.063911 1.794755
v -6.905977 0.077090 1.798165
v -6.907732 0.091699 1.800562
v -6.852787 0.174836 1.347319
v -6.855346 0.160150 1.347316
v -6.862312 0.146971 1.347519
v -6.873005 0.136591 1.347907
v -6.886379 0.130026 1.348443
v -6.901124 0.127917 1.349074
v -6.915796 0.130473 1.349738
v -6.928960 0.137441 1.350371
v -6.939326 0.148141 1.350909
v -6.945881 0.161525 1.351302
v -6.947982 0.176283 1.351510
v -6.852723 0.091045 0.868442
v -6.855250 0.076420 0.869840
v -6.862194 0.063287 0.871095
v -6.872874 0.052934 0.872085
v -6.886246 0.046372 0.872712
v -6.901000 0.044245 0.872915
v -6.915692 0.046761 0.872675
v -6.928884 0.053673 0.872014
v -6.939285 0.064305 0.870998
v -6.945876 0.077616 0.869726
v -6.948013 0.092303 0.868322
v -6.852723 0.080573 0.291468
v -6.855250 0.065896 0.290785
v -6.862194 0.052719 0.290171
v -6.872874 0.042329 0.289687
v -6.886246 0.035745 0.289380
v -6.901000 0.033610 0.289280
v -6.915692 0.036135 0.289398
v -6.928884 0.043071 0.289721
v -6.939285 0.053739 0.290218
v -6.945876 0.067096 0.290841
v -6.948013 0.081834 0.291528
v -3.135881 0.080573 0.291468
v -3.133354 0.065896 0.290785
v -3.126410 0.052719 0.290171
v -3.115730 0.042329 0.289687
v -3.102358 0.035745 0.289380
v -3.087604 0.033610 0.289281
v -3.072912 0.036135 0.289398
v -3.059720 0.043071 0.289721
v -3.049319 0.053739 0.290218
v -3.042727 0.067096 0.290841
v -3.040591 0.081834 0.291528
v -3.135881 0.091045 0.868442
v -3.133354 0.076420 0.869840
v -3.126410 0.063287 0.871095
v -3.115730 0.052934 0.872085
v -3.102358 0.046372 0.872712
v -3.087604 0.044245 0.872915
v -3.072912 0.046761 0.872675
v -3.059720 0.053673 0.872014
v -3.049319 0.064305 0.870998
v -3.042727 0.077616 0.869726
v -3.040591 0.092303 0.868322
v -3.135881 0.177419 1.355378
v -3.133354 0.167160 1.365896
v -3.126410 0.157949 1.375340
v -3.115730 0.150687 1.382786
v -3.102358 0.146085 1.387504
v -3.087604 0.144593 1.389034
v -3.072912 0.146357 1.387225
v -3.059720 0.151205 1.382254
v -3.049319 0.158663 1.374608
v -3.042727 0.167999 1.365036
v -3.040591 0.178301 1.354474
v -3.135881 0.450750 1.397369
v -3.133354 0.445538 1.411105
v -3.126410 0.440857 1.423439
v -3.115730 0.437167 1.433163
v -3.102358 0.434829 1.439326
v -3.087604 0.434070 1.441324
v -3.072912 0.434967 1.438961
v -3.059720 0.437430 1.432469
v -3.049319 0.441220 1.422484
v -3.042727 0.445964 1.409982
v -3.040591 0.451199 1.396188
v -3.135637 0.683788 1.549049
v -3.132872 0.672770 1.558704
v -3.125726 0.663134 1.567553
v -3.114897 0.655822 1.574731
v -3.101446 0.651549 1.579533
v -3.086690 0.650735 1.581492
v -3.072073 0.653459 1.580414
v -3.059025 0.659453 1.576405
v -3.048825 0.668133 1.569858
v -3.042470 0.678647 1.561413
v -3.040582 0.689967 1.551897
v -3.171211 0.802124 1.817416
v -3.167421 0.788634 1.822505
v -3.159596 0.777364 1.828339
v -3.148505 0.769419 1.834347
v -3.135232 0.765576 1.839942
v -3.121077 0.766210 1.844576
v -3.107424 0.771260 1.847794
v -3.095612 0.780232 1.849283
v -3.086795 0.792247 1.848895
v -3.081837 0.806129 1.846670
v -3.081223 0.820520 1.842825
v -3.312523 0.829296 2.078393
v -3.308791 0.815823 2.083569
v -3.302376 0.804967 2.091521
v -3.293906 0.797791 2.101472
v -3.284211 0.794997 2.112447
v -3.274240 0.796859 2.123372
v -3.264968 0.803195 2.133177
v -3.257303 0.813384 2.140903
v -3.251996 0.826429 2.145793
v -3.249566 0.841052 2.147369
v -3.250251 0.855824 2.145477
v -3.610284 0.828607 2.203403
v -3.609263 0.815215 2.209871
v -3.607647 0.804501 2.220111
v -3.605594 0.797515 2.233119
v -3.603305 0.794941 2.247624
v -3.601003 0.797030 2.262204
v -3.598916 0.803578 2.275433
v -3.597245 0.813945 2.286016
v -3.596156 0.827115 2.292916
v -3.595755 0.841799 2.295459
v -3.596081 0.856560 2.293396
v -4.020060 0.828607 2.174732
v -4.024440 0.815215 2.179599
v -4.031374 0.804501 2.187305
v -4.040184 0.797515 2.197095
v -4.050005 0.794941 2.208011
v -4.059879 0.797030 2.218983
v -4.068838 0.803578 2.228938
v -4.076004 0.813945 2.236902
v -4.080677 0.827115 2.242095
v -4.082399 0.841799 2.244009
v -4.081001 0.856560 2.242456
v -4.061057 0.828607 1.920630
v -4.067363 0.815215 1.922397
v -4.077345 0.804501 1.925193
v -4.090027 0.797515 1.928746
v -4.104167 0.794941 1.932707
v -4.118380 0.797030 1.936689
v -4.131276 0.803578 1.940302
v -4.141593 0.813945 1.943192
v -4.148319 0.827115 1.945077
v -4.150798 0.841799 1.945772
v -4.148786 0.856560 1.945208
v -4.182278 0.828607 1.592027
v -4.188142 0.815215 1.594941
v -4.197426 0.804501 1.599554
v -4.209220 0.797515 1.605413
v -4.222371 0.794941 1.611947
v -4.235590 0.797030 1.618515
v -4.247584 0.803578 1.624474
v -4.257179 0.813945 1.629241
v -4.263435 0.827115 1.632349
v -4.265740 0.841799 1.633494
v -4.263869 0.856560 1.632565
v -4.385788 0.828607 1.274256
v -4.390750 0.815215 1.278530
v -4.398605 0.804501 1.285295
v -4.408585 0.797515 1.293889
v -4.419712 0.794941 1.303471
v -4.430896 0.797030 1.313103
v -4.441044 0.803578 1.321843
v -4.449162 0.813945 1.328835
v -4.454456 0.827115 1.333393
v -4.456407 0.841799 1.335073
v -4.454823 0.856560 1.333709
v -4.665143 0.828607 1.031033
v -4.668273 0.815215 1.036785
v -4.673228 0.804501 1.045891
v -4.679524 0.797515 1.057458
v -4.686543 0.794941 1.070356
v -4.693598 0.797030 1.083322
v -4.700000 0.803578 1.095085
v -4.705121 0.813945 1.104496
v -4.708460 0.827115 1.110632
v -4.709691 0.841799 1.112893
v -4.708693 0.856560 1.111058
v -4.994302 0.828607 0.937484
v -4.994302 0.815215 0.944032
v -4.994302 0.804501 0.954399
v -4.994302 0.797515 0.967569
v -4.994302 0.794941 0.982253
v -4.994302 0.797030 0.997014
v -4.994302 0.803578 1.010406
v -4.994302 0.813945 1.021120
v -4.994302 0.827115 1.028105
v -4.994302 0.841799 1.030680
v -4.994302 0.856560 1.028591
v -5.323461 0.828607 1.031033
v -5.320330 0.815215 1.036785
v -5.315375 0.804501 1.045891
v -5.309080 0.797515 1.057458
v -5.302061 0.794941 1.070356
v -5.295005 0.797030 1.083322
v -5.288603 0.803578 1.095085
v -5.283483 0.813945 1.104496
v -5.280143 0.827115 1.110632
v -5.278913 0.841799 1.112893
v -5.279911 0.856560 1.111058
v -5.602815 0.828607 1.274256
v -5.597853 0.815215 1.278530
v -5.589998 0.804501 1.285295
v -5.580019 0.797515 1.293889
v -5.568892 0.794941 1.303471
v -5.557708 0.797030 1.313103
v -5.547560 0.803578 1.321843
v -5.539442 0.813945 1.328835
v -5.534148 0.827115 1.333393
v -5.532197 0.841799 1.335073
v -5.533781 0.856560 1.333709
v -5.806326 0.828607 1.592027
v -5.800462 0.815215 1.594941
v -5.791178 0.804501 1.599554
v -5.779384 0.797515 1.605413
v -5.766233 0.794941 1.611947
v -5.753014 0.797030 1.618515
v -5.741020 0.803578 1.624474
v -5.731425 0.813945 1.629241
v -5.725169 0.827115 1.632349
v -5.722863 0.841799 1.633494
v -5.724734 0.856560 1.632565
v -5.927547 0.828607 1.920630
v -5.921241 0.815215 1.922397
v -5.911259 0.804501 1.925193
v -5.898577 0.797515 1.928746
v -5.884438 0.794941 1.932707
v -5.870224 0.797030 1.936689
v -5.857328 0.803578 1.940302
v -5.847011 0.813945 1.943192
v -5.840284 0.827115 1.945077
v -5.837806 0.841799 1.945772
v -5.839818 0.856560 1.945208
v -5.968544 0.828607 2.174732
v -5.964164 0.815215 2.179599
v -5.957230 0.804501 2.187305
v -5.948420 0.797515 2.197095
v -5.938598 0.794941 2.208011
v -5.928725 0.797030 2.218983
v -5.919766 0.803578 2.228938
v -5.912600 0.813945 2.236902
v -5.907927 0.827115 2.242095
v -5.906205 0.841799 2.244009
v -5.907602 0.856560 2.242456
v -6.378319 0.828607 2.203403
v -6.379340 0.815215 2.209871
v -6.380956 0.804501 2.220111
v -6.383009 0.797515 2.233119
v -6.385299 0.794941 2.247624
v -6.387600 0.797030 2.262204
v -6.389688 0.803578 2.275433
v -6.391358 0.813945 2.286016
v -6.392447 0.827115 2.292916
v -6.392848 0.841799 2.295459
v -6.392523 0.856560 2.293396
v -6.676080 0.829296 2.078393
v -6.679813 0.815823 2.083569
v -6.686228 0.804967 2.091521
v -6.694698 0.797791 2.101472
v -6.704392 0.794997 2.112447
v -6.714364 0.796859 2.123372
v -6.723636 0.803195 2.133177
v -6.731300 0.813384 2.140903
v -6.736608 0.826429 2.145793
v -6.739038 0.841052 2.147369
v -6.738353 0.855824 2.145477
v -6.817393 0.802124 1.817416
v -6.821183 0.788634 1.822505
v -6.829008 0.777364 1.828339
v -6.840098 0.769419 1.834347
v -6.853371 0.765576 1.839942
v -6.867527 0.766210 1.844576
v -6.881179 0.771260 1.847794
v -6.892992 0.780232 1.849283
v -6.901808 0.792247 1.848895
v -6.906766 0.806129 1.846670
v -6.907380 0.820520 1.842825
v -6.852967 0.683788 1.549049
v -6.855731 0.672770 1.558704
v -6.862878 0.663134 1.567553
v -6.873707 0.655822 1.574730
v -6.887158 0.651549 1.579533
v -6.901914 0.650735 1.581492
v -6.916531 0.653459 1.580414
v -6.929579 0.659453 1.576405
v -6.939780 0.668133 1.569858
v -6.946135 0.678647 1.561413
v -6.948021 0.689967 1.551897
v -6.852723 0.450750 1.397369
v -6.855250 0.445538 1.411105
v -6.862194 0.440857 1.423439
v -6.872874 0.437167 1.433163
v -6.886246 0.434828 1.439326
v -6.901000 0.434070 1.441324
v -6.915692 0.434967 1.438961
v -6.928884 0.437430 1.432469
v -6.939285 0.441220 1.422484
v -6.945876 0.445964 1.409982
v -6.948013 0.451199 1.396188
v -6.852723 0.181969 1.357634
v -6.855250 0.179810 1.372166
v -6.862194 0.177872 1.385215
v -6.872874 0.176344 1.395504
v -6.886246 0.175375 1.402023
v -6.901000 0.175061 1.404137
v -6.915692 0.175433 1.401637
v -6.928884 0.176453 1.394769
v -6.939285 0.178022 1.384204
v -6.945876 0.179987 1.370978
v -6.948013 0.182155 1.356384
v -3.041256 0.192008 1.355303
v -3.081381 0.106827 1.802398
v -3.248771 0.084030 2.144117
v -3.590754 0.083642 2.311830
v -4.039206 0.083642 2.352219
v -4.517811 0.083642 2.352266
v -4.994302 0.083642 2.352266
v -5.470793 0.083642 2.352266
v -5.949398 0.083642 2.352219
v -6.397850 0.083642 2.311830
v -6.739833 0.084030 2.144117
v -6.907222 0.106827 1.802398
v -6.947746 0.191528 1.351619
v -6.947811 0.107480 0.866871
v -6.947811 0.097064 0.292237
v -3.040793 0.097064 0.292237
v -3.040793 0.107480 0.866871
v -3.040793 0.188946 1.343559
v -3.040793 0.456608 1.381933
v -3.041037 0.701532 1.541971
v -3.082869 0.834955 1.838199
v -3.252538 0.870448 2.141817
v -3.596778 0.871137 2.288978
v -4.078010 0.871136 2.239131
v -4.144480 0.871137 1.944002
v -4.259864 0.871137 1.630575
v -4.451434 0.871137 1.330791
v -4.706554 0.871137 1.107129
v -4.994302 0.871137 1.024118
v -5.282049 0.871137 1.107129
v -5.537169 0.871137 1.330791
v -5.728740 0.871137 1.630575
v -5.844124 0.871137 1.944002
v -5.910594 0.871136 2.239131
v -6.391826 0.871137 2.288978
v -6.736065 0.870448 2.141817
v -6.905735 0.834955 1.838200
v -6.947567 0.701532 1.541971
v -6.947811 0.456608 1.381933
v -6.947811 0.184395 1.341303
v -3.136103 0.189329 1.346434
v -3.173208 0.106827 1.776911
v -3.316181 0.087946 2.076869
v -3.616108 0.088336 2.220086
v -4.043400 0.088336 2.257129
v -4.517811 0.088336 2.257083
v -4.994302 0.088336 2.257083
v -5.470793 0.088336 2.257083
v -5.945203 0.088336 2.257129
v -6.372496 0.088336 2.220086
v -6.672423 0.087946 2.076869
v -6.815396 0.106827 1.776911
v -6.852551 0.190082 1.347428
v -6.852521 0.106223 0.866991
v -6.852521 0.095803 0.292178
v -3.136083 0.095803 0.292178
v -3.136083 0.106223 0.866991
v -3.136083 0.188064 1.344463
v -3.136083 0.456160 1.383114
v -3.136091 0.695353 1.539123
v -3.172856 0.816560 1.812790
v -3.314811 0.843920 2.074733
v -3.610981 0.843184 2.198985
v -4.017068 0.843184 2.171407
v -4.056751 0.843184 1.919424
v -4.178273 0.843184 1.590037
v -4.382400 0.843184 1.271338
v -4.663005 0.843184 1.027105
v -4.994302 0.843184 0.933012
v -5.325598 0.843184 1.027105
v -5.606204 0.843184 1.271338
v -5.810331 0.843184 1.590037
v -5.931853 0.843184 1.919424
v -5.971535 0.843184 2.171407
v -6.377622 0.843184 2.198985
v -6.673793 0.843920 2.074733
v -6.815748 0.816560 1.812790
v -6.852512 0.695353 1.539123
v -6.852521 0.456160 1.383114
v -6.852521 0.184210 1.342553
v -3.044238 0.206402 1.357790
v -3.051571 0.219255 1.359599
v -3.062536 0.229310 1.360554
v -3.076060 0.235582 1.360561
v -3.090819 0.237459 1.359619
v -3.105369 0.234755 1.357821
v -3.118285 0.227735 1.355342
v -3.128303 0.217087 1.352425
v -3.134443 0.203853 1.349355
v -3.084120 0.121436 1.803547
v -3.091086 0.134615 1.803336
v -3.101595 0.145073 1.801786
v -3.114621 0.151789 1.799048
v -3.128887 0.154102 1.795392
v -3.142997 0.151789 1.791173
v -3.155570 0.145073 1.786806
v -3.165375 0.134615 1.782717
v -3.171453 0.121436 1.779308
v -3.250314 0.098831 2.143221
v -3.255006 0.112375 2.139122
v -3.262387 0.123335 2.132220
v -3.271734 0.130640 2.123191
v -3.282132 0.133574 2.112919
v -3.292565 0.131850 2.102410
v -3.302009 0.125637 2.092692
v -3.309542 0.115542 2.084716
v -3.314425 0.102555 2.079265
v -3.591181 0.098463 2.310284
v -3.592808 0.112064 2.304399
v -3.595474 0.123112 2.294751
v -3.598919 0.130526 2.282284
v -3.602806 0.133580 2.268220
v -3.606754 0.131976 2.253934
v -3.610377 0.125871 2.240825
v -3.613320 0.115861 2.230176
v -3.615295 0.102928 2.223030
v -4.039276 0.098463 2.350616
v -4.039545 0.112064 2.344517
v -4.039986 0.123112 2.334517
v -4.040556 0.130526 2.321596
v -4.041199 0.133580 2.307019
v -4.041852 0.131976 2.292212
v -4.042452 0.125871 2.278625
v -4.042939 0.115861 2.267588
v -4.043266 0.102928 2.260180
v -4.517811 0.098463 2.350662
v -4.517811 0.112064 2.344556
v -4.517811 0.123112 2.334547
v -4.517811 0.130526 2.321613
v -4.517811 0.133580 2.307021
v -4.517811 0.131976 2.292200
v -4.517811 0.125871 2.278599
v -4.517811 0.115861 2.267551
v -4.517811 0.102928 2.260138
v -4.994302 0.098463 2.350662
v -4.994302 0.112064 2.344556
v -4.994302 0.123112 2.334547
v -4.994302 0.130526 2.321613
v -4.994302 0.133580 2.307021
v -4.994302 0.131976 2.292200
v -4.994302 0.125871 2.278599
v -4.994302 0.115861 2.267551
v -4.994302 0.102928 2.260138
v -5.470793 0.098463 2.350662
v -5.470793 0.112064 2.344556
v -5.470793 0.123112 2.334547
v -5.470793 0.130526 2.321613
v -5.470793 0.133580 2.307021
v -5.470793 0.131976 2.292200
v -5.470793 0.125871 2.278599
v -5.470793 0.115861 2.267551
v -5.470793 0.102928 2.260138
v -5.949327 0.098463 2.350616
v -5.949058 0.112064 2.344517
v -5.948617 0.123112 2.334517
v -5.948047 0.130526 2.321596
v -5.947404 0.133580 2.307019
v -5.946751 0.131976 2.292212
v -5.946151 0.125871 2.278625
v -5.945665 0.115861 2.267588
v -5.945338 0.102928 2.260180
v -6.397423 0.098463 2.310284
v -6.395796 0.112064 2.304399
v -6.393130 0.123112 2.294751
v -6.389685 0.130526 2.282284
v -6.385798 0.133580 2.268220
v -6.381850 0.131976 2.253934
v -6.378227 0.125871 2.240825
v -6.375284 0.115861 2.230176
v -6.373310 0.102928 2.223030
v -6.738289 0.098831 2.143221
v -6.733597 0.112375 2.139122
v -6.726217 0.123335 2.132220
v -6.716870 0.130640 2.123191
v -6.706471 0.133574 2.112919
v -6.696039 0.131850 2.102410
v -6.686594 0.125637 2.092692
v -6.679062 0.115542 2.084716
v -6.674178 0.102555 2.079265
v -6.904483 0.121436 1.803547
v -6.897518 0.134615 1.803336
v -6.887009 0.145073 1.801786
v -6.873983 0.151789 1.799048
v -6.859717 0.154102 1.795392
v -6.845607 0.151789 1.791173
v -6.833034 0.145073 1.786806
v -6.823228 0.134615 1.782717
v -6.817151 0.121436 1.779308
v -6.945188 0.206215 1.351621
v -6.938222 0.219393 1.351418
v -6.927528 0.229773 1.351030
v -6.914155 0.236339 1.350494
v -6.899410 0.238447 1.349863
v -6.884737 0.235892 1.349199
v -6.871574 0.228923 1.348567
v -6.861207 0.218223 1.348028
v -6.854653 0.204840 1.347635
v -6.945284 0.122105 0.865473
v -6.938340 0.135238 0.864218
v -6.927660 0.145592 0.863228
v -6.914288 0.152153 0.862601
v -6.899535 0.154280 0.862398
v -6.884842 0.151764 0.862638
v -6.871650 0.144852 0.863299
v -6.861249 0.134221 0.864315
v -6.854658 0.120910 0.865588
v -6.945284 0.111741 0.292921
v -6.938340 0.124919 0.293535
v -6.927660 0.135308 0.294019
v -6.914288 0.141892 0.294326
v -6.899535 0.144027 0.294425
v -6.884842 0.141502 0.294307
v -6.871650 0.134566 0.293984
v -6.861249 0.123898 0.293487
v -6.854658 0.110541 0.292865
v -3.043320 0.111741 0.292921
v -3.050263 0.124919 0.293535
v -3.060944 0.135308 0.294019
v -3.074316 0.141892 0.294326
v -3.089069 0.144027 0.294425
v -3.103762 0.141502 0.294307
v -3.116954 0.134566 0.293984
v -3.127355 0.123898 0.293487
v -3.133946 0.110541 0.292865
v -3.043320 0.122105 0.865473
v -3.050263 0.135238 0.864218
v -3.060944 0.145592 0.863228
v -3.074316 0.152153 0.862601
v -3.089069 0.154280 0.862398
v -3.103762 0.151764 0.862638
v -3.116954 0.144852 0.863299
v -3.127355 0.134221 0.864315
v -3.133946 0.120910 0.865588
v -3.043320 0.199204 1.333041
v -3.050263 0.208415 1.323597
v -3.060944 0.215678 1.316151
v -3.074316 0.220280 1.311433
v -3.089069 0.221772 1.309903
v -3.103762 0.220007 1.311712
v -3.116954 0.215159 1.316683
v -3.127355 0.207702 1.324329
v -3.133946 0.198366 1.333901
v -3.043320 0.461820 1.368197
v -3.050263 0.466501 1.355863
v -3.060944 0.470191 1.346138
v -3.074316 0.472529 1.339976
v -3.089069 0.473288 1.337978
v -3.103762 0.472391 1.340341
v -3.116954 0.469927 1.346833
v -3.127355 0.466138 1.356818
v -3.133946 0.461394 1.369320
v -3.043801 0.712550 1.532316
v -3.050948 0.722186 1.523467
v -3.061777 0.729499 1.516290
v -3.075227 0.733771 1.511487
v -3.089984 0.734585 1.509529
v -3.104601 0.731862 1.510607
v -3.117649 0.725867 1.514616
v -3.127849 0.717187 1.521163
v -3.134204 0.706673 1.529608
v -3.086659 0.848445 1.833110
v -3.094483 0.859715 1.827277
v -3.105574 0.867660 1.821268
v -3.118847 0.871504 1.815673
v -3.133003 0.870869 1.811039
v -3.146655 0.865819 1.807821
v -3.158468 0.856847 1.806333
v -3.167284 0.844832 1.806720
v -3.172242 0.830950 1.808945
v -3.256271 0.883921 2.136641
v -3.262686 0.894777 2.128688
v -3.271156 0.901953 2.118738
v -3.280851 0.904747 2.107762
v -3.290822 0.902885 2.096838
v -3.300094 0.896549 2.087032
v -3.307758 0.886360 2.079307
v -3.313065 0.873315 2.074416
v -3.315495 0.858692 2.072840
v -3.597799 0.884529 2.282510
v -3.599415 0.895243 2.272270
v -3.601468 0.902229 2.259261
v -3.603757 0.904803 2.244757
v -3.606059 0.902714 2.230176
v -3.608146 0.896165 2.216948
v -3.609817 0.885799 2.206365
v -3.610906 0.872629 2.199464
v -3.611307 0.857945 2.196921
v -4.073629 0.884529 2.234263
v -4.066696 0.895243 2.226558
v -4.057886 0.902229 2.216768
v -4.048064 0.904803 2.205853
v -4.038190 0.902714 2.194880
v -4.029232 0.896165 2.184925
v -4.022066 0.885799 2.176960
v -4.017393 0.872629 2.171768
v -4.015671 0.857945 2.169854
v -4.138174 0.884529 1.942235
v -4.128192 0.895243 1.939438
v -4.115511 0.902229 1.935885
v -4.101371 0.904803 1.931924
v -4.087157 0.902714 1.927942
v -4.074261 0.896165 1.924330
v -4.063945 0.885799 1.921439
v -4.057218 0.872629 1.919554
v -4.054739 0.857945 1.918860
v -4.254000 0.884529 1.627661
v -4.244716 0.895243 1.623049
v -4.232921 0.902229 1.617189
v -4.219771 0.904803 1.610655
v -4.206552 0.902714 1.604087
v -4.194558 0.896165 1.598129
v -4.184963 0.885799 1.593362
v -4.178707 0.872629 1.590253
v -4.176402 0.857945 1.589108
v -4.446472 0.884529 1.326518
v -4.438617 0.895243 1.319753
v -4.428638 0.902229 1.311159
v -4.417511 0.904803 1.301577
v -4.406327 0.902714 1.291944
v -4.396179 0.896166 1.283205
v -4.388061 0.885799 1.276213
v -4.382767 0.872629 1.271654
v -4.380816 0.857945 1.269974
v -4.703424 0.884529 1.101377
v -4.698469 0.895243 1.092272
v -4.692174 0.902229 1.080704
v -4.685155 0.904803 1.067806
v -4.678100 0.902714 1.054841
v -4.671698 0.896165 1.043077
v -4.666577 0.885799 1.033667
v -4.663238 0.872629 1.027531
v -4.662007 0.857945 1.025270
v -4.994302 0.884529 1.017570
v -4.994302 0.895243 1.007204
v -4.994302 0.902229 0.994034
v -4.994302 0.904803 0.979350
v -4.994302 0.902714 0.964589
v -4.994302 0.896165 0.951196
v -4.994302 0.885799 0.940483
v -4.994302 0.872629 0.933497
v -4.994302 0.857945 0.930922
v -5.285179 0.884529 1.101377
v -5.290134 0.895243 1.092272
v -5.296430 0.902229 1.080704
v -5.303448 0.904803 1.067806
v -5.310504 0.902714 1.054841
v -5.316905 0.896165 1.043077
v -5.322027 0.885799 1.033667
v -5.325366 0.872629 1.027531
v -5.326596 0.857945 1.025270
v -5.542131 0.884529 1.326518
v -5.549986 0.895243 1.319753
v -5.559966 0.902229 1.311159
v -5.571092 0.904803 1.301577
v -5.582277 0.902714 1.291944
v -5.592425 0.896165 1.283205
v -5.600543 0.885799 1.276213
v -5.605836 0.872629 1.271654
v -5.607787 0.857945 1.269974
v -5.734604 0.884529 1.627661
v -5.743888 0.895243 1.623049
v -5.755682 0.902229 1.617189
v -5.768833 0.904803 1.610655
v -5.782052 0.902714 1.604087
v -5.794046 0.896165 1.598129
v -5.803640 0.885799 1.593362
v -5.809897 0.872629 1.590253
v -5.812202 0.857945 1.589108
v -5.850430 0.884529 1.942235
v -5.860412 0.895243 1.939438
v -5.873093 0.902229 1.935885
v -5.887232 0.904803 1.931924
v -5.901446 0.902714 1.927942
v -5.914342 0.896165 1.924329
v -5.924659 0.885799 1.921439
v -5.931386 0.872629 1.919554
v -5.933865 0.857945 1.918860
v -5.914974 0.884529 2.234263
v -5.921908 0.895243 2.226558
v -5.930717 0.902229 2.216768
v -5.940540 0.904803 2.205853
v -5.950413 0.902714 2.194880
v -5.959372 0.896165 2.184925
v -5.966538 0.885799 2.176960
v -5.971211 0.872629 2.171768
v -5.972933 0.857945 2.169854
v -6.390805 0.884529 2.282510
v -6.389189 0.895243 2.272270
v -6.387136 0.902229 2.259261
v -6.384846 0.904803 2.244757
v -6.382545 0.902714 2.230176
v -6.380457 0.896165 2.216948
v -6.378787 0.885799 2.206365
v -6.377697 0.872629 2.199464
v -6.377296 0.857945 2.196921
v -6.732332 0.883921 2.136641
v -6.725918 0.894777 2.128688
v -6.717448 0.901953 2.118738
v -6.707753 0.904747 2.107762
v -6.697782 0.902885 2.096838
v -6.688510 0.896549 2.087032
v -6.680845 0.886360 2.079307
v -6.675539 0.873315 2.074416
v -6.673109 0.858692 2.072840
v -6.901944 0.848445 1.833110
v -6.894121 0.859715 1.827277
v -6.883029 0.867660 1.821268
v -6.869756 0.871504 1.815673
v -6.855601 0.870869 1.811039
v -6.841949 0.865819 1.807821
v -6.830136 0.856847 1.806333
v -6.821319 0.844832 1.806720
v -6.816362 0.830950 1.808945
v -6.944802 0.712550 1.532316
v -6.937656 0.722186 1.523467
v -6.926827 0.729499 1.516290
v -6.913376 0.733771 1.511487
v -6.898620 0.734585 1.509529
v -6.884003 0.731862 1.510607
v -6.870955 0.725867 1.514616
v -6.860755 0.717187 1.521163
v -6.854400 0.706673 1.529608
v -6.945284 0.461820 1.368197
v -6.938340 0.466501 1.355863
v -6.927660 0.470191 1.346138
v -6.914288 0.472529 1.339976
v -6.899535 0.473288 1.337978
v -6.884842 0.472391 1.340341
v -6.871650 0.469927 1.346833
v -6.861249 0.466138 1.356818
v -6.854658 0.461394 1.369320
v -6.945284 0.186554 1.326771
v -6.938340 0.188492 1.313722
v -6.927660 0.190021 1.303434
v -6.914288 0.190989 1.296914
v -6.899535 0.191303 1.294800
v -6.884842 0.190932 1.297300
v -6.871650 0.189912 1.304168
v -6.861249 0.188342 1.314733
v -6.854658 0.186377 1.327959
v -5.947386 0.842248 2.253935
v -5.947003 0.827524 2.251635
v -5.945893 0.814241 2.244958
v -5.944164 0.803699 2.234560
v -5.941984 0.796931 2.221457
v -5.939569 0.794599 2.206932
v -5.937153 0.796931 2.192407
v -5.934974 0.803699 2.179304
v -5.933245 0.814241 2.168905
v -5.932134 0.827524 2.162229
v -5.931752 0.842248 2.159928
v -5.475680 0.842248 2.332291
v -5.475441 0.827524 2.329971
v -5.474747 0.814241 2.323239
v -5.473666 0.803699 2.312753
v -5.472303 0.796931 2.299540
v -5.470793 0.794599 2.284893
v -5.469283 0.796931 2.270247
v -5.467920 0.803699 2.257033
v -5.466839 0.814241 2.246548
v -5.466145 0.827524 2.239816
v -5.465906 0.842248 2.237495
v -4.994302 0.842248 2.351948
v -4.994302 0.827524 2.349616
v -4.994302 0.814241 2.342848
v -4.994302 0.803699 2.332306
v -4.994302 0.796931 2.319023
v -4.994302 0.794599 2.304299
v -4.994302 0.796931 2.289575
v -4.994302 0.803699 2.276291
v -4.994302 0.814241 2.265750
v -4.994302 0.827524 2.258982
v -4.994302 0.842248 2.256649
v -4.512923 0.842248 2.332291
v -4.513163 0.827524 2.329971
v -4.513856 0.814241 2.323239
v -4.514938 0.803699 2.312753
v -4.516301 0.796931 2.299540
v -4.517811 0.794599 2.284893
v -4.519321 0.796931 2.270247
v -4.520683 0.803699 2.257033
v -4.521765 0.814241 2.246548
v -4.522459 0.827524 2.239816
v -4.522698 0.842248 2.237495
v -4.041218 0.842248 2.253935
v -4.041600 0.827524 2.251635
v -4.042711 0.814241 2.244958
v -4.044440 0.803699 2.234560
v -4.046619 0.796931 2.221457
v -4.049035 0.794599 2.206932
v -4.051451 0.796931 2.192407
v -4.053629 0.803699 2.179304
v -4.055359 0.814241 2.168905
v -4.056469 0.827524 2.162229
v -4.056852 0.842248 2.159928
v -5.931752 0.857496 2.159928
v -5.465906 0.857496 2.237495
v -4.994302 0.857496 2.256649
v -4.522698 0.857496 2.237495
v -4.056852 0.857496 2.159928
v -5.947386 0.857496 2.253935
v -5.475680 0.857496 2.332291
v -4.994302 0.857496 2.351948
v -4.512923 0.857496 2.332291
v -4.041218 0.857496 2.253935
v -5.932135 0.872220 2.162229
v -5.933245 0.885503 2.168905
v -5.934974 0.896045 2.179304
v -5.937153 0.902813 2.192407
v -5.939569 0.905145 2.206932
v -5.941984 0.902813 2.221457
v -5.944164 0.896045 2.234560
v -5.945893 0.885503 2.244958
v -5.947003 0.872220 2.251635
v -5.466145 0.872220 2.239816
v -5.466839 0.885503 2.246548
v -5.467920 0.896045 2.257033
v -5.469283 0.902813 2.270247
v -5.470793 0.905145 2.284893
v -5.472303 0.902813 2.299540
v -5.473666 0.896045 2.312753
v -5.474747 0.885503 2.323239
v -5.475441 0.872220 2.329971
v -4.994302 0.872220 2.258982
v -4.994302 0.885503 2.265750
v -4.994302 0.896045 2.276291
v -4.994302 0.902813 2.289575
v -4.994302 0.905145 2.304299
v -4.994302 0.902813 2.319023
v -4.994302 0.896045 2.332306
v -4.994302 0.885503 2.342848
v -4.994302 0.872220 2.349616
v -4.522459 0.872220 2.239816
v -4.521765 0.885503 2.246548
v -4.520683 0.896045 2.257033
v -4.519321 0.902813 2.270247
v -4.517811 0.905145 2.284893
v -4.516301 0.902813 2.299540
v -4.514938 0.896045 2.312753
v -4.513856 0.885503 2.323239
v -4.513163 0.872220 2.329971
v -4.056469 0.872220 2.162229
v -4.055359 0.885503 2.168905
v -4.053629 0.896045 2.179304
v -4.051451 0.902813 2.192407
v -4.049035 0.905145 2.206932
v -4.046619 0.902813 2.221457
v -4.044440 0.896045 2.234560
v -4.042711 0.885503 2.244958
v -4.041600 0.872220 2.251635
v -3.135418 0.174356 -0.546967
v -3.132436 0.159963 -0.544480
v -3.125103 0.147110 -0.542670
v -3.114138 0.137055 -0.541716
v -3.100614 0.130782 -0.541709
v -3.085854 0.128906 -0.542651
v -3.071305 0.131610 -0.544449
v -3.058388 0.138629 -0.546929
v -3.048370 0.149277 -0.549845
v -3.042231 0.162511 -0.552915
v -3.040571 0.177036 -0.555836
v -3.172699 0.091699 -0.978408
v -3.169959 0.077090 -0.977259
v -3.162994 0.063911 -0.977469
v -3.152484 0.053452 -0.979019
v -3.139459 0.046737 -0.981757
v -3.125193 0.044423 -0.985414
v -3.111082 0.046737 -0.989633
v -3.098510 0.053452 -0.994000
v -3.088704 0.063911 -0.998088
v -3.082626 0.077090 -1.001498
v -3.080872 0.091699 -1.003894
v -3.316291 0.072718 -1.279425
v -3.314748 0.057917 -1.280321
v -3.310055 0.044374 -1.284421
v -3.302675 0.033413 -1.291323
v -3.293328 0.026108 -1.300351
v -3.282929 0.023174 -1.310623
v -3.272497 0.024899 -1.321132
v -3.263052 0.031112 -1.330850
v -3.255520 0.041206 -1.338826
v -3.250637 0.054194 -1.344278
v -3.248881 0.068803 -1.346673
v -3.616308 0.073107 -1.422695
v -3.615881 0.058285 -1.424241
v -3.614255 0.044685 -1.430126
v -3.611588 0.033637 -1.439774
v -3.608143 0.026223 -1.452240
v -3.604256 0.023168 -1.466305
v -3.600308 0.024772 -1.480590
v -3.596685 0.030878 -1.493699
v -3.593743 0.040888 -1.504348
v -3.591768 0.053821 -1.511494
v -3.590954 0.068413 -1.514439
v -4.043434 0.073107 -1.459712
v -4.043363 0.058285 -1.461314
v -4.043094 0.044685 -1.467413
v -4.042653 0.033637 -1.477413
v -4.042082 0.026223 -1.490334
v -4.041440 0.023168 -1.504912
v -4.040786 0.024772 -1.519719
v -4.040187 0.030878 -1.533306
v -4.039700 0.040888 -1.544343
v -4.039373 0.053821 -1.551750
v -4.039238 0.068413 -1.554801
v -4.517811 0.073107 -1.459665
v -4.517811 0.058285 -1.461269
v -4.517811 0.044685 -1.467374
v -4.517811 0.033637 -1.477384
v -4.517811 0.026223 -1.490318
v -4.517811 0.023168 -1.504909
v -4.517811 0.024772 -1.519731
v -4.517811 0.030878 -1.533331
v -4.517811 0.040888 -1.544379
v -4.517811 0.053821 -1.551793
v -4.517811 0.068413 -1.554847
v -4.994302 0.073107 -1.459665
v -4.994302 0.058285 -1.461269
v -4.994302 0.044685 -1.467374
v -4.994302 0.033637 -1.477384
v -4.994302 0.026223 -1.490318
v -4.994302 0.023168 -1.504909
v -4.994302 0.024772 -1.519731
v -4.994302 0.030878 -1.533331
v -4.994302 0.040888 -1.544379
v -4.994302 0.053821 -1.551793
v -4.994302 0.068413 -1.554847
v -5.470793 0.073107 -1.459665
v -5.470793 0.058285 -1.461269
v -5.470793 0.044685 -1.467374
v -5.470793 0.033637 -1.477384
v -5.470793 0.026223 -1.490318
v -5.470793 0.023168 -1.504909
v -5.470793 0.024772 -1.519731
v -5.470793 0.030878 -1.533331
v -5.470793 0.040888 -1.544379
v -5.470793 0.053821 -1.551793
v -5.470793 0.068413 -1.554847
v -5.945170 0.073107 -1.459711
v -5.945240 0.058285 -1.461314
v -5.945510 0.044685 -1.467413
v -5.945951 0.033637 -1.477413
v -5.946522 0.026223 -1.490334
v -5.947165 0.023168 -1.504912
v -5.947818 0.024772 -1.519719
v -5.948417 0.030878 -1.533306
v -5.948904 0.040888 -1.544343
v -5.949231 0.053821 -1.551750
v -5.949366 0.068413 -1.554801
v -6.372295 0.073107 -1.422695
v -6.372723 0.058285 -1.424241
v -6.374349 0.044685 -1.430126
v -6.377016 0.033637 -1.439774
v -6.380460 0.026223 -1.452240
v -6.384347 0.023168 -1.466305
v -6.388296 0.024772 -1.480590
v -6.391919 0.030878 -1.493699
v -6.394861 0.040888 -1.504348
v -6.396836 0.053821 -1.511494
v -6.397650 0.068413 -1.514439
v -6.672313 0.072718 -1.279425
v -6.673857 0.057917 -1.280321
v -6.678548 0.044374 -1.284421
v -6.685929 0.033413 -1.291323
v -6.695275 0.026108 -1.300351
v -6.705675 0.023174 -1.310623
v -6.716107 0.024899 -1.321132
v -6.725552 0.031112 -1.330850
v -6.733084 0.041206 -1.338826
v -6.737967 0.054194 -1.344278
v -6.739723 0.068803 -1.346673
v -6.815905 0.091699 -0.978408
v -6.818645 0.077090 -0.977259
v -6.825610 0.063911 -0.977469
v -6.836120 0.053452 -0.979019
v -6.849145 0.046737 -0.981757
v -6.863411 0.044423 -0.985414
v -6.877522 0.046737 -0.989633
v -6.890094 0.053452 -0.994000
v -6.899899 0.063911 -0.998088
v -6.905977 0.077090 -1.001498
v -6.907732 0.091699 -1.003894
v -6.852787 0.174836 -0.550652
v -6.855346 0.160150 -0.550649
v -6.862312 0.146971 -0.550852
v -6.873005 0.136591 -0.551240
v -6.886379 0.130026 -0.551776
v -6.901124 0.127917 -0.552407
v -6.915796 0.130473 -0.553071
v -6.928960 0.137441 -0.553703
v -6.939326 0.148141 -0.554242
v -6.945881 0.161525 -0.554635
v -6.947982 0.176283 -0.554842
v -6.852723 0.091045 -0.071775
v -6.855250 0.076420 -0.073173
v -6.862194 0.063287 -0.074428
v -6.872874 0.052934 -0.075418
v -6.886246 0.046372 -0.076045
v -6.901000 0.044245 -0.076248
v -6.915692 0.046761 -0.076008
v -6.928884 0.053673 -0.075347
v -6.939285 0.064305 -0.074331
v -6.945876 0.077616 -0.073058
v -6.948013 0.092303 -0.071655
v -6.852723 0.080573 0.505199
v -6.855250 0.065896 0.505883
v -6.862194 0.052719 0.506496
v -6.872874 0.042329 0.506981
v -6.886246 0.035745 0.507287
v -6.901000 0.033610 0.507387
v -6.915692 0.036135 0.507269
v -6.928884 0.043071 0.506946
v -6.939285 0.053739 0.506449
v -6.945876 0.067096 0.505827
v -6.948013 0.081834 0.505140
v -3.135881 0.080573 0.505199
v -3.133354 0.065896 0.505883
v -3.126410 0.052719 0.506496
v -3.115730 0.042329 0.506981
v -3.102358 0.035745 0.507287
v -3.087604 0.033610 0.507387
v -3.072912 0.036135 0.507269
v -3.059720 0.043071 0.506946
v -3.049319 0.053739 0.506449
v -3.042727 0.067096 0.505827
v -3.040591 0.081834 0.505140
v -3.135881 0.091045 -0.071775
v -3.133354 0.076420 -0.073173
v -3.126410 0.063287 -0.074428
v -3.115730 0.052934 -0.075418
v -3.102358 0.046372 -0.076045
v -3.087604 0.044245 -0.076248
v -3.072912 0.046761 -0.076008
v -3.059720 0.053673 -0.075347
v -3.049319 0.064305 -0.074331
v -3.042727 0.077616 -0.073058
v -3.040591 0.092303 -0.071655
v -3.135881 0.177419 -0.558711
v -3.133354 0.167160 -0.569229
v -3.126410 0.157949 -0.578673
v -3.115730 0.150687 -0.586118
v -3.102358 0.146085 -0.590837
v -3.087604 0.144593 -0.592367
v -3.072912 0.146357 -0.590558
v -3.059720 0.151205 -0.585587
v -3.049319 0.158663 -0.577941
v -3.042727 0.167999 -0.568369
v -3.040591 0.178301 -0.557806
v -3.135881 0.450750 -0.600702
v -3.133354 0.445538 -0.614438
v -3.126410 0.440857 -0.626772
v -3.115730 0.437167 -0.636496
v -3.102358 0.434829 -0.642659
v -3.087604 0.434070 -0.644656
v -3.072912 0.434967 -0.642294
v -3.059720 0.437430 -0.635802
v -3.049319 0.441220 -0.625817
v -3.042727 0.445964 -0.613315
v -3.040591 0.451199 -0.599521
v -3.135637 0.683788 -0.752382
v -3.132872 0.672770 -0.762037
v -3.125726 0.663134 -0.770886
v -3.114897 0.655822 -0.778063
v -3.101446 0.651549 -0.782866
v -3.086690 0.650735 -0.784824
v -3.072073 0.653459 -0.783746
v -3.059025 0.659453 -0.779738
v -3.048825 0.668133 -0.773190
v -3.042470 0.678647 -0.764746
v -3.040582 0.689967 -0.755230
v -3.171211 0.802124 -1.020749
v -3.167421 0.788634 -1.025837
v -3.159596 0.777364 -1.031672
v -3.148505 0.769419 -1.037680
v -3.135232 0.765576 -1.043275
v -3.121077 0.766210 -1.047908
v -3.107424 0.771260 -1.051127
v -3.095612 0.780232 -1.052615
v -3.086795 0.792247 -1.052228
v -3.081837 0.806129 -1.050003
v -3.081223 0.820520 -1.046158
v -3.312523 0.829296 -1.281726
v -3.308791 0.815823 -1.286901
v -3.302376 0.804967 -1.294854
v -3.293906 0.797791 -1.304805
v -3.284211 0.794997 -1.315780
v -3.274240 0.796859 -1.326705
v -3.264968 0.803195 -1.336510
v -3.257303 0.813384 -1.344236
v -3.251996 0.826429 -1.349126
v -3.249566 0.841052 -1.350702
v -3.250251 0.855824 -1.348809
v -3.610284 0.828607 -1.406736
v -3.609263 0.815215 -1.413204
v -3.607647 0.804501 -1.423444
v -3.605594 0.797515 -1.436453
v -3.603305 0.794941 -1.450957
v -3.601003 0.797030 -1.465537
v -3.598916 0.803578 -1.478766
v -3.597245 0.813945 -1.489349
v -3.596156 0.827115 -1.496249
v -3.595755 0.841799 -1.498792
v -3.596081 0.856560 -1.496728
v -4.020060 0.828607 -1.378065
v -4.024440 0.815215 -1.382932
v -4.031374 0.804501 -1.390638
v -4.040184 0.797515 -1.400428
v -4.050005 0.794941 -1.411343
v -4.059879 0.797030 -1.422316
v -4.068838 0.803578 -1.432271
v -4.076004 0.813945 -1.440235
v -4.080677 0.827115 -1.445428
v -4.082399 0.841799 -1.447342
v -4.081001 0.856560 -1.445789
v -4.061057 0.828607 -1.123963
v -4.067363 0.815215 -1.125730
v -4.077345 0.804501 -1.128526
v -4.090027 0.797515 -1.132079
v -4.104167 0.794941 -1.136040
v -4.118380 0.797030 -1.140022
v -4.131276 0.803578 -1.143635
v -4.141593 0.813945 -1.146525
v -4.148319 0.827115 -1.148410
v -4.150798 0.841799 -1.149104
v -4.148786 0.856560 -1.148541
v -4.182278 0.828607 -0.795360
v -4.188142 0.815215 -0.798274
v -4.197426 0.804501 -0.802886
v -4.209220 0.797515 -0.808746
v -4.222371 0.794941 -0.815280
v -4.235590 0.797030 -0.821847
v -4.247584 0.803578 -0.827806
v -4.257179 0.813945 -0.832573
v -4.263435 0.827115 -0.835682
v -4.265740 0.841799 -0.836827
v -4.263869 0.856560 -0.835897
v -4.385788 0.828607 -0.477589
v -4.390750 0.815215 -0.481862
v -4.398605 0.804501 -0.488627
v -4.408585 0.797515 -0.497221
v -4.419712 0.794941 -0.506804
v -4.430896 0.797030 -0.516436
v -4.441044 0.803578 -0.525176
v -4.449162 0.813945 -0.532167
v -4.454456 0.827115 -0.536726
v -4.456407 0.841799 -0.538406
v -4.454823 0.856560 -0.537042
v -4.665143 0.828607 -0.234366
v -4.668273 0.815215 -0.240118
v -4.673228 0.804501 -0.249223
v -4.679524 0.797515 -0.260791
v -4.686543 0.794941 -0.273689
v -4.693598 0.797030 -0.286654
v -4.700000 0.803578 -0.298418
v -4.705121 0.813945 -0.307828
v -4.708460 0.827115 -0.313965
v -4.709691 0.841799 -0.316226
v -4.708693 0.856560 -0.314391
v -4.994302 0.828607 -0.140817
v -4.994302 0.815215 -0.147365
v -4.994302 0.804501 -0.157732
v -4.994302 0.797515 -0.170902
v -4.994302 0.794941 -0.185585
v -4.994302 0.797030 -0.200346
v -4.994302 0.803578 -0.213739
v -4.994302 0.813945 -0.224452
v -4.994302 0.827115 -0.231438
v -4.994302 0.841799 -0.234013
v -4.994302 0.856560 -0.231924
v -5.323461 0.828607 -0.234366
v -5.320330 0.815215 -0.240118
v -5.315375 0.804501 -0.249223
v -5.309080 0.797515 -0.260791
v -5.302061 0.794941 -0.273689
v -5.295005 0.797030 -0.286654
v -5.288603 0.803578 -0.298418
v -5.283483 0.813945 -0.307828
v -5.280143 0.827115 -0.313965
v -5.278913 0.841799 -0.316226
v -5.279911 0.856560 -0.314391
v -5.602815 0.828607 -0.477589
v -5.597853 0.815215 -0.481862
v -5.589998 0.804501 -0.488627
v -5.580019 0.797515 -0.497221
v -5.568892 0.794941 -0.506804
v -5.557708 0.797030 -0.516436
v -5.547560 0.803578 -0.525176
v -5.539442 0.813945 -0.532167
v -5.534148 0.827115 -0.536726
v -5.532197 0.841799 -0.538406
v -5.533781 0.856560 -0.537042
v -5.806326 0.828607 -0.795360
v -5.800462 0.815215 -0.798274
v -5.791178 0.804501 -0.802886
v -5.779384 0.797515 -0.808746
v -5.766233 0.794941 -0.815280
v -5.753014 0.797030 -0.821847
v -5.741020 0.803578 -0.827806
v -5.731425 0.813945 -0.832573
v -5.725169 0.827115 -0.835682
v -5.722863 0.841799 -0.836827
v -5.724734 0.856560 -0.835897
v -5.927547 0.828607 -1.123963
v -5.921241 0.815215 -1.125730
v -5.911259 0.804501 -1.128526
v -5.898577 0.797515 -1.132079
v -5.884438 0.794941 -1.136040
v -5.870224 0.797030 -1.140022
v -5.857328 0.803578 -1.143635
v -5.847011 0.813945 -1.146525
v -5.840284 0.827115 -1.148410
v -5.837806 0.841799 -1.149104
v -5.839818 0.856560 -1.148541
v -5.968544 0.828607 -1.378065
v -5.964164 0.815215 -1.382932
v -5.957230 0.804501 -1.390638
v -5.948420 0.797515 -1.400428
v -5.938598 0.794941 -1.411343
v -5.928725 0.797030 -1.422316
v -5.919766 0.803578 -1.432271
v -5.912600 0.813945 -1.440235
v -5.907927 0.827115 -1.445428
v -5.906205 0.841799 -1.447342
v -5.907602 0.856560 -1.445789
v -6.378319 0.828607 -1.406736
v -6.379340 0.815215 -1.413204
v -6.380956 0.804501 -1.423444
v -6.383009 0.797515 -1.436453
v -6.385299 0.794941 -1.450957
v -6.387600 0.797030 -1.465537
v -6.389688 0.803578 -1.478766
v -6.391358 0.813945 -1.489349
v -6.392447 0.827115 -1.496249
v -6.392848 0.841799 -1.498792
v -6.392523 0.856560 -1.496728
v -6.676080 0.829296 -1.281725
v -6.679813 0.815823 -1.286901
v -6.686228 0.804967 -1.294854
v -6.694698 0.797791 -1.304805
v -6.704392 0.794997 -1.315780
v -6.714364 0.796859 -1.326705
v -6.723636 0.803195 -1.336510
v -6.731300 0.813384 -1.344236
v -6.736608 0.826429 -1.349126
v -6.739038 0.841052 -1.350702
v -6.738353 0.855824 -1.348809
v -6.817393 0.802124 -1.020748
v -6.821183 0.788634 -1.025837
v -6.829008 0.777364 -1.031672
v -6.840098 0.769419 -1.037680
v -6.853371 0.765576 -1.043275
v -6.867527 0.766210 -1.047908
v -6.881179 0.771260 -1.051127
v -6.892992 0.780232 -1.052615
v -6.901808 0.792247 -1.052228
v -6.906766 0.806129 -1.050003
v -6.907380 0.820520 -1.046158
v -6.852967 0.683788 -0.752382
v -6.855731 0.672770 -0.762037
v -6.862878 0.663134 -0.770886
v -6.873707 0.655822 -0.778063
v -6.887158 0.651549 -0.782866
v -6.901914 0.650735 -0.784824
v -6.916531 0.653459 -0.783746
v -6.929579 0.659453 -0.779738
v -6.939780 0.668133 -0.773190
v -6.946135 0.678647 -0.764746
v -6.948021 0.689967 -0.755230
v -6.852723 0.450750 -0.600702
v -6.855250 0.445538 -0.614438
v -6.862194 0.440857 -0.626772
v -6.872874 0.437167 -0.636496
v -6.886246 0.434828 -0.642659
v -6.901000 0.434070 -0.644656
v -6.915692 0.434967 -0.642294
v -6.928884 0.437430 -0.635802
v -6.939285 0.441220 -0.625817
v -6.945876 0.445964 -0.613315
v -6.948013 0.451199 -0.599521
v -6.852723 0.181969 -0.560966
v -6.855250 0.179810 -0.575499
v -6.862194 0.177872 -0.588548
v -6.872874 0.176344 -0.598836
v -6.886246 0.175375 -0.605356
v -6.901000 0.175061 -0.607470
v -6.915692 0.175433 -0.604970
v -6.928884 0.176453 -0.598102
v -6.939285 0.178022 -0.587537
v -6.945876 0.179987 -0.574311
v -6.948013 0.182155 -0.559717
v -3.041256 0.192008 -0.558636
v -3.081381 0.106827 -1.005730
v -3.248771 0.084030 -1.347450
v -3.590754 0.083642 -1.515162
v -4.039206 0.083642 -1.555552
v -4.517811 0.083642 -1.555598
v -4.994302 0.083642 -1.555598
v -5.470793 0.083642 -1.555598
v -5.949398 0.083642 -1.555552
v -6.397850 0.083642 -1.515162
v -6.739833 0.084030 -1.347450
v -6.907222 0.106827 -1.005730
v -6.947746 0.191528 -0.554951
v -6.947811 0.107480 -0.070204
v -6.947811 0.097064 0.504430
v -3.040793 0.097064 0.504430
v -3.040793 0.107480 -0.070204
v -3.040793 0.188946 -0.546892
v -3.040793 0.456608 -0.585266
v -3.041037 0.701532 -0.745304
v -3.082869 0.834955 -1.041532
v -3.252538 0.870448 -1.345150
v -3.596778 0.871137 -1.492311
v -4.078010 0.871136 -1.442464
v -4.144480 0.871137 -1.147334
v -4.259864 0.871137 -0.833907
v -4.451434 0.871137 -0.534124
v -4.706554 0.871137 -0.310462
v -4.994302 0.871137 -0.227451
v -5.282049 0.871137 -0.310462
v -5.537169 0.871137 -0.534124
v -5.728740 0.871137 -0.833907
v -5.844124 0.871137 -1.147334
v -5.910594 0.871136 -1.442464
v -6.391826 0.871137 -1.492311
v -6.736065 0.870448 -1.345150
v -6.905735 0.834955 -1.041532
v -6.947567 0.701532 -0.745304
v -6.947811 0.456608 -0.585266
v -6.947811 0.184395 -0.544636
v -3.136103 0.189329 -0.549767
v -3.173208 0.106827 -0.980244
v -3.316181 0.087946 -1.280201
v -3.616108 0.088336 -1.423419
v -4.043400 0.088336 -1.460462
v -4.517811 0.088336 -1.460416
v -4.994302 0.088336 -1.460416
v -5.470793 0.088336 -1.460416
v -5.945203 0.088336 -1.460462
v -6.372496 0.088336 -1.423419
v -6.815396 0.106827 -0.980244
v -6.852551 0.190082 -0.550760
v -6.852521 0.106223 -0.070324
v -6.852521 0.095803 0.504489
v -3.136083 0.095803 0.504489
v -3.136083 0.106223 -0.070324
v -3.136083 0.188064 -0.547796
v -3.136083 0.456160 -0.586447
v -3.136091 0.695353 -0.742456
v -3.172856 0.816560 -1.016123
v -4.017068 0.843184 -1.374740
v -4.056751 0.843184 -1.122756
v -4.178273 0.843184 -0.793370
v -4.382400 0.843184 -0.474671
v -4.663005 0.843184 -0.230438
v -4.994302 0.843184 -0.136344
v -5.325598 0.843184 -0.230438
v -5.606204 0.843184 -0.474671
v -5.810331 0.843184 -0.793370
v -5.931853 0.843184 -1.122756
v -5.971535 0.843184 -1.374740
v -6.377622 0.843184 -1.402318
v -6.673793 0.843920 -1.278065
v -6.852512 0.695353 -0.742456
v -6.852521 0.456160 -0.586447
v -6.852521 0.184210 -0.545886
v -3.044238 0.206402 -0.561123
v -3.051571 0.219255 -0.562932
v -3.062536 0.229310 -0.563887
v -3.076060 0.235582 -0.563894
v -3.090819 0.237459 -0.562952
v -3.105369 0.234755 -0.561153
v -3.118285 0.227735 -0.558674
v -3.128303 0.217087 -0.555757
v -3.134443 0.203853 -0.552688
v -3.084120 0.121436 -1.006879
v -3.091086 0.134615 -1.006669
v -3.101595 0.145073 -1.005119
v -3.114621 0.151789 -1.002381
v -3.128887 0.154102 -0.998724
v -3.142997 0.151789 -0.994506
v -3.155570 0.145073 -0.990138
v -3.165375 0.134615 -0.986050
v -3.171453 0.121436 -0.982641
v -3.250314 0.098831 -1.346554
v -3.255006 0.112375 -1.342454
v -3.262387 0.123335 -1.335552
v -3.271734 0.130640 -1.326524
v -3.282132 0.133574 -1.316252
v -3.292565 0.131850 -1.305743
v -3.302009 0.125637 -1.296025
v -3.309542 0.115542 -1.288049
v -3.314425 0.102555 -1.282597
v -3.591181 0.098463 -1.513616
v -3.592808 0.112064 -1.507731
v -3.595474 0.123112 -1.498084
v -3.598919 0.130526 -1.485617
v -3.602806 0.133580 -1.471553
v -3.606754 0.131976 -1.457267
v -3.610377 0.125871 -1.444158
v -3.613320 0.115861 -1.433509
v -3.615295 0.102928 -1.426363
v -4.039276 0.098463 -1.553949
v -4.039545 0.112064 -1.547850
v -4.039986 0.123112 -1.537850
v -4.040556 0.130526 -1.524929
v -4.041199 0.133580 -1.510352
v -4.041852 0.131976 -1.495544
v -4.042452 0.125871 -1.481957
v -4.042939 0.115861 -1.470920
v -4.043266 0.102928 -1.463513
v -4.517811 0.098463 -1.553994
v -4.517811 0.112064 -1.547889
v -4.517811 0.123112 -1.537879
v -4.517811 0.130526 -1.524946
v -4.517811 0.133580 -1.510354
v -4.517811 0.131976 -1.495533
v -4.517811 0.125871 -1.481932
v -4.517811 0.115861 -1.470884
v -4.517811 0.102928 -1.463470
v -4.994302 0.098463 -1.553994
v -4.994302 0.112064 -1.547889
v -4.994302 0.123112 -1.537879
v -4.994302 0.130526 -1.524946
v -4.994302 0.133580 -1.510354
v -4.994302 0.131976 -1.495533
v -4.994302 0.125871 -1.481932
v -4.994302 0.115861 -1.470884
v -4.994302 0.102928 -1.463470
v -5.470793 0.098463 -1.553994
v -5.470793 0.112064 -1.547889
v -5.470793 0.123112 -1.537879
v -5.470793 0.130526 -1.524946
v -5.470793 0.133580 -1.510354
v -5.470793 0.131976 -1.495533
v -5.470793 0.125871 -1.481932
v -5.470793 0.115861 -1.470884
v -5.470793 0.102928 -1.463470
v -5.949327 0.098463 -1.553949
v -5.949058 0.112064 -1.547850
v -5.948617 0.123112 -1.537850
v -5.948047 0.130526 -1.524929
v -5.947404 0.133580 -1.510352
v -5.946751 0.131976 -1.495544
v -5.946151 0.125871 -1.481957
v -5.945665 0.115861 -1.470920
v -5.945338 0.102928 -1.463513
v -6.397423 0.098463 -1.513616
v -6.395796 0.112064 -1.507731
v -6.393130 0.123112 -1.498084
v -6.389685 0.130526 -1.485617
v -6.385798 0.133580 -1.471553
v -6.381850 0.131976 -1.457267
v -6.378227 0.125871 -1.444158
v -6.375284 0.115861 -1.433509
v -6.373310 0.102928 -1.426363
v -6.738289 0.098831 -1.346554
v -6.733597 0.112375 -1.342454
v -6.726217 0.123335 -1.335552
v -6.716870 0.130640 -1.326524
v -6.706471 0.133574 -1.316252
v -6.696039 0.131850 -1.305743
v -6.686594 0.125637 -1.296025
v -6.679062 0.115542 -1.288049
v -6.674178 0.102555 -1.282597
v -6.672423 0.087946 -1.280201
v -6.904483 0.121436 -1.006879
v -6.897518 0.134615 -1.006669
v -6.887009 0.145073 -1.005119
v -6.873983 0.151789 -1.002381
v -6.859717 0.154102 -0.998724
v -6.845607 0.151789 -0.994506
v -6.833034 0.145073 -0.990138
v -6.823228 0.134615 -0.986050
v -6.817151 0.121436 -0.982640
v -6.945188 0.206215 -0.554954
v -6.938222 0.219393 -0.554751
v -6.927528 0.229773 -0.554363
v -6.914155 0.236339 -0.553827
v -6.899410 0.238447 -0.553196
v -6.884737 0.235892 -0.552532
v -6.871574 0.228923 -0.551899
v -6.861207 0.218223 -0.551360
v -6.854653 0.204840 -0.550968
v -6.945284 0.122105 -0.068806
v -6.938340 0.135238 -0.067551
v -6.927660 0.145592 -0.066561
v -6.914288 0.152153 -0.065934
v -6.899535 0.154280 -0.065731
v -6.884842 0.151764 -0.065971
v -6.871650 0.144852 -0.066632
v -6.861249 0.134221 -0.067648
v -6.854658 0.120910 -0.068920
v -6.945284 0.111741 0.503747
v -6.938340 0.124919 0.503132
v -6.927660 0.135308 0.502648
v -6.914288 0.141892 0.502342
v -6.899535 0.144027 0.502242
v -6.884842 0.141502 0.502360
v -6.871650 0.134566 0.502683
v -6.861249 0.123898 0.503180
v -6.854658 0.110541 0.503803
v -3.043320 0.111741 0.503747
v -3.050263 0.124919 0.503132
v -3.060944 0.135308 0.502648
v -3.074316 0.141892 0.502342
v -3.089069 0.144027 0.502242
v -3.103762 0.141502 0.502360
v -3.116954 0.134566 0.502683
v -3.127355 0.123898 0.503180
v -3.133946 0.110541 0.503802
v -3.043320 0.122105 -0.068806
v -3.050263 0.135238 -0.067551
v -3.060944 0.145592 -0.066561
v -3.074316 0.152153 -0.065934
v -3.089069 0.154280 -0.065731
v -3.103762 0.151764 -0.065971
v -3.116954 0.144852 -0.066632
v -3.127355 0.134221 -0.067648
v -3.133946 0.120910 -0.068920
v -3.043320 0.199204 -0.536374
v -3.050263 0.208415 -0.526930
v -3.060944 0.215678 -0.519484
v -3.074316 0.220280 -0.514766
v -3.089069 0.221772 -0.513236
v -3.103762 0.220007 -0.515045
v -3.116954 0.215159 -0.520016
v -3.127355 0.207702 -0.527662
v -3.133946 0.198366 -0.537234
v -3.043320 0.461820 -0.571530
v -3.050263 0.466501 -0.559196
v -3.060944 0.470191 -0.549471
v -3.074316 0.472529 -0.543309
v -3.089069 0.473288 -0.541311
v -3.103762 0.472391 -0.543674
v -3.116954 0.469927 -0.550166
v -3.127355 0.466138 -0.560151
v -3.133946 0.461394 -0.572653
v -3.043801 0.712550 -0.735649
v -3.050948 0.722186 -0.726800
v -3.061777 0.729499 -0.719623
v -3.075227 0.733771 -0.714820
v -3.089984 0.734585 -0.712861
v -3.104601 0.731862 -0.713940
v -3.117649 0.725867 -0.717948
v -3.127849 0.717187 -0.724495
v -3.134204 0.706673 -0.732940
v -3.086659 0.848445 -1.036443
v -3.094483 0.859715 -1.030609
v -3.105574 0.867660 -1.024600
v -3.118847 0.871504 -1.019006
v -3.133003 0.870869 -1.014372
v -3.146655 0.865819 -1.011154
v -3.158468 0.856847 -1.009665
v -3.167284 0.844832 -1.010053
v -3.172242 0.830950 -1.012278
v -3.256271 0.883921 -1.339974
v -3.262686 0.894777 -1.332021
v -3.271156 0.901953 -1.322070
v -3.280851 0.904747 -1.311095
v -3.290822 0.902885 -1.300171
v -3.300094 0.896549 -1.290365
v -3.307758 0.886360 -1.282639
v -3.313065 0.873315 -1.277749
v -3.315495 0.858692 -1.276173
v -3.314811 0.843920 -1.278066
v -3.597799 0.884529 -1.485842
v -3.599415 0.895243 -1.475603
v -3.601468 0.902229 -1.462594
v -3.603757 0.904803 -1.448090
v -3.606059 0.902714 -1.433509
v -3.608146 0.896165 -1.420280
v -3.609817 0.885799 -1.409698
v -3.610906 0.872629 -1.402797
v -3.611307 0.857945 -1.400254
v -3.610981 0.843184 -1.402318
v -4.073629 0.884529 -1.437596
v -4.066696 0.895243 -1.429891
v -4.057886 0.902229 -1.420101
v -4.048064 0.904803 -1.409185
v -4.038190 0.902714 -1.398213
v -4.029232 0.896165 -1.388258
v -4.022066 0.885799 -1.380293
v -4.017393 0.872629 -1.375100
v -4.015671 0.857945 -1.373187
v -4.138174 0.884529 -1.145568
v -4.128192 0.895243 -1.142771
v -4.115511 0.902229 -1.139218
v -4.101371 0.904803 -1.135257
v -4.087157 0.902714 -1.131275
v -4.074261 0.896165 -1.127662
v -4.063945 0.885799 -1.124772
v -4.057218 0.872629 -1.122887
v -4.054739 0.857945 -1.122193
v -4.254000 0.884529 -0.830994
v -4.244716 0.895243 -0.826381
v -4.232921 0.902229 -0.820522
v -4.219771 0.904803 -0.813988
v -4.206552 0.902714 -0.807420
v -4.194558 0.896165 -0.801462
v -4.184963 0.885799 -0.796695
v -4.178707 0.872629 -0.793586
v -4.176402 0.857945 -0.792441
v -4.446472 0.884529 -0.529851
v -4.438617 0.895243 -0.523086
v -4.428638 0.902229 -0.514492
v -4.417511 0.904803 -0.504909
v -4.406327 0.902714 -0.495277
v -4.396179 0.896166 -0.486537
v -4.388061 0.885799 -0.479546
v -4.382767 0.872629 -0.474987
v -4.380816 0.857945 -0.473307
v -4.703424 0.884529 -0.304711
v -4.698469 0.895243 -0.295605
v -4.692174 0.902229 -0.284037
v -4.685155 0.904803 -0.271139
v -4.678100 0.902714 -0.258174
v -4.671698 0.896165 -0.246410
v -4.666577 0.885799 -0.237000
v -4.663238 0.872629 -0.230864
v -4.662007 0.857945 -0.228603
v -4.994302 0.884529 -0.220903
v -4.994302 0.895243 -0.210536
v -4.994302 0.902229 -0.197366
v -4.994302 0.904803 -0.182683
v -4.994302 0.902714 -0.167922
v -4.994302 0.896165 -0.154529
v -4.994302 0.885799 -0.143815
v -4.994302 0.872629 -0.136829
v -4.994302 0.857945 -0.134255
v -5.285179 0.884529 -0.304711
v -5.290134 0.895243 -0.295605
v -5.296430 0.902229 -0.284037
v -5.303448 0.904803 -0.271139
v -5.310504 0.902714 -0.258174
v -5.316905 0.896165 -0.246410
v -5.322027 0.885799 -0.237000
v -5.325366 0.872629 -0.230864
v -5.326596 0.857945 -0.228603
v -5.542131 0.884529 -0.529851
v -5.549986 0.895243 -0.523086
v -5.559966 0.902229 -0.514492
v -5.571092 0.904803 -0.504909
v -5.582277 0.902714 -0.495277
v -5.592425 0.896165 -0.486537
v -5.600543 0.885799 -0.479546
v -5.605836 0.872629 -0.474987
v -5.607787 0.857945 -0.473307
v -5.734604 0.884529 -0.830994
v -5.743888 0.895243 -0.826381
v -5.755682 0.902229 -0.820522
v -5.768833 0.904803 -0.813988
v -5.782052 0.902714 -0.807420
v -5.794046 0.896165 -0.801461
v -5.803640 0.885799 -0.796695
v -5.809897 0.872629 -0.793586
v -5.812202 0.857945 -0.792441
v -5.850430 0.884529 -1.145568
v -5.860412 0.895243 -1.142771
v -5.873093 0.902229 -1.139218
v -5.887232 0.904803 -1.135257
v -5.901446 0.902714 -1.131275
v -5.914342 0.896165 -1.127662
v -5.924659 0.885799 -1.124772
v -5.931386 0.872629 -1.122887
v -5.933865 0.857945 -1.122193
v -5.914974 0.884529 -1.437596
v -5.921908 0.895243 -1.429891
v -5.930717 0.902229 -1.420101
v -5.940540 0.904803 -1.409185
v -5.950413 0.902714 -1.398213
v -5.959372 0.896165 -1.388258
v -5.966538 0.885799 -1.380293
v -5.971211 0.872629 -1.375100
v -5.972933 0.857945 -1.373187
v -6.390805 0.884529 -1.485842
v -6.389189 0.895243 -1.475603
v -6.387136 0.902229 -1.462594
v -6.384846 0.904803 -1.448090
v -6.382545 0.902714 -1.433509
v -6.380457 0.896165 -1.420280
v -6.378787 0.885799 -1.409698
v -6.377697 0.872629 -1.402797
v -6.377296 0.857945 -1.400254
v -6.732332 0.883921 -1.339974
v -6.725918 0.894777 -1.332021
v -6.717448 0.901953 -1.322070
v -6.707753 0.904747 -1.311095
v -6.697782 0.902885 -1.300171
v -6.688510 0.896549 -1.290365
v -6.680845 0.886360 -1.282639
v -6.675539 0.873315 -1.277749
v -6.673109 0.858692 -1.276173
v -6.901944 0.848445 -1.036443
v -6.894121 0.859715 -1.030609
v -6.883029 0.867660 -1.024601
v -6.869756 0.871504 -1.019006
v -6.855601 0.870869 -1.014372
v -6.841949 0.865819 -1.011154
v -6.830136 0.856847 -1.009665
v -6.821319 0.844832 -1.010053
v -6.816362 0.830950 -1.012278
v -6.815748 0.816559 -1.016123
v -6.944802 0.712550 -0.735649
v -6.937656 0.722186 -0.726800
v -6.926827 0.729499 -0.719623
v -6.913376 0.733771 -0.714820
v -6.898620 0.734585 -0.712861
v -6.884003 0.731862 -0.713940
v -6.870955 0.725867 -0.717948
v -6.860755 0.717187 -0.724495
v -6.854400 0.706673 -0.732940
v -6.945284 0.461820 -0.571530
v -6.938340 0.466501 -0.559196
v -6.927660 0.470191 -0.549471
v -6.914288 0.472529 -0.543309
v -6.899535 0.473288 -0.541311
v -6.884842 0.472391 -0.543674
v -6.871650 0.469927 -0.550166
v -6.861249 0.466138 -0.560151
v -6.854658 0.461394 -0.572653
v -6.945284 0.186554 -0.530103
v -6.938340 0.188492 -0.517054
v -6.927660 0.190021 -0.506766
v -6.914288 0.190989 -0.500247
v -6.899535 0.191303 -0.498133
v -6.884842 0.190932 -0.500633
v -6.871650 0.189912 -0.507501
v -6.861249 0.188342 -0.518065
v -6.854658 0.186377 -0.531292
v -5.947386 0.842248 -1.457268
v -5.947003 0.827524 -1.454967
v -5.945893 0.814241 -1.448291
v -5.944164 0.803699 -1.437892
v -5.941984 0.796931 -1.424789
v -5.939569 0.794599 -1.410264
v -5.937153 0.796931 -1.395740
v -5.934974 0.803699 -1.382636
v -5.933245 0.814241 -1.372238
v -5.932134 0.827524 -1.365561
v -5.931752 0.842248 -1.363261
v -5.475680 0.842248 -1.535624
v -5.475441 0.827524 -1.533304
v -5.474747 0.814241 -1.526572
v -5.473666 0.803699 -1.516086
v -5.472303 0.796931 -1.502873
v -5.470793 0.794599 -1.488226
v -5.469283 0.796931 -1.473579
v -5.467920 0.803699 -1.460366
v -5.466839 0.814241 -1.449880
v -5.466145 0.827524 -1.443148
v -5.465906 0.842248 -1.440828
v -4.994302 0.842248 -1.555281
v -4.994302 0.827524 -1.552949
v -4.994302 0.814241 -1.546180
v -4.994302 0.803699 -1.535639
v -4.994302 0.796931 -1.522356
v -4.994302 0.794599 -1.507632
v -4.994302 0.796931 -1.492907
v -4.994302 0.803699 -1.479624
v -4.994302 0.814241 -1.469083
v -4.994302 0.827524 -1.462315
v -4.994302 0.842248 -1.459983
v -4.512923 0.842248 -1.535624
v -4.513163 0.827524 -1.533304
v -4.513856 0.814241 -1.526572
v -4.514938 0.803699 -1.516086
v -4.516301 0.796931 -1.502873
v -4.517811 0.794599 -1.488226
v -4.519321 0.796931 -1.473579
v -4.520683 0.803699 -1.460366
v -4.521765 0.814241 -1.449880
v -4.522459 0.827524 -1.443148
v -4.522698 0.842248 -1.440828
v -4.041218 0.842248 -1.457268
v -4.041600 0.827524 -1.454967
v -4.042711 0.814241 -1.448291
v -4.044440 0.803699 -1.437892
v -4.046619 0.796931 -1.424789
v -4.049035 0.794599 -1.410264
v -4.051451 0.796931 -1.395740
v -4.053629 0.803699 -1.382636
v -4.055359 0.814241 -1.372238
v -4.056469 0.827524 -1.365561
v -4.056852 0.842248 -1.363261
v -5.931752 0.857496 -1.363261
v -5.465906 0.857496 -1.440828
v -4.994302 0.857496 -1.459983
v -4.522698 0.857496 -1.440828
v -4.056852 0.857496 -1.363261
v -5.947386 0.857496 -1.457268
v -5.475680 0.857496 -1.535624
v -4.994302 0.857496 -1.555281
v -4.512923 0.857496 -1.535624
v -4.041218 0.857496 -1.457268
v -5.932135 0.872220 -1.365561
v -5.933245 0.885503 -1.372238
v -5.934974 0.896045 -1.382636
v -5.937153 0.902813 -1.395740
v -5.939569 0.905145 -1.410264
v -5.941984 0.902813 -1.424789
v -5.944164 0.896045 -1.437892
v -5.945893 0.885503 -1.448291
v -5.947003 0.872220 -1.454967
v -5.466145 0.872220 -1.443148
v -5.466839 0.885503 -1.449880
v -5.467920 0.896045 -1.460366
v -5.469283 0.902813 -1.473580
v -5.470793 0.905145 -1.488226
v -5.472303 0.902813 -1.502873
v -5.473666 0.896045 -1.516086
v -5.474747 0.885503 -1.526572
v -5.475441 0.872220 -1.533304
v -4.994302 0.872220 -1.462315
v -4.994302 0.885503 -1.469083
v -4.994302 0.896045 -1.479624
v -4.994302 0.902813 -1.492907
v -4.994302 0.905145 -1.507632
v -4.994302 0.902813 -1.522356
v -4.994302 0.896045 -1.535639
v -4.994302 0.885503 -1.546180
v -4.994302 0.872220 -1.552949
v -4.522459 0.872220 -1.443148
v -4.521765 0.885503 -1.449880
v -4.520683 0.896045 -1.460366
v -4.519321 0.902813 -1.473580
v -4.517811 0.905145 -1.488226
v -4.516301 0.902813 -1.502873
v -4.514938 0.896045 -1.516086
v -4.513856 0.885503 -1.526572
v -4.513163 0.872220 -1.533304
v -4.056469 0.872220 -1.365561
v -4.055359 0.885503 -1.372238
v -4.053629 0.896045 -1.382636
v -4.051451 0.902813 -1.395740
v -4.049035 0.905145 -1.410264
v -4.046619 0.902813 -1.424789
v -4.044440 0.896045 -1.437892
v -4.042711 0.885503 -1.448291
v -4.041600 0.872220 -1.454967
v -5.000000 0.928487 -1.159800
v -5.306391 0.928487 -1.129624
v -5.601008 0.928487 -1.040252
v -5.872530 0.928487 -0.895121
v -6.110519 0.928487 -0.699808
v -6.305832 0.928487 -0.461818
v -6.450963 0.928487 -0.190298
v -6.540334 0.928487 0.104319
v -6.570511 0.928487 0.410711
v -6.540334 0.928487 0.717103
v -6.450963 0.928487 1.011719
v -6.305832 0.928487 1.283240
v -6.110519 0.928487 1.521230
v -5.872530 0.928487 1.716544
v -5.601008 0.928487 1.861674
v -5.306391 0.928487 1.951046
v -5.000000 0.928487 1.981223
v -4.693608 0.928487 1.951045
v -4.398991 0.928487 1.861674
v -4.127470 0.928487 1.716543
v -3.889480 0.928487 1.521229
v -3.694167 0.928487 1.283240
v -3.549037 0.928487 1.011719
v -3.459665 0.928487 0.717101
v -3.429489 0.928487 0.410709
v -3.459666 0.928487 0.104318
v -3.549037 0.928487 -0.190299
v -3.694169 0.928487 -0.461820
v -3.889482 0.928487 -0.699810
v -4.127472 0.928487 -0.895123
v -4.398993 0.928487 -1.040253
v -4.693611 0.928487 -1.129624
v -5.000000 2.173280 -1.612498
v -5.394708 2.173280 -1.573623
v -5.774248 2.173280 -1.458490
v -6.124034 2.173280 -1.271526
v -6.430624 2.173280 -1.019914
v -6.682237 2.173280 -0.713324
v -6.869202 2.173280 -0.363538
v -6.984334 2.173280 0.016003
v -7.023209 2.173280 0.410711
v -6.984334 2.173280 0.805419
v -6.869202 2.173280 1.184960
v -6.682237 2.173280 1.534746
v -6.430624 2.173280 1.841336
v -6.124034 2.173280 2.092948
v -5.774248 2.173280 2.279913
v -5.394708 2.173280 2.395045
v -5.000000 2.173280 2.433920
v -4.605290 2.173280 2.395045
v -4.225750 2.173280 2.279912
v -3.875964 2.173280 2.092947
v -3.569374 2.173280 1.841335
v -3.317762 2.173280 1.534745
v -3.130798 2.173280 1.184958
v -3.015666 2.173280 0.805418
v -2.976791 2.173280 0.410709
v -3.015667 2.173280 0.016001
v -3.130799 2.173280 -0.363540
v -3.317765 2.173280 -0.713326
v -3.569377 2.173280 -1.019916
v -3.875968 2.173280 -1.271527
v -4.225754 2.173280 -1.458492
v -4.605295 2.173280 -1.573623
v -5.000000 3.663469 -1.821675
v -5.435517 3.663469 -1.778780
v -5.854297 3.663469 -1.651745
v -6.240247 3.663469 -1.445450
v -6.578536 3.663469 -1.167824
v -6.856161 3.663469 -0.829536
v -7.062456 3.663469 -0.443586
v -7.189491 3.663469 -0.024806
v -7.232386 3.663469 0.410711
v -7.189491 3.663469 0.846228
v -7.062456 3.663469 1.265008
v -6.856161 3.663469 1.650959
v -6.578536 3.663469 1.989246
v -6.240247 3.663469 2.266872
v -5.854297 3.663469 2.473167
v -5.435516 3.663469 2.600203
v -5.000000 3.663469 2.643097
v -4.564482 3.663469 2.600203
v -4.145702 3.663469 2.473167
v -3.759752 3.663469 2.266872
v -3.421463 3.663469 1.989245
v -3.143838 3.663469 1.650957
v -2.937544 3.663469 1.265007
v -2.810508 3.663469 0.846226
v -2.767614 3.663469 0.410709
v -2.810509 3.663469 -0.024808
v -2.937545 3.663469 -0.443588
v -3.143840 3.663469 -0.829539
v -3.421467 3.663469 -1.167826
v -3.759755 3.663469 -1.445452
v -4.145706 3.663469 -1.651746
v -4.564487 3.663469 -1.778781
v -9.575310 0.000000 -2.515522
v -9.575310 -1.931477 -2.515522
v -5.000000 0.028486 -0.589290
v -5.342021 0.028486 -0.528982
v -5.642787 0.028486 -0.355334
v -5.866025 0.028486 -0.089290
v -5.984807 0.028486 0.237062
v -5.984807 0.028486 0.584359
v -5.866025 0.028486 0.910711
v -5.642787 0.028486 1.176755
v -5.342021 0.028486 1.350403
v -5.000000 0.028486 1.410710
v -4.657980 0.028486 1.350403
v -4.357213 0.028486 1.176755
v -4.133975 0.028486 0.910711
v -4.015193 0.028486 0.584359
v -4.015193 0.028486 0.237062
v -4.133975 0.028486 -0.089289
v -4.357212 0.028486 -0.355334
v -4.657979 0.028486 -0.528982
v -5.000000 0.313904 -0.479278
v -5.304394 0.313904 -0.425605
v -5.572073 0.313904 -0.271060
v -5.770752 0.313904 -0.034284
v -5.876467 0.313904 0.256166
v -5.876467 0.313904 0.565255
v -5.770752 0.313904 0.855705
v -5.572073 0.313904 1.092481
v -5.304394 0.313904 1.247026
v -5.000000 0.313904 1.300699
v -4.695606 0.313904 1.247026
v -4.427927 0.313904 1.092481
v -4.229248 0.313904 0.855705
v -4.123533 0.313904 0.565255
v -4.123533 0.313904 0.256166
v -4.229248 0.313904 -0.034283
v -4.427927 0.313904 -0.271060
v -4.695605 0.313904 -0.425605
v -5.000000 0.557280 -0.171263
v -5.199047 0.557280 -0.136166
v -5.374085 0.557280 -0.035107
v -5.504004 0.557280 0.119724
v -5.573132 0.557280 0.309652
v -5.573132 0.557280 0.511769
v -5.504004 0.557280 0.701697
v -5.374085 0.557280 0.856528
v -5.199047 0.557280 0.957587
v -5.000000 0.557280 0.992684
v -4.800953 0.557280 0.957587
v -4.625915 0.557280 0.856528
v -4.495996 0.557280 0.701697
v -4.426868 0.557280 0.511769
v -4.426868 0.557280 0.309652
v -4.495996 0.557280 0.119724
v -4.625914 0.557280 -0.035107
v -4.800952 0.557280 -0.136166
v 10.330923 0.000000 2.980996
v 0.377806 0.000000 2.980996
v 10.330923 -1.931477 2.980996
v 0.377806 -1.931477 2.980996
v 5.519404 -0.542212 2.899297
v 5.621951 -0.552312 2.899297
v 5.720557 -0.582223 2.899297
v 5.811433 -0.630798 2.899297
v 5.891087 -0.696167 2.899297
v 5.956456 -0.775821 2.899297
v 6.005030 -0.866697 2.899297
v 6.034942 -0.965303 2.899297
v 6.045042 -1.067850 2.899297
v 6.034942 -1.170396 2.899297
v 6.005031 -1.269002 2.899297
v 5.956456 -1.359878 2.899297
v 5.891087 -1.439532 2.899297
v 5.811433 -1.504902 2.899297
v 5.720557 -1.553476 2.899297
v 5.621951 -1.583388 2.899297
v 5.519404 -1.593488 2.899297
v 5.416857 -1.583388 2.899297
v 5.318250 -1.553476 2.899297
v 5.227375 -1.504902 2.899297
v 5.147721 -1.439532 2.899297
v 5.082351 -1.359878 2.899297
v 5.033777 -1.269002 2.899297
v 5.003865 -1.170396 2.899297
v 4.993765 -1.067849 2.899297
v 5.003866 -0.965302 2.899297
v 5.033778 -0.866696 2.899297
v 5.082352 -0.775820 2.899297
v 5.147722 -0.696167 2.899297
v 5.227376 -0.630797 2.899297
v 5.318252 -0.582223 2.899297
v 5.416858 -0.552311 2.899297
v 5.519404 -0.542212 3.309765
v 5.621951 -0.552312 3.309765
v 5.720557 -0.582223 3.309765
v 5.811433 -0.630798 3.309765
v 5.891087 -0.696167 3.309765
v 5.956456 -0.775821 3.309765
v 6.005030 -0.866697 3.309765
v 6.034942 -0.965303 3.309765
v 6.045042 -1.067850 3.309765
v 6.034942 -1.170396 3.309765
v 6.005031 -1.269002 3.309765
v 5.956456 -1.359878 3.309765
v 5.891087 -1.439532 3.309767
v 5.811433 -1.504902 3.309765
v 5.720557 -1.553476 3.309765
v 5.621951 -1.583388 3.309765
v 5.519404 -1.593488 3.309765
v 5.416857 -1.583388 3.309765
v 5.318250 -1.553476 3.309765
v 5.227375 -1.504902 3.309765
v 5.147721 -1.439532 3.309767
v 5.082351 -1.359878 3.309765
v 5.033777 -1.269002 3.309765
v 5.003865 -1.170396 3.309765
v 4.993765 -1.067849 3.309765
v 5.003866 -0.965302 3.309765
v 5.033778 -0.866696 3.309765
v 5.082352 -0.775820 3.309765
v 5.147722 -0.696167 3.309765
v 5.227376 -0.630797 3.309765
v 5.318252 -0.582223 3.309765
v 5.416858 -0.552311 3.309765
v 5.621368 -1.372914 3.448217
v 5.621368 -0.694041 3.448217
v 5.621368 -1.372914 3.309765
v 5.621368 -0.694041 3.309765
v 5.407026 -1.372914 3.448217
v 5.407026 -0.694041 3.448217
v 5.407026 -1.372914 3.309765
v 5.407026 -0.694041 3.309765
v 5.478474 -1.372914 3.309765
v 5.549921 -1.372914 3.309765
v 5.549921 -0.694041 3.309765
v 5.478474 -0.694041 3.309765
v 5.549921 -1.372914 3.479489
v 5.478474 -1.372914 3.479489
v 5.478474 -0.694041 3.479489
v 5.549921 -0.694041 3.479489
v 5.621368 -1.219259 3.510699
v 5.621368 -0.821917 3.510699
v 5.621368 -0.821917 3.309765
v 5.621368 -1.219259 3.309765
v 5.407026 -0.821917 3.309765
v 5.407026 -1.219259 3.309765
v 5.407026 -0.821917 3.510699
v 5.407026 -1.219259 3.510699
v 5.478474 -0.821917 3.541970
v 5.478474 -1.219259 3.541970
v 5.549921 -0.821917 3.541970
v 5.549921 -1.219259 3.541970
v 5.549921 -0.821917 3.309765
v 5.549921 -1.219259 3.309765
v 5.478474 -0.821917 3.309765
v 5.478474 -1.219259 3.309765
v 4.978087 -1.292070 2.973966
v 4.978087 -1.292070 3.240875
v 4.944745 -1.182156 3.240875
v 4.944745 -1.182156 2.973966
v 6.094062 -1.182156 2.973966
v 6.094062 -1.182156 3.240875
v 6.060720 -1.292070 3.240875
v 6.060720 -1.292070 2.973966
v 4.933487 -1.067849 3.240875
v 4.933487 -1.067849 2.973966
v 6.006576 -1.393367 3.240875
v 6.006576 -1.393367 2.973966
v 4.944746 -0.953542 3.240875
v 4.944746 -0.953542 2.973966
v 5.933710 -1.482155 3.240875
v 5.933710 -1.482155 2.973966
v 4.978088 -0.843628 3.240875
v 4.978088 -0.843628 2.973966
v 5.844922 -1.555021 3.240875
v 5.844922 -1.555022 2.973966
v 5.032232 -0.742331 3.240875
v 5.032232 -0.742331 2.973966
v 5.743625 -1.609166 3.240875
v 5.743625 -1.609166 2.973966
v 5.519404 -0.481933 2.973966
v 5.519404 -0.481933 3.240875
v 5.633710 -0.493191 3.240875
v 5.633710 -0.493191 2.973966
v 5.105099 -0.653543 3.240875
v 5.105099 -0.653544 2.973966
v 5.633710 -1.642508 3.240875
v 5.633710 -1.642508 2.973966
v 5.743625 -0.526533 3.240875
v 5.743625 -0.526533 2.973966
v 5.193887 -0.580677 3.240875
v 5.193887 -0.580677 2.973966
v 5.519404 -1.653766 3.240875
v 5.519404 -1.653766 2.973966
v 5.844922 -0.580678 3.240875
v 5.844922 -0.580678 2.973966
v 5.295184 -0.526533 3.240875
v 5.295184 -0.526533 2.973966
v 5.405097 -1.642508 3.240875
v 5.405097 -1.642508 2.973966
v 5.933710 -0.653544 3.240875
v 5.933710 -0.653544 2.973966
v 5.405098 -0.493191 3.240875
v 5.405098 -0.493191 2.973966
v 5.295183 -1.609166 3.240875
v 5.295183 -1.609166 2.973966
v 6.006576 -0.742332 3.240875
v 6.006576 -0.742332 2.973966
v 5.193886 -1.555021 3.240875
v 5.193886 -1.555021 2.973966
v 6.060720 -0.843629 3.240875
v 6.060720 -0.843629 2.973966
v 5.105098 -1.482155 3.240875
v 5.105098 -1.482155 2.973966
v 6.094062 -0.953543 3.240875
v 6.094062 -0.953543 2.973966
v 5.032232 -1.393367 3.240875
v 5.032232 -1.393367 2.973966
v 6.105320 -1.067850 3.240875
v 6.105320 -1.067850 2.973966
v 5.514197 -0.694041 3.309765
v 5.621368 -0.921252 3.309765
v 5.621368 -1.119924 3.309765
v 5.621368 -1.020588 3.309765
v 5.514197 -1.372914 3.309765
v 5.407026 -1.119924 3.309765
v 5.407026 -1.070256 3.309765
v 5.407026 -1.020588 3.309765
v 5.407026 -0.921252 3.309765
v 5.621368 -1.372914 3.317140
v 5.621368 -0.694041 3.317140
v 5.407026 -1.372914 3.317140
v 5.407026 -0.694041 3.317140
v 5.478474 -0.694041 3.317140
v 5.549921 -0.694041 3.317140
v 5.549921 -1.372914 3.317140
v 5.478474 -1.372914 3.317140
v 5.407026 -1.219259 3.317140
v 5.407026 -0.821917 3.317140
v 5.621368 -1.219259 3.317140
v 5.621368 -0.821917 3.317140
v 1.886721 -0.542212 2.899297
v 1.989267 -0.552312 2.899297
v 2.087873 -0.582223 2.899297
v 2.178749 -0.630798 2.899297
v 2.258403 -0.696167 2.899297
v 2.323772 -0.775821 2.899297
v 2.372347 -0.866697 2.899297
v 2.402259 -0.965303 2.899297
v 2.412359 -1.067850 2.899297
v 2.402259 -1.170396 2.899297
v 2.372347 -1.269002 2.899297
v 2.323772 -1.359878 2.899297
v 2.258403 -1.439532 2.899297
v 2.178749 -1.504902 2.899297
v 2.087873 -1.553476 2.899297
v 1.989267 -1.583388 2.899297
v 1.886720 -1.593488 2.899297
v 1.784173 -1.583388 2.899297
v 1.685567 -1.553476 2.899297
v 1.594692 -1.504902 2.899297
v 1.515038 -1.439532 2.899297
v 1.449668 -1.359878 2.899297
v 1.401094 -1.269002 2.899297
v 1.371183 -1.170396 2.899297
v 1.361083 -1.067849 2.899297
v 1.371183 -0.965302 2.899297
v 1.401095 -0.866696 2.899297
v 1.449669 -0.775820 2.899297
v 1.515039 -0.696167 2.899297
v 1.594692 -0.630797 2.899297
v 1.685568 -0.582223 2.899297
v 1.784175 -0.552311 2.899297
v 1.886721 -0.542212 3.309765
v 1.989267 -0.552312 3.309765
v 2.087873 -0.582223 3.309765
v 2.178749 -0.630798 3.309765
v 2.258403 -0.696167 3.309765
v 2.323772 -0.775821 3.309765
v 2.372347 -0.866697 3.309765
v 2.402259 -0.965303 3.309765
v 2.412359 -1.067850 3.309765
v 2.402259 -1.170396 3.309765
v 2.372347 -1.269002 3.309765
v 2.323772 -1.359878 3.309765
v 2.258403 -1.439532 3.309767
v 2.178749 -1.504902 3.309765
v 2.087873 -1.553476 3.309765
v 1.989267 -1.583388 3.309765
v 1.886720 -1.593488 3.309765
v 1.784173 -1.583388 3.309765
v 1.685567 -1.553476 3.309765
v 1.594692 -1.504902 3.309765
v 1.515038 -1.439532 3.309767
v 1.449668 -1.359878 3.309765
v 1.401094 -1.269002 3.309765
v 1.371183 -1.170396 3.309765
v 1.361083 -1.067849 3.309765
v 1.371183 -0.965302 3.309765
v 1.401095 -0.866696 3.309765
v 1.449669 -0.775820 3.309765
v 1.515039 -0.696167 3.309765
v 1.594692 -0.630797 3.309765
v 1.685568 -0.582223 3.309765
v 1.784175 -0.552311 3.309765
v 1.988685 -1.372914 3.448217
v 1.988685 -0.694041 3.448217
v 1.988685 -1.372914 3.309765
v 1.988685 -0.694041 3.309765
v 1.774343 -1.372914 3.448217
v 1.774343 -0.694041 3.448217
v 1.774343 -1.372914 3.309765
v 1.774343 -0.694041 3.309765
v 1.845790 -1.372914 3.309765
v 1.917237 -1.372914 3.309765
v 1.917237 -0.694041 3.309765
v 1.845790 -0.694041 3.309765
v 1.917237 -1.372914 3.479489
v 1.845790 -1.372914 3.479489
v 1.845790 -0.694041 3.479489
v 1.917237 -0.694041 3.479489
v 1.988685 -1.219259 3.510699
v 1.988685 -0.821917 3.510699
v 1.988685 -0.821917 3.309765
v 1.988685 -1.219259 3.309765
v 1.774343 -0.821917 3.309765
v 1.774343 -1.219259 3.309765
v 1.774343 -0.821917 3.510699
v 1.774343 -1.219259 3.510699
v 1.845790 -0.821917 3.541970
v 1.845790 -1.219259 3.541970
v 1.917237 -0.821917 3.541970
v 1.917237 -1.219259 3.541970
v 1.917237 -0.821917 3.309765
v 1.917237 -1.219259 3.309765
v 1.845790 -0.821917 3.309765
v 1.845790 -1.219259 3.309765
v 1.345404 -1.292070 2.973966
v 1.345404 -1.292070 3.240875
v 1.312062 -1.182156 3.240875
v 1.312062 -1.182156 2.973966
v 2.461379 -1.182156 2.973966
v 2.461379 -1.182156 3.240875
v 2.428037 -1.292070 3.240875
v 2.428037 -1.292070 2.973966
v 1.300804 -1.067849 3.240875
v 1.300804 -1.067849 2.973966
v 2.373893 -1.393367 3.240875
v 2.373893 -1.393367 2.973966
v 1.312062 -0.953542 3.240875
v 1.312062 -0.953542 2.973966
v 2.301026 -1.482155 3.240875
v 2.301026 -1.482155 2.973966
v 1.345405 -0.843628 3.240875
v 1.345405 -0.843628 2.973966
v 2.212238 -1.555021 3.240875
v 2.212238 -1.555022 2.973966
v 1.399549 -0.742331 3.240875
v 1.399549 -0.742331 2.973966
v 2.110941 -1.609166 3.240875
v 2.110941 -1.609166 2.973966
v 1.886721 -0.481933 2.973966
v 1.886721 -0.481933 3.240875
v 2.001027 -0.493191 3.240875
v 2.001027 -0.493191 2.973966
v 1.472416 -0.653543 3.240875
v 1.472416 -0.653544 2.973966
v 2.001027 -1.642508 3.240875
v 2.001027 -1.642508 2.973966
v 2.110941 -0.526533 3.240875
v 2.110941 -0.526533 2.973966
v 1.561203 -0.580677 3.240875
v 1.561203 -0.580677 2.973966
v 1.886720 -1.653766 3.240875
v 1.886720 -1.653766 2.973966
v 2.212238 -0.580678 3.240875
v 2.212238 -0.580678 2.973966
v 1.662501 -0.526533 3.240875
v 1.662501 -0.526533 2.973966
v 1.772414 -1.642508 3.240875
v 1.772414 -1.642508 2.973966
v 2.301026 -0.653544 3.240875
v 2.301026 -0.653544 2.973966
v 1.772415 -0.493191 3.240875
v 1.772415 -0.493191 2.973966
v 1.662500 -1.609166 3.240875
v 1.662500 -1.609166 2.973966
v 2.373893 -0.742332 3.240875
v 2.373893 -0.742332 2.973966
v 1.561203 -1.555021 3.240875
v 1.561203 -1.555021 2.973966
v 2.428037 -0.843629 3.240875
v 2.428037 -0.843629 2.973966
v 1.472415 -1.482155 3.240875
v 1.472415 -1.482155 2.973966
v 2.461379 -0.953543 3.240875
v 2.461379 -0.953543 2.973966
v 1.399549 -1.393367 3.240875
v 1.399549 -1.393367 2.973966
v 2.472637 -1.067850 3.240875
v 2.472637 -1.067850 2.973966
v 1.881514 -0.694041 3.309765
v 1.988685 -0.921252 3.309765
v 1.988685 -1.119924 3.309765
v 1.988685 -1.020588 3.309765
v 1.881514 -1.372914 3.309765
v 1.774343 -1.119924 3.309765
v 1.774343 -1.070256 3.309765
v 1.774343 -1.020588 3.309765
v 1.774343 -0.921252 3.309765
v 1.988685 -1.372914 3.317140
v 1.988685 -0.694041 3.317140
v 1.774343 -1.372914 3.317140
v 1.774343 -0.694041 3.317140
v 1.845790 -0.694041 3.317140
v 1.917237 -0.694041 3.317140
v 1.917237 -1.372914 3.317140
v 1.845790 -1.372914 3.317140
v 1.774343 -1.219259 3.317140
v 1.774343 -0.821917 3.317140
v 1.988685 -1.219259 3.317140
v 1.988685 -0.821917 3.317140
v 3.891031 0.174356 1.343634
v 3.888048 0.159963 1.341147
v 3.880716 0.147110 1.339338
v 3.869751 0.137055 1.338383
v 3.856227 0.130782 1.338376
v 3.841467 0.128906 1.339318
v 3.826917 0.131610 1.341117
v 3.814001 0.138629 1.343596
v 3.803983 0.149277 1.346513
v 3.797843 0.162511 1.349582
v 3.796184 0.177036 1.352503
v 3.928311 0.091699 1.775075
v 3.925572 0.077090 1.773926
v 3.918607 0.063911 1.774137
v 3.908097 0.053452 1.775687
v 3.895072 0.046737 1.778424
v 3.880805 0.044423 1.782081
v 3.866695 0.046737 1.786300
v 3.854122 0.053452 1.790667
v 3.844317 0.063911 1.794755
v 3.838239 0.077090 1.798165
v 3.836484 0.091699 1.800562
v 4.071903 0.072718 2.076092
v 4.070360 0.057917 2.076988
v 4.065668 0.044374 2.081088
v 4.058288 0.033413 2.087990
v 4.048941 0.026108 2.097019
v 4.038542 0.023174 2.107290
v 4.028110 0.024899 2.117800
v 4.018665 0.031112 2.127517
v 4.011132 0.041206 2.135493
v 4.006249 0.054194 2.140945
v 4.004493 0.068803 2.143341
v 4.371921 0.073107 2.219362
v 4.371494 0.058285 2.220908
v 4.369867 0.044685 2.226793
v 4.367201 0.033637 2.236441
v 4.363756 0.026223 2.248907
v 4.359869 0.023168 2.262972
v 4.355921 0.024772 2.277257
v 4.352298 0.030878 2.290367
v 4.349355 0.040888 2.301015
v 4.347380 0.053821 2.308162
v 4.346566 0.068413 2.311106
v 4.799047 0.073107 2.256379
v 4.798975 0.058285 2.257981
v 4.798707 0.044685 2.264081
v 4.798265 0.033637 2.274081
v 4.797695 0.026223 2.287002
v 4.797052 0.023168 2.301579
v 4.796399 0.024772 2.316386
v 4.795799 0.030878 2.329973
v 4.795312 0.040888 2.341010
v 4.794986 0.053821 2.348417
v 4.794851 0.068413 2.351469
v 5.273423 0.073107 2.256332
v 5.273423 0.058285 2.257936
v 5.273423 0.044685 2.264041
v 5.273423 0.033637 2.274051
v 5.273423 0.026223 2.286985
v 5.273423 0.023168 2.301577
v 5.273423 0.024772 2.316398
v 5.273423 0.030878 2.329998
v 5.273423 0.040888 2.341046
v 5.273423 0.053821 2.348460
v 5.273423 0.068413 2.351514
v 5.749915 0.073107 2.256332
v 5.749915 0.058285 2.257936
v 5.749915 0.044685 2.264041
v 5.749915 0.033637 2.274051
v 5.749915 0.026223 2.286985
v 5.749915 0.023168 2.301577
v 5.749915 0.024772 2.316398
v 5.749915 0.030878 2.329998
v 5.749915 0.040888 2.341046
v 5.749915 0.053821 2.348460
v 5.749915 0.068413 2.351514
v 6.226406 0.073107 2.256332
v 6.226406 0.058285 2.257936
v 6.226406 0.044685 2.264041
v 6.226406 0.033637 2.274051
v 6.226406 0.026223 2.286985
v 6.226406 0.023168 2.301577
v 6.226406 0.024772 2.316398
v 6.226406 0.030878 2.329998
v 6.226406 0.040888 2.341046
v 6.226406 0.053821 2.348460
v 6.226406 0.068413 2.351514
v 6.700783 0.073107 2.256379
v 6.700854 0.058285 2.257981
v 6.701123 0.044685 2.264081
v 6.701565 0.033637 2.274081
v 6.702135 0.026223 2.287002
v 6.702778 0.023168 2.301579
v 6.703431 0.024772 2.316386
v 6.704031 0.030878 2.329973
v 6.704517 0.040888 2.341010
v 6.704844 0.053821 2.348417
v 6.704979 0.068413 2.351469
v 7.127909 0.073107 2.219362
v 7.128336 0.058285 2.220908
v 7.129962 0.044685 2.226793
v 7.132629 0.033637 2.236441
v 7.136074 0.026223 2.248907
v 7.139961 0.023168 2.262972
v 7.143909 0.024772 2.277257
v 7.147532 0.030878 2.290367
v 7.150475 0.040888 2.301015
v 7.152449 0.053821 2.308162
v 7.153263 0.068413 2.311106
v 7.427927 0.072718 2.076092
v 7.429470 0.057917 2.076988
v 7.434162 0.044374 2.081088
v 7.441542 0.033413 2.087990
v 7.450889 0.026108 2.097019
v 7.461288 0.023174 2.107290
v 7.471720 0.024899 2.117800
v 7.481165 0.031112 2.127517
v 7.488698 0.041206 2.135493
v 7.493580 0.054194 2.140945
v 7.495337 0.068803 2.143341
v 7.571518 0.091699 1.775075
v 7.574258 0.077090 1.773926
v 7.581223 0.063911 1.774137
v 7.591733 0.053452 1.775687
v 7.604758 0.046737 1.778424
v 7.619024 0.044423 1.782081
v 7.633135 0.046737 1.786300
v 7.645708 0.053452 1.790667
v 7.655513 0.063911 1.794755
v 7.661591 0.077090 1.798165
v 7.663345 0.091699 1.800562
v 7.608401 0.174836 1.347319
v 7.610959 0.160150 1.347316
v 7.617926 0.146971 1.347519
v 7.628619 0.136591 1.347907
v 7.641993 0.130026 1.348443
v 7.656737 0.127917 1.349074
v 7.671410 0.130473 1.349738
v 7.684573 0.137441 1.350371
v 7.694940 0.148141 1.350909
v 7.701495 0.161525 1.351302
v 7.703596 0.176283 1.351510
v 7.608336 0.091045 0.868442
v 7.610863 0.076420 0.869840
v 7.617807 0.063287 0.871095
v 7.628487 0.052934 0.872085
v 7.641859 0.046372 0.872712
v 7.656613 0.044245 0.872915
v 7.671305 0.046761 0.872675
v 7.684497 0.053673 0.872014
v 7.694898 0.064305 0.870998
v 7.701489 0.077616 0.869726
v 7.703626 0.092303 0.868322
v 7.608336 0.080573 0.291468
v 7.610863 0.065896 0.290785
v 7.617807 0.052719 0.290171
v 7.628487 0.042329 0.289687
v 7.641859 0.035745 0.289380
v 7.656613 0.033610 0.289280
v 7.671305 0.036135 0.289398
v 7.684497 0.043071 0.289721
v 7.694898 0.053739 0.290218
v 7.701489 0.067096 0.290841
v 7.703626 0.081834 0.291528
v 3.891494 0.080573 0.291468
v 3.888966 0.065896 0.290785
v 3.882023 0.052719 0.290171
v 3.871343 0.042329 0.289687
v 3.857971 0.035745 0.289380
v 3.843217 0.033610 0.289281
v 3.828525 0.036135 0.289398
v 3.815332 0.043071 0.289721
v 3.804932 0.053739 0.290218
v 3.798340 0.067096 0.290841
v 3.796203 0.081834 0.291528
v 3.891494 0.091045 0.868442
v 3.888966 0.076420 0.869840
v 3.882023 0.063287 0.871095
v 3.871343 0.052934 0.872085
v 3.857971 0.046372 0.872712
v 3.843217 0.044245 0.872915
v 3.828525 0.046761 0.872675
v 3.815332 0.053673 0.872014
v 3.804932 0.064305 0.870998
v 3.798340 0.077616 0.869726
v 3.796203 0.092303 0.868322
v 3.891494 0.177419 1.355378
v 3.888966 0.167160 1.365896
v 3.882023 0.157949 1.375340
v 3.871343 0.150687 1.382786
v 3.857971 0.146085 1.387504
v 3.843217 0.144593 1.389034
v 3.828525 0.146357 1.387225
v 3.815332 0.151205 1.382254
v 3.804932 0.158663 1.374608
v 3.798340 0.167999 1.365036
v 3.796203 0.178301 1.354474
v 3.891494 0.450750 1.397369
v 3.888966 0.445538 1.411105
v 3.882023 0.440857 1.423439
v 3.871343 0.437167 1.433163
v 3.857971 0.434829 1.439326
v 3.843217 0.434070 1.441324
v 3.828525 0.434967 1.438961
v 3.815332 0.437430 1.432469
v 3.804932 0.441220 1.422484
v 3.798340 0.445964 1.409982
v 3.796203 0.451199 1.396188
v 3.891250 0.683788 1.549049
v 3.888485 0.672770 1.558704
v 3.881338 0.663134 1.567553
v 3.870510 0.655822 1.574731
v 3.857059 0.651549 1.579533
v 3.842302 0.650735 1.581492
v 3.827685 0.653459 1.580414
v 3.814637 0.659453 1.576405
v 3.804437 0.668133 1.569858
v 3.798082 0.678647 1.561413
v 3.796195 0.689967 1.551897
v 3.926824 0.802124 1.817416
v 3.923033 0.788634 1.822505
v 3.915209 0.777364 1.828339
v 3.904118 0.769419 1.834347
v 3.890845 0.765576 1.839942
v 3.876690 0.766210 1.844576
v 3.863037 0.771260 1.847794
v 3.851225 0.780232 1.849283
v 3.842408 0.792247 1.848895
v 3.837450 0.806129 1.846670
v 3.836836 0.820520 1.842825
v 4.068136 0.829296 2.078393
v 4.064404 0.815823 2.083569
v 4.057988 0.804967 2.091521
v 4.049519 0.797791 2.101472
v 4.039824 0.794997 2.112447
v 4.029852 0.796859 2.123372
v 4.020580 0.803195 2.133177
v 4.012916 0.813384 2.140903
v 4.007609 0.826429 2.145793
v 4.005179 0.841052 2.147369
v 4.005864 0.855824 2.145477
v 4.365897 0.828607 2.203403
v 4.364876 0.815215 2.209871
v 4.363260 0.804501 2.220111
v 4.361207 0.797515 2.233119
v 4.358917 0.794941 2.247624
v 4.356616 0.797030 2.262204
v 4.354528 0.803578 2.275433
v 4.352858 0.813945 2.286016
v 4.351768 0.827115 2.292916
v 4.351367 0.841799 2.295459
v 4.351693 0.856560 2.293396
v 4.775672 0.828607 2.174732
v 4.780053 0.815215 2.179599
v 4.786987 0.804501 2.187305
v 4.795796 0.797515 2.197095
v 4.805618 0.794941 2.208011
v 4.815492 0.797030 2.218983
v 4.824450 0.803578 2.228938
v 4.831617 0.813945 2.236902
v 4.836290 0.827115 2.242095
v 4.838012 0.841799 2.244009
v 4.836614 0.856560 2.242456
v 4.816670 0.828607 1.920630
v 4.822976 0.815215 1.922397
v 4.832958 0.804501 1.925193
v 4.845639 0.797515 1.928746
v 4.859779 0.794941 1.932707
v 4.873992 0.797030 1.936689
v 4.886889 0.803578 1.940302
v 4.897205 0.813945 1.943192
v 4.903932 0.827115 1.945077
v 4.906411 0.841799 1.945772
v 4.904399 0.856560 1.945208
v 4.937891 0.828607 1.592027
v 4.943755 0.815215 1.594941
v 4.953039 0.804501 1.599554
v 4.964833 0.797515 1.605413
v 4.977983 0.794941 1.611947
v 4.991202 0.797030 1.618515
v 5.003197 0.803578 1.624474
v 5.012792 0.813945 1.629241
v 5.019048 0.827115 1.632349
v 5.021353 0.841799 1.633494
v 5.019482 0.856560 1.632565
v 5.141401 0.828607 1.274256
v 5.146363 0.815215 1.278530
v 5.154218 0.804501 1.285295
v 5.164197 0.797515 1.293889
v 5.175324 0.794941 1.303471
v 5.186509 0.797030 1.313103
v 5.196657 0.803578 1.321843
v 5.204775 0.813945 1.328835
v 5.210069 0.827115 1.333393
v 5.212019 0.841799 1.335073
v 5.210436 0.856560 1.333709
v 5.420757 0.828607 1.031033
v 5.423887 0.815215 1.036785
v 5.428842 0.804501 1.045891
v 5.435137 0.797515 1.057458
v 5.442156 0.794941 1.070356
v 5.449212 0.797030 1.083322
v 5.455614 0.803578 1.095085
v 5.460734 0.813945 1.104496
v 5.464074 0.827115 1.110632
v 5.465304 0.841799 1.112893
v 5.464306 0.856560 1.111058
v 5.749915 0.828607 0.937484
v 5.749915 0.815215 0.944032
v 5.749915 0.804501 0.954399
v 5.749915 0.797515 0.967569
v 5.749915 0.794941 0.982253
v 5.749915 0.797030 0.997014
v 5.749915 0.803578 1.010406
v 5.749915 0.813945 1.021120
v 5.749915 0.827115 1.028105
v 5.749915 0.841799 1.030680
v 5.749915 0.856560 1.028591
v 6.079074 0.828607 1.031033
v 6.075943 0.815215 1.036785
v 6.070988 0.804501 1.045891
v 6.064693 0.797515 1.057458
v 6.057674 0.794941 1.070356
v 6.050619 0.797030 1.083322
v 6.044217 0.803578 1.095085
v 6.039096 0.813945 1.104496
v 6.035756 0.827115 1.110632
v 6.034526 0.841799 1.112893
v 6.035524 0.856560 1.111058
v 6.358428 0.828607 1.274256
v 6.353467 0.815215 1.278530
v 6.345611 0.804501 1.285295
v 6.335632 0.797515 1.293889
v 6.324506 0.794941 1.303471
v 6.313321 0.797030 1.313103
v 6.303173 0.803578 1.321843
v 6.295055 0.813945 1.328835
v 6.289761 0.827115 1.333393
v 6.287811 0.841799 1.335073
v 6.289394 0.856560 1.333709
v 6.561939 0.828607 1.592027
v 6.556075 0.815215 1.594941
v 6.546791 0.804501 1.599554
v 6.534997 0.797515 1.605413
v 6.521846 0.794941 1.611947
v 6.508627 0.797030 1.618515
v 6.496633 0.803578 1.624474
v 6.487038 0.813945 1.629241
v 6.480782 0.827115 1.632349
v 6.478477 0.841799 1.633494
v 6.480348 0.856560 1.632565
v 6.683160 0.828607 1.920630
v 6.676854 0.815215 1.922397
v 6.666872 0.804501 1.925193
v 6.654190 0.797515 1.928746
v 6.640051 0.794941 1.932707
v 6.625837 0.797030 1.936689
v 6.612941 0.803578 1.940302
v 6.602624 0.813945 1.943192
v 6.595898 0.827115 1.945077
v 6.593419 0.841799 1.945772
v 6.595431 0.856560 1.945208
v 6.724157 0.828607 2.174732
v 6.719777 0.815215 2.179599
v 6.712843 0.804501 2.187305
v 6.704033 0.797515 2.197095
v 6.694211 0.794941 2.208011
v 6.684338 0.797030 2.218983
v 6.675379 0.803578 2.228938
v 6.668213 0.813945 2.236902
v 6.663540 0.827115 2.242095
v 6.661818 0.841799 2.244009
v 6.663216 0.856560 2.242456
v 7.133933 0.828607 2.203403
v 7.134953 0.815215 2.209871
v 7.136569 0.804501 2.220111
v 7.138623 0.797515 2.233119
v 7.140913 0.794941 2.247624
v 7.143214 0.797030 2.262204
v 7.145301 0.803578 2.275433
v 7.146972 0.813945 2.286016
v 7.148061 0.827115 2.292916
v 7.148462 0.841799 2.295459
v 7.148136 0.856560 2.293396
v 7.431694 0.829296 2.078393
v 7.435426 0.815823 2.083569
v 7.441842 0.804967 2.091521
v 7.450311 0.797791 2.101472
v 7.460006 0.794997 2.112447
v 7.469977 0.796859 2.123372
v 7.479249 0.803195 2.133177
v 7.486914 0.813384 2.140903
v 7.492221 0.826429 2.145793
v 7.494651 0.841052 2.147369
v 7.493966 0.855824 2.145477
v 7.573006 0.802124 1.817416
v 7.576797 0.788634 1.822505
v 7.584621 0.777364 1.828339
v 7.595712 0.769419 1.834347
v 7.608984 0.765576 1.839942
v 7.623140 0.766210 1.844576
v 7.636793 0.771260 1.847794
v 7.648605 0.780232 1.849283
v 7.657422 0.792247 1.848895
v 7.662380 0.806129 1.846670
v 7.662993 0.820520 1.842825
v 7.608580 0.683788 1.549049
v 7.611344 0.672770 1.558704
v 7.618492 0.663134 1.567553
v 7.629320 0.655822 1.574730
v 7.642771 0.651549 1.579533
v 7.657527 0.650735 1.581492
v 7.672144 0.653459 1.580414
v 7.685193 0.659453 1.576405
v 7.695393 0.668133 1.569858
v 7.701748 0.678647 1.561413
v 7.703635 0.689967 1.551897
v 7.608336 0.450750 1.397369
v 7.610863 0.445538 1.411105
v 7.617807 0.440857 1.423439
v 7.628487 0.437167 1.433163
v 7.641859 0.434828 1.439326
v 7.656613 0.434070 1.441324
v 7.671305 0.434967 1.438961
v 7.684497 0.437430 1.432469
v 7.694898 0.441220 1.422484
v 7.701489 0.445964 1.409982
v 7.703626 0.451199 1.396188
v 7.608336 0.181969 1.357634
v 7.610863 0.179810 1.372166
v 7.617807 0.177872 1.385215
v 7.628487 0.176344 1.395504
v 7.641859 0.175375 1.402023
v 7.656613 0.175061 1.404137
v 7.671305 0.175433 1.401637
v 7.684497 0.176453 1.394769
v 7.694898 0.178022 1.384204
v 7.701489 0.179987 1.370978
v 7.703626 0.182155 1.356384
v 3.796869 0.192008 1.355303
v 3.836994 0.106827 1.802398
v 4.004384 0.084030 2.144117
v 4.346366 0.083642 2.311830
v 4.794818 0.083642 2.352219
v 5.273423 0.083642 2.352266
v 5.749915 0.083642 2.352266
v 6.226406 0.083642 2.352266
v 6.705011 0.083642 2.352219
v 7.153463 0.083642 2.311830
v 7.495446 0.084030 2.144117
v 7.662836 0.106827 1.802398
v 7.703360 0.191528 1.351619
v 7.703424 0.107480 0.866871
v 7.703424 0.097064 0.292237
v 3.796405 0.097064 0.292237
v 3.796405 0.107480 0.866871
v 3.796405 0.188946 1.343559
v 3.796405 0.456608 1.381933
v 3.796649 0.701532 1.541971
v 3.838481 0.834955 1.838199
v 4.008151 0.870448 2.141817
v 4.352390 0.871137 2.288978
v 4.833622 0.871136 2.239131
v 4.900093 0.871137 1.944002
v 5.015477 0.871137 1.630575
v 5.207047 0.871137 1.330791
v 5.462168 0.871137 1.107129
v 5.749915 0.871137 1.024118
v 6.037663 0.871137 1.107129
v 6.292783 0.871137 1.330791
v 6.484353 0.871137 1.630575
v 6.599737 0.871137 1.944002
v 6.666207 0.871136 2.239131
v 7.147439 0.871137 2.288978
v 7.491679 0.870448 2.141817
v 7.661348 0.834955 1.838200
v 7.703180 0.701532 1.541971
v 7.703424 0.456608 1.381933
v 7.703424 0.184395 1.341303
v 3.891716 0.189329 1.346434
v 3.928821 0.106827 1.776911
v 4.071794 0.087946 2.076869
v 4.371721 0.088336 2.220086
v 4.799013 0.088336 2.257129
v 5.273423 0.088336 2.257083
v 5.749915 0.088336 2.257083
v 6.226406 0.088336 2.257083
v 6.700817 0.088336 2.257129
v 7.128109 0.088336 2.220086
v 7.428036 0.087946 2.076869
v 7.571009 0.106827 1.776911
v 7.608165 0.190082 1.347428
v 7.608134 0.106223 0.866991
v 7.608134 0.095803 0.292178
v 3.891695 0.095803 0.292178
v 3.891695 0.106223 0.866991
v 3.891695 0.188064 1.344463
v 3.891695 0.456160 1.383114
v 3.891704 0.695353 1.539123
v 3.928469 0.816560 1.812790
v 4.070423 0.843920 2.074733
v 4.366594 0.843184 2.198985
v 4.772681 0.843184 2.171407
v 4.812364 0.843184 1.919424
v 4.933886 0.843184 1.590037
v 5.138013 0.843184 1.271338
v 5.418619 0.843184 1.027105
v 5.749915 0.843184 0.933012
v 6.081211 0.843184 1.027105
v 6.361817 0.843184 1.271338
v 6.565944 0.843184 1.590037
v 6.687466 0.843184 1.919424
v 6.727149 0.843184 2.171407
v 7.133235 0.843184 2.198985
v 7.429407 0.843920 2.074733
v 7.571361 0.816560 1.812790
v 7.608126 0.695353 1.539123
v 7.608134 0.456160 1.383114
v 7.608134 0.184210 1.342553
v 3.799851 0.206402 1.357790
v 3.807183 0.219255 1.359599
v 3.818148 0.229310 1.360554
v 3.831672 0.235582 1.360561
v 3.846432 0.237459 1.359619
v 3.860982 0.234755 1.357821
v 3.873898 0.227735 1.355342
v 3.883916 0.217087 1.352425
v 3.890056 0.203853 1.349355
v 3.839733 0.121436 1.803547
v 3.846698 0.134615 1.803336
v 3.857208 0.145073 1.801786
v 3.870234 0.151789 1.799048
v 3.884500 0.154102 1.795392
v 3.898610 0.151789 1.791173
v 3.911183 0.145073 1.786806
v 3.920988 0.134615 1.782717
v 3.927066 0.121436 1.779308
v 4.005927 0.098831 2.143221
v 4.010619 0.112375 2.139122
v 4.018000 0.123335 2.132220
v 4.027347 0.130640 2.123191
v 4.037745 0.133574 2.112919
v 4.048177 0.131850 2.102410
v 4.057622 0.125637 2.092692
v 4.065155 0.115542 2.084716
v 4.070038 0.102555 2.079265
v 4.346794 0.098463 2.310284
v 4.348420 0.112064 2.304399
v 4.351087 0.123112 2.294751
v 4.354531 0.130526 2.282284
v 4.358418 0.133580 2.268220
v 4.362367 0.131976 2.253934
v 4.365990 0.125871 2.240825
v 4.368932 0.115861 2.230176
v 4.370907 0.102928 2.223030
v 4.794889 0.098463 2.350616
v 4.795158 0.112064 2.344517
v 4.795599 0.123112 2.334517
v 4.796169 0.130526 2.321596
v 4.796812 0.133580 2.307019
v 4.797465 0.131976 2.292212
v 4.798065 0.125871 2.278625
v 4.798552 0.115861 2.267588
v 4.798879 0.102928 2.260180
v 5.273423 0.098463 2.350662
v 5.273423 0.112064 2.344556
v 5.273423 0.123112 2.334547
v 5.273423 0.130526 2.321613
v 5.273423 0.133580 2.307021
v 5.273423 0.131976 2.292200
v 5.273423 0.125871 2.278599
v 5.273423 0.115861 2.267551
v 5.273423 0.102928 2.260138
v 5.749915 0.098463 2.350662
v 5.749915 0.112064 2.344556
v 5.749915 0.123112 2.334547
v 5.749915 0.130526 2.321613
v 5.749915 0.133580 2.307021
v 5.749915 0.131976 2.292200
v 5.749915 0.125871 2.278599
v 5.749915 0.115861 2.267551
v 5.749915 0.102928 2.260138
v 6.226406 0.098463 2.350662
v 6.226406 0.112064 2.344556
v 6.226406 0.123112 2.334547
v 6.226406 0.130526 2.321613
v 6.226406 0.133580 2.307021
v 6.226406 0.131976 2.292200
v 6.226406 0.125871 2.278599
v 6.226406 0.115861 2.267551
v 6.226406 0.102928 2.260138
v 6.704941 0.098463 2.350616
v 6.704671 0.112064 2.344517
v 6.704231 0.123112 2.334517
v 6.703660 0.130526 2.321596
v 6.703018 0.133580 2.307019
v 6.702364 0.131976 2.292212
v 6.701765 0.125871 2.278625
v 6.701278 0.115861 2.267588
v 6.700951 0.102928 2.260180
v 7.153036 0.098463 2.310284
v 7.151409 0.112064 2.304399
v 7.148743 0.123112 2.294751
v 7.145298 0.130526 2.282284
v 7.141411 0.133580 2.268220
v 7.137463 0.131976 2.253934
v 7.133840 0.125871 2.240825
v 7.130897 0.115861 2.230176
v 7.128923 0.102928 2.223030
v 7.493903 0.098831 2.143221
v 7.489211 0.112375 2.139122
v 7.481831 0.123335 2.132220
v 7.472483 0.130640 2.123191
v 7.462085 0.133574 2.112919
v 7.451653 0.131850 2.102410
v 7.442208 0.125637 2.092692
v 7.434675 0.115542 2.084716
v 7.429791 0.102555 2.079265
v 7.660097 0.121436 1.803547
v 7.653131 0.134615 1.803336
v 7.642622 0.145073 1.801786
v 7.629597 0.151789 1.799048
v 7.615330 0.154102 1.795392
v 7.601220 0.151789 1.791173
v 7.588647 0.145073 1.786806
v 7.578841 0.134615 1.782717
v 7.572764 0.121436 1.779308
v 7.700801 0.206215 1.351621
v 7.693835 0.219393 1.351418
v 7.683142 0.229773 1.351030
v 7.669768 0.236339 1.350494
v 7.655023 0.238447 1.349863
v 7.640351 0.235892 1.349199
v 7.627187 0.228923 1.348567
v 7.616820 0.218223 1.348028
v 7.610266 0.204840 1.347635
v 7.700897 0.122105 0.865473
v 7.693954 0.135238 0.864218
v 7.683273 0.145592 0.863228
v 7.669901 0.152153 0.862601
v 7.655148 0.154280 0.862398
v 7.640455 0.151764 0.862638
v 7.627263 0.144852 0.863299
v 7.616862 0.134221 0.864315
v 7.610271 0.120910 0.865588
v 7.700897 0.111741 0.292921
v 7.693954 0.124919 0.293535
v 7.683273 0.135308 0.294019
v 7.669901 0.141892 0.294326
v 7.655148 0.144027 0.294425
v 7.640455 0.141502 0.294307
v 7.627263 0.134566 0.293984
v 7.616862 0.123898 0.293487
v 7.610271 0.110541 0.292865
v 3.798933 0.111741 0.292921
v 3.805876 0.124919 0.293535
v 3.816556 0.135308 0.294019
v 3.829928 0.141892 0.294326
v 3.844682 0.144027 0.294425
v 3.859374 0.141502 0.294307
v 3.872566 0.134566 0.293984
v 3.882967 0.123898 0.293487
v 3.889559 0.110541 0.292865
v 3.798933 0.122105 0.865473
v 3.805876 0.135238 0.864218
v 3.816556 0.145592 0.863228
v 3.829928 0.152153 0.862601
v 3.844682 0.154280 0.862398
v 3.859374 0.151764 0.862638
v 3.872566 0.144852 0.863299
v 3.882967 0.134221 0.864315
v 3.889559 0.120910 0.865588
v 3.798933 0.199204 1.333041
v 3.805876 0.208415 1.323597
v 3.816556 0.215678 1.316151
v 3.829928 0.220280 1.311433
v 3.844682 0.221772 1.309903
v 3.859374 0.220007 1.311712
v 3.872566 0.215159 1.316683
v 3.882967 0.207702 1.324329
v 3.889559 0.198366 1.333901
v 3.798933 0.461820 1.368197
v 3.805876 0.466501 1.355863
v 3.816556 0.470191 1.346138
v 3.829928 0.472529 1.339976
v 3.844682 0.473288 1.337978
v 3.859374 0.472391 1.340341
v 3.872566 0.469927 1.346833
v 3.882967 0.466138 1.356818
v 3.889559 0.461394 1.369320
v 3.799414 0.712550 1.532316
v 3.806561 0.722186 1.523467
v 3.817389 0.729499 1.516290
v 3.830840 0.733771 1.511487
v 3.845597 0.734585 1.509529
v 3.860214 0.731862 1.510607
v 3.873261 0.725867 1.514616
v 3.883462 0.717187 1.521163
v 3.889817 0.706673 1.529608
v 3.842272 0.848445 1.833110
v 3.850096 0.859715 1.827277
v 3.861187 0.867660 1.821268
v 3.874460 0.871504 1.815673
v 3.888615 0.870869 1.811039
v 3.902268 0.865819 1.807821
v 3.914080 0.856847 1.806333
v 3.922897 0.844832 1.806720
v 3.927855 0.830950 1.808945
v 4.011884 0.883921 2.136641
v 4.018299 0.894777 2.128688
v 4.026769 0.901953 2.118738
v 4.036464 0.904747 2.107762
v 4.046434 0.902885 2.096838
v 4.055706 0.896549 2.087032
v 4.063371 0.886360 2.079307
v 4.068678 0.873315 2.074416
v 4.071108 0.858692 2.072840
v 4.353411 0.884529 2.282510
v 4.355027 0.895243 2.272270
v 4.357080 0.902229 2.259261
v 4.359370 0.904803 2.244757
v 4.361671 0.902714 2.230176
v 4.363759 0.896165 2.216948
v 4.365429 0.885799 2.206365
v 4.366518 0.872629 2.199464
v 4.366920 0.857945 2.196921
v 4.829242 0.884529 2.234263
v 4.822309 0.895243 2.226558
v 4.813499 0.902229 2.216768
v 4.803677 0.904803 2.205853
v 4.793803 0.902714 2.194880
v 4.784845 0.896165 2.184925
v 4.777678 0.885799 2.176960
v 4.773005 0.872629 2.171768
v 4.771283 0.857945 2.169854
v 4.893787 0.884529 1.942235
v 4.883805 0.895243 1.939438
v 4.871123 0.902229 1.935885
v 4.856984 0.904803 1.931924
v 4.842770 0.902714 1.927942
v 4.829874 0.896165 1.924330
v 4.819558 0.885799 1.921439
v 4.812830 0.872629 1.919554
v 4.810352 0.857945 1.918860
v 5.009612 0.884529 1.627661
v 5.000329 0.895243 1.623049
v 4.988534 0.902229 1.617189
v 4.975384 0.904803 1.610655
v 4.962164 0.902714 1.604087
v 4.950171 0.896165 1.598129
v 4.940576 0.885799 1.593362
v 4.934319 0.872629 1.590253
v 4.932014 0.857945 1.589108
v 5.202085 0.884529 1.326518
v 5.194230 0.895243 1.319753
v 5.184251 0.902229 1.311159
v 5.173124 0.904803 1.301577
v 5.161940 0.902714 1.291944
v 5.151792 0.896166 1.283205
v 5.143673 0.885799 1.276213
v 5.138380 0.872629 1.271654
v 5.136429 0.857945 1.269974
v 5.459038 0.884529 1.101377
v 5.454082 0.895243 1.092272
v 5.447787 0.902229 1.080704
v 5.440768 0.904803 1.067806
v 5.433713 0.902714 1.054841
v 5.427311 0.896165 1.043077
v 5.422190 0.885799 1.033667
v 5.418851 0.872629 1.027531
v 5.417620 0.857945 1.025270
v 5.749915 0.884529 1.017570
v 5.749915 0.895243 1.007204
v 5.749915 0.902229 0.994034
v 5.749915 0.904803 0.979350
v 5.749915 0.902714 0.964589
v 5.749915 0.896165 0.951196
v 5.749915 0.885799 0.940483
v 5.749915 0.872629 0.933497
v 5.749915 0.857945 0.930922
v 6.040792 0.884529 1.101377
v 6.045747 0.895243 1.092272
v 6.052043 0.902229 1.080704
v 6.059062 0.904803 1.067806
v 6.066117 0.902714 1.054841
v 6.072519 0.896165 1.043077
v 6.077640 0.885799 1.033667
v 6.080979 0.872629 1.027531
v 6.082210 0.857945 1.025270
v 6.297745 0.884529 1.326518
v 6.305599 0.895243 1.319753
v 6.315579 0.902229 1.311159
v 6.326705 0.904803 1.301577
v 6.337890 0.902714 1.291944
v 6.348038 0.896165 1.283205
v 6.356156 0.885799 1.276213
v 6.361450 0.872629 1.271654
v 6.363400 0.857945 1.269974
v 6.490218 0.884529 1.627661
v 6.499501 0.895243 1.623049
v 6.511296 0.902229 1.617189
v 6.524446 0.904803 1.610655
v 6.537665 0.902714 1.604087
v 6.549659 0.896165 1.598129
v 6.559254 0.885799 1.593362
v 6.565510 0.872629 1.590253
v 6.567815 0.857945 1.589108
v 6.606043 0.884529 1.942235
v 6.616025 0.895243 1.939438
v 6.628706 0.902229 1.935885
v 6.642846 0.904803 1.931924
v 6.657060 0.902714 1.927942
v 6.669956 0.896165 1.924329
v 6.680273 0.885799 1.921439
v 6.686999 0.872629 1.919554
v 6.689478 0.857945 1.918860
v 6.670588 0.884529 2.234263
v 6.677521 0.895243 2.226558
v 6.686331 0.902229 2.216768
v 6.696153 0.904803 2.205853
v 6.706027 0.902714 2.194880
v 6.714985 0.896165 2.184925
v 6.722151 0.885799 2.176960
v 6.726824 0.872629 2.171768
v 6.728547 0.857945 2.169854
v 7.146418 0.884529 2.282510
v 7.144802 0.895243 2.272270
v 7.142749 0.902229 2.259261
v 7.140460 0.904803 2.244757
v 7.138158 0.902714 2.230176
v 7.136070 0.896165 2.216948
v 7.134400 0.885799 2.206365
v 7.133311 0.872629 2.199464
v 7.132910 0.857945 2.196921
v 7.487946 0.883921 2.136641
v 7.481531 0.894777 2.128688
v 7.473061 0.901953 2.118738
v 7.463366 0.904747 2.107762
v 7.453395 0.902885 2.096838
v 7.444123 0.896549 2.087032
v 7.436459 0.886360 2.079307
v 7.431152 0.873315 2.074416
v 7.428722 0.858692 2.072840
v 7.657557 0.848445 1.833110
v 7.649734 0.859715 1.827277
v 7.638642 0.867660 1.821268
v 7.625370 0.871504 1.815673
v 7.611214 0.870869 1.811039
v 7.597562 0.865819 1.807821
v 7.585749 0.856847 1.806333
v 7.576932 0.844832 1.806720
v 7.571975 0.830950 1.808945
v 7.700416 0.712550 1.532316
v 7.693269 0.722186 1.523467
v 7.682440 0.729499 1.516290
v 7.668990 0.733771 1.511487
v 7.654233 0.734585 1.509529
v 7.639616 0.731862 1.510607
v 7.626569 0.725867 1.514616
v 7.616368 0.717187 1.521163
v 7.610013 0.706673 1.529608
v 7.700897 0.461820 1.368197
v 7.693954 0.466501 1.355863
v 7.683273 0.470191 1.346138
v 7.669901 0.472529 1.339976
v 7.655148 0.473288 1.337978
v 7.640455 0.472391 1.340341
v 7.627263 0.469927 1.346833
v 7.616862 0.466138 1.356818
v 7.610271 0.461394 1.369320
v 7.700897 0.186554 1.326771
v 7.693954 0.188492 1.313722
v 7.683273 0.190021 1.303434
v 7.669901 0.190989 1.296914
v 7.655148 0.191303 1.294800
v 7.640455 0.190932 1.297300
v 7.627263 0.189912 1.304168
v 7.616862 0.188342 1.314733
v 7.610271 0.186377 1.327959
v 6.702999 0.842248 2.253935
v 6.702617 0.827524 2.251635
v 6.701507 0.814241 2.244958
v 6.699777 0.803699 2.234560
v 6.697598 0.796931 2.221457
v 6.695182 0.794599 2.206932
v 6.692767 0.796931 2.192407
v 6.690587 0.803699 2.179304
v 6.688858 0.814241 2.168905
v 6.687747 0.827524 2.162229
v 6.687365 0.842248 2.159928
v 6.231294 0.842248 2.332291
v 6.231055 0.827524 2.329971
v 6.230360 0.814241 2.323239
v 6.229279 0.803699 2.312753
v 6.227917 0.796931 2.299540
v 6.226406 0.794599 2.284893
v 6.224896 0.796931 2.270247
v 6.223534 0.803699 2.257033
v 6.222452 0.814241 2.246548
v 6.221758 0.827524 2.239816
v 6.221519 0.842248 2.237495
v 5.749915 0.842248 2.351948
v 5.749915 0.827524 2.349616
v 5.749915 0.814241 2.342848
v 5.749915 0.803699 2.332306
v 5.749915 0.796931 2.319023
v 5.749915 0.794599 2.304299
v 5.749915 0.796931 2.289575
v 5.749915 0.803699 2.276291
v 5.749915 0.814241 2.265750
v 5.749915 0.827524 2.258982
v 5.749915 0.842248 2.256649
v 5.268536 0.842248 2.332291
v 5.268775 0.827524 2.329971
v 5.269469 0.814241 2.323239
v 5.270551 0.803699 2.312753
v 5.271913 0.796931 2.299540
v 5.273423 0.794599 2.284893
v 5.274934 0.796931 2.270247
v 5.276296 0.803699 2.257033
v 5.277378 0.814241 2.246548
v 5.278072 0.827524 2.239816
v 5.278311 0.842248 2.237495
v 4.796831 0.842248 2.253935
v 4.797213 0.827524 2.251635
v 4.798324 0.814241 2.244958
v 4.800053 0.803699 2.234560
v 4.802232 0.796931 2.221457
v 4.804647 0.794599 2.206932
v 4.807063 0.796931 2.192407
v 4.809242 0.803699 2.179304
v 4.810972 0.814241 2.168905
v 4.812082 0.827524 2.162229
v 4.812465 0.842248 2.159928
v 6.687365 0.857496 2.159928
v 6.221519 0.857496 2.237495
v 5.749915 0.857496 2.256649
v 5.278311 0.857496 2.237495
v 4.812465 0.857496 2.159928
v 6.702999 0.857496 2.253935
v 6.231294 0.857496 2.332291
v 5.749915 0.857496 2.351948
v 5.268536 0.857496 2.332291
v 4.796831 0.857496 2.253935
v 6.687748 0.872220 2.162229
v 6.688858 0.885503 2.168905
v 6.690587 0.896045 2.179304
v 6.692767 0.902813 2.192407
v 6.695182 0.905145 2.206932
v 6.697598 0.902813 2.221457
v 6.699777 0.896045 2.234560
v 6.701507 0.885503 2.244958
v 6.702617 0.872220 2.251635
v 6.221758 0.872220 2.239816
v 6.222452 0.885503 2.246548
v 6.223534 0.896045 2.257033
v 6.224896 0.902813 2.270247
v 6.226406 0.905145 2.284893
v 6.227917 0.902813 2.299540
v 6.229279 0.896045 2.312753
v 6.230360 0.885503 2.323239
v 6.231055 0.872220 2.329971
v 5.749915 0.872220 2.258982
v 5.749915 0.885503 2.265750
v 5.749915 0.896045 2.276291
v 5.749915 0.902813 2.289575
v 5.749915 0.905145 2.304299
v 5.749915 0.902813 2.319023
v 5.749915 0.896045 2.332306
v 5.749915 0.885503 2.342848
v 5.749915 0.872220 2.349616
v 5.278072 0.872220 2.239816
v 5.277378 0.885503 2.246548
v 5.276296 0.896045 2.257033
v 5.274934 0.902813 2.270247
v 5.273423 0.905145 2.284893
v 5.271913 0.902813 2.299540
v 5.270551 0.896045 2.312753
v 5.269469 0.885503 2.323239
v 5.268775 0.872220 2.329971
v 4.812082 0.872220 2.162229
v 4.810972 0.885503 2.168905
v 4.809242 0.896045 2.179304
v 4.807063 0.902813 2.192407
v 4.804647 0.905145 2.206932
v 4.802232 0.902813 2.221457
v 4.800053 0.896045 2.234560
v 4.798324 0.885503 2.244958
v 4.797213 0.872220 2.251635
v 3.891031 0.174356 -0.546967
v 3.888048 0.159963 -0.544480
v 3.880716 0.147110 -0.542670
v 3.869751 0.137055 -0.541716
v 3.856227 0.130782 -0.541709
v 3.841467 0.128906 -0.542651
v 3.826917 0.131610 -0.544449
v 3.814001 0.138629 -0.546929
v 3.803983 0.149277 -0.549845
v 3.797843 0.162511 -0.552915
v 3.796184 0.177036 -0.555836
v 3.928311 0.091699 -0.978408
v 3.925572 0.077090 -0.977259
v 3.918607 0.063911 -0.977469
v 3.908097 0.053452 -0.979019
v 3.895072 0.046737 -0.981757
v 3.880805 0.044423 -0.985414
v 3.866695 0.046737 -0.989633
v 3.854122 0.053452 -0.994000
v 3.844317 0.063911 -0.998088
v 3.838239 0.077090 -1.001498
v 3.836484 0.091699 -1.003894
v 4.071903 0.072718 -1.279425
v 4.070360 0.057917 -1.280321
v 4.065668 0.044374 -1.284421
v 4.058288 0.033413 -1.291323
v 4.048941 0.026108 -1.300351
v 4.038542 0.023174 -1.310623
v 4.028110 0.024899 -1.321132
v 4.018665 0.031112 -1.330850
v 4.011132 0.041206 -1.338826
v 4.006249 0.054194 -1.344278
v 4.004493 0.068803 -1.346673
v 4.371921 0.073107 -1.422695
v 4.371494 0.058285 -1.424241
v 4.369867 0.044685 -1.430126
v 4.367201 0.033637 -1.439774
v 4.363756 0.026223 -1.452240
v 4.359869 0.023168 -1.466305
v 4.355921 0.024772 -1.480590
v 4.352298 0.030878 -1.493699
v 4.349355 0.040888 -1.504348
v 4.347380 0.053821 -1.511494
v 4.346566 0.068413 -1.514439
v 4.799047 0.073107 -1.459712
v 4.798975 0.058285 -1.461314
v 4.798707 0.044685 -1.467413
v 4.798265 0.033637 -1.477413
v 4.797695 0.026223 -1.490334
v 4.797052 0.023168 -1.504912
v 4.796399 0.024772 -1.519719
v 4.795799 0.030878 -1.533306
v 4.795312 0.040888 -1.544343
v 4.794986 0.053821 -1.551750
v 4.794851 0.068413 -1.554801
v 5.273423 0.073107 -1.459665
v 5.273423 0.058285 -1.461269
v 5.273423 0.044685 -1.467374
v 5.273423 0.033637 -1.477384
v 5.273423 0.026223 -1.490318
v 5.273423 0.023168 -1.504909
v 5.273423 0.024772 -1.519731
v 5.273423 0.030878 -1.533331
v 5.273423 0.040888 -1.544379
v 5.273423 0.053821 -1.551793
v 5.273423 0.068413 -1.554847
v 5.749915 0.073107 -1.459665
v 5.749915 0.058285 -1.461269
v 5.749915 0.044685 -1.467374
v 5.749915 0.033637 -1.477384
v 5.749915 0.026223 -1.490318
v 5.749915 0.023168 -1.504909
v 5.749915 0.024772 -1.519731
v 5.749915 0.030878 -1.533331
v 5.749915 0.040888 -1.544379
v 5.749915 0.053821 -1.551793
v 5.749915 0.068413 -1.554847
v 6.226406 0.073107 -1.459665
v 6.226406 0.058285 -1.461269
v 6.226406 0.044685 -1.467374
v 6.226406 0.033637 -1.477384
v 6.226406 0.026223 -1.490318
v 6.226406 0.023168 -1.504909
v 6.226406 0.024772 -1.519731
v 6.226406 0.030878 -1.533331
v 6.226406 0.040888 -1.544379
v 6.226406 0.053821 -1.551793
v 6.226406 0.068413 -1.554847
v 6.700783 0.073107 -1.459711
v 6.700854 0.058285 -1.461314
v 6.701123 0.044685 -1.467413
v 6.701565 0.033637 -1.477413
v 6.702135 0.026223 -1.490334
v 6.702778 0.023168 -1.504912
v 6.703431 0.024772 -1.519719
v 6.704031 0.030878 -1.533306
v 6.704517 0.040888 -1.544343
v 6.704844 0.053821 -1.551750
v 6.704979 0.068413 -1.554801
v 7.127909 0.073107 -1.422695
v 7.128336 0.058285 -1.424241
v 7.129962 0.044685 -1.430126
v 7.132629 0.033637 -1.439774
v 7.136074 0.026223 -1.452240
v 7.139961 0.023168 -1.466305
v 7.143909 0.024772 -1.480590
v 7.147532 0.030878 -1.493699
v 7.150475 0.040888 -1.504348
v 7.152449 0.053821 -1.511494
v 7.153263 0.068413 -1.514439
v 7.427927 0.072718 -1.279425
v 7.429470 0.057917 -1.280321
v 7.434162 0.044374 -1.284421
v 7.441542 0.033413 -1.291323
v 7.450889 0.026108 -1.300351
v 7.461288 0.023174 -1.310623
v 7.471720 0.024899 -1.321132
v 7.481165 0.031112 -1.330850
v 7.488698 0.041206 -1.338826
v 7.493580 0.054194 -1.344278
v 7.495337 0.068803 -1.346673
v 7.571518 0.091699 -0.978408
v 7.574258 0.077090 -0.977259
v 7.581223 0.063911 -0.977469
v 7.591733 0.053452 -0.979019
v 7.604758 0.046737 -0.981757
v 7.619024 0.044423 -0.985414
v 7.633135 0.046737 -0.989633
v 7.645708 0.053452 -0.994000
v 7.655513 0.063911 -0.998088
v 7.661591 0.077090 -1.001498
v 7.663345 0.091699 -1.003894
v 7.608401 0.174836 -0.550652
v 7.610959 0.160150 -0.550649
v 7.617926 0.146971 -0.550852
v 7.628619 0.136591 -0.551240
v 7.641993 0.130026 -0.551776
v 7.656737 0.127917 -0.552407
v 7.671410 0.130473 -0.553071
v 7.684573 0.137441 -0.553703
v 7.694940 0.148141 -0.554242
v 7.701495 0.161525 -0.554635
v 7.703596 0.176283 -0.554842
v 7.608336 0.091045 -0.071775
v 7.610863 0.076420 -0.073173
v 7.617807 0.063287 -0.074428
v 7.628487 0.052934 -0.075418
v 7.641859 0.046372 -0.076045
v 7.656613 0.044245 -0.076248
v 7.671305 0.046761 -0.076008
v 7.684497 0.053673 -0.075347
v 7.694898 0.064305 -0.074331
v 7.701489 0.077616 -0.073058
v 7.703626 0.092303 -0.071655
v 7.608336 0.080573 0.505199
v 7.610863 0.065896 0.505883
v 7.617807 0.052719 0.506496
v 7.628487 0.042329 0.506981
v 7.641859 0.035745 0.507287
v 7.656613 0.033610 0.507387
v 7.671305 0.036135 0.507269
v 7.684497 0.043071 0.506946
v 7.694898 0.053739 0.506449
v 7.701489 0.067096 0.505827
v 7.703626 0.081834 0.505140
v 3.891494 0.080573 0.505199
v 3.888966 0.065896 0.505883
v 3.882023 0.052719 0.506496
v 3.871343 0.042329 0.506981
v 3.857971 0.035745 0.507287
v 3.843217 0.033610 0.507387
v 3.828525 0.036135 0.507269
v 3.815332 0.043071 0.506946
v 3.804932 0.053739 0.506449
v 3.798340 0.067096 0.505827
v 3.796203 0.081834 0.505140
v 3.891494 0.091045 -0.071775
v 3.888966 0.076420 -0.073173
v 3.882023 0.063287 -0.074428
v 3.871343 0.052934 -0.075418
v 3.857971 0.046372 -0.076045
v 3.843217 0.044245 -0.076248
v 3.828525 0.046761 -0.076008
v 3.815332 0.053673 -0.075347
v 3.804932 0.064305 -0.074331
v 3.798340 0.077616 -0.073058
v 3.796203 0.092303 -0.071655
v 3.891494 0.177419 -0.558711
v 3.888966 0.167160 -0.569229
v 3.882023 0.157949 -0.578673
v 3.871343 0.150687 -0.586118
v 3.857971 0.146085 -0.590837
v 3.843217 0.144593 -0.592367
v 3.828525 0.146357 -0.590558
v 3.815332 0.151205 -0.585587
v 3.804932 0.158663 -0.577941
v 3.798340 0.167999 -0.568369
v 3.796203 0.178301 -0.557806
v 3.891494 0.450750 -0.600702
v 3.888966 0.445538 -0.614438
v 3.882023 0.440857 -0.626772
v 3.871343 0.437167 -0.636496
v 3.857971 0.434829 -0.642659
v 3.843217 0.434070 -0.644656
v 3.828525 0.434967 -0.642294
v 3.815332 0.437430 -0.635802
v 3.804932 0.441220 -0.625817
v 3.798340 0.445964 -0.613315
v 3.796203 0.451199 -0.599521
v 3.891250 0.683788 -0.752382
v 3.888485 0.672770 -0.762037
v 3.881338 0.663134 -0.770886
v 3.870510 0.655822 -0.778063
v 3.857059 0.651549 -0.782866
v 3.842302 0.650735 -0.784824
v 3.827685 0.653459 -0.783746
v 3.814637 0.659453 -0.779738
v 3.804437 0.668133 -0.773190
v 3.798082 0.678647 -0.764746
v 3.796195 0.689967 -0.755230
v 3.926824 0.802124 -1.020749
v 3.923033 0.788634 -1.025837
v 3.915209 0.777364 -1.031672
v 3.904118 0.769419 -1.037680
v 3.890845 0.765576 -1.043275
v 3.876690 0.766210 -1.047908
v 3.863037 0.771260 -1.051127
v 3.851225 0.780232 -1.052615
v 3.842408 0.792247 -1.052228
v 3.837450 0.806129 -1.050003
v 3.836836 0.820520 -1.046158
v 4.068136 0.829296 -1.281726
v 4.064404 0.815823 -1.286901
v 4.057988 0.804967 -1.294854
v 4.049519 0.797791 -1.304805
v 4.039824 0.794997 -1.315780
v 4.029852 0.796859 -1.326705
v 4.020580 0.803195 -1.336510
v 4.012916 0.813384 -1.344236
v 4.007609 0.826429 -1.349126
v 4.005179 0.841052 -1.350702
v 4.005864 0.855824 -1.348809
v 4.365897 0.828607 -1.406736
v 4.364876 0.815215 -1.413204
v 4.363260 0.804501 -1.423444
v 4.361207 0.797515 -1.436453
v 4.358917 0.794941 -1.450957
v 4.356616 0.797030 -1.465537
v 4.354528 0.803578 -1.478766
v 4.352858 0.813945 -1.489349
v 4.351768 0.827115 -1.496249
v 4.351367 0.841799 -1.498792
v 4.351693 0.856560 -1.496728
v 4.775672 0.828607 -1.378065
v 4.780053 0.815215 -1.382932
v 4.786987 0.804501 -1.390638
v 4.795796 0.797515 -1.400428
v 4.805618 0.794941 -1.411343
v 4.815492 0.797030 -1.422316
v 4.824450 0.803578 -1.432271
v 4.831617 0.813945 -1.440235
v 4.836290 0.827115 -1.445428
v 4.838012 0.841799 -1.447342
v 4.836614 0.856560 -1.445789
v 4.816670 0.828607 -1.123963
v 4.822976 0.815215 -1.125730
v 4.832958 0.804501 -1.128526
v 4.845639 0.797515 -1.132079
v 4.859779 0.794941 -1.136040
v 4.873992 0.797030 -1.140022
v 4.886889 0.803578 -1.143635
v 4.897205 0.813945 -1.146525
v 4.903932 0.827115 -1.148410
v 4.906411 0.841799 -1.149104
v 4.904399 0.856560 -1.148541
v 4.937891 0.828607 -0.795360
v 4.943755 0.815215 -0.798274
v 4.953039 0.804501 -0.802886
v 4.964833 0.797515 -0.808746
v 4.977983 0.794941 -0.815280
v 4.991202 0.797030 -0.821847
v 5.003197 0.803578 -0.827806
v 5.012792 0.813945 -0.832573
v 5.019048 0.827115 -0.835682
v 5.021353 0.841799 -0.836827
v 5.019482 0.856560 -0.835897
v 5.141401 0.828607 -0.477589
v 5.146363 0.815215 -0.481862
v 5.154218 0.804501 -0.488627
v 5.164197 0.797515 -0.497221
v 5.175324 0.794941 -0.506804
v 5.186509 0.797030 -0.516436
v 5.196657 0.803578 -0.525176
v 5.204775 0.813945 -0.532167
v 5.210069 0.827115 -0.536726
v 5.212019 0.841799 -0.538406
v 5.210436 0.856560 -0.537042
v 5.420757 0.828607 -0.234366
v 5.423887 0.815215 -0.240118
v 5.428842 0.804501 -0.249223
v 5.435137 0.797515 -0.260791
v 5.442156 0.794941 -0.273689
v 5.449212 0.797030 -0.286654
v 5.455614 0.803578 -0.298418
v 5.460734 0.813945 -0.307828
v 5.464074 0.827115 -0.313965
v 5.465304 0.841799 -0.316226
v 5.464306 0.856560 -0.314391
v 5.749915 0.828607 -0.140817
v 5.749915 0.815215 -0.147365
v 5.749915 0.804501 -0.157732
v 5.749915 0.797515 -0.170902
v 5.749915 0.794941 -0.185585
v 5.749915 0.797030 -0.200346
v 5.749915 0.803578 -0.213739
v 5.749915 0.813945 -0.224452
v 5.749915 0.827115 -0.231438
v 5.749915 0.841799 -0.234013
v 5.749915 0.856560 -0.231924
v 6.079074 0.828607 -0.234366
v 6.075943 0.815215 -0.240118
v 6.070988 0.804501 -0.249223
v 6.064693 0.797515 -0.260791
v 6.057674 0.794941 -0.273689
v 6.050619 0.797030 -0.286654
v 6.044217 0.803578 -0.298418
v 6.039096 0.813945 -0.307828
v 6.035756 0.827115 -0.313965
v 6.034526 0.841799 -0.316226
v 6.035524 0.856560 -0.314391
v 6.358428 0.828607 -0.477589
v 6.353467 0.815215 -0.481862
v 6.345611 0.804501 -0.488627
v 6.335632 0.797515 -0.497221
v 6.324506 0.794941 -0.506804
v 6.313321 0.797030 -0.516436
v 6.303173 0.803578 -0.525176
v 6.295055 0.813945 -0.532167
v 6.289761 0.827115 -0.536726
v 6.287811 0.841799 -0.538406
v 6.289394 0.856560 -0.537042
v 6.561939 0.828607 -0.795360
v 6.556075 0.815215 -0.798274
v 6.546791 0.804501 -0.802886
v 6.534997 0.797515 -0.808746
v 6.521846 0.794941 -0.815280
v 6.508627 0.797030 -0.821847
v 6.496633 0.803578 -0.827806
v 6.487038 0.813945 -0.832573
v 6.480782 0.827115 -0.835682
v 6.478477 0.841799 -0.836827
v 6.480348 0.856560 -0.835897
v 6.683160 0.828607 -1.123963
v 6.676854 0.815215 -1.125730
v 6.666872 0.804501 -1.128526
v 6.654190 0.797515 -1.132079
v 6.640051 0.794941 -1.136040
v 6.625837 0.797030 -1.140022
v 6.612941 0.803578 -1.143635
v 6.602624 0.813945 -1.146525
v 6.595898 0.827115 -1.148410
v 6.593419 0.841799 -1.149104
v 6.595431 0.856560 -1.148541
v 6.724157 0.828607 -1.378065
v 6.719777 0.815215 -1.382932
v 6.712843 0.804501 -1.390638
v 6.704033 0.797515 -1.400428
v 6.694211 0.794941 -1.411343
v 6.684338 0.797030 -1.422316
v 6.675379 0.803578 -1.432271
v 6.668213 0.813945 -1.440235
v 6.663540 0.827115 -1.445428
v 6.661818 0.841799 -1.447342
v 6.663216 0.856560 -1.445789
v 7.133933 0.828607 -1.406736
v 7.134953 0.815215 -1.413204
v 7.136569 0.804501 -1.423444
v 7.138623 0.797515 -1.436453
v 7.140913 0.794941 -1.450957
v 7.143214 0.797030 -1.465537
v 7.145301 0.803578 -1.478766
v 7.146972 0.813945 -1.489349
v 7.148061 0.827115 -1.496249
v 7.148462 0.841799 -1.498792
v 7.148136 0.856560 -1.496728
v 7.431694 0.829296 -1.281725
v 7.435426 0.815823 -1.286901
v 7.441842 0.804967 -1.294854
v 7.450311 0.797791 -1.304805
v 7.460006 0.794997 -1.315780
v 7.469977 0.796859 -1.326705
v 7.479249 0.803195 -1.336510
v 7.486914 0.813384 -1.344236
v 7.492221 0.826429 -1.349126
v 7.494651 0.841052 -1.350702
v 7.493966 0.855824 -1.348809
v 7.573006 0.802124 -1.020748
v 7.576797 0.788634 -1.025837
v 7.584621 0.777364 -1.031672
v 7.595712 0.769419 -1.037680
v 7.608984 0.765576 -1.043275
v 7.623140 0.766210 -1.047908
v 7.636793 0.771260 -1.051127
v 7.648605 0.780232 -1.052615
v 7.657422 0.792247 -1.052228
v 7.662380 0.806129 -1.050003
v 7.662993 0.820520 -1.046158
v 7.608580 0.683788 -0.752382
v 7.611344 0.672770 -0.762037
v 7.618492 0.663134 -0.770886
v 7.629320 0.655822 -0.778063
v 7.642771 0.651549 -0.782866
v 7.657527 0.650735 -0.784824
v 7.672144 0.653459 -0.783746
v 7.685193 0.659453 -0.779738
v 7.695393 0.668133 -0.773190
v 7.701748 0.678647 -0.764746
v 7.703635 0.689967 -0.755230
v 7.608336 0.450750 -0.600702
v 7.610863 0.445538 -0.614438
v 7.617807 0.440857 -0.626772
v 7.628487 0.437167 -0.636496
v 7.641859 0.434828 -0.642659
v 7.656613 0.434070 -0.644656
v 7.671305 0.434967 -0.642294
v 7.684497 0.437430 -0.635802
v 7.694898 0.441220 -0.625817
v 7.701489 0.445964 -0.613315
v 7.703626 0.451199 -0.599521
v 7.608336 0.181969 -0.560966
v 7.610863 0.179810 -0.575499
v 7.617807 0.177872 -0.588548
v 7.628487 0.176344 -0.598836
v 7.641859 0.175375 -0.605356
v 7.656613 0.175061 -0.607470
v 7.671305 0.175433 -0.604970
v 7.684497 0.176453 -0.598102
v 7.694898 0.178022 -0.587537
v 7.701489 0.179987 -0.574311
v 7.703626 0.182155 -0.559717
v 3.796869 0.192008 -0.558636
v 3.836994 0.106827 -1.005730
v 4.004384 0.084030 -1.347450
v 4.346366 0.083642 -1.515162
v 4.794818 0.083642 -1.555552
v 5.273423 0.083642 -1.555598
v 5.749915 0.083642 -1.555598
v 6.226406 0.083642 -1.555598
v 6.705011 0.083642 -1.555552
v 7.153463 0.083642 -1.515162
v 7.495446 0.084030 -1.347450
v 7.662836 0.106827 -1.005730
v 7.703360 0.191528 -0.554951
v 7.703424 0.107480 -0.070204
v 7.703424 0.097064 0.504430
v 3.796405 0.097064 0.504430
v 3.796405 0.107480 -0.070204
v 3.796405 0.188946 -0.546892
v 3.796405 0.456608 -0.585266
v 3.796649 0.701532 -0.745304
v 3.838481 0.834955 -1.041532
v 4.008151 0.870448 -1.345150
v 4.352390 0.871137 -1.492311
v 4.833622 0.871136 -1.442464
v 4.900093 0.871137 -1.147334
v 5.015477 0.871137 -0.833907
v 5.207047 0.871137 -0.534124
v 5.462168 0.871137 -0.310462
v 5.749915 0.871137 -0.227451
v 6.037663 0.871137 -0.310462
v 6.292783 0.871137 -0.534124
v 6.484353 0.871137 -0.833907
v 6.599737 0.871137 -1.147334
v 6.666207 0.871136 -1.442464
v 7.147439 0.871137 -1.492311
v 7.491679 0.870448 -1.345150
v 7.661348 0.834955 -1.041532
v 7.703180 0.701532 -0.745304
v 7.703424 0.456608 -0.585266
v 7.703424 0.184395 -0.544636
v 3.891716 0.189329 -0.549767
v 3.928821 0.106827 -0.980244
v 4.071794 0.087946 -1.280201
v 4.371721 0.088336 -1.423419
v 4.799013 0.088336 -1.460462
v 5.273423 0.088336 -1.460416
v 5.749915 0.088336 -1.460416
v 6.226406 0.088336 -1.460416
v 6.700817 0.088336 -1.460462
v 7.128109 0.088336 -1.423419
v 7.571009 0.106827 -0.980244
v 7.608165 0.190082 -0.550760
v 7.608134 0.106223 -0.070324
v 7.608134 0.095803 0.504489
v 3.891695 0.095803 0.504489
v 3.891695 0.106223 -0.070324
v 3.891695 0.188064 -0.547796
v 3.891695 0.456160 -0.586447
v 3.891704 0.695353 -0.742456
v 3.928469 0.816560 -1.016123
v 4.772681 0.843184 -1.374740
v 4.812364 0.843184 -1.122756
v 4.933886 0.843184 -0.793370
v 5.138013 0.843184 -0.474671
v 5.418619 0.843184 -0.230438
v 5.749915 0.843184 -0.136344
v 6.081211 0.843184 -0.230438
v 6.361817 0.843184 -0.474671
v 6.565944 0.843184 -0.793370
v 6.687466 0.843184 -1.122756
v 6.727149 0.843184 -1.374740
v 7.133235 0.843184 -1.402318
v 7.429407 0.843920 -1.278065
v 7.608126 0.695353 -0.742456
v 7.608134 0.456160 -0.586447
v 7.608134 0.184210 -0.545886
v 3.799851 0.206402 -0.561123
v 3.807183 0.219255 -0.562932
v 3.818148 0.229310 -0.563887
v 3.831672 0.235582 -0.563894
v 3.846432 0.237459 -0.562952
v 3.860982 0.234755 -0.561153
v 3.873898 0.227735 -0.558674
v 3.883916 0.217087 -0.555757
v 3.890056 0.203853 -0.552688
v 3.839733 0.121436 -1.006879
v 3.846698 0.134615 -1.006669
v 3.857208 0.145073 -1.005119
v 3.870234 0.151789 -1.002381
v 3.884500 0.154102 -0.998724
v 3.898610 0.151789 -0.994506
v 3.911183 0.145073 -0.990138
v 3.920988 0.134615 -0.986050
v 3.927066 0.121436 -0.982641
v 4.005927 0.098831 -1.346554
v 4.010619 0.112375 -1.342454
v 4.018000 0.123335 -1.335552
v 4.027347 0.130640 -1.326524
v 4.037745 0.133574 -1.316252
v 4.048177 0.131850 -1.305743
v 4.057622 0.125637 -1.296025
v 4.065155 0.115542 -1.288049
v 4.070038 0.102555 -1.282597
v 4.346794 0.098463 -1.513616
v 4.348420 0.112064 -1.507731
v 4.351087 0.123112 -1.498084
v 4.354531 0.130526 -1.485617
v 4.358418 0.133580 -1.471553
v 4.362367 0.131976 -1.457267
v 4.365990 0.125871 -1.444158
v 4.368932 0.115861 -1.433509
v 4.370907 0.102928 -1.426363
v 4.794889 0.098463 -1.553949
v 4.795158 0.112064 -1.547850
v 4.795599 0.123112 -1.537850
v 4.796169 0.130526 -1.524929
v 4.796812 0.133580 -1.510352
v 4.797465 0.131976 -1.495544
v 4.798065 0.125871 -1.481957
v 4.798552 0.115861 -1.470920
v 4.798879 0.102928 -1.463513
v 5.273423 0.098463 -1.553994
v 5.273423 0.112064 -1.547889
v 5.273423 0.123112 -1.537879
v 5.273423 0.130526 -1.524946
v 5.273423 0.133580 -1.510354
v 5.273423 0.131976 -1.495533
v 5.273423 0.125871 -1.481932
v 5.273423 0.115861 -1.470884
v 5.273423 0.102928 -1.463470
v 5.749915 0.098463 -1.553994
v 5.749915 0.112064 -1.547889
v 5.749915 0.123112 -1.537879
v 5.749915 0.130526 -1.524946
v 5.749915 0.133580 -1.510354
v 5.749915 0.131976 -1.495533
v 5.749915 0.125871 -1.481932
v 5.749915 0.115861 -1.470884
v 5.749915 0.102928 -1.463470
v 6.226406 0.098463 -1.553994
v 6.226406 0.112064 -1.547889
v 6.226406 0.123112 -1.537879
v 6.226406 0.130526 -1.524946
v 6.226406 0.133580 -1.510354
v 6.226406 0.131976 -1.495533
v 6.226406 0.125871 -1.481932
v 6.226406 0.115861 -1.470884
v 6.226406 0.102928 -1.463470
v 6.704941 0.098463 -1.553949
v 6.704671 0.112064 -1.547850
v 6.704231 0.123112 -1.537850
v 6.703660 0.130526 -1.524929
v 6.703018 0.133580 -1.510352
v 6.702364 0.131976 -1.495544
v 6.701765 0.125871 -1.481957
v 6.701278 0.115861 -1.470920
v 6.700951 0.102928 -1.463513
v 7.153036 0.098463 -1.513616
v 7.151409 0.112064 -1.507731
v 7.148743 0.123112 -1.498084
v 7.145298 0.130526 -1.485617
v 7.141411 0.133580 -1.471553
v 7.137463 0.131976 -1.457267
v 7.133840 0.125871 -1.444158
v 7.130897 0.115861 -1.433509
v 7.128923 0.102928 -1.426363
v 7.493903 0.098831 -1.346554
v 7.489211 0.112375 -1.342454
v 7.481831 0.123335 -1.335552
v 7.472483 0.130640 -1.326524
v 7.462085 0.133574 -1.316252
v 7.451653 0.131850 -1.305743
v 7.442208 0.125637 -1.296025
v 7.434675 0.115542 -1.288049
v 7.429791 0.102555 -1.282597
v 7.428036 0.087946 -1.280201
v 7.660097 0.121436 -1.006879
v 7.653131 0.134615 -1.006669
v 7.642622 0.145073 -1.005119
v 7.629597 0.151789 -1.002381
v 7.615330 0.154102 -0.998724
v 7.601220 0.151789 -0.994506
v 7.588647 0.145073 -0.990138
v 7.578841 0.134615 -0.986050
v 7.572764 0.121436 -0.982640
v 7.700801 0.206215 -0.554954
v 7.693835 0.219393 -0.554751
v 7.683142 0.229773 -0.554363
v 7.669768 0.236339 -0.553827
v 7.655023 0.238447 -0.553196
v 7.640351 0.235892 -0.552532
v 7.627187 0.228923 -0.551899
v 7.616820 0.218223 -0.551360
v 7.610266 0.204840 -0.550968
v 7.700897 0.122105 -0.068806
v 7.693954 0.135238 -0.067551
v 7.683273 0.145592 -0.066561
v 7.669901 0.152153 -0.065934
v 7.655148 0.154280 -0.065731
v 7.640455 0.151764 -0.065971
v 7.627263 0.144852 -0.066632
v 7.616862 0.134221 -0.067648
v 7.610271 0.120910 -0.068920
v 7.700897 0.111741 0.503747
v 7.693954 0.124919 0.503132
v 7.683273 0.135308 0.502648
v 7.669901 0.141892 0.502342
v 7.655148 0.144027 0.502242
v 7.640455 0.141502 0.502360
v 7.627263 0.134566 0.502683
v 7.616862 0.123898 0.503180
v 7.610271 0.110541 0.503803
v 3.798933 0.111741 0.503747
v 3.805876 0.124919 0.503132
v 3.816556 0.135308 0.502648
v 3.829928 0.141892 0.502342
v 3.844682 0.144027 0.502242
v 3.859374 0.141502 0.502360
v 3.872566 0.134566 0.502683
v 3.882967 0.123898 0.503180
v 3.889559 0.110541 0.503802
v 3.798933 0.122105 -0.068806
v 3.805876 0.135238 -0.067551
v 3.816556 0.145592 -0.066561
v 3.829928 0.152153 -0.065934
v 3.844682 0.154280 -0.065731
v 3.859374 0.151764 -0.065971
v 3.872566 0.144852 -0.066632
v 3.882967 0.134221 -0.067648
v 3.889559 0.120910 -0.068920
v 3.798933 0.199204 -0.536374
v 3.805876 0.208415 -0.526930
v 3.816556 0.215678 -0.519484
v 3.829928 0.220280 -0.514766
v 3.844682 0.221772 -0.513236
v 3.859374 0.220007 -0.515045
v 3.872566 0.215159 -0.520016
v 3.882967 0.207702 -0.527662
v 3.889559 0.198366 -0.537234
v 3.798933 0.461820 -0.571530
v 3.805876 0.466501 -0.559196
v 3.816556 0.470191 -0.549471
v 3.829928 0.472529 -0.543309
v 3.844682 0.473288 -0.541311
v 3.859374 0.472391 -0.543674
v 3.872566 0.469927 -0.550166
v 3.882967 0.466138 -0.560151
v 3.889559 0.461394 -0.572653
v 3.799414 0.712550 -0.735649
v 3.806561 0.722186 -0.726800
v 3.817389 0.729499 -0.719623
v 3.830840 0.733771 -0.714820
v 3.845597 0.734585 -0.712861
v 3.860214 0.731862 -0.713940
v 3.873261 0.725867 -0.717948
v 3.883462 0.717187 -0.724495
v 3.889817 0.706673 -0.732940
v 3.842272 0.848445 -1.036443
v 3.850096 0.859715 -1.030609
v 3.861187 0.867660 -1.024600
v 3.874460 0.871504 -1.019006
v 3.888615 0.870869 -1.014372
v 3.902268 0.865819 -1.011154
v 3.914080 0.856847 -1.009665
v 3.922897 0.844832 -1.010053
v 3.927855 0.830950 -1.012278
v 4.011884 0.883921 -1.339974
v 4.018299 0.894777 -1.332021
v 4.026769 0.901953 -1.322070
v 4.036464 0.904747 -1.311095
v 4.046434 0.902885 -1.300171
v 4.055706 0.896549 -1.290365
v 4.063371 0.886360 -1.282639
v 4.068678 0.873315 -1.277749
v 4.071108 0.858692 -1.276173
v 4.070423 0.843920 -1.278066
v 4.353411 0.884529 -1.485842
v 4.355027 0.895243 -1.475603
v 4.357080 0.902229 -1.462594
v 4.359370 0.904803 -1.448090
v 4.361671 0.902714 -1.433509
v 4.363759 0.896165 -1.420280
v 4.365429 0.885799 -1.409698
v 4.366518 0.872629 -1.402797
v 4.366920 0.857945 -1.400254
v 4.366594 0.843184 -1.402318
v 4.829242 0.884529 -1.437596
v 4.822309 0.895243 -1.429891
v 4.813499 0.902229 -1.420101
v 4.803677 0.904803 -1.409185
v 4.793803 0.902714 -1.398213
v 4.784845 0.896165 -1.388258
v 4.777678 0.885799 -1.380293
v 4.773005 0.872629 -1.375100
v 4.771283 0.857945 -1.373187
v 4.893787 0.884529 -1.145568
v 4.883805 0.895243 -1.142771
v 4.871123 0.902229 -1.139218
v 4.856984 0.904803 -1.135257
v 4.842770 0.902714 -1.131275
v 4.829874 0.896165 -1.127662
v 4.819558 0.885799 -1.124772
v 4.812830 0.872629 -1.122887
v 4.810352 0.857945 -1.122193
v 5.009612 0.884529 -0.830994
v 5.000329 0.895243 -0.826381
v 4.988534 0.902229 -0.820522
v 4.975384 0.904803 -0.813988
v 4.962164 0.902714 -0.807420
v 4.950171 0.896165 -0.801462
v 4.940576 0.885799 -0.796695
v 4.934319 0.872629 -0.793586
v 4.932014 0.857945 -0.792441
v 5.202085 0.884529 -0.529851
v 5.194230 0.895243 -0.523086
v 5.184251 0.902229 -0.514492
v 5.173124 0.904803 -0.504909
v 5.161940 0.902714 -0.495277
v 5.151792 0.896166 -0.486537
v 5.143673 0.885799 -0.479546
v 5.138380 0.872629 -0.474987
v 5.136429 0.857945 -0.473307
v 5.459038 0.884529 -0.304711
v 5.454082 0.895243 -0.295605
v 5.447787 0.902229 -0.284037
v 5.440768 0.904803 -0.271139
v 5.433713 0.902714 -0.258174
v 5.427311 0.896165 -0.246410
v 5.422190 0.885799 -0.237000
v 5.418851 0.872629 -0.230864
v 5.417620 0.857945 -0.228603
v 5.749915 0.884529 -0.220903
v 5.749915 0.895243 -0.210536
v 5.749915 0.902229 -0.197366
v 5.749915 0.904803 -0.182683
v 5.749915 0.902714 -0.167922
v 5.749915 0.896165 -0.154529
v 5.749915 0.885799 -0.143815
v 5.749915 0.872629 -0.136829
v 5.749915 0.857945 -0.134255
v 6.040792 0.884529 -0.304711
v 6.045747 0.895243 -0.295605
v 6.052043 0.902229 -0.284037
v 6.059062 0.904803 -0.271139
v 6.066117 0.902714 -0.258174
v 6.072519 0.896165 -0.246410
v 6.077640 0.885799 -0.237000
v 6.080979 0.872629 -0.230864
v 6.082210 0.857945 -0.228603
v 6.297745 0.884529 -0.529851
v 6.305599 0.895243 -0.523086
v 6.315579 0.902229 -0.514492
v 6.326705 0.904803 -0.504909
v 6.337890 0.902714 -0.495277
v 6.348038 0.896165 -0.486537
v 6.356156 0.885799 -0.479546
v 6.361450 0.872629 -0.474987
v 6.363400 0.857945 -0.473307
v 6.490218 0.884529 -0.830994
v 6.499501 0.895243 -0.826381
v 6.511296 0.902229 -0.820522
v 6.524446 0.904803 -0.813988
v 6.537665 0.902714 -0.807420
v 6.549659 0.896165 -0.801461
v 6.559254 0.885799 -0.796695
v 6.565510 0.872629 -0.793586
v 6.567815 0.857945 -0.792441
v 6.606043 0.884529 -1.145568
v 6.616025 0.895243 -1.142771
v 6.628706 0.902229 -1.139218
v 6.642846 0.904803 -1.135257
v 6.657060 0.902714 -1.131275
v 6.669956 0.896165 -1.127662
v 6.680273 0.885799 -1.124772
v 6.686999 0.872629 -1.122887
v 6.689478 0.857945 -1.122193
v 6.670588 0.884529 -1.437596
v 6.677521 0.895243 -1.429891
v 6.686331 0.902229 -1.420101
v 6.696153 0.904803 -1.409185
v 6.706027 0.902714 -1.398213
v 6.714985 0.896165 -1.388258
v 6.722151 0.885799 -1.380293
v 6.726824 0.872629 -1.375100
v 6.728547 0.857945 -1.373187
v 7.146418 0.884529 -1.485842
v 7.144802 0.895243 -1.475603
v 7.142749 0.902229 -1.462594
v 7.140460 0.904803 -1.448090
v 7.138158 0.902714 -1.433509
v 7.136070 0.896165 -1.420280
v 7.134400 0.885799 -1.409698
v 7.133311 0.872629 -1.402797
v 7.132910 0.857945 -1.400254
v 7.487946 0.883921 -1.339974
v 7.481531 0.894777 -1.332021
v 7.473061 0.901953 -1.322070
v 7.463366 0.904747 -1.311095
v 7.453395 0.902885 -1.300171
v 7.444123 0.896549 -1.290365
v 7.436459 0.886360 -1.282639
v 7.431152 0.873315 -1.277749
v 7.428722 0.858692 -1.276173
v 7.657557 0.848445 -1.036443
v 7.649734 0.859715 -1.030609
v 7.638642 0.867660 -1.024601
v 7.625370 0.871504 -1.019006
v 7.611214 0.870869 -1.014372
v 7.597562 0.865819 -1.011154
v 7.585749 0.856847 -1.009665
v 7.576932 0.844832 -1.010053
v 7.571975 0.830950 -1.012278
v 7.571361 0.816559 -1.016123
v 7.700416 0.712550 -0.735649
v 7.693269 0.722186 -0.726800
v 7.682440 0.729499 -0.719623
v 7.668990 0.733771 -0.714820
v 7.654233 0.734585 -0.712861
v 7.639616 0.731862 -0.713940
v 7.626569 0.725867 -0.717948
v 7.616368 0.717187 -0.724495
v 7.610013 0.706673 -0.732940
v 7.700897 0.461820 -0.571530
v 7.693954 0.466501 -0.559196
v 7.683273 0.470191 -0.549471
v 7.669901 0.472529 -0.543309
v 7.655148 0.473288 -0.541311
v 7.640455 0.472391 -0.543674
v 7.627263 0.469927 -0.550166
v 7.616862 0.466138 -0.560151
v 7.610271 0.461394 -0.572653
v 7.700897 0.186554 -0.530103
v 7.693954 0.188492 -0.517054
v 7.683273 0.190021 -0.506766
v 7.669901 0.190989 -0.500247
v 7.655148 0.191303 -0.498133
v 7.640455 0.190932 -0.500633
v 7.627263 0.189912 -0.507501
v 7.616862 0.188342 -0.518065
v 7.610271 0.186377 -0.531292
v 6.702999 0.842248 -1.457268
v 6.702617 0.827524 -1.454967
v 6.701507 0.814241 -1.448291
v 6.699777 0.803699 -1.437892
v 6.697598 0.796931 -1.424789
v 6.695182 0.794599 -1.410264
v 6.692767 0.796931 -1.395740
v 6.690587 0.803699 -1.382636
v 6.688858 0.814241 -1.372238
v 6.687747 0.827524 -1.365561
v 6.687365 0.842248 -1.363261
v 6.231294 0.842248 -1.535624
v 6.231055 0.827524 -1.533304
v 6.230360 0.814241 -1.526572
v 6.229279 0.803699 -1.516086
v 6.227917 0.796931 -1.502873
v 6.226406 0.794599 -1.488226
v 6.224896 0.796931 -1.473579
v 6.223534 0.803699 -1.460366
v 6.222452 0.814241 -1.449880
v 6.221758 0.827524 -1.443148
v 6.221519 0.842248 -1.440828
v 5.749915 0.842248 -1.555281
v 5.749915 0.827524 -1.552949
v 5.749915 0.814241 -1.546180
v 5.749915 0.803699 -1.535639
v 5.749915 0.796931 -1.522356
v 5.749915 0.794599 -1.507632
v 5.749915 0.796931 -1.492907
v 5.749915 0.803699 -1.479624
v 5.749915 0.814241 -1.469083
v 5.749915 0.827524 -1.462315
v 5.749915 0.842248 -1.459983
v 5.268536 0.842248 -1.535624
v 5.268775 0.827524 -1.533304
v 5.269469 0.814241 -1.526572
v 5.270551 0.803699 -1.516086
v 5.271913 0.796931 -1.502873
v 5.273423 0.794599 -1.488226
v 5.274934 0.796931 -1.473579
v 5.276296 0.803699 -1.460366
v 5.277378 0.814241 -1.449880
v 5.278072 0.827524 -1.443148
v 5.278311 0.842248 -1.440828
v 4.796831 0.842248 -1.457268
v 4.797213 0.827524 -1.454967
v 4.798324 0.814241 -1.448291
v 4.800053 0.803699 -1.437892
v 4.802232 0.796931 -1.424789
v 4.804647 0.794599 -1.410264
v 4.807063 0.796931 -1.395740
v 4.809242 0.803699 -1.382636
v 4.810972 0.814241 -1.372238
v 4.812082 0.827524 -1.365561
v 4.812465 0.842248 -1.363261
v 6.687365 0.857496 -1.363261
v 6.221519 0.857496 -1.440828
v 5.749915 0.857496 -1.459983
v 5.278311 0.857496 -1.440828
v 4.812465 0.857496 -1.363261
v 6.702999 0.857496 -1.457268
v 6.231294 0.857496 -1.535624
v 5.749915 0.857496 -1.555281
v 5.268536 0.857496 -1.535624
v 4.796831 0.857496 -1.457268
v 6.687748 0.872220 -1.365561
v 6.688858 0.885503 -1.372238
v 6.690587 0.896045 -1.382636
v 6.692767 0.902813 -1.395740
v 6.695182 0.905145 -1.410264
v 6.697598 0.902813 -1.424789
v 6.699777 0.896045 -1.437892
v 6.701507 0.885503 -1.448291
v 6.702617 0.872220 -1.454967
v 6.221758 0.872220 -1.443148
v 6.222452 0.885503 -1.449880
v 6.223534 0.896045 -1.460366
v 6.224896 0.902813 -1.473580
v 6.226406 0.905145 -1.488226
v 6.227917 0.902813 -1.502873
v 6.229279 0.896045 -1.516086
v 6.230360 0.885503 -1.526572
v 6.231055 0.872220 -1.533304
v 5.749915 0.872220 -1.462315
v 5.749915 0.885503 -1.469083
v 5.749915 0.896045 -1.479624
v 5.749915 0.902813 -1.492907
v 5.749915 0.905145 -1.507632
v 5.749915 0.902813 -1.522356
v 5.749915 0.896045 -1.535639
v 5.749915 0.885503 -1.546180
v 5.749915 0.872220 -1.552949
v 5.278072 0.872220 -1.443148
v 5.277378 0.885503 -1.449880
v 5.276296 0.896045 -1.460366
v 5.274934 0.902813 -1.473580
v 5.273423 0.905145 -1.488226
v 5.271913 0.902813 -1.502873
v 5.270551 0.896045 -1.516086
v 5.269469 0.885503 -1.526572
v 5.268775 0.872220 -1.533304
v 4.812082 0.872220 -1.365561
v 4.810972 0.885503 -1.372238
v 4.809242 0.896045 -1.382636
v 4.807063 0.902813 -1.395740
v 4.804647 0.905145 -1.410264
v 4.802232 0.902813 -1.424789
v 4.800053 0.896045 -1.437892
v 4.798324 0.885503 -1.448291
v 4.797213 0.872220 -1.454967
v 5.755613 0.928487 -1.159800
v 6.062005 0.928487 -1.129624
v 6.356622 0.928487 -1.040252
v 6.628143 0.928487 -0.895121
v 6.866132 0.928487 -0.699808
v 7.061446 0.928487 -0.461818
v 7.206576 0.928487 -0.190298
v 7.295948 0.928487 0.104319
v 7.326124 0.928487 0.410711
v 7.295948 0.928487 0.717103
v 7.206576 0.928487 1.011719
v 7.061446 0.928487 1.283240
v 6.866132 0.928487 1.521230
v 6.628143 0.928487 1.716544
v 6.356621 0.928487 1.861674
v 6.062004 0.928487 1.951046
v 5.755613 0.928487 1.981223
v 5.449221 0.928487 1.951045
v 5.154603 0.928487 1.861674
v 4.883083 0.928487 1.716543
v 4.645093 0.928487 1.521229
v 4.449780 0.928487 1.283240
v 4.304649 0.928487 1.011719
v 4.215278 0.928487 0.717101
v 4.185102 0.928487 0.410709
v 4.215279 0.928487 0.104318
v 4.304650 0.928487 -0.190299
v 4.449782 0.928487 -0.461820
v 4.645095 0.928487 -0.699810
v 4.883085 0.928487 -0.895123
v 5.154606 0.928487 -1.040253
v 5.449224 0.928487 -1.129624
v 5.755613 2.173280 -1.612498
v 6.150321 2.173280 -1.573623
v 6.529861 2.173280 -1.458490
v 6.879648 2.173280 -1.271526
v 7.186238 2.173280 -1.019914
v 7.437850 2.173280 -0.713324
v 7.624815 2.173280 -0.363538
v 7.739947 2.173280 0.016003
v 7.778822 2.173280 0.410711
v 7.739947 2.173280 0.805419
v 7.624815 2.173280 1.184960
v 7.437850 2.173280 1.534746
v 7.186238 2.173280 1.841336
v 6.879648 2.173280 2.092948
v 6.529861 2.173280 2.279913
v 6.150321 2.173280 2.395045
v 5.755613 2.173280 2.433920
v 5.360904 2.173280 2.395045
v 4.981363 2.173280 2.279912
v 4.631577 2.173280 2.092947
v 4.324987 2.173280 1.841335
v 4.073375 2.173280 1.534745
v 3.886411 2.173280 1.184958
v 3.771279 2.173280 0.805418
v 3.732404 2.173280 0.410709
v 3.771279 2.173280 0.016001
v 3.886412 2.173280 -0.363540
v 4.073377 2.173280 -0.713326
v 4.324989 2.173280 -1.019916
v 4.631580 2.173280 -1.271527
v 4.981367 2.173280 -1.458492
v 5.360908 2.173280 -1.573623
v 5.755613 3.663469 -1.821675
v 6.191130 3.663469 -1.778780
v 6.609910 3.663469 -1.651745
v 6.995861 3.663469 -1.445450
v 7.334149 3.663469 -1.167824
v 7.611774 3.663469 -0.829536
v 7.818069 3.663469 -0.443586
v 7.945105 3.663469 -0.024806
v 7.987999 3.663469 0.410711
v 7.945105 3.663469 0.846228
v 7.818069 3.663469 1.265008
v 7.611774 3.663469 1.650959
v 7.334149 3.663469 1.989246
v 6.995861 3.663469 2.266872
v 6.609910 3.663469 2.473167
v 6.191130 3.663469 2.600203
v 5.755613 3.663469 2.643097
v 5.320095 3.663469 2.600203
v 4.901315 3.663469 2.473167
v 4.515365 3.663469 2.266872
v 4.177076 3.663469 1.989245
v 3.899451 3.663469 1.650957
v 3.693156 3.663469 1.265007
v 3.566121 3.663469 0.846226
v 3.523227 3.663469 0.410709
v 3.566122 3.663469 -0.024808
v 3.693158 3.663469 -0.443588
v 3.899453 3.663469 -0.829539
v 4.177079 3.663469 -1.167826
v 4.515368 3.663469 -1.445452
v 4.901319 3.663469 -1.651746
v 5.320099 3.663469 -1.778781
v 10.330923 0.000000 -2.515522
v 0.377806 0.000000 -2.515522
v 10.330923 -1.931477 -2.515522
v 0.377806 -1.931477 -2.515522
v 5.755613 0.028486 -0.589290
v 6.097634 0.028486 -0.528982
v 6.398400 0.028486 -0.355334
v 6.621639 0.028486 -0.089290
v 6.740421 0.028486 0.237062
v 6.740421 0.028486 0.584359
v 6.621639 0.028486 0.910711
v 6.398400 0.028486 1.176755
v 6.097634 0.028486 1.350403
v 5.755613 0.028486 1.410710
v 5.413593 0.028486 1.350403
v 5.112825 0.028486 1.176755
v 4.889588 0.028486 0.910711
v 4.770805 0.028486 0.584359
v 4.770805 0.028486 0.237062
v 4.889587 0.028486 -0.089289
v 5.112825 0.028486 -0.355334
v 5.413592 0.028486 -0.528982
v 5.755613 0.313904 -0.479278
v 6.060007 0.313904 -0.425605
v 6.327687 0.313904 -0.271060
v 6.526366 0.313904 -0.034284
v 6.632081 0.313904 0.256166
v 6.632081 0.313904 0.565255
v 6.526366 0.313904 0.855705
v 6.327687 0.313904 1.092481
v 6.060007 0.313904 1.247026
v 5.755613 0.313904 1.300699
v 5.451219 0.313904 1.247026
v 5.183540 0.313904 1.092481
v 4.984860 0.313904 0.855705
v 4.879146 0.313904 0.565255
v 4.879146 0.313904 0.256166
v 4.984860 0.313904 -0.034283
v 5.183539 0.313904 -0.271060
v 5.451219 0.313904 -0.425605
v 5.755613 0.557280 -0.171263
v 5.954660 0.557280 -0.136166
v 6.129698 0.557280 -0.035107
v 6.259617 0.557280 0.119724
v 6.328745 0.557280 0.309652
v 6.328745 0.557280 0.511769
v 6.259617 0.557280 0.701697
v 6.129698 0.557280 0.856528
v 5.954660 0.557280 0.957587
v 5.755613 0.557280 0.992684
v 5.556567 0.557280 0.957587
v 5.381528 0.557280 0.856528
v 5.251609 0.557280 0.701697
v 5.182481 0.557280 0.511769
v 5.182481 0.557280 0.309652
v 5.251609 0.557280 0.119724
v 5.381527 0.557280 -0.035107
v 5.556566 0.557280 -0.136166
v -9.575310 0.000000 -8.012039
v -9.575310 -1.931477 -8.012039
v -3.135418 0.174356 -6.374678
v -3.132436 0.159963 -6.372190
v -3.125103 0.147110 -6.370381
v -3.114138 0.137055 -6.369426
v -3.100614 0.130782 -6.369419
v -3.085854 0.128906 -6.370361
v -3.071305 0.131610 -6.372160
v -3.058388 0.138629 -6.374639
v -3.048370 0.149277 -6.377556
v -3.042231 0.162511 -6.380625
v -3.040571 0.177036 -6.383546
v -3.172699 0.091699 -6.806118
v -3.169959 0.077090 -6.804969
v -3.162994 0.063911 -6.805180
v -3.152484 0.053452 -6.806730
v -3.139459 0.046737 -6.809467
v -3.125193 0.044423 -6.813125
v -3.111082 0.046737 -6.817343
v -3.098510 0.053452 -6.821711
v -3.088704 0.063911 -6.825799
v -3.082626 0.077090 -6.829208
v -3.080872 0.091699 -6.831605
v -3.316291 0.072718 -7.107136
v -3.314748 0.057917 -7.108032
v -3.310055 0.044374 -7.112131
v -3.302675 0.033413 -7.119033
v -3.293328 0.026108 -7.128062
v -3.282929 0.023174 -7.138333
v -3.272497 0.024899 -7.148843
v -3.263052 0.031112 -7.158561
v -3.255520 0.041206 -7.166536
v -3.250637 0.054194 -7.171988
v -3.248881 0.068803 -7.174384
v -3.616308 0.073107 -7.250406
v -3.615881 0.058285 -7.251952
v -3.614255 0.044685 -7.257837
v -3.611588 0.033637 -7.267484
v -3.608143 0.026223 -7.279951
v -3.604256 0.023168 -7.294014
v -3.600308 0.024772 -7.308301
v -3.596685 0.030878 -7.321410
v -3.593743 0.040888 -7.332058
v -3.591768 0.053821 -7.339205
v -3.590954 0.068413 -7.342148
v -4.043434 0.073107 -7.287422
v -4.043363 0.058285 -7.289024
v -4.043094 0.044685 -7.295124
v -4.042653 0.033637 -7.305124
v -4.042082 0.026223 -7.318045
v -4.041440 0.023168 -7.332622
v -4.040786 0.024772 -7.347430
v -4.040187 0.030878 -7.361016
v -4.039700 0.040888 -7.372053
v -4.039373 0.053821 -7.379460
v -4.039238 0.068413 -7.382512
v -4.517811 0.073107 -7.287374
v -4.517811 0.058285 -7.288979
v -4.517811 0.044685 -7.295084
v -4.517811 0.033637 -7.305094
v -4.517811 0.026223 -7.318028
v -4.517811 0.023168 -7.332620
v -4.517811 0.024772 -7.347442
v -4.517811 0.030878 -7.361041
v -4.517811 0.040888 -7.372089
v -4.517811 0.053821 -7.379503
v -4.517811 0.068413 -7.382557
v -4.994302 0.073107 -7.287374
v -4.994302 0.058285 -7.288979
v -4.994302 0.044685 -7.295084
v -4.994302 0.033637 -7.305094
v -4.994302 0.026223 -7.318028
v -4.994302 0.023168 -7.332620
v -4.994302 0.024772 -7.347442
v -4.994302 0.030878 -7.361041
v -4.994302 0.040888 -7.372089
v -4.994302 0.053821 -7.379503
v -4.994302 0.068413 -7.382557
v -5.470793 0.073107 -7.287374
v -5.470793 0.058285 -7.288979
v -5.470793 0.044685 -7.295084
v -5.470793 0.033637 -7.305094
v -5.470793 0.026223 -7.318028
v -5.470793 0.023168 -7.332620
v -5.470793 0.024772 -7.347442
v -5.470793 0.030878 -7.361041
v -5.470793 0.040888 -7.372089
v -5.470793 0.053821 -7.379503
v -5.470793 0.068413 -7.382557
v -5.945170 0.073107 -7.287422
v -5.945240 0.058285 -7.289024
v -5.945510 0.044685 -7.295124
v -5.945951 0.033637 -7.305124
v -5.946522 0.026223 -7.318045
v -5.947165 0.023168 -7.332622
v -5.947818 0.024772 -7.347430
v -5.948417 0.030878 -7.361016
v -5.948904 0.040888 -7.372053
v -5.949231 0.053821 -7.379460
v -5.949366 0.068413 -7.382512
v -6.372295 0.073107 -7.250406
v -6.372723 0.058285 -7.251952
v -6.374349 0.044685 -7.257837
v -6.377016 0.033637 -7.267484
v -6.380460 0.026223 -7.279951
v -6.384347 0.023168 -7.294014
v -6.388296 0.024772 -7.308301
v -6.391919 0.030878 -7.321410
v -6.394861 0.040888 -7.332058
v -6.396836 0.053821 -7.339205
v -6.397650 0.068413 -7.342148
v -6.672313 0.072718 -7.107136
v -6.673857 0.057917 -7.108032
v -6.678548 0.044374 -7.112131
v -6.685929 0.033413 -7.119033
v -6.695275 0.026108 -7.128062
v -6.705675 0.023174 -7.138333
v -6.716107 0.024899 -7.148843
v -6.725552 0.031112 -7.158561
v -6.733084 0.041206 -7.166536
v -6.737967 0.054194 -7.171988
v -6.739723 0.068803 -7.174384
v -6.815905 0.091699 -6.806118
v -6.818645 0.077090 -6.804969
v -6.825610 0.063911 -6.805180
v -6.836120 0.053452 -6.806730
v -6.849145 0.046737 -6.809467
v -6.863411 0.044423 -6.813125
v -6.877522 0.046737 -6.817343
v -6.890094 0.053452 -6.821711
v -6.899899 0.063911 -6.825799
v -6.905977 0.077090 -6.829208
v -6.907732 0.091699 -6.831605
v -6.852787 0.174836 -6.378362
v -6.855346 0.160150 -6.378359
v -6.862312 0.146971 -6.378562
v -6.873005 0.136591 -6.378951
v -6.886379 0.130026 -6.379486
v -6.901124 0.127917 -6.380117
v -6.915796 0.130473 -6.380781
v -6.928960 0.137441 -6.381414
v -6.939326 0.148141 -6.381953
v -6.945881 0.161525 -6.382345
v -6.947982 0.176283 -6.382553
v -6.852723 0.091045 -5.899485
v -6.855250 0.076420 -5.900883
v -6.862194 0.063287 -5.902139
v -6.872874 0.052934 -5.903128
v -6.886246 0.046372 -5.903755
v -6.901000 0.044245 -5.903958
v -6.915692 0.046761 -5.903718
v -6.928884 0.053673 -5.903057
v -6.939285 0.064305 -5.902041
v -6.945876 0.077616 -5.900769
v -6.948013 0.092303 -5.899365
v -6.852723 0.080573 -5.322512
v -6.855250 0.065896 -5.321828
v -6.862194 0.052719 -5.321214
v -6.872874 0.042329 -5.320730
v -6.886246 0.035745 -5.320423
v -6.901000 0.033610 -5.320323
v -6.915692 0.036135 -5.320441
v -6.928884 0.043071 -5.320765
v -6.939285 0.053739 -5.321261
v -6.945876 0.067096 -5.321884
v -6.948013 0.081834 -5.322571
v -3.135881 0.080573 -5.322512
v -3.133354 0.065896 -5.321828
v -3.126410 0.052719 -5.321214
v -3.115730 0.042329 -5.320730
v -3.102358 0.035745 -5.320423
v -3.087604 0.033610 -5.320324
v -3.072912 0.036135 -5.320441
v -3.059720 0.043071 -5.320765
v -3.049319 0.053739 -5.321261
v -3.042727 0.067096 -5.321884
v -3.040591 0.081834 -5.322571
v -3.135881 0.091045 -5.899486
v -3.133354 0.076420 -5.900883
v -3.126410 0.063287 -5.902139
v -3.115730 0.052934 -5.903128
v -3.102358 0.046372 -5.903755
v -3.087604 0.044245 -5.903958
v -3.072912 0.046761 -5.903718
v -3.059720 0.053673 -5.903057
v -3.049319 0.064305 -5.902041
v -3.042727 0.077616 -5.900769
v -3.040591 0.092303 -5.899365
v -3.135881 0.177419 -6.386421
v -3.133354 0.167160 -6.396939
v -3.126410 0.157949 -6.406383
v -3.115730 0.150687 -6.413829
v -3.102358 0.146085 -6.418547
v -3.087604 0.144593 -6.420077
v -3.072912 0.146357 -6.418268
v -3.059720 0.151205 -6.413297
v -3.049319 0.158663 -6.405652
v -3.042727 0.167999 -6.396079
v -3.040591 0.178301 -6.385517
v -3.135881 0.450750 -6.428412
v -3.133354 0.445538 -6.442148
v -3.126410 0.440857 -6.454483
v -3.115730 0.437167 -6.464207
v -3.102358 0.434829 -6.470369
v -3.087604 0.434070 -6.472367
v -3.072912 0.434967 -6.470004
v -3.059720 0.437430 -6.463512
v -3.049319 0.441220 -6.453527
v -3.042727 0.445964 -6.441025
v -3.040591 0.451199 -6.427231
v -3.135637 0.683788 -6.580092
v -3.132872 0.672770 -6.589747
v -3.125726 0.663134 -6.598597
v -3.114897 0.655822 -6.605774
v -3.101446 0.651549 -6.610577
v -3.086690 0.650735 -6.612535
v -3.072073 0.653459 -6.611457
v -3.059025 0.659453 -6.607448
v -3.048825 0.668133 -6.600901
v -3.042470 0.678647 -6.592456
v -3.040582 0.689967 -6.582941
v -3.171211 0.802124 -6.848459
v -3.167421 0.788634 -6.853548
v -3.159596 0.777364 -6.859382
v -3.148505 0.769419 -6.865391
v -3.135232 0.765576 -6.870986
v -3.121077 0.766210 -6.875619
v -3.107424 0.771260 -6.878838
v -3.095612 0.780232 -6.880326
v -3.086795 0.792247 -6.879939
v -3.081837 0.806129 -6.877713
v -3.081223 0.820520 -6.873868
v -3.312523 0.829296 -7.109436
v -3.308791 0.815823 -7.114612
v -3.302376 0.804967 -7.122564
v -3.293906 0.797791 -7.132515
v -3.284211 0.794997 -7.143490
v -3.274240 0.796859 -7.154415
v -3.264968 0.803195 -7.164220
v -3.257303 0.813384 -7.171946
v -3.251996 0.826429 -7.176836
v -3.249566 0.841052 -7.178412
v -3.250251 0.855824 -7.176520
v -3.610284 0.828607 -7.234446
v -3.609263 0.815215 -7.240915
v -3.607647 0.804501 -7.251154
v -3.605594 0.797515 -7.264163
v -3.603305 0.794941 -7.278667
v -3.601003 0.797030 -7.293248
v -3.598916 0.803578 -7.306476
v -3.597245 0.813945 -7.317059
v -3.596156 0.827115 -7.323959
v -3.595755 0.841799 -7.326502
v -3.596081 0.856560 -7.324439
v -4.020060 0.828607 -7.205775
v -4.024440 0.815215 -7.210643
v -4.031374 0.804501 -7.218349
v -4.040184 0.797515 -7.228138
v -4.050005 0.794941 -7.239053
v -4.059879 0.797030 -7.250026
v -4.068838 0.803578 -7.259982
v -4.076004 0.813945 -7.267946
v -4.080677 0.827115 -7.273139
v -4.082399 0.841799 -7.275052
v -4.081001 0.856560 -7.273499
v -4.061057 0.828607 -6.951673
v -4.067363 0.815215 -6.953440
v -4.077345 0.804501 -6.956236
v -4.090027 0.797515 -6.959789
v -4.104167 0.794941 -6.963751
v -4.118380 0.797030 -6.967732
v -4.131276 0.803578 -6.971345
v -4.141593 0.813945 -6.974236
v -4.148319 0.827115 -6.976120
v -4.150798 0.841799 -6.976815
v -4.148786 0.856560 -6.976252
v -4.182278 0.828607 -6.623071
v -4.188142 0.815215 -6.625985
v -4.197426 0.804501 -6.630597
v -4.209220 0.797515 -6.636456
v -4.222371 0.794941 -6.642990
v -4.235590 0.797030 -6.649558
v -4.247584 0.803578 -6.655517
v -4.257179 0.813945 -6.660284
v -4.263435 0.827115 -6.663392
v -4.265740 0.841799 -6.664537
v -4.263869 0.856560 -6.663608
v -4.385788 0.828607 -6.305300
v -4.390750 0.815215 -6.309573
v -4.398605 0.804501 -6.316338
v -4.408585 0.797515 -6.324932
v -4.419712 0.794941 -6.334514
v -4.430896 0.797030 -6.344146
v -4.441044 0.803578 -6.352886
v -4.449162 0.813945 -6.359878
v -4.454456 0.827115 -6.364436
v -4.456407 0.841799 -6.366117
v -4.454823 0.856560 -6.364753
v -4.665143 0.828607 -6.062077
v -4.668273 0.815215 -6.067828
v -4.673228 0.804501 -6.076934
v -4.679524 0.797515 -6.088502
v -4.686543 0.794941 -6.101399
v -4.693598 0.797030 -6.114365
v -4.700000 0.803578 -6.126128
v -4.705121 0.813945 -6.135539
v -4.708460 0.827115 -6.141675
v -4.709691 0.841799 -6.143936
v -4.708693 0.856560 -6.142101
v -4.994302 0.828607 -5.968527
v -4.994302 0.815215 -5.975076
v -4.994302 0.804501 -5.985442
v -4.994302 0.797515 -5.998612
v -4.994302 0.794941 -6.013296
v -4.994302 0.797030 -6.028057
v -4.994302 0.803578 -6.041450
v -4.994302 0.813945 -6.052163
v -4.994302 0.827115 -6.059149
v -4.994302 0.841799 -6.061723
v -4.994302 0.856560 -6.059634
v -5.323461 0.828607 -6.062077
v -5.320330 0.815215 -6.067828
v -5.315375 0.804501 -6.076934
v -5.309080 0.797515 -6.088502
v -5.302061 0.794941 -6.101399
v -5.295005 0.797030 -6.114365
v -5.288603 0.803578 -6.126128
v -5.283483 0.813945 -6.135539
v -5.280143 0.827115 -6.141675
v -5.278913 0.841799 -6.143936
v -5.279911 0.856560 -6.142101
v -5.602815 0.828607 -6.305300
v -5.597853 0.815215 -6.309573
v -5.589998 0.804501 -6.316338
v -5.580019 0.797515 -6.324932
v -5.568892 0.794941 -6.334514
v -5.557708 0.797030 -6.344146
v -5.547560 0.803578 -6.352886
v -5.539442 0.813945 -6.359878
v -5.534148 0.827115 -6.364436
v -5.532197 0.841799 -6.366117
v -5.533781 0.856560 -6.364753
v -5.806326 0.828607 -6.623071
v -5.800462 0.815215 -6.625985
v -5.791178 0.804501 -6.630597
v -5.779384 0.797515 -6.636456
v -5.766233 0.794941 -6.642990
v -5.753014 0.797030 -6.649558
v -5.741020 0.803578 -6.655517
v -5.731425 0.813945 -6.660284
v -5.725169 0.827115 -6.663392
v -5.722863 0.841799 -6.664537
v -5.724734 0.856560 -6.663608
v -5.927547 0.828607 -6.951673
v -5.921241 0.815215 -6.953440
v -5.911259 0.804501 -6.956236
v -5.898577 0.797515 -6.959789
v -5.884438 0.794941 -6.963751
v -5.870224 0.797030 -6.967732
v -5.857328 0.803578 -6.971345
v -5.847011 0.813945 -6.974236
v -5.840284 0.827115 -6.976120
v -5.837806 0.841799 -6.976815
v -5.839818 0.856560 -6.976252
v -5.968544 0.828607 -7.205775
v -5.964164 0.815215 -7.210643
v -5.957230 0.804501 -7.218349
v -5.948420 0.797515 -7.228138
v -5.938598 0.794941 -7.239053
v -5.928725 0.797030 -7.250026
v -5.919766 0.803578 -7.259982
v -5.912600 0.813945 -7.267946
v -5.907927 0.827115 -7.273139
v -5.906205 0.841799 -7.275052
v -5.907602 0.856560 -7.273499
v -6.378319 0.828607 -7.234446
v -6.379340 0.815215 -7.240915
v -6.380956 0.804501 -7.251154
v -6.383009 0.797515 -7.264163
v -6.385299 0.794941 -7.278667
v -6.387600 0.797030 -7.293248
v -6.389688 0.803578 -7.306476
v -6.391358 0.813945 -7.317059
v -6.392447 0.827115 -7.323959
v -6.392848 0.841799 -7.326502
v -6.392523 0.856560 -7.324439
v -6.676080 0.829296 -7.109436
v -6.679813 0.815823 -7.114612
v -6.686228 0.804967 -7.122564
v -6.694698 0.797791 -7.132515
v -6.704392 0.794997 -7.143490
v -6.714364 0.796859 -7.154415
v -6.723636 0.803195 -7.164220
v -6.731300 0.813384 -7.171946
v -6.736608 0.826429 -7.176836
v -6.739038 0.841052 -7.178412
v -6.738353 0.855824 -7.176520
v -6.817393 0.802124 -6.848459
v -6.821183 0.788634 -6.853548
v -6.829008 0.777364 -6.859382
v -6.840098 0.769419 -6.865391
v -6.853371 0.765576 -6.870986
v -6.867527 0.766210 -6.875619
v -6.881179 0.771260 -6.878838
v -6.892992 0.780232 -6.880326
v -6.901808 0.792247 -6.879939
v -6.906766 0.806129 -6.877713
v -6.907380 0.820520 -6.873868
v -6.852967 0.683788 -6.580092
v -6.855731 0.672770 -6.589747
v -6.862878 0.663134 -6.598597
v -6.873707 0.655822 -6.605773
v -6.887158 0.651549 -6.610577
v -6.901914 0.650735 -6.612535
v -6.916531 0.653459 -6.611457
v -6.929579 0.659453 -6.607448
v -6.939780 0.668133 -6.600901
v -6.946135 0.678647 -6.592456
v -6.948021 0.689967 -6.582941
v -6.852723 0.450750 -6.428412
v -6.855250 0.445538 -6.442148
v -6.862194 0.440857 -6.454483
v -6.872874 0.437167 -6.464207
v -6.886246 0.434828 -6.470369
v -6.901000 0.434070 -6.472367
v -6.915692 0.434967 -6.470004
v -6.928884 0.437430 -6.463512
v -6.939285 0.441220 -6.453527
v -6.945876 0.445964 -6.441025
v -6.948013 0.451199 -6.427231
v -6.852723 0.181969 -6.388677
v -6.855250 0.179810 -6.403210
v -6.862194 0.177872 -6.416259
v -6.872874 0.176344 -6.426547
v -6.886246 0.175375 -6.433067
v -6.901000 0.175061 -6.435180
v -6.915692 0.175433 -6.432681
v -6.928884 0.176453 -6.425812
v -6.939285 0.178022 -6.415248
v -6.945876 0.179987 -6.402021
v -6.948013 0.182155 -6.387427
v -3.041256 0.192008 -6.386346
v -3.081381 0.106827 -6.833441
v -3.248771 0.084030 -7.175160
v -3.590754 0.083642 -7.342874
v -4.039206 0.083642 -7.383262
v -4.517811 0.083642 -7.383308
v -4.994302 0.083642 -7.383308
v -5.470793 0.083642 -7.383308
v -5.949398 0.083642 -7.383262
v -6.397850 0.083642 -7.342874
v -6.739833 0.084030 -7.175160
v -6.907222 0.106827 -6.833441
v -6.947746 0.191528 -6.382662
v -6.947811 0.107480 -5.897914
v -6.947811 0.097064 -5.323280
v -3.040793 0.097064 -5.323280
v -3.040793 0.107480 -5.897914
v -3.040793 0.188946 -6.374602
v -3.040793 0.456608 -6.412976
v -3.041037 0.701532 -6.573015
v -3.082869 0.834955 -6.869242
v -3.252538 0.870448 -7.172860
v -3.596778 0.871137 -7.320021
v -4.078010 0.871136 -7.270175
v -4.144480 0.871137 -6.975045
v -4.259864 0.871137 -6.661618
v -4.451434 0.871137 -6.361834
v -4.706554 0.871137 -6.138173
v -4.994302 0.871137 -6.055161
v -5.282049 0.871137 -6.138173
v -5.537169 0.871137 -6.361834
v -5.728740 0.871137 -6.661618
v -5.844124 0.871137 -6.975045
v -5.910594 0.871136 -7.270175
v -6.391826 0.871137 -7.320021
v -6.736065 0.870448 -7.172860
v -6.905735 0.834955 -6.869243
v -6.947567 0.701532 -6.573015
v -6.947811 0.456608 -6.412976
v -6.947811 0.184395 -6.372347
v -3.136103 0.189329 -6.377478
v -3.173208 0.106827 -6.807954
v -3.316181 0.087946 -7.107912
v -3.616108 0.088336 -7.251129
v -4.043400 0.088336 -7.288172
v -4.517811 0.088336 -7.288126
v -4.994302 0.088336 -7.288126
v -5.470793 0.088336 -7.288126
v -5.945203 0.088336 -7.288172
v -6.372496 0.088336 -7.251129
v -6.672423 0.087946 -7.107912
v -6.815396 0.106827 -6.807954
v -6.852551 0.190082 -6.378471
v -6.852521 0.106223 -5.898035
v -6.852521 0.095803 -5.323221
v -3.136083 0.095803 -5.323221
v -3.136083 0.106223 -5.898035
v -3.136083 0.188064 -6.375507
v -3.136083 0.456160 -6.414157
v -3.136091 0.695353 -6.570166
v -3.172856 0.816560 -6.843833
v -3.314811 0.843920 -7.105776
v -3.610981 0.843184 -7.230029
v -4.017068 0.843184 -7.202450
v -4.056751 0.843184 -6.950467
v -4.178273 0.843184 -6.621081
v -4.382400 0.843184 -6.302381
v -4.663005 0.843184 -6.058148
v -4.994302 0.843184 -5.964055
v -5.325598 0.843184 -6.058148
v -5.606204 0.843184 -6.302381
v -5.810331 0.843184 -6.621081
v -5.931853 0.843184 -6.950467
v -5.971535 0.843184 -7.202450
v -6.377622 0.843184 -7.230029
v -6.673793 0.843920 -7.105776
v -6.815748 0.816560 -6.843833
v -6.852512 0.695353 -6.570166
v -6.852521 0.456160 -6.414157
v -6.852521 0.184210 -6.373596
v -3.044238 0.206402 -6.388833
v -3.051571 0.219255 -6.390643
v -3.062536 0.229310 -6.391597
v -3.076060 0.235582 -6.391604
v -3.090819 0.237459 -6.390662
v -3.105369 0.234755 -6.388864
v -3.118285 0.227735 -6.386385
v -3.128303 0.217087 -6.383468
v -3.134443 0.203853 -6.380399
v -3.084120 0.121436 -6.834590
v -3.091086 0.134615 -6.834379
v -3.101595 0.145073 -6.832829
v -3.114621 0.151789 -6.830091
v -3.128887 0.154102 -6.826435
v -3.142997 0.151789 -6.822216
v -3.155570 0.145073 -6.817849
v -3.165375 0.134615 -6.813761
v -3.171453 0.121436 -6.810351
v -3.250314 0.098831 -7.174264
v -3.255006 0.112375 -7.170165
v -3.262387 0.123335 -7.163263
v -3.271734 0.130640 -7.154234
v -3.282132 0.133574 -7.143962
v -3.292565 0.131850 -7.133453
v -3.302009 0.125637 -7.123735
v -3.309542 0.115542 -7.115760
v -3.314425 0.102555 -7.110308
v -3.591181 0.098463 -7.341326
v -3.592808 0.112064 -7.335443
v -3.595474 0.123112 -7.325794
v -3.598919 0.130526 -7.313327
v -3.602806 0.133580 -7.299263
v -3.606754 0.131976 -7.284977
v -3.610377 0.125871 -7.271868
v -3.613320 0.115861 -7.261220
v -3.615295 0.102928 -7.254073
v -4.039276 0.098463 -7.381660
v -4.039545 0.112064 -7.375560
v -4.039986 0.123112 -7.365561
v -4.040556 0.130526 -7.352640
v -4.041199 0.133580 -7.338062
v -4.041852 0.131976 -7.323255
v -4.042452 0.125871 -7.309668
v -4.042939 0.115861 -7.298631
v -4.043266 0.102928 -7.291224
v -4.517811 0.098463 -7.381705
v -4.517811 0.112064 -7.375599
v -4.517811 0.123112 -7.365590
v -4.517811 0.130526 -7.352656
v -4.517811 0.133580 -7.338065
v -4.517811 0.131976 -7.323243
v -4.517811 0.125871 -7.309643
v -4.517811 0.115861 -7.298594
v -4.517811 0.102928 -7.291181
v -4.994302 0.098463 -7.381705
v -4.994302 0.112064 -7.375599
v -4.994302 0.123112 -7.365590
v -4.994302 0.130526 -7.352656
v -4.994302 0.133580 -7.338065
v -4.994302 0.131976 -7.323243
v -4.994302 0.125871 -7.309643
v -4.994302 0.115861 -7.298594
v -4.994302 0.102928 -7.291181
v -5.470793 0.098463 -7.381705
v -5.470793 0.112064 -7.375599
v -5.470793 0.123112 -7.365590
v -5.470793 0.130526 -7.352656
v -5.470793 0.133580 -7.338065
v -5.470793 0.131976 -7.323243
v -5.470793 0.125871 -7.309643
v -5.470793 0.115861 -7.298594
v -5.470793 0.102928 -7.291181
v -5.949327 0.098463 -7.381660
v -5.949058 0.112064 -7.375560
v -5.948617 0.123112 -7.365561
v -5.948047 0.130526 -7.352640
v -5.947404 0.133580 -7.338062
v -5.946751 0.131976 -7.323255
v -5.946151 0.125871 -7.309668
v -5.945665 0.115861 -7.298631
v -5.945338 0.102928 -7.291224
v -6.397423 0.098463 -7.341326
v -6.395796 0.112064 -7.335443
v -6.393130 0.123112 -7.325794
v -6.389685 0.130526 -7.313327
v -6.385798 0.133580 -7.299263
v -6.381850 0.131976 -7.284977
v -6.378227 0.125871 -7.271868
v -6.375284 0.115861 -7.261220
v -6.373310 0.102928 -7.254073
v -6.738289 0.098831 -7.174264
v -6.733597 0.112375 -7.170165
v -6.726217 0.123335 -7.163263
v -6.716870 0.130640 -7.154234
v -6.706471 0.133574 -7.143962
v -6.696039 0.131850 -7.133453
v -6.686594 0.125637 -7.123735
v -6.679062 0.115542 -7.115760
v -6.674178 0.102555 -7.110308
v -6.904483 0.121436 -6.834590
v -6.897518 0.134615 -6.834379
v -6.887009 0.145073 -6.832829
v -6.873983 0.151789 -6.830091
v -6.859717 0.154102 -6.826435
v -6.845607 0.151789 -6.822216
v -6.833034 0.145073 -6.817849
v -6.823228 0.134615 -6.813761
v -6.817151 0.121436 -6.810351
v -6.945188 0.206215 -6.382664
v -6.938222 0.219393 -6.382462
v -6.927528 0.229773 -6.382073
v -6.914155 0.236339 -6.381537
v -6.899410 0.238447 -6.380907
v -6.884737 0.235892 -6.380242
v -6.871574 0.228923 -6.379610
v -6.861207 0.218223 -6.379071
v -6.854653 0.204840 -6.378678
v -6.945284 0.122105 -5.896517
v -6.938340 0.135238 -5.895262
v -6.927660 0.145592 -5.894272
v -6.914288 0.152153 -5.893644
v -6.899535 0.154280 -5.893441
v -6.884842 0.151764 -5.893682
v -6.871650 0.144852 -5.894342
v -6.861249 0.134221 -5.895359
v -6.854658 0.120910 -5.896631
v -6.945284 0.111741 -5.323964
v -6.938340 0.124919 -5.324578
v -6.927660 0.135308 -5.325062
v -6.914288 0.141892 -5.325369
v -6.899535 0.144027 -5.325469
v -6.884842 0.141502 -5.325351
v -6.871650 0.134566 -5.325027
v -6.861249 0.123898 -5.324531
v -6.854658 0.110541 -5.323908
v -3.043320 0.111741 -5.323964
v -3.050263 0.124919 -5.324578
v -3.060944 0.135308 -5.325062
v -3.074316 0.141892 -5.325369
v -3.089069 0.144027 -5.325469
v -3.103762 0.141502 -5.325351
v -3.116954 0.134566 -5.325027
v -3.127355 0.123898 -5.324531
v -3.133946 0.110541 -5.323908
v -3.043320 0.122105 -5.896517
v -3.050263 0.135238 -5.895262
v -3.060944 0.145592 -5.894272
v -3.074316 0.152153 -5.893644
v -3.089069 0.154280 -5.893441
v -3.103762 0.151764 -5.893682
v -3.116954 0.144852 -5.894342
v -3.127355 0.134221 -5.895359
v -3.133946 0.120910 -5.896631
v -3.043320 0.199204 -6.364084
v -3.050263 0.208415 -6.354640
v -3.060944 0.215678 -6.347195
v -3.074316 0.220280 -6.342476
v -3.089069 0.221772 -6.340947
v -3.103762 0.220007 -6.342756
v -3.116954 0.215159 -6.347726
v -3.127355 0.207702 -6.355372
v -3.133946 0.198366 -6.364944
v -3.043320 0.461820 -6.399240
v -3.050263 0.466501 -6.386906
v -3.060944 0.470191 -6.377182
v -3.074316 0.472529 -6.371019
v -3.089069 0.473288 -6.369021
v -3.103762 0.472391 -6.371384
v -3.116954 0.469927 -6.377876
v -3.127355 0.466138 -6.387861
v -3.133946 0.461394 -6.400363
v -3.043801 0.712550 -6.563360
v -3.050948 0.722186 -6.554510
v -3.061777 0.729499 -6.547333
v -3.075227 0.733771 -6.542530
v -3.089984 0.734585 -6.540572
v -3.104601 0.731862 -6.541650
v -3.117649 0.725867 -6.545659
v -3.127849 0.717187 -6.552206
v -3.134204 0.706673 -6.560651
v -3.086659 0.848445 -6.864154
v -3.094483 0.859715 -6.858320
v -3.105574 0.867660 -6.852311
v -3.118847 0.871504 -6.846716
v -3.133003 0.870869 -6.842083
v -3.146655 0.865819 -6.838864
v -3.158468 0.856847 -6.837376
v -3.167284 0.844832 -6.837763
v -3.172242 0.830950 -6.839988
v -3.256271 0.883921 -7.167684
v -3.262686 0.894777 -7.159731
v -3.271156 0.901953 -7.149781
v -3.280851 0.904747 -7.138806
v -3.290822 0.902885 -7.127881
v -3.300094 0.896549 -7.118076
v -3.307758 0.886360 -7.110350
v -3.313065 0.873315 -7.105460
v -3.315495 0.858692 -7.103883
v -3.597799 0.884529 -7.313552
v -3.599415 0.895243 -7.303313
v -3.601468 0.902229 -7.290304
v -3.603757 0.904803 -7.275800
v -3.606059 0.902714 -7.261220
v -3.608146 0.896165 -7.247991
v -3.609817 0.885799 -7.237407
v -3.610906 0.872629 -7.230508
v -3.611307 0.857945 -7.227964
v -4.073629 0.884529 -7.265307
v -4.066696 0.895243 -7.257601
v -4.057886 0.902229 -7.247811
v -4.048064 0.904803 -7.236896
v -4.038190 0.902714 -7.225923
v -4.029232 0.896165 -7.215967
v -4.022066 0.885799 -7.208004
v -4.017393 0.872629 -7.202811
v -4.015671 0.857945 -7.200897
v -4.138174 0.884529 -6.973279
v -4.128192 0.895243 -6.970482
v -4.115511 0.902229 -6.966929
v -4.101371 0.904803 -6.962967
v -4.087157 0.902714 -6.958986
v -4.074261 0.896165 -6.955373
v -4.063945 0.885799 -6.952482
v -4.057218 0.872629 -6.950598
v -4.054739 0.857945 -6.949903
v -4.254000 0.884529 -6.658704
v -4.244716 0.895243 -6.654092
v -4.232921 0.902229 -6.648232
v -4.219771 0.904803 -6.641698
v -4.206552 0.902714 -6.635130
v -4.194558 0.896165 -6.629172
v -4.184963 0.885799 -6.624405
v -4.178707 0.872629 -6.621296
v -4.176402 0.857945 -6.620151
v -4.446472 0.884529 -6.357561
v -4.438617 0.895243 -6.350796
v -4.428638 0.902229 -6.342202
v -4.417511 0.904803 -6.332620
v -4.406327 0.902714 -6.322988
v -4.396179 0.896166 -6.314248
v -4.388061 0.885799 -6.307257
v -4.382767 0.872629 -6.302698
v -4.380816 0.857945 -6.301018
v -4.703424 0.884529 -6.132421
v -4.698469 0.895243 -6.123316
v -4.692174 0.902229 -6.111748
v -4.685155 0.904803 -6.098850
v -4.678100 0.902714 -6.085885
v -4.671698 0.896165 -6.074121
v -4.666577 0.885799 -6.064710
v -4.663238 0.872629 -6.058574
v -4.662007 0.857945 -6.056313
v -4.994302 0.884529 -6.048614
v -4.994302 0.895243 -6.038247
v -4.994302 0.902229 -6.025077
v -4.994302 0.904803 -6.010393
v -4.994302 0.902714 -5.995632
v -4.994302 0.896165 -5.982239
v -4.994302 0.885799 -5.971526
v -4.994302 0.872629 -5.964540
v -4.994302 0.857945 -5.961966
v -5.285179 0.884529 -6.132421
v -5.290134 0.895243 -6.123316
v -5.296430 0.902229 -6.111748
v -5.303448 0.904803 -6.098850
v -5.310504 0.902714 -6.085884
v -5.316905 0.896165 -6.074121
v -5.322027 0.885799 -6.064710
v -5.325366 0.872629 -6.058574
v -5.326596 0.857945 -6.056313
v -5.542131 0.884529 -6.357561
v -5.549986 0.895243 -6.350796
v -5.559966 0.902229 -6.342202
v -5.571092 0.904803 -6.332620
v -5.582277 0.902714 -6.322988
v -5.592425 0.896165 -6.314248
v -5.600543 0.885799 -6.307257
v -5.605836 0.872629 -6.302698
v -5.607787 0.857945 -6.301018
v -5.734604 0.884529 -6.658704
v -5.743888 0.895243 -6.654092
v -5.755682 0.902229 -6.648232
v -5.768833 0.904803 -6.641698
v -5.782052 0.902714 -6.635130
v -5.794046 0.896165 -6.629172
v -5.803640 0.885799 -6.624405
v -5.809897 0.872629 -6.621296
v -5.812202 0.857945 -6.620151
v -5.850430 0.884529 -6.973279
v -5.860412 0.895243 -6.970482
v -5.873093 0.902229 -6.966929
v -5.887232 0.904803 -6.962967
v -5.901446 0.902714 -6.958986
v -5.914342 0.896165 -6.955372
v -5.924659 0.885799 -6.952482
v -5.931386 0.872629 -6.950598
v -5.933865 0.857945 -6.949903
v -5.914974 0.884529 -7.265307
v -5.921908 0.895243 -7.257601
v -5.930717 0.902229 -7.247811
v -5.940540 0.904803 -7.236896
v -5.950413 0.902714 -7.225923
v -5.959372 0.896165 -7.215967
v -5.966538 0.885799 -7.208004
v -5.971211 0.872629 -7.202811
v -5.972933 0.857945 -7.200897
v -6.390805 0.884529 -7.313552
v -6.389189 0.895243 -7.303313
v -6.387136 0.902229 -7.290304
v -6.384846 0.904803 -7.275800
v -6.382545 0.902714 -7.261220
v -6.380457 0.896165 -7.247991
v -6.378787 0.885799 -7.237407
v -6.377697 0.872629 -7.230508
v -6.377296 0.857945 -7.227964
v -6.732332 0.883921 -7.167684
v -6.725918 0.894777 -7.159731
v -6.717448 0.901953 -7.149781
v -6.707753 0.904747 -7.138806
v -6.697782 0.902885 -7.127881
v -6.688510 0.896549 -7.118076
v -6.680845 0.886360 -7.110350
v -6.675539 0.873315 -7.105460
v -6.673109 0.858692 -7.103883
v -6.901944 0.848445 -6.864154
v -6.894121 0.859715 -6.858320
v -6.883029 0.867660 -6.852311
v -6.869756 0.871504 -6.846716
v -6.855601 0.870869 -6.842083
v -6.841949 0.865819 -6.838864
v -6.830136 0.856847 -6.837376
v -6.821319 0.844832 -6.837763
v -6.816362 0.830950 -6.839988
v -6.944802 0.712550 -6.563360
v -6.937656 0.722186 -6.554510
v -6.926827 0.729499 -6.547333
v -6.913376 0.733771 -6.542530
v -6.898620 0.734585 -6.540572
v -6.884003 0.731862 -6.541650
v -6.870955 0.725867 -6.545659
v -6.860755 0.717187 -6.552206
v -6.854400 0.706673 -6.560651
v -6.945284 0.461820 -6.399240
v -6.938340 0.466501 -6.386906
v -6.927660 0.470191 -6.377182
v -6.914288 0.472529 -6.371019
v -6.899535 0.473288 -6.369021
v -6.884842 0.472391 -6.371384
v -6.871650 0.469927 -6.377876
v -6.861249 0.466138 -6.387861
v -6.854658 0.461394 -6.400363
v -6.945284 0.186554 -6.357814
v -6.938340 0.188492 -6.344765
v -6.927660 0.190021 -6.334477
v -6.914288 0.190989 -6.327957
v -6.899535 0.191303 -6.325843
v -6.884842 0.190932 -6.328343
v -6.871650 0.189912 -6.335211
v -6.861249 0.188342 -6.345776
v -6.854658 0.186377 -6.359002
v -5.947386 0.842248 -7.284978
v -5.947003 0.827524 -7.282677
v -5.945893 0.814241 -7.276001
v -5.944164 0.803699 -7.265602
v -5.941984 0.796931 -7.252500
v -5.939569 0.794599 -7.237975
v -5.937153 0.796931 -7.223449
v -5.934974 0.803699 -7.210347
v -5.933245 0.814241 -7.199948
v -5.932134 0.827524 -7.193272
v -5.931752 0.842248 -7.190971
v -5.475680 0.842248 -7.363335
v -5.475441 0.827524 -7.361015
v -5.474747 0.814241 -7.354281
v -5.473666 0.803699 -7.343797
v -5.472303 0.796931 -7.330584
v -5.470793 0.794599 -7.315936
v -5.469283 0.796931 -7.301290
v -5.467920 0.803699 -7.288077
v -5.466839 0.814241 -7.277591
v -5.466145 0.827524 -7.270859
v -5.465906 0.842248 -7.268539
v -4.994302 0.842248 -7.382991
v -4.994302 0.827524 -7.380659
v -4.994302 0.814241 -7.373891
v -4.994302 0.803699 -7.363349
v -4.994302 0.796931 -7.350066
v -4.994302 0.794599 -7.335341
v -4.994302 0.796931 -7.320618
v -4.994302 0.803699 -7.307334
v -4.994302 0.814241 -7.296793
v -4.994302 0.827524 -7.290025
v -4.994302 0.842248 -7.287693
v -4.512923 0.842248 -7.363335
v -4.513163 0.827524 -7.361015
v -4.513856 0.814241 -7.354281
v -4.514938 0.803699 -7.343797
v -4.516301 0.796931 -7.330584
v -4.517811 0.794599 -7.315936
v -4.519321 0.796931 -7.301290
v -4.520683 0.803699 -7.288077
v -4.521765 0.814241 -7.277591
v -4.522459 0.827524 -7.270859
v -4.522698 0.842248 -7.268539
v -4.041218 0.842248 -7.284978
v -4.041600 0.827524 -7.282677
v -4.042711 0.814241 -7.276001
v -4.044440 0.803699 -7.265602
v -4.046619 0.796931 -7.252500
v -4.049035 0.794599 -7.237975
v -4.051451 0.796931 -7.223449
v -4.053629 0.803699 -7.210347
v -4.055359 0.814241 -7.199948
v -4.056469 0.827524 -7.193272
v -4.056852 0.842248 -7.190971
v -5.931752 0.857496 -7.190971
v -5.465906 0.857496 -7.268539
v -4.994302 0.857496 -7.287693
v -4.522698 0.857496 -7.268539
v -4.056852 0.857496 -7.190971
v -5.947386 0.857496 -7.284978
v -5.475680 0.857496 -7.363335
v -4.994302 0.857496 -7.382991
v -4.512923 0.857496 -7.363335
v -4.041218 0.857496 -7.284978
v -5.932135 0.872220 -7.193272
v -5.933245 0.885503 -7.199948
v -5.934974 0.896045 -7.210347
v -5.937153 0.902813 -7.223449
v -5.939569 0.905145 -7.237975
v -5.941984 0.902813 -7.252500
v -5.944164 0.896045 -7.265602
v -5.945893 0.885503 -7.276001
v -5.947003 0.872220 -7.282677
v -5.466145 0.872220 -7.270859
v -5.466839 0.885503 -7.277591
v -5.467920 0.896045 -7.288077
v -5.469283 0.902813 -7.301290
v -5.470793 0.905145 -7.315936
v -5.472303 0.902813 -7.330584
v -5.473666 0.896045 -7.343797
v -5.474747 0.885503 -7.354281
v -5.475441 0.872220 -7.361015
v -4.994302 0.872220 -7.290025
v -4.994302 0.885503 -7.296793
v -4.994302 0.896045 -7.307334
v -4.994302 0.902813 -7.320618
v -4.994302 0.905145 -7.335341
v -4.994302 0.902813 -7.350066
v -4.994302 0.896045 -7.363350
v -4.994302 0.885503 -7.373891
v -4.994302 0.872220 -7.380659
v -4.522459 0.872220 -7.270859
v -4.521765 0.885503 -7.277591
v -4.520683 0.896045 -7.288077
v -4.519321 0.902813 -7.301290
v -4.517811 0.905145 -7.315936
v -4.516301 0.902813 -7.330584
v -4.514938 0.896045 -7.343797
v -4.513856 0.885503 -7.354281
v -4.513163 0.872220 -7.361015
v -4.056469 0.872220 -7.193272
v -4.055359 0.885503 -7.199948
v -4.053629 0.896045 -7.210347
v -4.051451 0.902813 -7.223449
v -4.049035 0.905145 -7.237975
v -4.046619 0.902813 -7.252500
v -4.044440 0.896045 -7.265602
v -4.042711 0.885503 -7.276001
v -4.041600 0.872220 -7.282677
v -3.135418 0.174356 -4.484076
v -3.132436 0.159963 -4.486563
v -3.125103 0.147110 -4.488373
v -3.114138 0.137055 -4.489327
v -3.100614 0.130782 -4.489334
v -3.085854 0.128906 -4.488392
v -3.071305 0.131610 -4.486594
v -3.058388 0.138629 -4.484115
v -3.048370 0.149277 -4.481198
v -3.042231 0.162511 -4.478128
v -3.040571 0.177036 -4.475207
v -3.172699 0.091699 -4.052635
v -3.169959 0.077090 -4.053784
v -3.162994 0.063911 -4.053574
v -3.152484 0.053452 -4.052024
v -3.139459 0.046737 -4.049286
v -3.125193 0.044423 -4.045630
v -3.111082 0.046737 -4.041410
v -3.098510 0.053452 -4.037043
v -3.088704 0.063911 -4.032955
v -3.082626 0.077090 -4.029545
v -3.080872 0.091699 -4.027149
v -3.316291 0.072718 -3.751618
v -3.314748 0.057917 -3.750722
v -3.310055 0.044374 -3.746623
v -3.302675 0.033413 -3.739720
v -3.293328 0.026108 -3.730692
v -3.282929 0.023174 -3.720420
v -3.272497 0.024899 -3.709911
v -3.263052 0.031112 -3.700193
v -3.255520 0.041206 -3.692217
v -3.250637 0.054194 -3.686765
v -3.248881 0.068803 -3.684370
v -3.616308 0.073107 -3.608348
v -3.615881 0.058285 -3.606802
v -3.614255 0.044685 -3.600917
v -3.611588 0.033637 -3.591269
v -3.608143 0.026223 -3.578803
v -3.604256 0.023168 -3.564739
v -3.600308 0.024772 -3.550453
v -3.596685 0.030878 -3.537344
v -3.593743 0.040888 -3.526695
v -3.591768 0.053821 -3.519549
v -3.590954 0.068413 -3.516605
v -4.043434 0.073107 -3.571332
v -4.043363 0.058285 -3.569729
v -4.043094 0.044685 -3.563630
v -4.042653 0.033637 -3.553630
v -4.042082 0.026223 -3.540709
v -4.041440 0.023168 -3.526131
v -4.040786 0.024772 -3.511324
v -4.040187 0.030878 -3.497737
v -4.039700 0.040888 -3.486700
v -4.039373 0.053821 -3.479293
v -4.039238 0.068413 -3.476242
v -4.517811 0.073107 -3.571378
v -4.517811 0.058285 -3.569774
v -4.517811 0.044685 -3.563669
v -4.517811 0.033637 -3.553659
v -4.517811 0.026223 -3.540726
v -4.517811 0.023168 -3.526134
v -4.517811 0.024772 -3.511313
v -4.517811 0.030878 -3.497713
v -4.517811 0.040888 -3.486664
v -4.517811 0.053821 -3.479250
v -4.517811 0.068413 -3.476196
v -4.994302 0.073107 -3.571378
v -4.994302 0.058285 -3.569774
v -4.994302 0.044685 -3.563669
v -4.994302 0.033637 -3.553659
v -4.994302 0.026223 -3.540726
v -4.994302 0.023168 -3.526134
v -4.994302 0.024772 -3.511313
v -4.994302 0.030878 -3.497713
v -4.994302 0.040888 -3.486664
v -4.994302 0.053821 -3.479250
v -4.994302 0.068413 -3.476196
v -5.470793 0.073107 -3.571378
v -5.470793 0.058285 -3.569774
v -5.470793 0.044685 -3.563669
v -5.470793 0.033637 -3.553659
v -5.470793 0.026223 -3.540726
v -5.470793 0.023168 -3.526134
v -5.470793 0.024772 -3.511313
v -5.470793 0.030878 -3.497713
v -5.470793 0.040888 -3.486664
v -5.470793 0.053821 -3.479250
v -5.470793 0.068413 -3.476196
v -5.945170 0.073107 -3.571332
v -5.945240 0.058285 -3.569729
v -5.945510 0.044685 -3.563630
v -5.945951 0.033637 -3.553630
v -5.946522 0.026223 -3.540709
v -5.947165 0.023168 -3.526131
v -5.947818 0.024772 -3.511324
v -5.948417 0.030878 -3.497737
v -5.948904 0.040888 -3.486700
v -5.949231 0.053821 -3.479293
v -5.949366 0.068413 -3.476242
v -6.372295 0.073107 -3.608348
v -6.372723 0.058285 -3.606802
v -6.374349 0.044685 -3.600917
v -6.377016 0.033637 -3.591269
v -6.380460 0.026223 -3.578803
v -6.384347 0.023168 -3.564739
v -6.388296 0.024772 -3.550453
v -6.391919 0.030878 -3.537344
v -6.394861 0.040888 -3.526695
v -6.396836 0.053821 -3.519549
v -6.397650 0.068413 -3.516605
v -6.672313 0.072718 -3.751618
v -6.673857 0.057917 -3.750722
v -6.678548 0.044374 -3.746623
v -6.685929 0.033413 -3.739720
v -6.695275 0.026108 -3.730692
v -6.705675 0.023174 -3.720420
v -6.716107 0.024899 -3.709911
v -6.725552 0.031112 -3.700193
v -6.733084 0.041206 -3.692217
v -6.737967 0.054194 -3.686765
v -6.739723 0.068803 -3.684370
v -6.815905 0.091699 -4.052635
v -6.818645 0.077090 -4.053784
v -6.825610 0.063911 -4.053574
v -6.836120 0.053452 -4.052024
v -6.849145 0.046737 -4.049286
v -6.863411 0.044423 -4.045630
v -6.877522 0.046737 -4.041410
v -6.890094 0.053452 -4.037043
v -6.899899 0.063911 -4.032955
v -6.905977 0.077090 -4.029545
v -6.907732 0.091699 -4.027149
v -6.852787 0.174836 -4.480392
v -6.855346 0.160150 -4.480394
v -6.862312 0.146971 -4.480191
v -6.873005 0.136591 -4.479803
v -6.886379 0.130026 -4.479268
v -6.901124 0.127917 -4.478637
v -6.915796 0.130473 -4.477973
v -6.928960 0.137441 -4.477340
v -6.939326 0.148141 -4.476801
v -6.945881 0.161525 -4.476409
v -6.947982 0.176283 -4.476201
v -6.852723 0.091045 -4.959269
v -6.855250 0.076420 -4.957870
v -6.862194 0.063287 -4.956615
v -6.872874 0.052934 -4.955626
v -6.886246 0.046372 -4.954998
v -6.901000 0.044245 -4.954795
v -6.915692 0.046761 -4.955036
v -6.928884 0.053673 -4.955696
v -6.939285 0.064305 -4.956713
v -6.945876 0.077616 -4.957985
v -6.948013 0.092303 -4.959389
v -6.852723 0.080573 -5.536242
v -6.855250 0.065896 -5.536926
v -6.862194 0.052719 -5.537539
v -6.872874 0.042329 -5.538024
v -6.886246 0.035745 -5.538331
v -6.901000 0.033610 -5.538430
v -6.915692 0.036135 -5.538312
v -6.928884 0.043071 -5.537990
v -6.939285 0.053739 -5.537492
v -6.945876 0.067096 -5.536870
v -6.948013 0.081834 -5.536183
v -3.135881 0.080573 -5.536242
v -3.133354 0.065896 -5.536926
v -3.126410 0.052719 -5.537539
v -3.115730 0.042329 -5.538024
v -3.102358 0.035745 -5.538331
v -3.087604 0.033610 -5.538430
v -3.072912 0.036135 -5.538312
v -3.059720 0.043071 -5.537990
v -3.049319 0.053739 -5.537492
v -3.042727 0.067096 -5.536870
v -3.040591 0.081834 -5.536183
v -3.135881 0.091045 -4.959269
v -3.133354 0.076420 -4.957870
v -3.126410 0.063287 -4.956615
v -3.115730 0.052934 -4.955626
v -3.102358 0.046372 -4.954998
v -3.087604 0.044245 -4.954795
v -3.072912 0.046761 -4.955036
v -3.059720 0.053673 -4.955696
v -3.049319 0.064305 -4.956713
v -3.042727 0.077616 -4.957985
v -3.040591 0.092303 -4.959389
v -3.135881 0.177419 -4.472332
v -3.133354 0.167160 -4.461815
v -3.126410 0.157949 -4.452371
v -3.115730 0.150687 -4.444925
v -3.102358 0.146085 -4.440206
v -3.087604 0.144593 -4.438676
v -3.072912 0.146357 -4.440485
v -3.059720 0.151205 -4.445457
v -3.049319 0.158663 -4.453102
v -3.042727 0.167999 -4.462675
v -3.040591 0.178301 -4.473237
v -3.135881 0.450750 -4.430342
v -3.133354 0.445538 -4.416605
v -3.126410 0.440857 -4.404271
v -3.115730 0.437167 -4.394547
v -3.102358 0.434829 -4.388385
v -3.087604 0.434070 -4.386387
v -3.072912 0.434967 -4.388749
v -3.059720 0.437430 -4.395241
v -3.049319 0.441220 -4.405227
v -3.042727 0.445964 -4.417728
v -3.040591 0.451199 -4.431522
v -3.135637 0.683788 -4.278662
v -3.132872 0.672770 -4.269007
v -3.125726 0.663134 -4.260158
v -3.114897 0.655822 -4.252980
v -3.101446 0.651549 -4.248177
v -3.086690 0.650735 -4.246219
v -3.072073 0.653459 -4.247297
v -3.059025 0.659453 -4.251306
v -3.048825 0.668133 -4.257853
v -3.042470 0.678647 -4.266297
v -3.040582 0.689967 -4.275813
v -3.171211 0.802124 -4.010294
v -3.167421 0.788634 -4.005206
v -3.159596 0.777364 -3.999372
v -3.148505 0.769419 -3.993363
v -3.135232 0.765576 -3.987768
v -3.121077 0.766210 -3.983135
v -3.107424 0.771260 -3.979917
v -3.095612 0.780232 -3.978428
v -3.086795 0.792247 -3.978816
v -3.081837 0.806129 -3.981040
v -3.081223 0.820520 -3.984886
v -3.312523 0.829296 -3.749318
v -3.308791 0.815823 -3.744142
v -3.302376 0.804967 -3.736189
v -3.293906 0.797791 -3.726238
v -3.284211 0.794997 -3.715263
v -3.274240 0.796859 -3.704339
v -3.264968 0.803195 -3.694533
v -3.257303 0.813384 -3.686808
v -3.251996 0.826429 -3.681917
v -3.249566 0.841052 -3.680341
v -3.250251 0.855824 -3.682234
v -3.610284 0.828607 -3.624308
v -3.609263 0.815215 -3.617839
v -3.607647 0.804501 -3.607600
v -3.605594 0.797515 -3.594591
v -3.603305 0.794941 -3.580086
v -3.601003 0.797030 -3.565506
v -3.598916 0.803578 -3.552277
v -3.597245 0.813945 -3.541695
v -3.596156 0.827115 -3.534794
v -3.595755 0.841799 -3.532251
v -3.596081 0.856560 -3.534315
v -4.020060 0.828607 -3.652979
v -4.024440 0.815215 -3.648111
v -4.031374 0.804501 -3.640405
v -4.040184 0.797515 -3.630615
v -4.050005 0.794941 -3.619700
v -4.059879 0.797030 -3.608727
v -4.068838 0.803578 -3.598772
v -4.076004 0.813945 -3.590808
v -4.080677 0.827115 -3.585615
v -4.082399 0.841799 -3.583702
v -4.081001 0.856560 -3.585255
v -4.061057 0.828607 -3.907080
v -4.067363 0.815215 -3.905314
v -4.077345 0.804501 -3.902517
v -4.090027 0.797515 -3.898964
v -4.104167 0.794941 -3.895003
v -4.118380 0.797030 -3.891021
v -4.131276 0.803578 -3.887408
v -4.141593 0.813945 -3.884518
v -4.148319 0.827115 -3.882633
v -4.150798 0.841799 -3.881939
v -4.148786 0.856560 -3.882502
v -4.182278 0.828607 -4.235683
v -4.188142 0.815215 -4.232769
v -4.197426 0.804501 -4.228157
v -4.209220 0.797515 -4.222297
v -4.222371 0.794941 -4.215764
v -4.235590 0.797030 -4.209196
v -4.247584 0.803578 -4.203237
v -4.257179 0.813945 -4.198470
v -4.263435 0.827115 -4.195362
v -4.265740 0.841799 -4.194216
v -4.263869 0.856560 -4.195146
v -4.385788 0.828607 -4.553454
v -4.390750 0.815215 -4.549181
v -4.398605 0.804501 -4.542416
v -4.408585 0.797515 -4.533822
v -4.419712 0.794941 -4.524240
v -4.430896 0.797030 -4.514607
v -4.441044 0.803578 -4.505867
v -4.449162 0.813945 -4.498876
v -4.454456 0.827115 -4.494318
v -4.456407 0.841799 -4.492638
v -4.454823 0.856560 -4.494001
v -4.665143 0.828607 -4.796677
v -4.668273 0.815215 -4.790925
v -4.673228 0.804501 -4.781820
v -4.679524 0.797515 -4.770252
v -4.686543 0.794941 -4.757354
v -4.693598 0.797030 -4.744389
v -4.700000 0.803578 -4.732625
v -4.705121 0.813945 -4.723215
v -4.708460 0.827115 -4.717079
v -4.709691 0.841799 -4.714818
v -4.708693 0.856560 -4.716653
v -4.994302 0.828607 -4.890226
v -4.994302 0.815215 -4.883678
v -4.994302 0.804501 -4.873312
v -4.994302 0.797515 -4.860142
v -4.994302 0.794941 -4.845458
v -4.994302 0.797030 -4.830697
v -4.994302 0.803578 -4.817305
v -4.994302 0.813945 -4.806591
v -4.994302 0.827115 -4.799605
v -4.994302 0.841799 -4.797030
v -4.994302 0.856560 -4.799120
v -5.323461 0.828607 -4.796677
v -5.320330 0.815215 -4.790925
v -5.315375 0.804501 -4.781820
v -5.309080 0.797515 -4.770252
v -5.302061 0.794941 -4.757354
v -5.295005 0.797030 -4.744389
v -5.288603 0.803578 -4.732625
v -5.283483 0.813945 -4.723215
v -5.280143 0.827115 -4.717079
v -5.278913 0.841799 -4.714818
v -5.279911 0.856560 -4.716653
v -5.602815 0.828607 -4.553454
v -5.597853 0.815215 -4.549181
v -5.589998 0.804501 -4.542416
v -5.580019 0.797515 -4.533822
v -5.568892 0.794941 -4.524240
v -5.557708 0.797030 -4.514607
v -5.547560 0.803578 -4.505867
v -5.539442 0.813945 -4.498876
v -5.534148 0.827115 -4.494318
v -5.532197 0.841799 -4.492638
v -5.533781 0.856560 -4.494001
v -5.806326 0.828607 -4.235683
v -5.800462 0.815215 -4.232769
v -5.791178 0.804501 -4.228157
v -5.779384 0.797515 -4.222297
v -5.766233 0.794941 -4.215764
v -5.753014 0.797030 -4.209196
v -5.741020 0.803578 -4.203237
v -5.731425 0.813945 -4.198470
v -5.725169 0.827115 -4.195362
v -5.722863 0.841799 -4.194216
v -5.724734 0.856560 -4.195146
v -5.927547 0.828607 -3.907080
v -5.921241 0.815215 -3.905314
v -5.911259 0.804501 -3.902517
v -5.898577 0.797515 -3.898964
v -5.884438 0.794941 -3.895003
v -5.870224 0.797030 -3.891021
v -5.857328 0.803578 -3.887408
v -5.847011 0.813945 -3.884518
v -5.840284 0.827115 -3.882633
v -5.837806 0.841799 -3.881939
v -5.839818 0.856560 -3.882502
v -5.968544 0.828607 -3.652979
v -5.964164 0.815215 -3.648111
v -5.957230 0.804501 -3.640405
v -5.948420 0.797515 -3.630615
v -5.938598 0.794941 -3.619700
v -5.928725 0.797030 -3.608727
v -5.919766 0.803578 -3.598772
v -5.912600 0.813945 -3.590808
v -5.907927 0.827115 -3.585615
v -5.906205 0.841799 -3.583702
v -5.907602 0.856560 -3.585255
v -6.378319 0.828607 -3.624308
v -6.379340 0.815215 -3.617839
v -6.380956 0.804501 -3.607600
v -6.383009 0.797515 -3.594591
v -6.385299 0.794941 -3.580086
v -6.387600 0.797030 -3.565506
v -6.389688 0.803578 -3.552277
v -6.391358 0.813945 -3.541695
v -6.392447 0.827115 -3.534794
v -6.392848 0.841799 -3.532251
v -6.392523 0.856560 -3.534315
v -6.676080 0.829296 -3.749318
v -6.679813 0.815823 -3.744142
v -6.686228 0.804967 -3.736189
v -6.694698 0.797791 -3.726238
v -6.704392 0.794997 -3.715263
v -6.714364 0.796859 -3.704339
v -6.723636 0.803195 -3.694533
v -6.731300 0.813384 -3.686808
v -6.736608 0.826429 -3.681917
v -6.739038 0.841052 -3.680341
v -6.738353 0.855824 -3.682234
v -6.817393 0.802124 -4.010295
v -6.821183 0.788634 -4.005206
v -6.829008 0.777364 -3.999372
v -6.840098 0.769419 -3.993363
v -6.853371 0.765576 -3.987768
v -6.867527 0.766210 -3.983135
v -6.881179 0.771260 -3.979917
v -6.892992 0.780232 -3.978428
v -6.901808 0.792247 -3.978816
v -6.906766 0.806129 -3.981040
v -6.907380 0.820520 -3.984886
v -6.852967 0.683788 -4.278662
v -6.855731 0.672770 -4.269007
v -6.862878 0.663134 -4.260158
v -6.873707 0.655822 -4.252980
v -6.887158 0.651549 -4.248177
v -6.901914 0.650735 -4.246219
v -6.916531 0.653459 -4.247297
v -6.929579 0.659453 -4.251306
v -6.939780 0.668133 -4.257853
v -6.946135 0.678647 -4.266297
v -6.948021 0.689967 -4.275813
v -6.852723 0.450750 -4.430342
v -6.855250 0.445538 -4.416605
v -6.862194 0.440857 -4.404271
v -6.872874 0.437167 -4.394547
v -6.886246 0.434828 -4.388385
v -6.901000 0.434070 -4.386387
v -6.915692 0.434967 -4.388749
v -6.928884 0.437430 -4.395241
v -6.939285 0.441220 -4.405227
v -6.945876 0.445964 -4.417728
v -6.948013 0.451199 -4.431522
v -6.852723 0.181969 -4.470077
v -6.855250 0.179810 -4.455544
v -6.862194 0.177872 -4.442495
v -6.872874 0.176344 -4.432207
v -6.886246 0.175375 -4.425687
v -6.901000 0.175061 -4.423573
v -6.915692 0.175433 -4.426073
v -6.928884 0.176453 -4.432941
v -6.939285 0.178022 -4.443506
v -6.945876 0.179987 -4.456732
v -6.948013 0.182155 -4.471326
v -3.041256 0.192008 -4.472407
v -3.081381 0.106827 -4.025313
v -3.248771 0.084030 -3.683593
v -3.590754 0.083642 -3.515881
v -4.039206 0.083642 -3.475492
v -4.517811 0.083642 -3.475445
v -4.994302 0.083642 -3.475445
v -5.470793 0.083642 -3.475445
v -5.949398 0.083642 -3.475492
v -6.397850 0.083642 -3.515881
v -6.739833 0.084030 -3.683593
v -6.907222 0.106827 -4.025313
v -6.947746 0.191528 -4.476092
v -6.947811 0.107480 -4.960839
v -6.947811 0.097064 -5.535473
v -3.040793 0.097064 -5.535473
v -3.040793 0.107480 -4.960839
v -3.040793 0.188946 -4.484151
v -3.040793 0.456608 -4.445777
v -3.041037 0.701532 -4.285739
v -3.082869 0.834955 -3.989511
v -3.252538 0.870448 -3.685894
v -3.596778 0.871137 -3.538733
v -4.078010 0.871136 -3.588579
v -4.144480 0.871137 -3.883709
v -4.259864 0.871137 -4.197136
v -4.451434 0.871137 -4.496920
v -4.706554 0.871137 -4.720581
v -4.994302 0.871137 -4.803592
v -5.282049 0.871137 -4.720581
v -5.537169 0.871137 -4.496920
v -5.728740 0.871137 -4.197136
v -5.844124 0.871137 -3.883709
v -5.910594 0.871136 -3.588579
v -6.391826 0.871137 -3.538733
v -6.736065 0.870448 -3.685894
v -6.905735 0.834955 -3.989511
v -6.947567 0.701532 -4.285739
v -6.947811 0.456608 -4.445777
v -6.947811 0.184395 -4.486407
v -3.136103 0.189329 -4.481277
v -3.173208 0.106827 -4.050799
v -3.316181 0.087946 -3.750842
v -3.616108 0.088336 -3.607624
v -4.043400 0.088336 -3.570581
v -4.517811 0.088336 -3.570627
v -4.994302 0.088336 -3.570627
v -5.470793 0.088336 -3.570627
v -5.945203 0.088336 -3.570581
v -6.372496 0.088336 -3.607624
v -6.815396 0.106827 -4.050799
v -6.852551 0.190082 -4.480283
v -6.852521 0.106223 -4.960719
v -6.852521 0.095803 -5.535532
v -3.136083 0.095803 -5.535532
v -3.136083 0.106223 -4.960719
v -3.136083 0.188064 -4.483247
v -3.136083 0.456160 -4.444596
v -3.136091 0.695353 -4.288588
v -3.172856 0.816560 -4.014920
v -4.017068 0.843184 -3.656303
v -4.056751 0.843184 -3.908287
v -4.178273 0.843184 -4.237673
v -4.382400 0.843184 -4.556373
v -4.663005 0.843184 -4.800605
v -4.994302 0.843184 -4.894699
v -5.325598 0.843184 -4.800605
v -5.606204 0.843184 -4.556373
v -5.810331 0.843184 -4.237673
v -5.931853 0.843184 -3.908287
v -5.971535 0.843184 -3.656303
v -6.377622 0.843184 -3.628725
v -6.673793 0.843920 -3.752978
v -6.852512 0.695353 -4.288588
v -6.852521 0.456160 -4.444596
v -6.852521 0.184210 -4.485158
v -3.044238 0.206402 -4.469921
v -3.051571 0.219255 -4.468111
v -3.062536 0.229310 -4.467156
v -3.076060 0.235582 -4.467150
v -3.090819 0.237459 -4.468091
v -3.105369 0.234755 -4.469890
v -3.118285 0.227735 -4.472369
v -3.128303 0.217087 -4.475286
v -3.134443 0.203853 -4.478355
v -3.084120 0.121436 -4.024164
v -3.091086 0.134615 -4.024374
v -3.101595 0.145073 -4.025924
v -3.114621 0.151789 -4.028662
v -3.128887 0.154102 -4.032319
v -3.142997 0.151789 -4.036538
v -3.155570 0.145073 -4.040905
v -3.165375 0.134615 -4.044993
v -3.171453 0.121436 -4.048403
v -3.250314 0.098831 -3.684489
v -3.255006 0.112375 -3.688589
v -3.262387 0.123335 -3.695491
v -3.271734 0.130640 -3.704520
v -3.282132 0.133574 -3.714791
v -3.292565 0.131850 -3.725300
v -3.302009 0.125637 -3.735018
v -3.309542 0.115542 -3.742994
v -3.314425 0.102555 -3.748446
v -3.591181 0.098463 -3.517427
v -3.592808 0.112064 -3.523312
v -3.595474 0.123112 -3.532960
v -3.598919 0.130526 -3.545426
v -3.602806 0.133580 -3.559490
v -3.606754 0.131976 -3.573776
v -3.610377 0.125871 -3.586885
v -3.613320 0.115861 -3.597534
v -3.615295 0.102928 -3.604680
v -4.039276 0.098463 -3.477094
v -4.039545 0.112064 -3.483194
v -4.039986 0.123112 -3.493193
v -4.040556 0.130526 -3.506114
v -4.041199 0.133580 -3.520692
v -4.041852 0.131976 -3.535499
v -4.042452 0.125871 -3.549086
v -4.042939 0.115861 -3.560123
v -4.043266 0.102928 -3.567530
v -4.517811 0.098463 -3.477049
v -4.517811 0.112064 -3.483154
v -4.517811 0.123112 -3.493164
v -4.517811 0.130526 -3.506097
v -4.517811 0.133580 -3.520689
v -4.517811 0.131976 -3.535511
v -4.517811 0.125871 -3.549111
v -4.517811 0.115861 -3.560159
v -4.517811 0.102928 -3.567573
v -4.994302 0.098463 -3.477049
v -4.994302 0.112064 -3.483154
v -4.994302 0.123112 -3.493164
v -4.994302 0.130526 -3.506097
v -4.994302 0.133580 -3.520689
v -4.994302 0.131976 -3.535511
v -4.994302 0.125871 -3.549111
v -4.994302 0.115861 -3.560159
v -4.994302 0.102928 -3.567573
v -5.470793 0.098463 -3.477049
v -5.470793 0.112064 -3.483154
v -5.470793 0.123112 -3.493164
v -5.470793 0.130526 -3.506097
v -5.470793 0.133580 -3.520689
v -5.470793 0.131976 -3.535511
v -5.470793 0.125871 -3.549111
v -5.470793 0.115861 -3.560159
v -5.470793 0.102928 -3.567573
v -5.949327 0.098463 -3.477094
v -5.949058 0.112064 -3.483194
v -5.948617 0.123112 -3.493193
v -5.948047 0.130526 -3.506114
v -5.947404 0.133580 -3.520692
v -5.946751 0.131976 -3.535499
v -5.946151 0.125871 -3.549086
v -5.945665 0.115861 -3.560123
v -5.945338 0.102928 -3.567530
v -6.397423 0.098463 -3.517427
v -6.395796 0.112064 -3.523312
v -6.393130 0.123112 -3.532960
v -6.389685 0.130526 -3.545426
v -6.385798 0.133580 -3.559490
v -6.381850 0.131976 -3.573776
v -6.378227 0.125871 -3.586885
v -6.375284 0.115861 -3.597534
v -6.373310 0.102928 -3.604680
v -6.738289 0.098831 -3.684489
v -6.733597 0.112375 -3.688589
v -6.726217 0.123335 -3.695491
v -6.716870 0.130640 -3.704520
v -6.706471 0.133574 -3.714791
v -6.696039 0.131850 -3.725300
v -6.686594 0.125637 -3.735018
v -6.679062 0.115542 -3.742994
v -6.674178 0.102555 -3.748446
v -6.672423 0.087946 -3.750842
v -6.904483 0.121436 -4.024164
v -6.897518 0.134615 -4.024374
v -6.887009 0.145073 -4.025924
v -6.873983 0.151789 -4.028662
v -6.859717 0.154102 -4.032319
v -6.845607 0.151789 -4.036538
v -6.833034 0.145073 -4.040905
v -6.823228 0.134615 -4.044993
v -6.817151 0.121436 -4.048403
v -6.945188 0.206215 -4.476089
v -6.938222 0.219393 -4.476292
v -6.927528 0.229773 -4.476681
v -6.914155 0.236339 -4.477216
v -6.899410 0.238447 -4.477847
v -6.884737 0.235892 -4.478511
v -6.871574 0.228923 -4.479144
v -6.861207 0.218223 -4.479683
v -6.854653 0.204840 -4.480075
v -6.945284 0.122105 -4.962237
v -6.938340 0.135238 -4.963492
v -6.927660 0.145592 -4.964482
v -6.914288 0.152153 -4.965109
v -6.899535 0.154280 -4.965312
v -6.884842 0.151764 -4.965072
v -6.871650 0.144852 -4.964412
v -6.861249 0.134221 -4.963395
v -6.854658 0.120910 -4.962123
v -6.945284 0.111741 -5.534790
v -6.938340 0.124919 -5.534176
v -6.927660 0.135308 -5.533691
v -6.914288 0.141892 -5.533385
v -6.899535 0.144027 -5.533285
v -6.884842 0.141502 -5.533403
v -6.871650 0.134566 -5.533726
v -6.861249 0.123898 -5.534223
v -6.854658 0.110541 -5.534846
v -3.043320 0.111741 -5.534790
v -3.050263 0.124919 -5.534176
v -3.060944 0.135308 -5.533691
v -3.074316 0.141892 -5.533385
v -3.089069 0.144027 -5.533285
v -3.103762 0.141502 -5.533403
v -3.116954 0.134566 -5.533726
v -3.127355 0.123898 -5.534223
v -3.133946 0.110541 -5.534845
v -3.043320 0.122105 -4.962237
v -3.050263 0.135238 -4.963492
v -3.060944 0.145592 -4.964482
v -3.074316 0.152153 -4.965109
v -3.089069 0.154280 -4.965312
v -3.103762 0.151764 -4.965072
v -3.116954 0.144852 -4.964412
v -3.127355 0.134221 -4.963395
v -3.133946 0.120910 -4.962123
v -3.043320 0.199204 -4.494669
v -3.050263 0.208415 -4.504113
v -3.060944 0.215678 -4.511559
v -3.074316 0.220280 -4.516278
v -3.089069 0.221772 -4.517807
v -3.103762 0.220007 -4.515998
v -3.116954 0.215159 -4.511027
v -3.127355 0.207702 -4.503382
v -3.133946 0.198366 -4.493809
v -3.043320 0.461820 -4.459514
v -3.050263 0.466501 -4.471848
v -3.060944 0.470191 -4.481572
v -3.074316 0.472529 -4.487734
v -3.089069 0.473288 -4.489732
v -3.103762 0.472391 -4.487370
v -3.116954 0.469927 -4.480878
v -3.127355 0.466138 -4.470892
v -3.133946 0.461394 -4.458390
v -3.043801 0.712550 -4.295394
v -3.050948 0.722186 -4.304243
v -3.061777 0.729499 -4.311420
v -3.075227 0.733771 -4.316223
v -3.089984 0.734585 -4.318182
v -3.104601 0.731862 -4.317103
v -3.117649 0.725867 -4.313095
v -3.127849 0.717187 -4.306548
v -3.134204 0.706673 -4.298103
v -3.086659 0.848445 -3.994600
v -3.094483 0.859715 -4.000434
v -3.105574 0.867660 -4.006443
v -3.118847 0.871504 -4.012037
v -3.133003 0.870869 -4.016671
v -3.146655 0.865819 -4.019889
v -3.158468 0.856847 -4.021378
v -3.167284 0.844832 -4.020990
v -3.172242 0.830950 -4.018765
v -3.256271 0.883921 -3.691070
v -3.262686 0.894777 -3.699022
v -3.271156 0.901953 -3.708973
v -3.280851 0.904747 -3.719948
v -3.290822 0.902885 -3.730873
v -3.300094 0.896549 -3.740678
v -3.307758 0.886360 -3.748404
v -3.313065 0.873315 -3.753294
v -3.315495 0.858692 -3.754870
v -3.314811 0.843920 -3.752978
v -3.597799 0.884529 -3.545201
v -3.599415 0.895243 -3.555440
v -3.601468 0.902229 -3.568449
v -3.603757 0.904803 -3.582954
v -3.606059 0.902714 -3.597534
v -3.608146 0.896165 -3.610763
v -3.609817 0.885799 -3.621346
v -3.610906 0.872629 -3.628246
v -3.611307 0.857945 -3.630789
v -3.610981 0.843184 -3.628725
v -4.073629 0.884529 -3.593447
v -4.066696 0.895243 -3.601153
v -4.057886 0.902229 -3.610942
v -4.048064 0.904803 -3.621858
v -4.038190 0.902714 -3.632830
v -4.029232 0.896165 -3.642786
v -4.022066 0.885799 -3.650750
v -4.017393 0.872629 -3.655943
v -4.015671 0.857945 -3.657856
v -4.138174 0.884529 -3.885476
v -4.128192 0.895243 -3.888272
v -4.115511 0.902229 -3.891825
v -4.101371 0.904803 -3.895786
v -4.087157 0.902714 -3.899768
v -4.074261 0.896165 -3.903381
v -4.063945 0.885799 -3.906271
v -4.057218 0.872629 -3.908156
v -4.054739 0.857945 -3.908851
v -4.254000 0.884529 -4.200049
v -4.244716 0.895243 -4.204662
v -4.232921 0.902229 -4.210522
v -4.219771 0.904803 -4.217055
v -4.206552 0.902714 -4.223623
v -4.194558 0.896165 -4.229582
v -4.184963 0.885799 -4.234349
v -4.178707 0.872629 -4.237457
v -4.176402 0.857945 -4.238603
v -4.446472 0.884529 -4.501193
v -4.438617 0.895243 -4.507957
v -4.428638 0.902229 -4.516552
v -4.417511 0.904803 -4.526134
v -4.406327 0.902714 -4.535766
v -4.396179 0.896166 -4.544506
v -4.388061 0.885799 -4.551497
v -4.382767 0.872629 -4.556056
v -4.380816 0.857945 -4.557736
v -4.703424 0.884529 -4.726333
v -4.698469 0.895243 -4.735438
v -4.692174 0.902229 -4.747006
v -4.685155 0.904803 -4.759904
v -4.678100 0.902714 -4.772869
v -4.671698 0.896165 -4.784633
v -4.666577 0.885799 -4.794044
v -4.663238 0.872629 -4.800179
v -4.662007 0.857945 -4.802441
v -4.994302 0.884529 -4.810141
v -4.994302 0.895243 -4.820507
v -4.994302 0.902229 -4.833676
v -4.994302 0.904803 -4.848361
v -4.994302 0.902714 -4.863122
v -4.994302 0.896165 -4.876514
v -4.994302 0.885799 -4.887228
v -4.994302 0.872629 -4.894214
v -4.994302 0.857945 -4.896788
v -5.285179 0.884529 -4.726333
v -5.290134 0.895243 -4.735438
v -5.296430 0.902229 -4.747006
v -5.303448 0.904803 -4.759904
v -5.310504 0.902714 -4.772869
v -5.316905 0.896165 -4.784633
v -5.322027 0.885799 -4.794044
v -5.325366 0.872629 -4.800179
v -5.326596 0.857945 -4.802441
v -5.542131 0.884529 -4.501193
v -5.549986 0.895243 -4.507957
v -5.559966 0.902229 -4.516552
v -5.571092 0.904803 -4.526134
v -5.582277 0.902714 -4.535766
v -5.592425 0.896165 -4.544506
v -5.600543 0.885799 -4.551497
v -5.605836 0.872629 -4.556056
v -5.607787 0.857945 -4.557736
v -5.734604 0.884529 -4.200049
v -5.743888 0.895243 -4.204662
v -5.755682 0.902229 -4.210522
v -5.768833 0.904803 -4.217055
v -5.782052 0.902714 -4.223623
v -5.794046 0.896165 -4.229582
v -5.803640 0.885799 -4.234349
v -5.809897 0.872629 -4.237457
v -5.812202 0.857945 -4.238603
v -5.850430 0.884529 -3.885476
v -5.860412 0.895243 -3.888272
v -5.873093 0.902229 -3.891825
v -5.887232 0.904803 -3.895786
v -5.901446 0.902714 -3.899768
v -5.914342 0.896165 -3.903381
v -5.924659 0.885799 -3.906271
v -5.931386 0.872629 -3.908156
v -5.933865 0.857945 -3.908851
v -5.914974 0.884529 -3.593447
v -5.921908 0.895243 -3.601153
v -5.930717 0.902229 -3.610942
v -5.940540 0.904803 -3.621858
v -5.950413 0.902714 -3.632830
v -5.959372 0.896165 -3.642786
v -5.966538 0.885799 -3.650750
v -5.971211 0.872629 -3.655943
v -5.972933 0.857945 -3.657856
v -6.390805 0.884529 -3.545201
v -6.389189 0.895243 -3.555440
v -6.387136 0.902229 -3.568449
v -6.384846 0.904803 -3.582954
v -6.382545 0.902714 -3.597534
v -6.380457 0.896165 -3.610763
v -6.378787 0.885799 -3.621346
v -6.377697 0.872629 -3.628246
v -6.377296 0.857945 -3.630789
v -6.732332 0.883921 -3.691070
v -6.725918 0.894777 -3.699022
v -6.717448 0.901953 -3.708973
v -6.707753 0.904747 -3.719948
v -6.697782 0.902885 -3.730873
v -6.688510 0.896549 -3.740678
v -6.680845 0.886360 -3.748404
v -6.675539 0.873315 -3.753294
v -6.673109 0.858692 -3.754870
v -6.901944 0.848445 -3.994600
v -6.894121 0.859715 -4.000434
v -6.883029 0.867660 -4.006443
v -6.869756 0.871504 -4.012037
v -6.855601 0.870869 -4.016671
v -6.841949 0.865819 -4.019889
v -6.830136 0.856847 -4.021378
v -6.821319 0.844832 -4.020990
v -6.816362 0.830950 -4.018765
v -6.815748 0.816559 -4.014920
v -6.944802 0.712550 -4.295394
v -6.937656 0.722186 -4.304243
v -6.926827 0.729499 -4.311420
v -6.913376 0.733771 -4.316223
v -6.898620 0.734585 -4.318182
v -6.884003 0.731862 -4.317103
v -6.870955 0.725867 -4.313095
v -6.860755 0.717187 -4.306548
v -6.854400 0.706673 -4.298103
v -6.945284 0.461820 -4.459514
v -6.938340 0.466501 -4.471848
v -6.927660 0.470191 -4.481572
v -6.914288 0.472529 -4.487734
v -6.899535 0.473288 -4.489732
v -6.884842 0.472391 -4.487370
v -6.871650 0.469927 -4.480878
v -6.861249 0.466138 -4.470892
v -6.854658 0.461394 -4.458390
v -6.945284 0.186554 -4.500940
v -6.938340 0.188492 -4.513988
v -6.927660 0.190021 -4.524277
v -6.914288 0.190989 -4.530797
v -6.899535 0.191303 -4.532910
v -6.884842 0.190932 -4.530411
v -6.871650 0.189912 -4.523542
v -6.861249 0.188342 -4.512978
v -6.854658 0.186377 -4.499752
v -5.947386 0.842248 -3.573775
v -5.947003 0.827524 -3.576076
v -5.945893 0.814241 -3.582752
v -5.944164 0.803699 -3.593151
v -5.941984 0.796931 -3.606254
v -5.939569 0.794599 -3.620779
v -5.937153 0.796931 -3.635304
v -5.934974 0.803699 -3.648407
v -5.933245 0.814241 -3.658805
v -5.932134 0.827524 -3.665482
v -5.931752 0.842248 -3.667782
v -5.475680 0.842248 -3.495420
v -5.475441 0.827524 -3.497739
v -5.474747 0.814241 -3.504471
v -5.473666 0.803699 -3.514957
v -5.472303 0.796931 -3.528170
v -5.470793 0.794599 -3.542817
v -5.469283 0.796931 -3.557464
v -5.467920 0.803699 -3.570677
v -5.466839 0.814241 -3.581163
v -5.466145 0.827524 -3.587895
v -5.465906 0.842248 -3.590215
v -4.994302 0.842248 -3.475762
v -4.994302 0.827524 -3.478095
v -4.994302 0.814241 -3.484863
v -4.994302 0.803699 -3.495404
v -4.994302 0.796931 -3.508687
v -4.994302 0.794599 -3.523412
v -4.994302 0.796931 -3.538136
v -4.994302 0.803699 -3.551419
v -4.994302 0.814241 -3.561961
v -4.994302 0.827524 -3.568729
v -4.994302 0.842248 -3.571061
v -4.512923 0.842248 -3.495420
v -4.513163 0.827524 -3.497739
v -4.513856 0.814241 -3.504471
v -4.514938 0.803699 -3.514957
v -4.516301 0.796931 -3.528170
v -4.517811 0.794599 -3.542817
v -4.519321 0.796931 -3.557464
v -4.520683 0.803699 -3.570677
v -4.521765 0.814241 -3.581163
v -4.522459 0.827524 -3.587895
v -4.522698 0.842248 -3.590215
v -4.041218 0.842248 -3.573775
v -4.041600 0.827524 -3.576076
v -4.042711 0.814241 -3.582752
v -4.044440 0.803699 -3.593151
v -4.046619 0.796931 -3.606254
v -4.049035 0.794599 -3.620779
v -4.051451 0.796931 -3.635304
v -4.053629 0.803699 -3.648407
v -4.055359 0.814241 -3.658805
v -4.056469 0.827524 -3.665482
v -4.056852 0.842248 -3.667782
v -5.931752 0.857496 -3.667782
v -5.465906 0.857496 -3.590215
v -4.994302 0.857496 -3.571061
v -4.522698 0.857496 -3.590215
v -4.056852 0.857496 -3.667782
v -5.947386 0.857496 -3.573775
v -5.475680 0.857496 -3.495420
v -4.994302 0.857496 -3.475762
v -4.512923 0.857496 -3.495420
v -4.041218 0.857496 -3.573775
v -5.932135 0.872220 -3.665482
v -5.933245 0.885503 -3.658805
v -5.934974 0.896045 -3.648407
v -5.937153 0.902813 -3.635304
v -5.939569 0.905145 -3.620779
v -5.941984 0.902813 -3.606254
v -5.944164 0.896045 -3.593151
v -5.945893 0.885503 -3.582752
v -5.947003 0.872220 -3.576076
v -5.466145 0.872220 -3.587895
v -5.466839 0.885503 -3.581163
v -5.467920 0.896045 -3.570677
v -5.469283 0.902813 -3.557464
v -5.470793 0.905145 -3.542817
v -5.472303 0.902813 -3.528170
v -5.473666 0.896045 -3.514957
v -5.474747 0.885503 -3.504471
v -5.475441 0.872220 -3.497739
v -4.994302 0.872220 -3.568729
v -4.994302 0.885503 -3.561961
v -4.994302 0.896045 -3.551419
v -4.994302 0.902813 -3.538136
v -4.994302 0.905145 -3.523412
v -4.994302 0.902813 -3.508687
v -4.994302 0.896045 -3.495404
v -4.994302 0.885503 -3.484863
v -4.994302 0.872220 -3.478095
v -4.522459 0.872220 -3.587895
v -4.521765 0.885503 -3.581163
v -4.520683 0.896045 -3.570677
v -4.519321 0.902813 -3.557464
v -4.517811 0.905145 -3.542817
v -4.516301 0.902813 -3.528170
v -4.514938 0.896045 -3.514957
v -4.513856 0.885503 -3.504471
v -4.513163 0.872220 -3.497739
v -4.056469 0.872220 -3.665482
v -4.055359 0.885503 -3.658805
v -4.053629 0.896045 -3.648407
v -4.051451 0.902813 -3.635304
v -4.049035 0.905145 -3.620779
v -4.046619 0.902813 -3.606254
v -4.044440 0.896045 -3.593151
v -4.042711 0.885503 -3.582752
v -4.041600 0.872220 -3.576076
v -5.000000 0.028486 -4.441753
v -5.342021 0.028486 -4.502061
v -5.642787 0.028486 -4.675709
v -5.866025 0.028486 -4.941753
v -5.984807 0.028486 -5.268106
v -5.984807 0.028486 -5.615402
v -5.866025 0.028486 -5.941753
v -5.642787 0.028486 -6.207798
v -5.342021 0.028486 -6.381446
v -5.000000 0.028486 -6.441753
v -4.657980 0.028486 -6.381446
v -4.357213 0.028486 -6.207798
v -4.133975 0.028486 -5.941753
v -4.015193 0.028486 -5.615402
v -4.015193 0.028486 -5.268106
v -4.133975 0.028486 -4.941754
v -4.357212 0.028486 -4.675710
v -4.657979 0.028486 -4.502061
v -5.000000 0.313904 -4.551765
v -5.304394 0.313904 -4.605438
v -5.572073 0.313904 -4.759983
v -5.770752 0.313904 -4.996759
v -5.876467 0.313904 -5.287209
v -5.876467 0.313904 -5.596299
v -5.770752 0.313904 -5.886747
v -5.572073 0.313904 -6.123524
v -5.304394 0.313904 -6.278069
v -5.000000 0.313904 -6.331742
v -4.695606 0.313904 -6.278069
v -4.427927 0.313904 -6.123525
v -4.229248 0.313904 -5.886748
v -4.123533 0.313904 -5.596299
v -4.123533 0.313904 -5.287209
v -4.229248 0.313904 -4.996760
v -4.427927 0.313904 -4.759983
v -4.695605 0.313904 -4.605438
v -5.000000 0.557280 -4.859780
v -5.199047 0.557280 -4.894877
v -5.374085 0.557280 -4.995936
v -5.504004 0.557280 -5.150767
v -5.573132 0.557280 -5.340695
v -5.573132 0.557280 -5.542812
v -5.504004 0.557280 -5.732740
v -5.374085 0.557280 -5.887571
v -5.199047 0.557280 -5.988630
v -5.000000 0.557280 -6.023727
v -4.800953 0.557280 -5.988630
v -4.625915 0.557280 -5.887571
v -4.495996 0.557280 -5.732740
v -4.426868 0.557280 -5.542812
v -4.426868 0.557280 -5.340695
v -4.495996 0.557280 -5.150767
v -4.625914 0.557280 -4.995936
v -4.800952 0.557280 -4.894877
v 10.330923 0.000000 -8.012039
v 0.377806 0.000000 -8.012039
v 10.330923 -1.931477 -8.012039
v 0.377806 -1.931477 -8.012039
v 3.891031 0.174356 -6.374678
v 3.888048 0.159963 -6.372190
v 3.880716 0.147110 -6.370381
v 3.869751 0.137055 -6.369426
v 3.856227 0.130782 -6.369419
v 3.841467 0.128906 -6.370361
v 3.826917 0.131610 -6.372160
v 3.814001 0.138629 -6.374639
v 3.803983 0.149277 -6.377556
v 3.797843 0.162511 -6.380625
v 3.796184 0.177036 -6.383546
v 3.928311 0.091699 -6.806118
v 3.925572 0.077090 -6.804969
v 3.918607 0.063911 -6.805180
v 3.908097 0.053452 -6.806730
v 3.895072 0.046737 -6.809467
v 3.880805 0.044423 -6.813125
v 3.866695 0.046737 -6.817343
v 3.854122 0.053452 -6.821711
v 3.844317 0.063911 -6.825799
v 3.838239 0.077090 -6.829208
v 3.836484 0.091699 -6.831605
v 4.071903 0.072718 -7.107136
v 4.070360 0.057917 -7.108032
v 4.065668 0.044374 -7.112131
v 4.058288 0.033413 -7.119033
v 4.048941 0.026108 -7.128062
v 4.038542 0.023174 -7.138333
v 4.028110 0.024899 -7.148843
v 4.018665 0.031112 -7.158561
v 4.011132 0.041206 -7.166536
v 4.006249 0.054194 -7.171988
v 4.004493 0.068803 -7.174384
v 4.371921 0.073107 -7.250406
v 4.371494 0.058285 -7.251952
v 4.369867 0.044685 -7.257837
v 4.367201 0.033637 -7.267484
v 4.363756 0.026223 -7.279951
v 4.359869 0.023168 -7.294014
v 4.355921 0.024772 -7.308301
v 4.352298 0.030878 -7.321410
v 4.349355 0.040888 -7.332058
v 4.347380 0.053821 -7.339205
v 4.346566 0.068413 -7.342148
v 4.799047 0.073107 -7.287422
v 4.798975 0.058285 -7.289024
v 4.798707 0.044685 -7.295124
v 4.798265 0.033637 -7.305124
v 4.797695 0.026223 -7.318045
v 4.797052 0.023168 -7.332622
v 4.796399 0.024772 -7.347430
v 4.795799 0.030878 -7.361016
v 4.795312 0.040888 -7.372053
v 4.794986 0.053821 -7.379460
v 4.794851 0.068413 -7.382512
v 5.273423 0.073107 -7.287374
v 5.273423 0.058285 -7.288979
v 5.273423 0.044685 -7.295084
v 5.273423 0.033637 -7.305094
v 5.273423 0.026223 -7.318028
v 5.273423 0.023168 -7.332620
v 5.273423 0.024772 -7.347442
v 5.273423 0.030878 -7.361041
v 5.273423 0.040888 -7.372089
v 5.273423 0.053821 -7.379503
v 5.273423 0.068413 -7.382557
v 5.749915 0.073107 -7.287374
v 5.749915 0.058285 -7.288979
v 5.749915 0.044685 -7.295084
v 5.749915 0.033637 -7.305094
v 5.749915 0.026223 -7.318028
v 5.749915 0.023168 -7.332620
v 5.749915 0.024772 -7.347442
v 5.749915 0.030878 -7.361041
v 5.749915 0.040888 -7.372089
v 5.749915 0.053821 -7.379503
v 5.749915 0.068413 -7.382557
v 6.226406 0.073107 -7.287374
v 6.226406 0.058285 -7.288979
v 6.226406 0.044685 -7.295084
v 6.226406 0.033637 -7.305094
v 6.226406 0.026223 -7.318028
v 6.226406 0.023168 -7.332620
v 6.226406 0.024772 -7.347442
v 6.226406 0.030878 -7.361041
v 6.226406 0.040888 -7.372089
v 6.226406 0.053821 -7.379503
v 6.226406 0.068413 -7.382557
v 6.700783 0.073107 -7.287422
v 6.700854 0.058285 -7.289024
v 6.701123 0.044685 -7.295124
v 6.701565 0.033637 -7.305124
v 6.702135 0.026223 -7.318045
v 6.702778 0.023168 -7.332622
v 6.703431 0.024772 -7.347430
v 6.704031 0.030878 -7.361016
v 6.704517 0.040888 -7.372053
v 6.704844 0.053821 -7.379460
v 6.704979 0.068413 -7.382512
v 7.127909 0.073107 -7.250406
v 7.128336 0.058285 -7.251952
v 7.129962 0.044685 -7.257837
v 7.132629 0.033637 -7.267484
v 7.136074 0.026223 -7.279951
v 7.139961 0.023168 -7.294014
v 7.143909 0.024772 -7.308301
v 7.147532 0.030878 -7.321410
v 7.150475 0.040888 -7.332058
v 7.152449 0.053821 -7.339205
v 7.153263 0.068413 -7.342148
v 7.427927 0.072718 -7.107136
v 7.429470 0.057917 -7.108032
v 7.434162 0.044374 -7.112131
v 7.441542 0.033413 -7.119033
v 7.450889 0.026108 -7.128062
v 7.461288 0.023174 -7.138333
v 7.471720 0.024899 -7.148843
v 7.481165 0.031112 -7.158561
v 7.488698 0.041206 -7.166536
v 7.493580 0.054194 -7.171988
v 7.495337 0.068803 -7.174384
v 7.571518 0.091699 -6.806118
v 7.574258 0.077090 -6.804969
v 7.581223 0.063911 -6.805180
v 7.591733 0.053452 -6.806730
v 7.604758 0.046737 -6.809467
v 7.619024 0.044423 -6.813125
v 7.633135 0.046737 -6.817343
v 7.645708 0.053452 -6.821711
v 7.655513 0.063911 -6.825799
v 7.661591 0.077090 -6.829208
v 7.663345 0.091699 -6.831605
v 7.608401 0.174836 -6.378362
v 7.610959 0.160150 -6.378359
v 7.617926 0.146971 -6.378562
v 7.628619 0.136591 -6.378951
v 7.641993 0.130026 -6.379486
v 7.656737 0.127917 -6.380117
v 7.671410 0.130473 -6.380781
v 7.684573 0.137441 -6.381414
v 7.694940 0.148141 -6.381953
v 7.701495 0.161525 -6.382345
v 7.703596 0.176283 -6.382553
v 7.608336 0.091045 -5.899485
v 7.610863 0.076420 -5.900883
v 7.617807 0.063287 -5.902139
v 7.628487 0.052934 -5.903128
v 7.641859 0.046372 -5.903755
v 7.656613 0.044245 -5.903958
v 7.671305 0.046761 -5.903718
v 7.684497 0.053673 -5.903057
v 7.694898 0.064305 -5.902041
v 7.701489 0.077616 -5.900769
v 7.703626 0.092303 -5.899365
v 7.608336 0.080573 -5.322512
v 7.610863 0.065896 -5.321828
v 7.617807 0.052719 -5.321214
v 7.628487 0.042329 -5.320730
v 7.641859 0.035745 -5.320423
v 7.656613 0.033610 -5.320323
v 7.671305 0.036135 -5.320441
v 7.684497 0.043071 -5.320765
v 7.694898 0.053739 -5.321261
v 7.701489 0.067096 -5.321884
v 7.703626 0.081834 -5.322571
v 3.891494 0.080573 -5.322512
v 3.888966 0.065896 -5.321828
v 3.882023 0.052719 -5.321214
v 3.871343 0.042329 -5.320730
v 3.857971 0.035745 -5.320423
v 3.843217 0.033610 -5.320324
v 3.828525 0.036135 -5.320441
v 3.815332 0.043071 -5.320765
v 3.804932 0.053739 -5.321261
v 3.798340 0.067096 -5.321884
v 3.796203 0.081834 -5.322571
v 3.891494 0.091045 -5.899486
v 3.888966 0.076420 -5.900883
v 3.882023 0.063287 -5.902139
v 3.871343 0.052934 -5.903128
v 3.857971 0.046372 -5.903755
v 3.843217 0.044245 -5.903958
v 3.828525 0.046761 -5.903718
v 3.815332 0.053673 -5.903057
v 3.804932 0.064305 -5.902041
v 3.798340 0.077616 -5.900769
v 3.796203 0.092303 -5.899365
v 3.891494 0.177419 -6.386421
v 3.888966 0.167160 -6.396939
v 3.882023 0.157949 -6.406383
v 3.871343 0.150687 -6.413829
v 3.857971 0.146085 -6.418547
v 3.843217 0.144593 -6.420077
v 3.828525 0.146357 -6.418268
v 3.815332 0.151205 -6.413297
v 3.804932 0.158663 -6.405652
v 3.798340 0.167999 -6.396079
v 3.796203 0.178301 -6.385517
v 3.891494 0.450750 -6.428412
v 3.888966 0.445538 -6.442148
v 3.882023 0.440857 -6.454483
v 3.871343 0.437167 -6.464207
v 3.857971 0.434829 -6.470369
v 3.843217 0.434070 -6.472367
v 3.828525 0.434967 -6.470004
v 3.815332 0.437430 -6.463512
v 3.804932 0.441220 -6.453527
v 3.798340 0.445964 -6.441025
v 3.796203 0.451199 -6.427231
v 3.891250 0.683788 -6.580092
v 3.888485 0.672770 -6.589747
v 3.881338 0.663134 -6.598597
v 3.870510 0.655822 -6.605774
v 3.857059 0.651549 -6.610577
v 3.842302 0.650735 -6.612535
v 3.827685 0.653459 -6.611457
v 3.814637 0.659453 -6.607448
v 3.804437 0.668133 -6.600901
v 3.798082 0.678647 -6.592456
v 3.796195 0.689967 -6.582941
v 3.926824 0.802124 -6.848459
v 3.923033 0.788634 -6.853548
v 3.915209 0.777364 -6.859382
v 3.904118 0.769419 -6.865391
v 3.890845 0.765576 -6.870986
v 3.876690 0.766210 -6.875619
v 3.863037 0.771260 -6.878838
v 3.851225 0.780232 -6.880326
v 3.842408 0.792247 -6.879939
v 3.837450 0.806129 -6.877713
v 3.836836 0.820520 -6.873868
v 4.068136 0.829296 -7.109436
v 4.064404 0.815823 -7.114612
v 4.057988 0.804967 -7.122564
v 4.049519 0.797791 -7.132515
v 4.039824 0.794997 -7.143490
v 4.029852 0.796859 -7.154415
v 4.020580 0.803195 -7.164220
v 4.012916 0.813384 -7.171946
v 4.007609 0.826429 -7.176836
v 4.005179 0.841052 -7.178412
v 4.005864 0.855824 -7.176520
v 4.365897 0.828607 -7.234446
v 4.364876 0.815215 -7.240915
v 4.363260 0.804501 -7.251154
v 4.361207 0.797515 -7.264163
v 4.358917 0.794941 -7.278667
v 4.356616 0.797030 -7.293248
v 4.354528 0.803578 -7.306476
v 4.352858 0.813945 -7.317059
v 4.351768 0.827115 -7.323959
v 4.351367 0.841799 -7.326502
v 4.351693 0.856560 -7.324439
v 4.775672 0.828607 -7.205775
v 4.780053 0.815215 -7.210643
v 4.786987 0.804501 -7.218349
v 4.795796 0.797515 -7.228138
v 4.805618 0.794941 -7.239053
v 4.815492 0.797030 -7.250026
v 4.824450 0.803578 -7.259982
v 4.831617 0.813945 -7.267946
v 4.836290 0.827115 -7.273139
v 4.838012 0.841799 -7.275052
v 4.836614 0.856560 -7.273499
v 4.816670 0.828607 -6.951673
v 4.822976 0.815215 -6.953440
v 4.832958 0.804501 -6.956236
v 4.845639 0.797515 -6.959789
v 4.859779 0.794941 -6.963751
v 4.873992 0.797030 -6.967732
v 4.886889 0.803578 -6.971345
v 4.897205 0.813945 -6.974236
v 4.903932 0.827115 -6.976120
v 4.906411 0.841799 -6.976815
v 4.904399 0.856560 -6.976252
v 4.937891 0.828607 -6.623071
v 4.943755 0.815215 -6.625985
v 4.953039 0.804501 -6.630597
v 4.964833 0.797515 -6.636456
v 4.977983 0.794941 -6.642990
v 4.991202 0.797030 -6.649558
v 5.003197 0.803578 -6.655517
v 5.012792 0.813945 -6.660284
v 5.019048 0.827115 -6.663392
v 5.021353 0.841799 -6.664537
v 5.019482 0.856560 -6.663608
v 5.141401 0.828607 -6.305300
v 5.146363 0.815215 -6.309573
v 5.154218 0.804501 -6.316338
v 5.164197 0.797515 -6.324932
v 5.175324 0.794941 -6.334514
v 5.186509 0.797030 -6.344146
v 5.196657 0.803578 -6.352886
v 5.204775 0.813945 -6.359878
v 5.210069 0.827115 -6.364436
v 5.212019 0.841799 -6.366117
v 5.210436 0.856560 -6.364753
v 5.420757 0.828607 -6.062077
v 5.423887 0.815215 -6.067828
v 5.428842 0.804501 -6.076934
v 5.435137 0.797515 -6.088502
v 5.442156 0.794941 -6.101399
v 5.449212 0.797030 -6.114365
v 5.455614 0.803578 -6.126128
v 5.460734 0.813945 -6.135539
v 5.464074 0.827115 -6.141675
v 5.465304 0.841799 -6.143936
v 5.464306 0.856560 -6.142101
v 5.749915 0.828607 -5.968527
v 5.749915 0.815215 -5.975076
v 5.749915 0.804501 -5.985442
v 5.749915 0.797515 -5.998612
v 5.749915 0.794941 -6.013296
v 5.749915 0.797030 -6.028057
v 5.749915 0.803578 -6.041450
v 5.749915 0.813945 -6.052163
v 5.749915 0.827115 -6.059149
v 5.749915 0.841799 -6.061723
v 5.749915 0.856560 -6.059634
v 6.079074 0.828607 -6.062077
v 6.075943 0.815215 -6.067828
v 6.070988 0.804501 -6.076934
v 6.064693 0.797515 -6.088502
v 6.057674 0.794941 -6.101399
v 6.050619 0.797030 -6.114365
v 6.044217 0.803578 -6.126128
v 6.039096 0.813945 -6.135539
v 6.035756 0.827115 -6.141675
v 6.034526 0.841799 -6.143936
v 6.035524 0.856560 -6.142101
v 6.358428 0.828607 -6.305300
v 6.353467 0.815215 -6.309573
v 6.345611 0.804501 -6.316338
v 6.335632 0.797515 -6.324932
v 6.324506 0.794941 -6.334514
v 6.313321 0.797030 -6.344146
v 6.303173 0.803578 -6.352886
v 6.295055 0.813945 -6.359878
v 6.289761 0.827115 -6.364436
v 6.287811 0.841799 -6.366117
v 6.289394 0.856560 -6.364753
v 6.561939 0.828607 -6.623071
v 6.556075 0.815215 -6.625985
v 6.546791 0.804501 -6.630597
v 6.534997 0.797515 -6.636456
v 6.521846 0.794941 -6.642990
v 6.508627 0.797030 -6.649558
v 6.496633 0.803578 -6.655517
v 6.487038 0.813945 -6.660284
v 6.480782 0.827115 -6.663392
v 6.478477 0.841799 -6.664537
v 6.480348 0.856560 -6.663608
v 6.683160 0.828607 -6.951673
v 6.676854 0.815215 -6.953440
v 6.666872 0.804501 -6.956236
v 6.654190 0.797515 -6.959789
v 6.640051 0.794941 -6.963751
v 6.625837 0.797030 -6.967732
v 6.612941 0.803578 -6.971345
v 6.602624 0.813945 -6.974236
v 6.595898 0.827115 -6.976120
v 6.593419 0.841799 -6.976815
v 6.595431 0.856560 -6.976252
v 6.724157 0.828607 -7.205775
v 6.719777 0.815215 -7.210643
v 6.712843 0.804501 -7.218349
v 6.704033 0.797515 -7.228138
v 6.694211 0.794941 -7.239053
v 6.684338 0.797030 -7.250026
v 6.675379 0.803578 -7.259982
v 6.668213 0.813945 -7.267946
v 6.663540 0.827115 -7.273139
v 6.661818 0.841799 -7.275052
v 6.663216 0.856560 -7.273499
v 7.133933 0.828607 -7.234446
v 7.134953 0.815215 -7.240915
v 7.136569 0.804501 -7.251154
v 7.138623 0.797515 -7.264163
v 7.140913 0.794941 -7.278667
v 7.143214 0.797030 -7.293248
v 7.145301 0.803578 -7.306476
v 7.146972 0.813945 -7.317059
v 7.148061 0.827115 -7.323959
v 7.148462 0.841799 -7.326502
v 7.148136 0.856560 -7.324439
v 7.431694 0.829296 -7.109436
v 7.435426 0.815823 -7.114612
v 7.441842 0.804967 -7.122564
v 7.450311 0.797791 -7.132515
v 7.460006 0.794997 -7.143490
v 7.469977 0.796859 -7.154415
v 7.479249 0.803195 -7.164220
v 7.486914 0.813384 -7.171946
v 7.492221 0.826429 -7.176836
v 7.494651 0.841052 -7.178412
v 7.493966 0.855824 -7.176520
v 7.573006 0.802124 -6.848459
v 7.576797 0.788634 -6.853548
v 7.584621 0.777364 -6.859382
v 7.595712 0.769419 -6.865391
v 7.608984 0.765576 -6.870986
v 7.623140 0.766210 -6.875619
v 7.636793 0.771260 -6.878838
v 7.648605 0.780232 -6.880326
v 7.657422 0.792247 -6.879939
v 7.662380 0.806129 -6.877713
v 7.662993 0.820520 -6.873868
v 7.608580 0.683788 -6.580092
v 7.611344 0.672770 -6.589747
v 7.618492 0.663134 -6.598597
v 7.629320 0.655822 -6.605773
v 7.642771 0.651549 -6.610577
v 7.657527 0.650735 -6.612535
v 7.672144 0.653459 -6.611457
v 7.685193 0.659453 -6.607448
v 7.695393 0.668133 -6.600901
v 7.701748 0.678647 -6.592456
v 7.703635 0.689967 -6.582941
v 7.608336 0.450750 -6.428412
v 7.610863 0.445538 -6.442148
v 7.617807 0.440857 -6.454483
v 7.628487 0.437167 -6.464207
v 7.641859 0.434828 -6.470369
v 7.656613 0.434070 -6.472367
v 7.671305 0.434967 -6.470004
v 7.684497 0.437430 -6.463512
v 7.694898 0.441220 -6.453527
v 7.701489 0.445964 -6.441025
v 7.703626 0.451199 -6.427231
v 7.608336 0.181969 -6.388677
v 7.610863 0.179810 -6.403210
v 7.617807 0.177872 -6.416259
v 7.628487 0.176344 -6.426547
v 7.641859 0.175375 -6.433067
v 7.656613 0.175061 -6.435180
v 7.671305 0.175433 -6.432681
v 7.684497 0.176453 -6.425812
v 7.694898 0.178022 -6.415248
v 7.701489 0.179987 -6.402021
v 7.703626 0.182155 -6.387427
v 3.796869 0.192008 -6.386346
v 3.836994 0.106827 -6.833441
v 4.004384 0.084030 -7.175160
v 4.346366 0.083642 -7.342874
v 4.794818 0.083642 -7.383262
v 5.273423 0.083642 -7.383308
v 5.749915 0.083642 -7.383308
v 6.226406 0.083642 -7.383308
v 6.705011 0.083642 -7.383262
v 7.153463 0.083642 -7.342874
v 7.495446 0.084030 -7.175160
v 7.662836 0.106827 -6.833441
v 7.703360 0.191528 -6.382662
v 7.703424 0.107480 -5.897914
v 7.703424 0.097064 -5.323280
v 3.796405 0.097064 -5.323280
v 3.796405 0.107480 -5.897914
v 3.796405 0.188946 -6.374602
v 3.796405 0.456608 -6.412976
v 3.796649 0.701532 -6.573015
v 3.838481 0.834955 -6.869242
v 4.008151 0.870448 -7.172860
v 4.352390 0.871137 -7.320021
v 4.833622 0.871136 -7.270175
v 4.900093 0.871137 -6.975045
v 5.015477 0.871137 -6.661618
v 5.207047 0.871137 -6.361834
v 5.462168 0.871137 -6.138173
v 5.749915 0.871137 -6.055161
v 6.037663 0.871137 -6.138173
v 6.292783 0.871137 -6.361834
v 6.484353 0.871137 -6.661618
v 6.599737 0.871137 -6.975045
v 6.666207 0.871136 -7.270175
v 7.147439 0.871137 -7.320021
v 7.491679 0.870448 -7.172860
v 7.661348 0.834955 -6.869243
v 7.703180 0.701532 -6.573015
v 7.703424 0.456608 -6.412976
v 7.703424 0.184395 -6.372347
v 3.891716 0.189329 -6.377478
v 3.928821 0.106827 -6.807954
v 4.071794 0.087946 -7.107912
v 4.371721 0.088336 -7.251129
v 4.799013 0.088336 -7.288172
v 5.273423 0.088336 -7.288126
v 5.749915 0.088336 -7.288126
v 6.226406 0.088336 -7.288126
v 6.700817 0.088336 -7.288172
v 7.128109 0.088336 -7.251129
v 7.428036 0.087946 -7.107912
v 7.571009 0.106827 -6.807954
v 7.608165 0.190082 -6.378471
v 7.608134 0.106223 -5.898035
v 7.608134 0.095803 -5.323221
v 3.891695 0.095803 -5.323221
v 3.891695 0.106223 -5.898035
v 3.891695 0.188064 -6.375507
v 3.891695 0.456160 -6.414157
v 3.891704 0.695353 -6.570166
v 3.928469 0.816560 -6.843833
v 4.070423 0.843920 -7.105776
v 4.366594 0.843184 -7.230029
v 4.772681 0.843184 -7.202450
v 4.812364 0.843184 -6.950467
v 4.933886 0.843184 -6.621081
v 5.138013 0.843184 -6.302381
v 5.418619 0.843184 -6.058148
v 5.749915 0.843184 -5.964055
v 6.081211 0.843184 -6.058148
v 6.361817 0.843184 -6.302381
v 6.565944 0.843184 -6.621081
v 6.687466 0.843184 -6.950467
v 6.727149 0.843184 -7.202450
v 7.133235 0.843184 -7.230029
v 7.429407 0.843920 -7.105776
v 7.571361 0.816560 -6.843833
v 7.608126 0.695353 -6.570166
v 7.608134 0.456160 -6.414157
v 7.608134 0.184210 -6.373596
v 3.799851 0.206402 -6.388833
v 3.807183 0.219255 -6.390643
v 3.818148 0.229310 -6.391597
v 3.831672 0.235582 -6.391604
v 3.846432 0.237459 -6.390662
v 3.860982 0.234755 -6.388864
v 3.873898 0.227735 -6.386385
v 3.883916 0.217087 -6.383468
v 3.890056 0.203853 -6.380399
v 3.839733 0.121436 -6.834590
v 3.846698 0.134615 -6.834379
v 3.857208 0.145073 -6.832829
v 3.870234 0.151789 -6.830091
v 3.884500 0.154102 -6.826435
v 3.898610 0.151789 -6.822216
v 3.911183 0.145073 -6.817849
v 3.920988 0.134615 -6.813761
v 3.927066 0.121436 -6.810351
v 4.005927 0.098831 -7.174264
v 4.010619 0.112375 -7.170165
v 4.018000 0.123335 -7.163263
v 4.027347 0.130640 -7.154234
v 4.037745 0.133574 -7.143962
v 4.048177 0.131850 -7.133453
v 4.057622 0.125637 -7.123735
v 4.065155 0.115542 -7.115760
v 4.070038 0.102555 -7.110308
v 4.346794 0.098463 -7.341326
v 4.348420 0.112064 -7.335443
v 4.351087 0.123112 -7.325794
v 4.354531 0.130526 -7.313327
v 4.358418 0.133580 -7.299263
v 4.362367 0.131976 -7.284977
v 4.365990 0.125871 -7.271868
v 4.368932 0.115861 -7.261220
v 4.370907 0.102928 -7.254073
v 4.794889 0.098463 -7.381660
v 4.795158 0.112064 -7.375560
v 4.795599 0.123112 -7.365561
v 4.796169 0.130526 -7.352640
v 4.796812 0.133580 -7.338062
v 4.797465 0.131976 -7.323255
v 4.798065 0.125871 -7.309668
v 4.798552 0.115861 -7.298631
v 4.798879 0.102928 -7.291224
v 5.273423 0.098463 -7.381705
v 5.273423 0.112064 -7.375599
v 5.273423 0.123112 -7.365590
v 5.273423 0.130526 -7.352656
v 5.273423 0.133580 -7.338065
v 5.273423 0.131976 -7.323243
v 5.273423 0.125871 -7.309643
v 5.273423 0.115861 -7.298594
v 5.273423 0.102928 -7.291181
v 5.749915 0.098463 -7.381705
v 5.749915 0.112064 -7.375599
v 5.749915 0.123112 -7.365590
v 5.749915 0.130526 -7.352656
v 5.749915 0.133580 -7.338065
v 5.749915 0.131976 -7.323243
v 5.749915 0.125871 -7.309643
v 5.749915 0.115861 -7.298594
v 5.749915 0.102928 -7.291181
v 6.226406 0.098463 -7.381705
v 6.226406 0.112064 -7.375599
v 6.226406 0.123112 -7.365590
v 6.226406 0.130526 -7.352656
v 6.226406 0.133580 -7.338065
v 6.226406 0.131976 -7.323243
v 6.226406 0.125871 -7.309643
v 6.226406 0.115861 -7.298594
v 6.226406 0.102928 -7.291181
v 6.704941 0.098463 -7.381660
v 6.704671 0.112064 -7.375560
v 6.704231 0.123112 -7.365561
v 6.703660 0.130526 -7.352640
v 6.703018 0.133580 -7.338062
v 6.702364 0.131976 -7.323255
v 6.701765 0.125871 -7.309668
v 6.701278 0.115861 -7.298631
v 6.700951 0.102928 -7.291224
v 7.153036 0.098463 -7.341326
v 7.151409 0.112064 -7.335443
v 7.148743 0.123112 -7.325794
v 7.145298 0.130526 -7.313327
v 7.141411 0.133580 -7.299263
v 7.137463 0.131976 -7.284977
v 7.133840 0.125871 -7.271868
v 7.130897 0.115861 -7.261220
v 7.128923 0.102928 -7.254073
v 7.493903 0.098831 -7.174264
v 7.489211 0.112375 -7.170165
v 7.481831 0.123335 -7.163263
v 7.472483 0.130640 -7.154234
v 7.462085 0.133574 -7.143962
v 7.451653 0.131850 -7.133453
v 7.442208 0.125637 -7.123735
v 7.434675 0.115542 -7.115760
v 7.429791 0.102555 -7.110308
v 7.660097 0.121436 -6.834590
v 7.653131 0.134615 -6.834379
v 7.642622 0.145073 -6.832829
v 7.629597 0.151789 -6.830091
v 7.615330 0.154102 -6.826435
v 7.601220 0.151789 -6.822216
v 7.588647 0.145073 -6.817849
v 7.578841 0.134615 -6.813761
v 7.572764 0.121436 -6.810351
v 7.700801 0.206215 -6.382664
v 7.693835 0.219393 -6.382462
v 7.683142 0.229773 -6.382073
v 7.669768 0.236339 -6.381537
v 7.655023 0.238447 -6.380907
v 7.640351 0.235892 -6.380242
v 7.627187 0.228923 -6.379610
v 7.616820 0.218223 -6.379071
v 7.610266 0.204840 -6.378678
v 7.700897 0.122105 -5.896517
v 7.693954 0.135238 -5.895262
v 7.683273 0.145592 -5.894272
v 7.669901 0.152153 -5.893644
v 7.655148 0.154280 -5.893441
v 7.640455 0.151764 -5.893682
v 7.627263 0.144852 -5.894342
v 7.616862 0.134221 -5.895359
v 7.610271 0.120910 -5.896631
v 7.700897 0.111741 -5.323964
v 7.693954 0.124919 -5.324578
v 7.683273 0.135308 -5.325062
v 7.669901 0.141892 -5.325369
v 7.655148 0.144027 -5.325469
v 7.640455 0.141502 -5.325351
v 7.627263 0.134566 -5.325027
v 7.616862 0.123898 -5.324531
v 7.610271 0.110541 -5.323908
v 3.798933 0.111741 -5.323964
v 3.805876 0.124919 -5.324578
v 3.816556 0.135308 -5.325062
v 3.829928 0.141892 -5.325369
v 3.844682 0.144027 -5.325469
v 3.859374 0.141502 -5.325351
v 3.872566 0.134566 -5.325027
v 3.882967 0.123898 -5.324531
v 3.889559 0.110541 -5.323908
v 3.798933 0.122105 -5.896517
v 3.805876 0.135238 -5.895262
v 3.816556 0.145592 -5.894272
v 3.829928 0.152153 -5.893644
v 3.844682 0.154280 -5.893441
v 3.859374 0.151764 -5.893682
v 3.872566 0.144852 -5.894342
v 3.882967 0.134221 -5.895359
v 3.889559 0.120910 -5.896631
v 3.798933 0.199204 -6.364084
v 3.805876 0.208415 -6.354640
v 3.816556 0.215678 -6.347195
v 3.829928 0.220280 -6.342476
v 3.844682 0.221772 -6.340947
v 3.859374 0.220007 -6.342756
v 3.872566 0.215159 -6.347726
v 3.882967 0.207702 -6.355372
v 3.889559 0.198366 -6.364944
v 3.798933 0.461820 -6.399240
v 3.805876 0.466501 -6.386906
v 3.816556 0.470191 -6.377182
v 3.829928 0.472529 -6.371019
v 3.844682 0.473288 -6.369021
v 3.859374 0.472391 -6.371384
v 3.872566 0.469927 -6.377876
v 3.882967 0.466138 -6.387861
v 3.889559 0.461394 -6.400363
v 3.799414 0.712550 -6.563360
v 3.806561 0.722186 -6.554510
v 3.817389 0.729499 -6.547333
v 3.830840 0.733771 -6.542530
v 3.845597 0.734585 -6.540572
v 3.860214 0.731862 -6.541650
v 3.873261 0.725867 -6.545659
v 3.883462 0.717187 -6.552206
v 3.889817 0.706673 -6.560651
v 3.842272 0.848445 -6.864154
v 3.850096 0.859715 -6.858320
v 3.861187 0.867660 -6.852311
v 3.874460 0.871504 -6.846716
v 3.888615 0.870869 -6.842083
v 3.902268 0.865819 -6.838864
v 3.914080 0.856847 -6.837376
v 3.922897 0.844832 -6.837763
v 3.927855 0.830950 -6.839988
v 4.011884 0.883921 -7.167684
v 4.018299 0.894777 -7.159731
v 4.026769 0.901953 -7.149781
v 4.036464 0.904747 -7.138806
v 4.046434 0.902885 -7.127881
v 4.055706 0.896549 -7.118076
v 4.063371 0.886360 -7.110350
v 4.068678 0.873315 -7.105460
v 4.071108 0.858692 -7.103883
v 4.353411 0.884529 -7.313552
v 4.355027 0.895243 -7.303313
v 4.357080 0.902229 -7.290304
v 4.359370 0.904803 -7.275800
v 4.361671 0.902714 -7.261220
v 4.363759 0.896165 -7.247991
v 4.365429 0.885799 -7.237407
v 4.366518 0.872629 -7.230508
v 4.366920 0.857945 -7.227964
v 4.829242 0.884529 -7.265307
v 4.822309 0.895243 -7.257601
v 4.813499 0.902229 -7.247811
v 4.803677 0.904803 -7.236896
v 4.793803 0.902714 -7.225923
v 4.784845 0.896165 -7.215967
v 4.777678 0.885799 -7.208004
v 4.773005 0.872629 -7.202811
v 4.771283 0.857945 -7.200897
v 4.893787 0.884529 -6.973279
v 4.883805 0.895243 -6.970482
v 4.871123 0.902229 -6.966929
v 4.856984 0.904803 -6.962967
v 4.842770 0.902714 -6.958986
v 4.829874 0.896165 -6.955373
v 4.819558 0.885799 -6.952482
v 4.812830 0.872629 -6.950598
v 4.810352 0.857945 -6.949903
v 5.009612 0.884529 -6.658704
v 5.000329 0.895243 -6.654092
v 4.988534 0.902229 -6.648232
v 4.975384 0.904803 -6.641698
v 4.962164 0.902714 -6.635130
v 4.950171 0.896165 -6.629172
v 4.940576 0.885799 -6.624405
v 4.934319 0.872629 -6.621296
v 4.932014 0.857945 -6.620151
v 5.202085 0.884529 -6.357561
v 5.194230 0.895243 -6.350796
v 5.184251 0.902229 -6.342202
v 5.173124 0.904803 -6.332620
v 5.161940 0.902714 -6.322988
v 5.151792 0.896166 -6.314248
v 5.143673 0.885799 -6.307257
v 5.138380 0.872629 -6.302698
v 5.136429 0.857945 -6.301018
v 5.459038 0.884529 -6.132421
v 5.454082 0.895243 -6.123316
v 5.447787 0.902229 -6.111748
v 5.440768 0.904803 -6.098850
v 5.433713 0.902714 -6.085885
v 5.427311 0.896165 -6.074121
v 5.422190 0.885799 -6.064710
v 5.418851 0.872629 -6.058574
v 5.417620 0.857945 -6.056313
v 5.749915 0.884529 -6.048614
v 5.749915 0.895243 -6.038247
v 5.749915 0.902229 -6.025077
v 5.749915 0.904803 -6.010393
v 5.749915 0.902714 -5.995632
v 5.749915 0.896165 -5.982239
v 5.749915 0.885799 -5.971526
v 5.749915 0.872629 -5.964540
v 5.749915 0.857945 -5.961966
v 6.040792 0.884529 -6.132421
v 6.045747 0.895243 -6.123316
v 6.052043 0.902229 -6.111748
v 6.059062 0.904803 -6.098850
v 6.066117 0.902714 -6.085884
v 6.072519 0.896165 -6.074121
v 6.077640 0.885799 -6.064710
v 6.080979 0.872629 -6.058574
v 6.082210 0.857945 -6.056313
v 6.297745 0.884529 -6.357561
v 6.305599 0.895243 -6.350796
v 6.315579 0.902229 -6.342202
v 6.326705 0.904803 -6.332620
v 6.337890 0.902714 -6.322988
v 6.348038 0.896165 -6.314248
v 6.356156 0.885799 -6.307257
v 6.361450 0.872629 -6.302698
v 6.363400 0.857945 -6.301018
v 6.490218 0.884529 -6.658704
v 6.499501 0.895243 -6.654092
v 6.511296 0.902229 -6.648232
v 6.524446 0.904803 -6.641698
v 6.537665 0.902714 -6.635130
v 6.549659 0.896165 -6.629172
v 6.559254 0.885799 -6.624405
v 6.565510 0.872629 -6.621296
v 6.567815 0.857945 -6.620151
v 6.606043 0.884529 -6.973279
v 6.616025 0.895243 -6.970482
v 6.628706 0.902229 -6.966929
v 6.642846 0.904803 -6.962967
v 6.657060 0.902714 -6.958986
v 6.669956 0.896165 -6.955372
v 6.680273 0.885799 -6.952482
v 6.686999 0.872629 -6.950598
v 6.689478 0.857945 -6.949903
v 6.670588 0.884529 -7.265307
v 6.677521 0.895243 -7.257601
v 6.686331 0.902229 -7.247811
v 6.696153 0.904803 -7.236896
v 6.706027 0.902714 -7.225923
v 6.714985 0.896165 -7.215967
v 6.722151 0.885799 -7.208004
v 6.726824 0.872629 -7.202811
v 6.728547 0.857945 -7.200897
v 7.146418 0.884529 -7.313552
v 7.144802 0.895243 -7.303313
v 7.142749 0.902229 -7.290304
v 7.140460 0.904803 -7.275800
v 7.138158 0.902714 -7.261220
v 7.136070 0.896165 -7.247991
v 7.134400 0.885799 -7.237407
v 7.133311 0.872629 -7.230508
v 7.132910 0.857945 -7.227964
v 7.487946 0.883921 -7.167684
v 7.481531 0.894777 -7.159731
v 7.473061 0.901953 -7.149781
v 7.463366 0.904747 -7.138806
v 7.453395 0.902885 -7.127881
v 7.444123 0.896549 -7.118076
v 7.436459 0.886360 -7.110350
v 7.431152 0.873315 -7.105460
v 7.428722 0.858692 -7.103883
v 7.657557 0.848445 -6.864154
v 7.649734 0.859715 -6.858320
v 7.638642 0.867660 -6.852311
v 7.625370 0.871504 -6.846716
v 7.611214 0.870869 -6.842083
v 7.597562 0.865819 -6.838864
v 7.585749 0.856847 -6.837376
v 7.576932 0.844832 -6.837763
v 7.571975 0.830950 -6.839988
v 7.700416 0.712550 -6.563360
v 7.693269 0.722186 -6.554510
v 7.682440 0.729499 -6.547333
v 7.668990 0.733771 -6.542530
v 7.654233 0.734585 -6.540572
v 7.639616 0.731862 -6.541650
v 7.626569 0.725867 -6.545659
v 7.616368 0.717187 -6.552206
v 7.610013 0.706673 -6.560651
v 7.700897 0.461820 -6.399240
v 7.693954 0.466501 -6.386906
v 7.683273 0.470191 -6.377182
v 7.669901 0.472529 -6.371019
v 7.655148 0.473288 -6.369021
v 7.640455 0.472391 -6.371384
v 7.627263 0.469927 -6.377876
v 7.616862 0.466138 -6.387861
v 7.610271 0.461394 -6.400363
v 7.700897 0.186554 -6.357814
v 7.693954 0.188492 -6.344765
v 7.683273 0.190021 -6.334477
v 7.669901 0.190989 -6.327957
v 7.655148 0.191303 -6.325843
v 7.640455 0.190932 -6.328343
v 7.627263 0.189912 -6.335211
v 7.616862 0.188342 -6.345776
v 7.610271 0.186377 -6.359002
v 6.702999 0.842248 -7.284978
v 6.702617 0.827524 -7.282677
v 6.701507 0.814241 -7.276001
v 6.699777 0.803699 -7.265602
v 6.697598 0.796931 -7.252500
v 6.695182 0.794599 -7.237975
v 6.692767 0.796931 -7.223449
v 6.690587 0.803699 -7.210347
v 6.688858 0.814241 -7.199948
v 6.687747 0.827524 -7.193272
v 6.687365 0.842248 -7.190971
v 6.231294 0.842248 -7.363335
v 6.231055 0.827524 -7.361015
v 6.230360 0.814241 -7.354281
v 6.229279 0.803699 -7.343797
v 6.227917 0.796931 -7.330584
v 6.226406 0.794599 -7.315936
v 6.224896 0.796931 -7.301290
v 6.223534 0.803699 -7.288077
v 6.222452 0.814241 -7.277591
v 6.221758 0.827524 -7.270859
v 6.221519 0.842248 -7.268539
v 5.749915 0.842248 -7.382991
v 5.749915 0.827524 -7.380659
v 5.749915 0.814241 -7.373891
v 5.749915 0.803699 -7.363349
v 5.749915 0.796931 -7.350066
v 5.749915 0.794599 -7.335341
v 5.749915 0.796931 -7.320618
v 5.749915 0.803699 -7.307334
v 5.749915 0.814241 -7.296793
v 5.749915 0.827524 -7.290025
v 5.749915 0.842248 -7.287693
v 5.268536 0.842248 -7.363335
v 5.268775 0.827524 -7.361015
v 5.269469 0.814241 -7.354281
v 5.270551 0.803699 -7.343797
v 5.271913 0.796931 -7.330584
v 5.273423 0.794599 -7.315936
v 5.274934 0.796931 -7.301290
v 5.276296 0.803699 -7.288077
v 5.277378 0.814241 -7.277591
v 5.278072 0.827524 -7.270859
v 5.278311 0.842248 -7.268539
v 4.796831 0.842248 -7.284978
v 4.797213 0.827524 -7.282677
v 4.798324 0.814241 -7.276001
v 4.800053 0.803699 -7.265602
v 4.802232 0.796931 -7.252500
v 4.804647 0.794599 -7.237975
v 4.807063 0.796931 -7.223449
v 4.809242 0.803699 -7.210347
v 4.810972 0.814241 -7.199948
v 4.812082 0.827524 -7.193272
v 4.812465 0.842248 -7.190971
v 6.687365 0.857496 -7.190971
v 6.221519 0.857496 -7.268539
v 5.749915 0.857496 -7.287693
v 5.278311 0.857496 -7.268539
v 4.812465 0.857496 -7.190971
v 6.702999 0.857496 -7.284978
v 6.231294 0.857496 -7.363335
v 5.749915 0.857496 -7.382991
v 5.268536 0.857496 -7.363335
v 4.796831 0.857496 -7.284978
v 6.687748 0.872220 -7.193272
v 6.688858 0.885503 -7.199948
v 6.690587 0.896045 -7.210347
v 6.692767 0.902813 -7.223449
v 6.695182 0.905145 -7.237975
v 6.697598 0.902813 -7.252500
v 6.699777 0.896045 -7.265602
v 6.701507 0.885503 -7.276001
v 6.702617 0.872220 -7.282677
v 6.221758 0.872220 -7.270859
v 6.222452 0.885503 -7.277591
v 6.223534 0.896045 -7.288077
v 6.224896 0.902813 -7.301290
v 6.226406 0.905145 -7.315936
v 6.227917 0.902813 -7.330584
v 6.229279 0.896045 -7.343797
v 6.230360 0.885503 -7.354281
v 6.231055 0.872220 -7.361015
v 5.749915 0.872220 -7.290025
v 5.749915 0.885503 -7.296793
v 5.749915 0.896045 -7.307334
v 5.749915 0.902813 -7.320618
v 5.749915 0.905145 -7.335341
v 5.749915 0.902813 -7.350066
v 5.749915 0.896045 -7.363350
v 5.749915 0.885503 -7.373891
v 5.749915 0.872220 -7.380659
v 5.278072 0.872220 -7.270859
v 5.277378 0.885503 -7.277591
v 5.276296 0.896045 -7.288077
v 5.274934 0.902813 -7.301290
v 5.273423 0.905145 -7.315936
v 5.271913 0.902813 -7.330584
v 5.270551 0.896045 -7.343797
v 5.269469 0.885503 -7.354281
v 5.268775 0.872220 -7.361015
v 4.812082 0.872220 -7.193272
v 4.810972 0.885503 -7.199948
v 4.809242 0.896045 -7.210347
v 4.807063 0.902813 -7.223449
v 4.804647 0.905145 -7.237975
v 4.802232 0.902813 -7.252500
v 4.800053 0.896045 -7.265602
v 4.798324 0.885503 -7.276001
v 4.797213 0.872220 -7.282677
v 3.891031 0.174356 -4.484076
v 3.888048 0.159963 -4.486563
v 3.880716 0.147110 -4.488373
v 3.869751 0.137055 -4.489327
v 3.856227 0.130782 -4.489334
v 3.841467 0.128906 -4.488392
v 3.826917 0.131610 -4.486594
v 3.814001 0.138629 -4.484115
v 3.803983 0.149277 -4.481198
v 3.797843 0.162511 -4.478128
v 3.796184 0.177036 -4.475207
v 3.928311 0.091699 -4.052635
v 3.925572 0.077090 -4.053784
v 3.918607 0.063911 -4.053574
v 3.908097 0.053452 -4.052024
v 3.895072 0.046737 -4.049286
v 3.880805 0.044423 -4.045630
v 3.866695 0.046737 -4.041410
v 3.854122 0.053452 -4.037043
v 3.844317 0.063911 -4.032955
v 3.838239 0.077090 -4.029545
v 3.836484 0.091699 -4.027149
v 4.071903 0.072718 -3.751618
v 4.070360 0.057917 -3.750722
v 4.065668 0.044374 -3.746623
v 4.058288 0.033413 -3.739720
v 4.048941 0.026108 -3.730692
v 4.038542 0.023174 -3.720420
v 4.028110 0.024899 -3.709911
v 4.018665 0.031112 -3.700193
v 4.011132 0.041206 -3.692217
v 4.006249 0.054194 -3.686765
v 4.004493 0.068803 -3.684370
v 4.371921 0.073107 -3.608348
v 4.371494 0.058285 -3.606802
v 4.369867 0.044685 -3.600917
v 4.367201 0.033637 -3.591269
v 4.363756 0.026223 -3.578803
v 4.359869 0.023168 -3.564739
v 4.355921 0.024772 -3.550453
v 4.352298 0.030878 -3.537344
v 4.349355 0.040888 -3.526695
v 4.347380 0.053821 -3.519549
v 4.346566 0.068413 -3.516605
v 4.799047 0.073107 -3.571332
v 4.798975 0.058285 -3.569729
v 4.798707 0.044685 -3.563630
v 4.798265 0.033637 -3.553630
v 4.797695 0.026223 -3.540709
v 4.797052 0.023168 -3.526131
v 4.796399 0.024772 -3.511324
v 4.795799 0.030878 -3.497737
v 4.795312 0.040888 -3.486700
v 4.794986 0.053821 -3.479293
v 4.794851 0.068413 -3.476242
v 5.273423 0.073107 -3.571378
v 5.273423 0.058285 -3.569774
v 5.273423 0.044685 -3.563669
v 5.273423 0.033637 -3.553659
v 5.273423 0.026223 -3.540726
v 5.273423 0.023168 -3.526134
v 5.273423 0.024772 -3.511313
v 5.273423 0.030878 -3.497713
v 5.273423 0.040888 -3.486664
v 5.273423 0.053821 -3.479250
v 5.273423 0.068413 -3.476196
v 5.749915 0.073107 -3.571378
v 5.749915 0.058285 -3.569774
v 5.749915 0.044685 -3.563669
v 5.749915 0.033637 -3.553659
v 5.749915 0.026223 -3.540726
v 5.749915 0.023168 -3.526134
v 5.749915 0.024772 -3.511313
v 5.749915 0.030878 -3.497713
v 5.749915 0.040888 -3.486664
v 5.749915 0.053821 -3.479250
v 5.749915 0.068413 -3.476196
v 6.226406 0.073107 -3.571378
v 6.226406 0.058285 -3.569774
v 6.226406 0.044685 -3.563669
v 6.226406 0.033637 -3.553659
v 6.226406 0.026223 -3.540726
v 6.226406 0.023168 -3.526134
v 6.226406 0.024772 -3.511313
v 6.226406 0.030878 -3.497713
v 6.226406 0.040888 -3.486664
v 6.226406 0.053821 -3.479250
v 6.226406 0.068413 -3.476196
v 6.700783 0.073107 -3.571332
v 6.700854 0.058285 -3.569729
v 6.701123 0.044685 -3.563630
v 6.701565 0.033637 -3.553630
v 6.702135 0.026223 -3.540709
v 6.702778 0.023168 -3.526131
v 6.703431 0.024772 -3.511324
v 6.704031 0.030878 -3.497737
v 6.704517 0.040888 -3.486700
v 6.704844 0.053821 -3.479293
v 6.704979 0.068413 -3.476242
v 7.127909 0.073107 -3.608348
v 7.128336 0.058285 -3.606802
v 7.129962 0.044685 -3.600917
v 7.132629 0.033637 -3.591269
v 7.136074 0.026223 -3.578803
v 7.139961 0.023168 -3.564739
v 7.143909 0.024772 -3.550453
v 7.147532 0.030878 -3.537344
v 7.150475 0.040888 -3.526695
v 7.152449 0.053821 -3.519549
v 7.153263 0.068413 -3.516605
v 7.427927 0.072718 -3.751618
v 7.429470 0.057917 -3.750722
v 7.434162 0.044374 -3.746623
v 7.441542 0.033413 -3.739720
v 7.450889 0.026108 -3.730692
v 7.461288 0.023174 -3.720420
v 7.471720 0.024899 -3.709911
v 7.481165 0.031112 -3.700193
v 7.488698 0.041206 -3.692217
v 7.493580 0.054194 -3.686765
v 7.495337 0.068803 -3.684370
v 7.571518 0.091699 -4.052635
v 7.574258 0.077090 -4.053784
v 7.581223 0.063911 -4.053574
v 7.591733 0.053452 -4.052024
v 7.604758 0.046737 -4.049286
v 7.619024 0.044423 -4.045630
v 7.633135 0.046737 -4.041410
v 7.645708 0.053452 -4.037043
v 7.655513 0.063911 -4.032955
v 7.661591 0.077090 -4.029545
v 7.663345 0.091699 -4.027149
v 7.608401 0.174836 -4.480392
v 7.610959 0.160150 -4.480394
v 7.617926 0.146971 -4.480191
v 7.628619 0.136591 -4.479803
v 7.641993 0.130026 -4.479268
v 7.656737 0.127917 -4.478637
v 7.671410 0.130473 -4.477973
v 7.684573 0.137441 -4.477340
v 7.694940 0.148141 -4.476801
v 7.701495 0.161525 -4.476409
v 7.703596 0.176283 -4.476201
v 7.608336 0.091045 -4.959269
v 7.610863 0.076420 -4.957870
v 7.617807 0.063287 -4.956615
v 7.628487 0.052934 -4.955626
v 7.641859 0.046372 -4.954998
v 7.656613 0.044245 -4.954795
v 7.671305 0.046761 -4.955036
v 7.684497 0.053673 -4.955696
v 7.694898 0.064305 -4.956713
v 7.701489 0.077616 -4.957985
v 7.703626 0.092303 -4.959389
v 7.608336 0.080573 -5.536242
v 7.610863 0.065896 -5.536926
v 7.617807 0.052719 -5.537539
v 7.628487 0.042329 -5.538024
v 7.641859 0.035745 -5.538331
v 7.656613 0.033610 -5.538430
v 7.671305 0.036135 -5.538312
v 7.684497 0.043071 -5.537990
v 7.694898 0.053739 -5.537492
v 7.701489 0.067096 -5.536870
v 7.703626 0.081834 -5.536183
v 3.891494 0.080573 -5.536242
v 3.888966 0.065896 -5.536926
v 3.882023 0.052719 -5.537539
v 3.871343 0.042329 -5.538024
v 3.857971 0.035745 -5.538331
v 3.843217 0.033610 -5.538430
v 3.828525 0.036135 -5.538312
v 3.815332 0.043071 -5.537990
v 3.804932 0.053739 -5.537492
v 3.798340 0.067096 -5.536870
v 3.796203 0.081834 -5.536183
v 3.891494 0.091045 -4.959269
v 3.888966 0.076420 -4.957870
v 3.882023 0.063287 -4.956615
v 3.871343 0.052934 -4.955626
v 3.857971 0.046372 -4.954998
v 3.843217 0.044245 -4.954795
v 3.828525 0.046761 -4.955036
v 3.815332 0.053673 -4.955696
v 3.804932 0.064305 -4.956713
v 3.798340 0.077616 -4.957985
v 3.796203 0.092303 -4.959389
v 3.891494 0.177419 -4.472332
v 3.888966 0.167160 -4.461815
v 3.882023 0.157949 -4.452371
v 3.871343 0.150687 -4.444925
v 3.857971 0.146085 -4.440206
v 3.843217 0.144593 -4.438676
v 3.828525 0.146357 -4.440485
v 3.815332 0.151205 -4.445457
v 3.804932 0.158663 -4.453102
v 3.798340 0.167999 -4.462675
v 3.796203 0.178301 -4.473237
v 3.891494 0.450750 -4.430342
v 3.888966 0.445538 -4.416605
v 3.882023 0.440857 -4.404271
v 3.871343 0.437167 -4.394547
v 3.857971 0.434829 -4.388385
v 3.843217 0.434070 -4.386387
v 3.828525 0.434967 -4.388749
v 3.815332 0.437430 -4.395241
v 3.804932 0.441220 -4.405227
v 3.798340 0.445964 -4.417728
v 3.796203 0.451199 -4.431522
v 3.891250 0.683788 -4.278662
v 3.888485 0.672770 -4.269007
v 3.881338 0.663134 -4.260158
v 3.870510 0.655822 -4.252980
v 3.857059 0.651549 -4.248177
v 3.842302 0.650735 -4.246219
v 3.827685 0.653459 -4.247297
v 3.814637 0.659453 -4.251306
v 3.804437 0.668133 -4.257853
v 3.798082 0.678647 -4.266297
v 3.796195 0.689967 -4.275813
v 3.926824 0.802124 -4.010294
v 3.923033 0.788634 -4.005206
v 3.915209 0.777364 -3.999372
v 3.904118 0.769419 -3.993363
v 3.890845 0.765576 -3.987768
v 3.876690 0.766210 -3.983135
v 3.863037 0.771260 -3.979917
v 3.851225 0.780232 -3.978428
v 3.842408 0.792247 -3.978816
v 3.837450 0.806129 -3.981040
v 3.836836 0.820520 -3.984886
v 4.068136 0.829296 -3.749318
v 4.064404 0.815823 -3.744142
v 4.057988 0.804967 -3.736189
v 4.049519 0.797791 -3.726238
v 4.039824 0.794997 -3.715263
v 4.029852 0.796859 -3.704339
v 4.020580 0.803195 -3.694533
v 4.012916 0.813384 -3.686808
v 4.007609 0.826429 -3.681917
v 4.005179 0.841052 -3.680341
v 4.005864 0.855824 -3.682234
v 4.365897 0.828607 -3.624308
v 4.364876 0.815215 -3.617839
v 4.363260 0.804501 -3.607600
v 4.361207 0.797515 -3.594591
v 4.358917 0.794941 -3.580086
v 4.356616 0.797030 -3.565506
v 4.354528 0.803578 -3.552277
v 4.352858 0.813945 -3.541695
v 4.351768 0.827115 -3.534794
v 4.351367 0.841799 -3.532251
v 4.351693 0.856560 -3.534315
v 4.775672 0.828607 -3.652979
v 4.780053 0.815215 -3.648111
v 4.786987 0.804501 -3.640405
v 4.795796 0.797515 -3.630615
v 4.805618 0.794941 -3.619700
v 4.815492 0.797030 -3.608727
v 4.824450 0.803578 -3.598772
v 4.831617 0.813945 -3.590808
v 4.836290 0.827115 -3.585615
v 4.838012 0.841799 -3.583702
v 4.836614 0.856560 -3.585255
v 4.816670 0.828607 -3.907080
v 4.822976 0.815215 -3.905314
v 4.832958 0.804501 -3.902517
v 4.845639 0.797515 -3.898964
v 4.859779 0.794941 -3.895003
v 4.873992 0.797030 -3.891021
v 4.886889 0.803578 -3.887408
v 4.897205 0.813945 -3.884518
v 4.903932 0.827115 -3.882633
v 4.906411 0.841799 -3.881939
v 4.904399 0.856560 -3.882502
v 4.937891 0.828607 -4.235683
v 4.943755 0.815215 -4.232769
v 4.953039 0.804501 -4.228157
v 4.964833 0.797515 -4.222297
v 4.977983 0.794941 -4.215764
v 4.991202 0.797030 -4.209196
v 5.003197 0.803578 -4.203237
v 5.012792 0.813945 -4.198470
v 5.019048 0.827115 -4.195362
v 5.021353 0.841799 -4.194216
v 5.019482 0.856560 -4.195146
v 5.141401 0.828607 -4.553454
v 5.146363 0.815215 -4.549181
v 5.154218 0.804501 -4.542416
v 5.164197 0.797515 -4.533822
v 5.175324 0.794941 -4.524240
v 5.186509 0.797030 -4.514607
v 5.196657 0.803578 -4.505867
v 5.204775 0.813945 -4.498876
v 5.210069 0.827115 -4.494318
v 5.212019 0.841799 -4.492638
v 5.210436 0.856560 -4.494001
v 5.420757 0.828607 -4.796677
v 5.423887 0.815215 -4.790925
v 5.428842 0.804501 -4.781820
v 5.435137 0.797515 -4.770252
v 5.442156 0.794941 -4.757354
v 5.449212 0.797030 -4.744389
v 5.455614 0.803578 -4.732625
v 5.460734 0.813945 -4.723215
v 5.464074 0.827115 -4.717079
v 5.465304 0.841799 -4.714818
v 5.464306 0.856560 -4.716653
v 5.749915 0.828607 -4.890226
v 5.749915 0.815215 -4.883678
v 5.749915 0.804501 -4.873312
v 5.749915 0.797515 -4.860142
v 5.749915 0.794941 -4.845458
v 5.749915 0.797030 -4.830697
v 5.749915 0.803578 -4.817305
v 5.749915 0.813945 -4.806591
v 5.749915 0.827115 -4.799605
v 5.749915 0.841799 -4.797030
v 5.749915 0.856560 -4.799120
v 6.079074 0.828607 -4.796677
v 6.075943 0.815215 -4.790925
v 6.070988 0.804501 -4.781820
v 6.064693 0.797515 -4.770252
v 6.057674 0.794941 -4.757354
v 6.050619 0.797030 -4.744389
v 6.044217 0.803578 -4.732625
v 6.039096 0.813945 -4.723215
v 6.035756 0.827115 -4.717079
v 6.034526 0.841799 -4.714818
v 6.035524 0.856560 -4.716653
v 6.358428 0.828607 -4.553454
v 6.353467 0.815215 -4.549181
v 6.345611 0.804501 -4.542416
v 6.335632 0.797515 -4.533822
v 6.324506 0.794941 -4.524240
v 6.313321 0.797030 -4.514607
v 6.303173 0.803578 -4.505867
v 6.295055 0.813945 -4.498876
v 6.289761 0.827115 -4.494318
v 6.287811 0.841799 -4.492638
v 6.289394 0.856560 -4.494001
v 6.561939 0.828607 -4.235683
v 6.556075 0.815215 -4.232769
v 6.546791 0.804501 -4.228157
v 6.534997 0.797515 -4.222297
v 6.521846 0.794941 -4.215764
v 6.508627 0.797030 -4.209196
v 6.496633 0.803578 -4.203237
v 6.487038 0.813945 -4.198470
v 6.480782 0.827115 -4.195362
v 6.478477 0.841799 -4.194216
v 6.480348 0.856560 -4.195146
v 6.683160 0.828607 -3.907080
v 6.676854 0.815215 -3.905314
v 6.666872 0.804501 -3.902517
v 6.654190 0.797515 -3.898964
v 6.640051 0.794941 -3.895003
v 6.625837 0.797030 -3.891021
v 6.612941 0.803578 -3.887408
v 6.602624 0.813945 -3.884518
v 6.595898 0.827115 -3.882633
v 6.593419 0.841799 -3.881939
v 6.595431 0.856560 -3.882502
v 6.724157 0.828607 -3.652979
v 6.719777 0.815215 -3.648111
v 6.712843 0.804501 -3.640405
v 6.704033 0.797515 -3.630615
v 6.694211 0.794941 -3.619700
v 6.684338 0.797030 -3.608727
v 6.675379 0.803578 -3.598772
v 6.668213 0.813945 -3.590808
v 6.663540 0.827115 -3.585615
v 6.661818 0.841799 -3.583702
v 6.663216 0.856560 -3.585255
v 7.133933 0.828607 -3.624308
v 7.134953 0.815215 -3.617839
v 7.136569 0.804501 -3.607600
v 7.138623 0.797515 -3.594591
v 7.140913 0.794941 -3.580086
v 7.143214 0.797030 -3.565506
v 7.145301 0.803578 -3.552277
v 7.146972 0.813945 -3.541695
v 7.148061 0.827115 -3.534794
v 7.148462 0.841799 -3.532251
v 7.148136 0.856560 -3.534315
v 7.431694 0.829296 -3.749318
v 7.435426 0.815823 -3.744142
v 7.441842 0.804967 -3.736189
v 7.450311 0.797791 -3.726238
v 7.460006 0.794997 -3.715263
v 7.469977 0.796859 -3.704339
v 7.479249 0.803195 -3.694533
v 7.486914 0.813384 -3.686808
v 7.492221 0.826429 -3.681917
v 7.494651 0.841052 -3.680341
v 7.493966 0.855824 -3.682234
v 7.573006 0.802124 -4.010295
v 7.576797 0.788634 -4.005206
v 7.584621 0.777364 -3.999372
v 7.595712 0.769419 -3.993363
v 7.608984 0.765576 -3.987768
v 7.623140 0.766210 -3.983135
v 7.636793 0.771260 -3.979917
v 7.648605 0.780232 -3.978428
v 7.657422 0.792247 -3.978816
v 7.662380 0.806129 -3.981040
v 7.662993 0.820520 -3.984886
v 7.608580 0.683788 -4.278662
v 7.611344 0.672770 -4.269007
v 7.618492 0.663134 -4.260158
v 7.629320 0.655822 -4.252980
v 7.642771 0.651549 -4.248177
v 7.657527 0.650735 -4.246219
v 7.672144 0.653459 -4.247297
v 7.685193 0.659453 -4.251306
v 7.695393 0.668133 -4.257853
v 7.701748 0.678647 -4.266297
v 7.703635 0.689967 -4.275813
v 7.608336 0.450750 -4.430342
v 7.610863 0.445538 -4.416605
v 7.617807 0.440857 -4.404271
v 7.628487 0.437167 -4.394547
v 7.641859 0.434828 -4.388385
v 7.656613 0.434070 -4.386387
v 7.671305 0.434967 -4.388749
v 7.684497 0.437430 -4.395241
v 7.694898 0.441220 -4.405227
v 7.701489 0.445964 -4.417728
v 7.703626 0.451199 -4.431522
v 7.608336 0.181969 -4.470077
v 7.610863 0.179810 -4.455544
v 7.617807 0.177872 -4.442495
v 7.628487 0.176344 -4.432207
v 7.641859 0.175375 -4.425687
v 7.656613 0.175061 -4.423573
v 7.671305 0.175433 -4.426073
v 7.684497 0.176453 -4.432941
v 7.694898 0.178022 -4.443506
v 7.701489 0.179987 -4.456732
v 7.703626 0.182155 -4.471326
v 3.796869 0.192008 -4.472407
v 3.836994 0.106827 -4.025313
v 4.004384 0.084030 -3.683593
v 4.346366 0.083642 -3.515881
v 4.794818 0.083642 -3.475492
v 5.273423 0.083642 -3.475445
v 5.749915 0.083642 -3.475445
v 6.226406 0.083642 -3.475445
v 6.705011 0.083642 -3.475492
v 7.153463 0.083642 -3.515881
v 7.495446 0.084030 -3.683593
v 7.662836 0.106827 -4.025313
v 7.703360 0.191528 -4.476092
v 7.703424 0.107480 -4.960839
v 7.703424 0.097064 -5.535473
v 3.796405 0.097064 -5.535473
v 3.796405 0.107480 -4.960839
v 3.796405 0.188946 -4.484151
v 3.796405 0.456608 -4.445777
v 3.796649 0.701532 -4.285739
v 3.838481 0.834955 -3.989511
v 4.008151 0.870448 -3.685894
v 4.352390 0.871137 -3.538733
v 4.833622 0.871136 -3.588579
v 4.900093 0.871137 -3.883709
v 5.015477 0.871137 -4.197136
v 5.207047 0.871137 -4.496920
v 5.462168 0.871137 -4.720581
v 5.749915 0.871137 -4.803592
v 6.037663 0.871137 -4.720581
v 6.292783 0.871137 -4.496920
v 6.484353 0.871137 -4.197136
v 6.599737 0.871137 -3.883709
v 6.666207 0.871136 -3.588579
v 7.147439 0.871137 -3.538733
v 7.491679 0.870448 -3.685894
v 7.661348 0.834955 -3.989511
v 7.703180 0.701532 -4.285739
v 7.703424 0.456608 -4.445777
v 7.703424 0.184395 -4.486407
v 3.891716 0.189329 -4.481277
v 3.928821 0.106827 -4.050799
v 4.071794 0.087946 -3.750842
v 4.371721 0.088336 -3.607624
v 4.799013 0.088336 -3.570581
v 5.273423 0.088336 -3.570627
v 5.749915 0.088336 -3.570627
v 6.226406 0.088336 -3.570627
v 6.700817 0.088336 -3.570581
v 7.128109 0.088336 -3.607624
v 7.571009 0.106827 -4.050799
v 7.608165 0.190082 -4.480283
v 7.608134 0.106223 -4.960719
v 7.608134 0.095803 -5.535532
v 3.891695 0.095803 -5.535532
v 3.891695 0.106223 -4.960719
v 3.891695 0.188064 -4.483247
v 3.891695 0.456160 -4.444596
v 3.891704 0.695353 -4.288588
v 3.928469 0.816560 -4.014920
v 4.772681 0.843184 -3.656303
v 4.812364 0.843184 -3.908287
v 4.933886 0.843184 -4.237673
v 5.138013 0.843184 -4.556373
v 5.418619 0.843184 -4.800605
v 5.749915 0.843184 -4.894699
v 6.081211 0.843184 -4.800605
v 6.361817 0.843184 -4.556373
v 6.565944 0.843184 -4.237673
v 6.687466 0.843184 -3.908287
v 6.727149 0.843184 -3.656303
v 7.133235 0.843184 -3.628725
v 7.429407 0.843920 -3.752978
v 7.608126 0.695353 -4.288588
v 7.608134 0.456160 -4.444596
v 7.608134 0.184210 -4.485158
v 3.799851 0.206402 -4.469921
v 3.807183 0.219255 -4.468111
v 3.818148 0.229310 -4.467156
v 3.831672 0.235582 -4.467150
v 3.846432 0.237459 -4.468091
v 3.860982 0.234755 -4.469890
v 3.873898 0.227735 -4.472369
v 3.883916 0.217087 -4.475286
v 3.890056 0.203853 -4.478355
v 3.839733 0.121436 -4.024164
v 3.846698 0.134615 -4.024374
v 3.857208 0.145073 -4.025924
v 3.870234 0.151789 -4.028662
v 3.884500 0.154102 -4.032319
v 3.898610 0.151789 -4.036538
v 3.911183 0.145073 -4.040905
v 3.920988 0.134615 -4.044993
v 3.927066 0.121436 -4.048403
v 4.005927 0.098831 -3.684489
v 4.010619 0.112375 -3.688589
v 4.018000 0.123335 -3.695491
v 4.027347 0.130640 -3.704520
v 4.037745 0.133574 -3.714791
v 4.048177 0.131850 -3.725300
v 4.057622 0.125637 -3.735018
v 4.065155 0.115542 -3.742994
v 4.070038 0.102555 -3.748446
v 4.346794 0.098463 -3.517427
v 4.348420 0.112064 -3.523312
v 4.351087 0.123112 -3.532960
v 4.354531 0.130526 -3.545426
v 4.358418 0.133580 -3.559490
v 4.362367 0.131976 -3.573776
v 4.365990 0.125871 -3.586885
v 4.368932 0.115861 -3.597534
v 4.370907 0.102928 -3.604680
v 4.794889 0.098463 -3.477094
v 4.795158 0.112064 -3.483194
v 4.795599 0.123112 -3.493193
v 4.796169 0.130526 -3.506114
v 4.796812 0.133580 -3.520692
v 4.797465 0.131976 -3.535499
v 4.798065 0.125871 -3.549086
v 4.798552 0.115861 -3.560123
v 4.798879 0.102928 -3.567530
v 5.273423 0.098463 -3.477049
v 5.273423 0.112064 -3.483154
v 5.273423 0.123112 -3.493164
v 5.273423 0.130526 -3.506097
v 5.273423 0.133580 -3.520689
v 5.273423 0.131976 -3.535511
v 5.273423 0.125871 -3.549111
v 5.273423 0.115861 -3.560159
v 5.273423 0.102928 -3.567573
v 5.749915 0.098463 -3.477049
v 5.749915 0.112064 -3.483154
v 5.749915 0.123112 -3.493164
v 5.749915 0.130526 -3.506097
v 5.749915 0.133580 -3.520689
v 5.749915 0.131976 -3.535511
v 5.749915 0.125871 -3.549111
v 5.749915 0.115861 -3.560159
v 5.749915 0.102928 -3.567573
v 6.226406 0.098463 -3.477049
v 6.226406 0.112064 -3.483154
v 6.226406 0.123112 -3.493164
v 6.226406 0.130526 -3.506097
v 6.226406 0.133580 -3.520689
v 6.226406 0.131976 -3.535511
v 6.226406 0.125871 -3.549111
v 6.226406 0.115861 -3.560159
v 6.226406 0.102928 -3.567573
v 6.704941 0.098463 -3.477094
v 6.704671 0.112064 -3.483194
v 6.704231 0.123112 -3.493193
v 6.703660 0.130526 -3.506114
v 6.703018 0.133580 -3.520692
v 6.702364 0.131976 -3.535499
v 6.701765 0.125871 -3.549086
v 6.701278 0.115861 -3.560123
v 6.700951 0.102928 -3.567530
v 7.153036 0.098463 -3.517427
v 7.151409 0.112064 -3.523312
v 7.148743 0.123112 -3.532960
v 7.145298 0.130526 -3.545426
v 7.141411 0.133580 -3.559490
v 7.137463 0.131976 -3.573776
v 7.133840 0.125871 -3.586885
v 7.130897 0.115861 -3.597534
v 7.128923 0.102928 -3.604680
v 7.493903 0.098831 -3.684489
v 7.489211 0.112375 -3.688589
v 7.481831 0.123335 -3.695491
v 7.472483 0.130640 -3.704520
v 7.462085 0.133574 -3.714791
v 7.451653 0.131850 -3.725300
v 7.442208 0.125637 -3.735018
v 7.434675 0.115542 -3.742994
v 7.429791 0.102555 -3.748446
v 7.428036 0.087946 -3.750842
v 7.660097 0.121436 -4.024164
v 7.653131 0.134615 -4.024374
v 7.642622 0.145073 -4.025924
v 7.629597 0.151789 -4.028662
v 7.615330 0.154102 -4.032319
v 7.601220 0.151789 -4.036538
v 7.588647 0.145073 -4.040905
v 7.578841 0.134615 -4.044993
v 7.572764 0.121436 -4.048403
v 7.700801 0.206215 -4.476089
v 7.693835 0.219393 -4.476292
v 7.683142 0.229773 -4.476681
v 7.669768 0.236339 -4.477216
v 7.655023 0.238447 -4.477847
v 7.640351 0.235892 -4.478511
v 7.627187 0.228923 -4.479144
v 7.616820 0.218223 -4.479683
v 7.610266 0.204840 -4.480075
v 7.700897 0.122105 -4.962237
v 7.693954 0.135238 -4.963492
v 7.683273 0.145592 -4.964482
v 7.669901 0.152153 -4.965109
v 7.655148 0.154280 -4.965312
v 7.640455 0.151764 -4.965072
v 7.627263 0.144852 -4.964412
v 7.616862 0.134221 -4.963395
v 7.610271 0.120910 -4.962123
v 7.700897 0.111741 -5.534790
v 7.693954 0.124919 -5.534176
v 7.683273 0.135308 -5.533691
v 7.669901 0.141892 -5.533385
v 7.655148 0.144027 -5.533285
v 7.640455 0.141502 -5.533403
v 7.627263 0.134566 -5.533726
v 7.616862 0.123898 -5.534223
v 7.610271 0.110541 -5.534846
v 3.798933 0.111741 -5.534790
v 3.805876 0.124919 -5.534176
v 3.816556 0.135308 -5.533691
v 3.829928 0.141892 -5.533385
v 3.844682 0.144027 -5.533285
v 3.859374 0.141502 -5.533403
v 3.872566 0.134566 -5.533726
v 3.882967 0.123898 -5.534223
v 3.889559 0.110541 -5.534845
v 3.798933 0.122105 -4.962237
v 3.805876 0.135238 -4.963492
v 3.816556 0.145592 -4.964482
v 3.829928 0.152153 -4.965109
v 3.844682 0.154280 -4.965312
v 3.859374 0.151764 -4.965072
v 3.872566 0.144852 -4.964412
v 3.882967 0.134221 -4.963395
v 3.889559 0.120910 -4.962123
v 3.798933 0.199204 -4.494669
v 3.805876 0.208415 -4.504113
v 3.816556 0.215678 -4.511559
v 3.829928 0.220280 -4.516278
v 3.844682 0.221772 -4.517807
v 3.859374 0.220007 -4.515998
v 3.872566 0.215159 -4.511027
v 3.882967 0.207702 -4.503382
v 3.889559 0.198366 -4.493809
v 3.798933 0.461820 -4.459514
v 3.805876 0.466501 -4.471848
v 3.816556 0.470191 -4.481572
v 3.829928 0.472529 -4.487734
v 3.844682 0.473288 -4.489732
v 3.859374 0.472391 -4.487370
v 3.872566 0.469927 -4.480878
v 3.882967 0.466138 -4.470892
v 3.889559 0.461394 -4.458390
v 3.799414 0.712550 -4.295394
v 3.806561 0.722186 -4.304243
v 3.817389 0.729499 -4.311420
v 3.830840 0.733771 -4.316223
v 3.845597 0.734585 -4.318182
v 3.860214 0.731862 -4.317103
v 3.873261 0.725867 -4.313095
v 3.883462 0.717187 -4.306548
v 3.889817 0.706673 -4.298103
v 3.842272 0.848445 -3.994600
v 3.850096 0.859715 -4.000434
v 3.861187 0.867660 -4.006443
v 3.874460 0.871504 -4.012037
v 3.888615 0.870869 -4.016671
v 3.902268 0.865819 -4.019889
v 3.914080 0.856847 -4.021378
v 3.922897 0.844832 -4.020990
v 3.927855 0.830950 -4.018765
v 4.011884 0.883921 -3.691070
v 4.018299 0.894777 -3.699022
v 4.026769 0.901953 -3.708973
v 4.036464 0.904747 -3.719948
v 4.046434 0.902885 -3.730873
v 4.055706 0.896549 -3.740678
v 4.063371 0.886360 -3.748404
v 4.068678 0.873315 -3.753294
v 4.071108 0.858692 -3.754870
v 4.070423 0.843920 -3.752978
v 4.353411 0.884529 -3.545201
v 4.355027 0.895243 -3.555440
v 4.357080 0.902229 -3.568449
v 4.359370 0.904803 -3.582954
v 4.361671 0.902714 -3.597534
v 4.363759 0.896165 -3.610763
v 4.365429 0.885799 -3.621346
v 4.366518 0.872629 -3.628246
v 4.366920 0.857945 -3.630789
v 4.366594 0.843184 -3.628725
v 4.829242 0.884529 -3.593447
v 4.822309 0.895243 -3.601153
v 4.813499 0.902229 -3.610942
v 4.803677 0.904803 -3.621858
v 4.793803 0.902714 -3.632830
v 4.784845 0.896165 -3.642786
v 4.777678 0.885799 -3.650750
v 4.773005 0.872629 -3.655943
v 4.771283 0.857945 -3.657856
v 4.893787 0.884529 -3.885476
v 4.883805 0.895243 -3.888272
v 4.871123 0.902229 -3.891825
v 4.856984 0.904803 -3.895786
v 4.842770 0.902714 -3.899768
v 4.829874 0.896165 -3.903381
v 4.819558 0.885799 -3.906271
v 4.812830 0.872629 -3.908156
v 4.810352 0.857945 -3.908851
v 5.009612 0.884529 -4.200049
v 5.000329 0.895243 -4.204662
v 4.988534 0.902229 -4.210522
v 4.975384 0.904803 -4.217055
v 4.962164 0.902714 -4.223623
v 4.950171 0.896165 -4.229582
v 4.940576 0.885799 -4.234349
v 4.934319 0.872629 -4.237457
v 4.932014 0.857945 -4.238603
v 5.202085 0.884529 -4.501193
v 5.194230 0.895243 -4.507957
v 5.184251 0.902229 -4.516552
v 5.173124 0.904803 -4.526134
v 5.161940 0.902714 -4.535766
v 5.151792 0.896166 -4.544506
v 5.143673 0.885799 -4.551497
v 5.138380 0.872629 -4.556056
v 5.136429 0.857945 -4.557736
v 5.459038 0.884529 -4.726333
v 5.454082 0.895243 -4.735438
v 5.447787 0.902229 -4.747006
v 5.440768 0.904803 -4.759904
v 5.433713 0.902714 -4.772869
v 5.427311 0.896165 -4.784633
v 5.422190 0.885799 -4.794044
v 5.418851 0.872629 -4.800179
v 5.417620 0.857945 -4.802441
v 5.749915 0.884529 -4.810141
v 5.749915 0.895243 -4.820507
v 5.749915 0.902229 -4.833676
v 5.749915 0.904803 -4.848361
v 5.749915 0.902714 -4.863122
v 5.749915 0.896165 -4.876514
v 5.749915 0.885799 -4.887228
v 5.749915 0.872629 -4.894214
v 5.749915 0.857945 -4.896788
v 6.040792 0.884529 -4.726333
v 6.045747 0.895243 -4.735438
v 6.052043 0.902229 -4.747006
v 6.059062 0.904803 -4.759904
v 6.066117 0.902714 -4.772869
v 6.072519 0.896165 -4.784633
v 6.077640 0.885799 -4.794044
v 6.080979 0.872629 -4.800179
v 6.082210 0.857945 -4.802441
v 6.297745 0.884529 -4.501193
v 6.305599 0.895243 -4.507957
v 6.315579 0.902229 -4.516552
v 6.326705 0.904803 -4.526134
v 6.337890 0.902714 -4.535766
v 6.348038 0.896165 -4.544506
v 6.356156 0.885799 -4.551497
v 6.361450 0.872629 -4.556056
v 6.363400 0.857945 -4.557736
v 6.490218 0.884529 -4.200049
v 6.499501 0.895243 -4.204662
v 6.511296 0.902229 -4.210522
v 6.524446 0.904803 -4.217055
v 6.537665 0.902714 -4.223623
v 6.549659 0.896165 -4.229582
v 6.559254 0.885799 -4.234349
v 6.565510 0.872629 -4.237457
v 6.567815 0.857945 -4.238603
v 6.606043 0.884529 -3.885476
v 6.616025 0.895243 -3.888272
v 6.628706 0.902229 -3.891825
v 6.642846 0.904803 -3.895786
v 6.657060 0.902714 -3.899768
v 6.669956 0.896165 -3.903381
v 6.680273 0.885799 -3.906271
v 6.686999 0.872629 -3.908156
v 6.689478 0.857945 -3.908851
v 6.670588 0.884529 -3.593447
v 6.677521 0.895243 -3.601153
v 6.686331 0.902229 -3.610942
v 6.696153 0.904803 -3.621858
v 6.706027 0.902714 -3.632830
v 6.714985 0.896165 -3.642786
v 6.722151 0.885799 -3.650750
v 6.726824 0.872629 -3.655943
v 6.728547 0.857945 -3.657856
v 7.146418 0.884529 -3.545201
v 7.144802 0.895243 -3.555440
v 7.142749 0.902229 -3.568449
v 7.140460 0.904803 -3.582954
v 7.138158 0.902714 -3.597534
v 7.136070 0.896165 -3.610763
v 7.134400 0.885799 -3.621346
v 7.133311 0.872629 -3.628246
v 7.132910 0.857945 -3.630789
v 7.487946 0.883921 -3.691070
v 7.481531 0.894777 -3.699022
v 7.473061 0.901953 -3.708973
v 7.463366 0.904747 -3.719948
v 7.453395 0.902885 -3.730873
v 7.444123 0.896549 -3.740678
v 7.436459 0.886360 -3.748404
v 7.431152 0.873315 -3.753294
v 7.428722 0.858692 -3.754870
v 7.657557 0.848445 -3.994600
v 7.649734 0.859715 -4.000434
v 7.638642 0.867660 -4.006443
v 7.625370 0.871504 -4.012037
v 7.611214 0.870869 -4.016671
v 7.597562 0.865819 -4.019889
v 7.585749 0.856847 -4.021378
v 7.576932 0.844832 -4.020990
v 7.571975 0.830950 -4.018765
v 7.571361 0.816559 -4.014920
v 7.700416 0.712550 -4.295394
v 7.693269 0.722186 -4.304243
v 7.682440 0.729499 -4.311420
v 7.668990 0.733771 -4.316223
v 7.654233 0.734585 -4.318182
v 7.639616 0.731862 -4.317103
v 7.626569 0.725867 -4.313095
v 7.616368 0.717187 -4.306548
v 7.610013 0.706673 -4.298103
v 7.700897 0.461820 -4.459514
v 7.693954 0.466501 -4.471848
v 7.683273 0.470191 -4.481572
v 7.669901 0.472529 -4.487734
v 7.655148 0.473288 -4.489732
v 7.640455 0.472391 -4.487370
v 7.627263 0.469927 -4.480878
v 7.616862 0.466138 -4.470892
v 7.610271 0.461394 -4.458390
v 7.700897 0.186554 -4.500940
v 7.693954 0.188492 -4.513988
v 7.683273 0.190021 -4.524277
v 7.669901 0.190989 -4.530797
v 7.655148 0.191303 -4.532910
v 7.640455 0.190932 -4.530411
v 7.627263 0.189912 -4.523542
v 7.616862 0.188342 -4.512978
v 7.610271 0.186377 -4.499752
v 6.702999 0.842248 -3.573775
v 6.702617 0.827524 -3.576076
v 6.701507 0.814241 -3.582752
v 6.699777 0.803699 -3.593151
v 6.697598 0.796931 -3.606254
v 6.695182 0.794599 -3.620779
v 6.692767 0.796931 -3.635304
v 6.690587 0.803699 -3.648407
v 6.688858 0.814241 -3.658805
v 6.687747 0.827524 -3.665482
v 6.687365 0.842248 -3.667782
v 6.231294 0.842248 -3.495420
v 6.231055 0.827524 -3.497739
v 6.230360 0.814241 -3.504471
v 6.229279 0.803699 -3.514957
v 6.227917 0.796931 -3.528170
v 6.226406 0.794599 -3.542817
v 6.224896 0.796931 -3.557464
v 6.223534 0.803699 -3.570677
v 6.222452 0.814241 -3.581163
v 6.221758 0.827524 -3.587895
v 6.221519 0.842248 -3.590215
v 5.749915 0.842248 -3.475762
v 5.749915 0.827524 -3.478095
v 5.749915 0.814241 -3.484863
v 5.749915 0.803699 -3.495404
v 5.749915 0.796931 -3.508687
v 5.749915 0.794599 -3.523412
v 5.749915 0.796931 -3.538136
v 5.749915 0.803699 -3.551419
v 5.749915 0.814241 -3.561961
v 5.749915 0.827524 -3.568729
v 5.749915 0.842248 -3.571061
v 5.268536 0.842248 -3.495420
v 5.268775 0.827524 -3.497739
v 5.269469 0.814241 -3.504471
v 5.270551 0.803699 -3.514957
v 5.271913 0.796931 -3.528170
v 5.273423 0.794599 -3.542817
v 5.274934 0.796931 -3.557464
v 5.276296 0.803699 -3.570677
v 5.277378 0.814241 -3.581163
v 5.278072 0.827524 -3.587895
v 5.278311 0.842248 -3.590215
v 4.796831 0.842248 -3.573775
v 4.797213 0.827524 -3.576076
v 4.798324 0.814241 -3.582752
v 4.800053 0.803699 -3.593151
v 4.802232 0.796931 -3.606254
v 4.804647 0.794599 -3.620779
v 4.807063 0.796931 -3.635304
v 4.809242 0.803699 -3.648407
v 4.810972 0.814241 -3.658805
v 4.812082 0.827524 -3.665482
v 4.812465 0.842248 -3.667782
v 6.687365 0.857496 -3.667782
v 6.221519 0.857496 -3.590215
v 5.749915 0.857496 -3.571061
v 5.278311 0.857496 -3.590215
v 4.812465 0.857496 -3.667782
v 6.702999 0.857496 -3.573775
v 6.231294 0.857496 -3.495420
v 5.749915 0.857496 -3.475762
v 5.268536 0.857496 -3.495420
v 4.796831 0.857496 -3.573775
v 6.687748 0.872220 -3.665482
v 6.688858 0.885503 -3.658805
v 6.690587 0.896045 -3.648407
v 6.692767 0.902813 -3.635304
v 6.695182 0.905145 -3.620779
v 6.697598 0.902813 -3.606254
v 6.699777 0.896045 -3.593151
v 6.701507 0.885503 -3.582752
v 6.702617 0.872220 -3.576076
v 6.221758 0.872220 -3.587895
v 6.222452 0.885503 -3.581163
v 6.223534 0.896045 -3.570677
v 6.224896 0.902813 -3.557464
v 6.226406 0.905145 -3.542817
v 6.227917 0.902813 -3.528170
v 6.229279 0.896045 -3.514957
v 6.230360 0.885503 -3.504471
v 6.231055 0.872220 -3.497739
v 5.749915 0.872220 -3.568729
v 5.749915 0.885503 -3.561961
v 5.749915 0.896045 -3.551419
v 5.749915 0.902813 -3.538136
v 5.749915 0.905145 -3.523412
v 5.749915 0.902813 -3.508687
v 5.749915 0.896045 -3.495404
v 5.749915 0.885503 -3.484863
v 5.749915 0.872220 -3.478095
v 5.278072 0.872220 -3.587895
v 5.277378 0.885503 -3.581163
v 5.276296 0.896045 -3.570677
v 5.274934 0.902813 -3.557464
v 5.273423 0.905145 -3.542817
v 5.271913 0.902813 -3.528170
v 5.270551 0.896045 -3.514957
v 5.269469 0.885503 -3.504471
v 5.268775 0.872220 -3.497739
v 4.812082 0.872220 -3.665482
v 4.810972 0.885503 -3.658805
v 4.809242 0.896045 -3.648407
v 4.807063 0.902813 -3.635304
v 4.804647 0.905145 -3.620779
v 4.802232 0.902813 -3.606254
v 4.800053 0.896045 -3.593151
v 4.798324 0.885503 -3.582752
v 4.797213 0.872220 -3.576076
v 5.755613 0.028486 -4.441753
v 6.097634 0.028486 -4.502061
v 6.398400 0.028486 -4.675709
v 6.621639 0.028486 -4.941753
v 6.740421 0.028486 -5.268106
v 6.740421 0.028486 -5.615402
v 6.621639 0.028486 -5.941753
v 6.398400 0.028486 -6.207798
v 6.097634 0.028486 -6.381446
v 5.755613 0.028486 -6.441753
v 5.413593 0.028486 -6.381446
v 5.112825 0.028486 -6.207798
v 4.889588 0.028486 -5.941753
v 4.770805 0.028486 -5.615402
v 4.770805 0.028486 -5.268106
v 4.889587 0.028486 -4.941754
v 5.112825 0.028486 -4.675710
v 5.413592 0.028486 -4.502061
v 5.755613 0.313904 -4.551765
v 6.060007 0.313904 -4.605438
v 6.327687 0.313904 -4.759983
v 6.526366 0.313904 -4.996759
v 6.632081 0.313904 -5.287209
v 6.632081 0.313904 -5.596299
v 6.526366 0.313904 -5.886747
v 6.327687 0.313904 -6.123524
v 6.060007 0.313904 -6.278069
v 5.755613 0.313904 -6.331742
v 5.451219 0.313904 -6.278069
v 5.183540 0.313904 -6.123525
v 4.984860 0.313904 -5.886748
v 4.879146 0.313904 -5.596299
v 4.879146 0.313904 -5.287209
v 4.984860 0.313904 -4.996760
v 5.183539 0.313904 -4.759983
v 5.451219 0.313904 -4.605438
v 5.755613 0.557280 -4.859780
v 5.954660 0.557280 -4.894877
v 6.129698 0.557280 -4.995936
v 6.259617 0.557280 -5.150767
v 6.328745 0.557280 -5.340695
v 6.328745 0.557280 -5.542812
v 6.259617 0.557280 -5.732740
v 6.129698 0.557280 -5.887571
v 5.954660 0.557280 -5.988630
v 5.755613 0.557280 -6.023727
v 5.556567 0.557280 -5.988630
v 5.381528 0.557280 -5.887571
v 5.251609 0.557280 -5.732740
v 5.182481 0.557280 -5.542812
v 5.182481 0.557280 -5.340695
v 5.251609 0.557280 -5.150767
v 5.381527 0.557280 -4.995936
v 5.556566 0.557280 -4.894877
v 0.377806 -0.163039 -8.012039
v -9.575310 -0.163039 -8.012039
v -9.575310 -0.163039 -2.515522
v 10.330923 -0.163039 -8.012039
v 10.330923 -0.163039 -2.515522
v 0.377806 -0.163039 2.980996
v -9.575310 -0.163039 2.980996
v 10.330923 -0.163039 2.980996
v -5.000000 0.997971 -1.077734
v -5.290381 0.997971 -1.049134
v -5.569603 0.997971 -0.964433
v -5.826936 0.997971 -0.826886
v -6.052489 0.997971 -0.641779
v -6.237597 0.997971 -0.416225
v -6.375144 0.997971 -0.158892
v -6.459845 0.997971 0.120330
v -6.488445 0.997971 0.410711
v -6.459845 0.997971 0.701092
v -6.375144 0.997971 0.980314
v -6.237597 0.997971 1.237647
v -6.052489 0.997971 1.463201
v -5.826936 0.997971 1.648308
v -5.569602 0.997971 1.785855
v -5.290380 0.997971 1.870556
v -5.000000 0.997971 1.899156
v -4.709619 0.997971 1.870556
v -4.430397 0.997971 1.785854
v -4.173064 0.997971 1.648308
v -3.947510 0.997971 1.463200
v -3.762403 0.997971 1.237646
v -3.624856 0.997971 0.980313
v -3.540155 0.997971 0.701091
v -3.511555 0.997971 0.410709
v -3.540155 0.997971 0.120328
v -3.624857 0.997971 -0.158894
v -3.762404 0.997971 -0.416226
v -3.947512 0.997971 -0.641780
v -4.173066 0.997971 -0.826887
v -4.430399 0.997971 -0.964434
v -4.709621 0.997971 -1.049134
v -5.000000 2.177717 -1.506776
v -5.374083 2.177717 -1.469932
v -5.733790 2.177717 -1.360816
v -6.065299 2.177717 -1.183621
v -6.355868 2.177717 -0.945157
v -6.594333 2.177717 -0.654588
v -6.771527 2.177717 -0.323080
v -6.880644 2.177717 0.036628
v -6.917488 2.177717 0.410711
v -6.880644 2.177717 0.784794
v -6.771527 2.177717 1.144502
v -6.594333 2.177717 1.476010
v -6.355868 2.177717 1.766580
v -6.065299 2.177717 2.005044
v -5.733790 2.177717 2.182239
v -5.374083 2.177717 2.291355
v -5.000000 2.177717 2.328198
v -4.625916 2.177717 2.291354
v -4.266209 2.177717 2.182238
v -3.934700 2.177717 2.005043
v -3.644131 2.177717 1.766579
v -3.405667 2.177717 1.476009
v -3.228472 2.177717 1.144500
v -3.119356 2.177717 0.784792
v -3.082513 2.177717 0.410709
v -3.119357 2.177717 0.036626
v -3.228474 2.177717 -0.323082
v -3.405669 2.177717 -0.654590
v -3.644134 2.177717 -0.945159
v -3.934703 2.177717 -1.183623
v -4.266212 2.177717 -1.360817
v -4.625919 2.177717 -1.469933
v -5.000000 3.663469 -1.705023
v -5.412759 3.663469 -1.664370
v -5.809656 3.663469 -1.543972
v -6.175438 3.663469 -1.348457
v -6.496050 3.663469 -1.085339
v -6.759168 3.663469 -0.764728
v -6.954683 3.663469 -0.398945
v -7.075080 3.663469 -0.002048
v -7.115733 3.663469 0.410711
v -7.075080 3.663469 0.823470
v -6.954683 3.663469 1.220367
v -6.759168 3.663469 1.586150
v -6.496050 3.663469 1.906761
v -6.175438 3.663469 2.169880
v -5.809656 3.663469 2.365395
v -5.412758 3.663469 2.485792
v -5.000000 3.663469 2.526445
v -4.587240 3.663469 2.485792
v -4.190343 3.663469 2.365394
v -3.824560 3.663469 2.169879
v -3.503949 3.663469 1.906760
v -3.240831 3.663469 1.586149
v -3.045316 3.663469 1.220366
v -2.924919 3.663469 0.823468
v -2.884266 3.663469 0.410709
v -2.924920 3.663469 -0.002050
v -3.045318 3.663469 -0.398947
v -3.240833 3.663469 -0.764730
v -3.503952 3.663469 -1.085340
v -3.824564 3.663469 -1.348459
v -4.190347 3.663469 -1.543973
v -4.587244 3.663469 -1.664370
v 5.755613 0.997971 -1.077734
v 6.045995 0.997971 -1.049134
v 6.325216 0.997971 -0.964433
v 6.582549 0.997971 -0.826886
v 6.808103 0.997971 -0.641779
v 6.993210 0.997971 -0.416225
v 7.130757 0.997971 -0.158892
v 7.215458 0.997971 0.120330
v 7.244058 0.997971 0.410711
v 7.215458 0.997971 0.701092
v 7.130757 0.997971 0.980314
v 6.993210 0.997971 1.237647
v 6.808103 0.997971 1.463201
v 6.582549 0.997971 1.648308
v 6.325216 0.997971 1.785855
v 6.045994 0.997971 1.870556
v 5.755613 0.997971 1.899156
v 5.465232 0.997971 1.870556
v 5.186009 0.997971 1.785854
v 4.928677 0.997971 1.648308
v 4.703123 0.997971 1.463200
v 4.518016 0.997971 1.237646
v 4.380468 0.997971 0.980313
v 4.295767 0.997971 0.701091
v 4.267168 0.997971 0.410709
v 4.295768 0.997971 0.120328
v 4.380470 0.997971 -0.158894
v 4.518017 0.997971 -0.416226
v 4.703125 0.997971 -0.641780
v 4.928679 0.997971 -0.826887
v 5.186011 0.997971 -0.964434
v 5.465234 0.997971 -1.049134
v 5.755613 2.177717 -1.506776
v 6.129696 2.177717 -1.469932
v 6.489404 2.177717 -1.360816
v 6.820912 2.177717 -1.183621
v 7.111481 2.177717 -0.945157
v 7.349946 2.177717 -0.654588
v 7.527141 2.177717 -0.323080
v 7.636257 2.177717 0.036628
v 7.673101 2.177717 0.410711
v 7.636257 2.177717 0.784794
v 7.527141 2.177717 1.144502
v 7.349946 2.177717 1.476010
v 7.111481 2.177717 1.766580
v 6.820912 2.177717 2.005044
v 6.489404 2.177717 2.182239
v 6.129696 2.177717 2.291355
v 5.755613 2.177717 2.328198
v 5.381529 2.177717 2.291354
v 5.021821 2.177717 2.182238
v 4.690313 2.177717 2.005043
v 4.399744 2.177717 1.766579
v 4.161279 2.177717 1.476009
v 3.984085 2.177717 1.144500
v 3.874969 2.177717 0.784792
v 3.838125 2.177717 0.410709
v 3.874970 2.177717 0.036626
v 3.984086 2.177717 -0.323082
v 4.161282 2.177717 -0.654590
v 4.399746 2.177717 -0.945159
v 4.690316 2.177717 -1.183623
v 5.021825 2.177717 -1.360817
v 5.381533 2.177717 -1.469933
v 5.755613 3.663469 -1.705023
v 6.168373 3.663469 -1.664370
v 6.565269 3.663469 -1.543972
v 6.931052 3.663469 -1.348457
v 7.251663 3.663469 -1.085339
v 7.514781 3.663469 -0.764728
v 7.710297 3.663469 -0.398945
v 7.830694 3.663469 -0.002048
v 7.871346 3.663469 0.410711
v 7.830694 3.663469 0.823470
v 7.710297 3.663469 1.220367
v 7.514781 3.663469 1.586150
v 7.251663 3.663469 1.906761
v 6.931052 3.663469 2.169880
v 6.565269 3.663469 2.365395
v 6.168372 3.663469 2.485792
v 5.755613 3.663469 2.526445
v 5.342853 3.663469 2.485792
v 4.945956 3.663469 2.365394
v 4.580173 3.663469 2.169879
v 4.259562 3.663469 1.906760
v 3.996444 3.663469 1.586149
v 3.800929 3.663469 1.220366
v 3.680532 3.663469 0.823468
v 3.639879 3.663469 0.410709
v 3.680533 3.663469 -0.002050
v 3.800931 3.663469 -0.398947
v 3.996446 3.663469 -0.764730
v 4.259565 3.663469 -1.085340
v 4.580176 3.663469 -1.348459
v 4.945960 3.663469 -1.543973
v 5.342857 3.663469 -1.664370
vn -0.9343 -0.3263 -0.1435
vn -0.9037 -0.3154 -0.2897
vn -0.9585 -0.0814 -0.2733
vn -0.9892 -0.1019 -0.1050
vn -0.7814 -0.5968 -0.1823
vn -0.7537 -0.5918 -0.2858
vn -0.5506 -0.8097 -0.2030
vn -0.5296 -0.8095 -0.2534
vn -0.2645 -0.9427 -0.2033
vn -0.2537 -0.9474 -0.1951
vn 0.0477 -0.9819 -0.1831
vn 0.0464 -0.9920 -0.1169
vn 0.3542 -0.9239 -0.1445
vn 0.3410 -0.9397 -0.0273
vn 0.6243 -0.7757 -0.0918
vn 0.6010 -0.7966 0.0646
vn 0.8327 -0.5529 -0.0304
vn 0.8021 -0.5781 0.1497
vn 0.9602 -0.2774 0.0336
vn 0.9261 -0.3062 0.2202
vn 0.9955 -0.0516 0.0797
vn 0.9622 -0.0802 0.2601
vn -0.6703 -0.2895 -0.6832
vn -0.7054 -0.0432 -0.7074
vn -0.5621 -0.5815 -0.5881
vn -0.3979 -0.8079 -0.4346
vn -0.1977 -0.9501 -0.2414
vn 0.0180 -0.9994 -0.0281
vn 0.2301 -0.9552 0.1861
vn 0.4206 -0.8224 0.3829
vn 0.5726 -0.6125 0.5448
vn 0.6717 -0.3436 0.6563
vn 0.7047 -0.1187 0.6995
vn -0.2540 -0.2644 -0.9303
vn -0.2628 -0.0286 -0.9644
vn -0.2203 -0.5534 -0.8032
vn -0.1641 -0.7867 -0.5950
vn -0.0906 -0.9405 -0.3274
vn -0.0074 -0.9995 -0.0284
vn 0.0764 -0.9595 0.2710
vn 0.1523 -0.8267 0.5417
vn 0.2128 -0.6159 0.7585
vn 0.2528 -0.3483 0.9026
vn 0.2674 -0.1262 0.9553
vn -0.0417 -0.2620 -0.9641
vn -0.0431 -0.0292 -0.9986
vn -0.0363 -0.5478 -0.8357
vn -0.0273 -0.7801 -0.6250
vn -0.0154 -0.9357 -0.3524
vn -0.0020 -0.9990 -0.0450
vn 0.0119 -0.9637 0.2665
vn 0.0246 -0.8341 0.5511
vn 0.0350 -0.6234 0.7811
vn 0.0420 -0.3529 0.9347
vn 0.0446 -0.1267 0.9909
vn 0.0000 -0.2617 -0.9651
vn 0.0000 -0.0292 -0.9995
vn 0.0000 -0.5471 -0.8370
vn 0.0000 -0.7790 -0.6270
vn 0.0000 -0.9346 -0.3555
vn 0.0000 -0.9988 -0.0493
vn 0.0000 -0.9651 0.2618
vn 0.0000 -0.8369 0.5473
vn 0.0000 -0.6268 0.7791
vn 0.0000 -0.3554 0.9347
vn 0.0000 -0.1274 0.9918
vn 0.0000 -0.2618 -0.9651
vn 0.0000 -0.5472 -0.8370
vn 0.0000 -0.7791 -0.6269
vn 0.0000 -0.9347 -0.3555
vn 0.0000 -0.9988 -0.0492
vn 0.0000 -0.8370 0.5472
vn 0.0000 -0.6269 0.7791
vn 0.0000 -0.3555 0.9347
vn 0.0417 -0.2620 -0.9641
vn 0.0432 -0.0292 -0.9986
vn 0.0363 -0.5478 -0.8357
vn 0.0273 -0.7801 -0.6250
vn 0.0154 -0.9357 -0.3524
vn 0.0020 -0.9990 -0.0450
vn -0.0119 -0.9637 0.2665
vn -0.0246 -0.8341 0.5511
vn -0.0350 -0.6234 0.7811
vn -0.0420 -0.3529 0.9347
vn -0.0446 -0.1267 0.9909
vn 0.2540 -0.2644 -0.9303
vn 0.2628 -0.0287 -0.9644
vn 0.2203 -0.5534 -0.8032
vn 0.1641 -0.7867 -0.5950
vn 0.0906 -0.9405 -0.3274
vn 0.0074 -0.9995 -0.0284
vn -0.0764 -0.9595 0.2710
vn -0.1523 -0.8267 0.5417
vn -0.2128 -0.6159 0.7585
vn -0.2528 -0.3483 0.9026
vn -0.2674 -0.1262 0.9553
vn 0.6703 -0.2895 -0.6832
vn 0.7054 -0.0432 -0.7074
vn 0.5621 -0.5815 -0.5881
vn 0.3979 -0.8079 -0.4346
vn 0.1977 -0.9501 -0.2414
vn -0.0180 -0.9994 -0.0281
vn -0.2301 -0.9552 0.1861
vn -0.4206 -0.8224 0.3829
vn -0.5726 -0.6125 0.5448
vn -0.6717 -0.3437 0.6563
vn -0.7047 -0.1187 0.6995
vn 0.9045 -0.3131 -0.2896
vn 0.9589 -0.0783 -0.2728
vn 0.7550 -0.5900 -0.2862
vn 0.5319 -0.8078 -0.2541
vn 0.2575 -0.9461 -0.1962
vn -0.0412 -0.9921 -0.1184
vn -0.3352 -0.9417 -0.0290
vn -0.5961 -0.8004 0.0629
vn -0.7990 -0.5828 0.1483
vn -0.9249 -0.3106 0.2192
vn -0.9621 -0.0838 0.2593
vn 0.9505 -0.3075 -0.0437
vn 0.9954 -0.0854 -0.0439
vn 0.8068 -0.5894 -0.0399
vn 0.5794 -0.8144 -0.0320
vn 0.2905 -0.9566 -0.0204
vn -0.0286 -0.9995 -0.0064
vn -0.3430 -0.9393 0.0085
vn -0.6194 -0.7847 0.0225
vn -0.8316 -0.5543 0.0338
vn -0.9613 -0.2724 0.0416
vn -0.9976 -0.0523 0.0447
vn 0.9441 -0.3281 0.0317
vn 0.9953 -0.0959 0.0093
vn 0.7967 -0.6015 0.0581
vn 0.5730 -0.8158 0.0787
vn 0.2946 -0.9512 0.0917
vn -0.0117 -0.9953 0.0959
vn -0.3173 -0.9439 0.0909
vn -0.5932 -0.8014 0.0770
vn -0.8123 -0.5806 0.0557
vn -0.9527 -0.3024 0.0290
vn -0.9976 -0.0684 0.0065
vn 0.9446 -0.3280 0.0060
vn 0.9955 -0.0951 0.0017
vn 0.7973 -0.6034 0.0110
vn 0.5730 -0.8194 0.0149
vn 0.2939 -0.9557 0.0174
vn -0.0131 -0.9997 0.0182
vn -0.3189 -0.9476 0.0172
vn -0.5944 -0.8040 0.0146
vn -0.8130 -0.5821 0.0106
vn -0.9530 -0.3029 0.0055
vn -0.9976 -0.0686 0.0012
vn -0.9446 -0.3280 0.0060
vn -0.9395 -0.3405 0.0353
vn -0.9949 -0.0997 0.0102
vn -0.9955 -0.0951 0.0017
vn -0.7973 -0.6034 0.0110
vn -0.7840 -0.6174 0.0646
vn -0.5730 -0.8194 0.0149
vn -0.5564 -0.8264 0.0869
vn -0.2939 -0.9557 0.0174
vn -0.2827 -0.9539 0.1004
vn 0.0131 -0.9997 0.0182
vn 0.0126 -0.9944 0.1047
vn 0.3189 -0.9476 0.0172
vn 0.3070 -0.9465 0.0996
vn 0.5944 -0.8040 0.0146
vn 0.5777 -0.8118 0.0853
vn 0.8130 -0.5821 0.0106
vn 0.8003 -0.5963 0.0624
vn 0.9530 -0.3029 0.0055
vn 0.9486 -0.3148 0.0326
vn 0.9976 -0.0686 0.0012
vn 0.9973 -0.0721 0.0074
vn -0.9388 -0.2408 0.2462
vn -0.9938 -0.0772 0.0794
vn -0.8011 -0.4192 0.4271
vn -0.5866 -0.5680 0.5773
vn -0.3059 -0.6682 0.6781
vn 0.0138 -0.7020 0.7121
vn 0.3316 -0.6621 0.6720
vn 0.6075 -0.5571 0.5662
vn 0.8158 -0.4050 0.4128
vn 0.9468 -0.2249 0.2300
vn 0.9962 -0.0606 0.0623
vn -0.9478 -0.1130 0.2983
vn -0.9960 -0.0317 0.0834
vn -0.7968 -0.2164 0.5641
vn -0.5689 -0.2982 0.7664
vn -0.2907 -0.3501 0.8904
vn 0.0122 -0.3675 0.9299
vn 0.3152 -0.3482 0.8828
vn 0.5924 -0.2933 0.7503
vn 0.8160 -0.2077 0.5394
vn 0.9584 -0.1007 0.2669
vn 0.9986 -0.0178 0.0501
vn -0.9482 -0.2766 0.1559
vn -0.9933 -0.1153 0.0123
vn -0.8037 -0.4838 0.3464
vn -0.5741 -0.6454 0.5037
vn -0.2808 -0.7414 0.6095
vn 0.0439 -0.7580 0.6507
vn 0.3622 -0.6932 0.6231
vn 0.6383 -0.5565 0.5319
vn 0.8453 -0.3661 0.3891
vn 0.9670 -0.1435 0.2105
vn 0.9971 0.0212 0.0729
vn -0.8692 -0.4676 -0.1607
vn -0.9358 -0.2559 -0.2423
vn -0.6995 -0.7136 -0.0363
vn -0.4567 -0.8848 0.0921
vn -0.1689 -0.9626 0.2116
vn 0.1321 -0.9414 0.3102
vn 0.4158 -0.8272 0.3779
vn 0.6565 -0.6344 0.4081
vn 0.8335 -0.3828 0.3983
vn 0.9318 -0.0959 0.3500
vn 0.9483 0.1206 0.2936
vn -0.5682 -0.5776 -0.5861
vn -0.6390 -0.3578 -0.6809
vn -0.4255 -0.8066 -0.4102
vn -0.2436 -0.9499 -0.1958
vn -0.0416 -0.9985 0.0344
vn 0.1622 -0.9521 0.2589
vn 0.3506 -0.8168 0.4581
vn 0.5069 -0.6046 0.6144
vn 0.6161 -0.3344 0.7132
vn 0.6668 -0.0314 0.7446
vn 0.6629 0.2003 0.7214
vn -0.1307 -0.5644 -0.8151
vn -0.1510 -0.3540 -0.9230
vn -0.0936 -0.7943 -0.6002
vn -0.0485 -0.9472 -0.3168
vn -0.0004 -1.0000 0.0046
vn 0.0461 -0.9452 0.3232
vn 0.0875 -0.7947 0.6007
vn 0.1201 -0.5722 0.8112
vn 0.1411 -0.3043 0.9420
vn 0.1490 -0.0148 0.9887
vn 0.1459 0.2057 0.9677
vn 0.5118 -0.6492 -0.5626
vn 0.6124 -0.4185 -0.6706
vn 0.3451 -0.8572 -0.3821
vn 0.1600 -0.9708 -0.1785
vn -0.0282 -0.9991 0.0321
vn -0.2112 -0.9477 0.2391
vn -0.3809 -0.8180 0.4310
vn -0.5248 -0.6109 0.5928
vn -0.6250 -0.3354 0.7048
vn -0.6636 -0.0171 0.7479
vn -0.6454 0.2321 0.7277
vn 0.8079 -0.5494 -0.2132
vn 0.9067 -0.3483 -0.2375
vn 0.6059 -0.7790 -0.1614
vn 0.3360 -0.9375 -0.0906
vn 0.0250 -0.9997 -0.0064
vn -0.2883 -0.9540 0.0818
vn -0.5650 -0.8088 0.1631
vn -0.7773 -0.5864 0.2278
vn -0.9105 -0.3135 0.2695
vn -0.9585 -0.0158 0.2847
vn -0.9377 0.2085 0.2780
vn 0.7361 -0.5692 -0.3661
vn 0.8334 -0.3654 -0.4145
vn 0.5443 -0.7940 -0.2707
vn 0.2993 -0.9424 -0.1488
vn 0.0244 -0.9996 -0.0121
vn -0.2539 -0.9590 0.1261
vn -0.5080 -0.8235 0.2523
vn -0.7124 -0.6061 0.3536
vn -0.8462 -0.3279 0.4200
vn -0.8956 -0.0166 0.4444
vn -0.8741 0.2185 0.4338
vn 0.6236 -0.5669 -0.5382
vn 0.7050 -0.3642 -0.6085
vn 0.4624 -0.7918 -0.3991
vn 0.2558 -0.9412 -0.2207
vn 0.0232 -0.9995 -0.0200
vn -0.2128 -0.9597 0.1833
vn -0.4288 -0.8246 0.3690
vn -0.6026 -0.6069 0.5181
vn -0.7164 -0.3283 0.6156
vn -0.7584 -0.0166 0.6515
vn -0.7402 0.2184 0.6359
vn 0.3932 -0.5643 -0.7259
vn 0.4437 -0.3637 -0.8191
vn 0.2927 -0.7888 -0.5405
vn 0.1638 -0.9390 -0.3024
vn 0.0182 -0.9992 -0.0337
vn -0.1304 -0.9619 0.2400
vn -0.2676 -0.8288 0.4913
vn -0.3790 -0.6116 0.6944
vn -0.4526 -0.3314 0.8278
vn -0.4799 -0.0168 0.8772
vn -0.4681 0.2197 0.8559
vn 0.0000 -0.5645 -0.8254
vn 0.0000 -0.3650 -0.9310
vn 0.0000 -0.7882 -0.6154
vn 0.0000 -0.9379 -0.3468
vn 0.0000 -0.9990 -0.0439
vn 0.0000 -0.9640 0.2657
vn 0.0000 -0.8336 0.5523
vn 0.0000 -0.6176 0.7865
vn 0.0000 -0.3358 0.9419
vn 0.0000 -0.0171 0.9998
vn 0.0000 0.2221 0.9750
vn -0.3932 -0.5643 -0.7259
vn -0.4437 -0.3637 -0.8190
vn -0.2927 -0.7888 -0.5405
vn -0.1638 -0.9390 -0.3024
vn -0.0182 -0.9992 -0.0337
vn 0.1304 -0.9619 0.2400
vn 0.2676 -0.8288 0.4913
vn 0.3790 -0.6116 0.6944
vn 0.4526 -0.3314 0.8278
vn 0.4799 -0.0168 0.8772
vn 0.4681 0.2197 0.8559
vn -0.6236 -0.5669 -0.5382
vn -0.7050 -0.3643 -0.6085
vn -0.4624 -0.7918 -0.3991
vn -0.2558 -0.9412 -0.2207
vn -0.0232 -0.9995 -0.0200
vn 0.2128 -0.9597 0.1833
vn 0.4288 -0.8246 0.3690
vn 0.6026 -0.6069 0.5181
vn 0.7164 -0.3283 0.6156
vn 0.7585 -0.0166 0.6515
vn 0.7402 0.2184 0.6359
vn -0.7361 -0.5692 -0.3661
vn -0.8334 -0.3654 -0.4145
vn -0.5443 -0.7940 -0.2707
vn -0.2993 -0.9424 -0.1488
vn -0.0244 -0.9996 -0.0121
vn 0.2539 -0.9590 0.1261
vn 0.5080 -0.8235 0.2523
vn 0.7124 -0.6061 0.3536
vn 0.8462 -0.3279 0.4200
vn 0.8956 -0.0166 0.4444
vn 0.8741 0.2185 0.4338
vn -0.8079 -0.5494 -0.2132
vn -0.9067 -0.3483 -0.2375
vn -0.6059 -0.7790 -0.1614
vn -0.3360 -0.9375 -0.0906
vn -0.0250 -0.9997 -0.0064
vn 0.2883 -0.9540 0.0818
vn 0.5650 -0.8088 0.1631
vn 0.7773 -0.5864 0.2278
vn 0.9105 -0.3135 0.2695
vn 0.9585 -0.0158 0.2847
vn 0.9377 0.2085 0.2780
vn -0.5118 -0.6492 -0.5626
vn -0.6125 -0.4185 -0.6706
vn -0.3451 -0.8572 -0.3821
vn -0.1600 -0.9708 -0.1785
vn 0.0282 -0.9991 0.0321
vn 0.2112 -0.9477 0.2391
vn 0.3809 -0.8180 0.4310
vn 0.5248 -0.6109 0.5928
vn 0.6250 -0.3354 0.7049
vn 0.6636 -0.0171 0.7479
vn 0.6454 0.2321 0.7277
vn 0.1307 -0.5644 -0.8151
vn 0.1510 -0.3540 -0.9230
vn 0.0936 -0.7943 -0.6002
vn 0.0485 -0.9472 -0.3168
vn 0.0004 -1.0000 0.0046
vn -0.0461 -0.9452 0.3232
vn -0.0875 -0.7947 0.6007
vn -0.1201 -0.5722 0.8112
vn -0.1411 -0.3043 0.9420
vn -0.1490 -0.0148 0.9887
vn -0.1459 0.2057 0.9677
vn 0.5682 -0.5776 -0.5861
vn 0.6390 -0.3578 -0.6809
vn 0.4255 -0.8066 -0.4102
vn 0.2435 -0.9499 -0.1958
vn 0.0416 -0.9985 0.0344
vn -0.1622 -0.9521 0.2589
vn -0.3506 -0.8168 0.4581
vn -0.5069 -0.6046 0.6144
vn -0.6161 -0.3344 0.7132
vn -0.6668 -0.0314 0.7446
vn -0.6629 0.2002 0.7214
vn 0.8691 -0.4677 -0.1607
vn 0.9358 -0.2559 -0.2423
vn 0.6995 -0.7136 -0.0363
vn 0.4568 -0.8848 0.0921
vn 0.1689 -0.9626 0.2116
vn -0.1321 -0.9414 0.3102
vn -0.4158 -0.8272 0.3779
vn -0.6565 -0.6344 0.4081
vn -0.8335 -0.3828 0.3983
vn -0.9318 -0.0958 0.3500
vn -0.9483 0.1207 0.2936
vn 0.9482 -0.2766 0.1559
vn 0.9933 -0.1152 0.0123
vn 0.8037 -0.4838 0.3464
vn 0.5741 -0.6454 0.5037
vn 0.2808 -0.7414 0.6095
vn -0.0439 -0.7580 0.6507
vn -0.3622 -0.6932 0.6232
vn -0.6383 -0.5565 0.5319
vn -0.8453 -0.3661 0.3890
vn -0.9670 -0.1435 0.2105
vn -0.9971 0.0212 0.0729
vn 0.9522 -0.1082 0.2854
vn 0.9964 -0.0307 0.0793
vn 0.8104 -0.2064 0.5482
vn 0.5871 -0.2842 0.7579
vn 0.3033 -0.3341 0.8924
vn -0.0128 -0.3508 0.9363
vn -0.3287 -0.3322 0.8841
vn -0.6106 -0.2796 0.7410
vn -0.8289 -0.1981 0.5231
vn -0.9622 -0.0963 0.2548
vn -0.9987 -0.0170 0.0473
vn 0.9457 -0.0470 0.3216
vn 0.9957 -0.0135 0.0917
vn 0.7977 -0.0867 0.5967
vn 0.5724 -0.1172 0.8115
vn 0.2931 -0.1361 0.9463
vn -0.0131 -0.1422 0.9897
vn -0.3181 -0.1350 0.9384
vn -0.5939 -0.1151 0.7963
vn -0.8135 -0.0837 0.5755
vn -0.9540 -0.0434 0.2964
vn -0.9978 -0.0096 0.0653
vn 0.9889 0.1015 0.1081
vn 0.9575 0.0731 0.2789
vn 0.7056 0.0385 0.7075
vn 0.2693 0.0282 0.9626
vn 0.0449 0.0291 0.9986
vn 0.0000 0.0292 0.9995
vn -0.0449 0.0291 0.9986
vn -0.2693 0.0283 0.9626
vn -0.7056 0.0385 0.7075
vn -0.9579 0.0701 0.2784
vn -0.9937 0.1026 0.0456
vn -0.9961 0.0882 -0.0084
vn -0.9960 0.0887 -0.0016
vn 0.9960 0.0887 -0.0016
vn 0.9957 0.0920 -0.0089
vn 0.9985 0.0378 -0.0392
vn 0.9937 0.0394 -0.1043
vn 0.9901 0.1379 -0.0271
vn 0.9315 0.2680 0.2456
vn 0.6399 0.3510 0.6836
vn 0.1397 0.3485 0.9268
vn -0.6111 0.3895 0.6890
vn -0.8972 0.3536 0.2644
vn -0.8325 0.3691 0.4132
vn -0.7049 0.3690 0.6058
vn -0.4452 0.3711 0.8148
vn 0.0000 0.3748 0.9271
vn 0.4453 0.3711 0.8148
vn 0.7049 0.3690 0.6058
vn 0.8325 0.3691 0.4132
vn 0.8972 0.3536 0.2644
vn 0.6112 0.3894 0.6890
vn -0.1397 0.3486 0.9268
vn -0.6399 0.3510 0.6836
vn -0.9315 0.2681 0.2456
vn -0.9901 0.1379 -0.0271
vn -0.9944 0.0392 -0.0986
vn -0.9957 0.0137 -0.0917
vn -0.9643 0.0745 -0.2541
vn -0.9958 0.0510 -0.0761
vn -0.7046 0.1197 -0.6995
vn -0.2607 0.1284 -0.9568
vn -0.0428 0.1273 -0.9909
vn 0.0000 0.1274 -0.9918
vn 0.0428 0.1273 -0.9909
vn 0.2607 0.1284 -0.9568
vn 0.7046 0.1197 -0.6995
vn 0.9642 0.0782 -0.2535
vn 0.9966 0.0702 -0.0428
vn 0.9981 0.0607 -0.0057
vn 0.9980 0.0621 -0.0011
vn -0.9979 0.0643 -0.0062
vn -0.9980 0.0622 -0.0011
vn -0.9995 0.0212 -0.0220
vn -0.9971 0.0249 -0.0716
vn -0.9960 0.0013 -0.0894
vn -0.9510 -0.1054 -0.2907
vn -0.6639 -0.2019 -0.7201
vn -0.1596 -0.2089 -0.9648
vn 0.6535 -0.2514 -0.7140
vn 0.9471 -0.2051 -0.2467
vn 0.8742 -0.2162 -0.4348
vn 0.7392 -0.2154 -0.6381
vn 0.4651 -0.2151 -0.8587
vn 0.0000 -0.2160 -0.9764
vn -0.4651 -0.2151 -0.8587
vn -0.7392 -0.2154 -0.6381
vn -0.8742 -0.2162 -0.4348
vn -0.9471 -0.2051 -0.2467
vn -0.6535 -0.2514 -0.7140
vn 0.1596 -0.2089 -0.9648
vn 0.6639 -0.2018 -0.7201
vn 0.9510 -0.1054 -0.2907
vn 0.9960 0.0013 -0.0894
vn 0.9974 0.0248 -0.0672
vn 0.9978 0.0098 -0.0653
vn 0.9340 0.3260 0.1457
vn 0.9095 0.2933 0.2945
vn 0.7812 0.5966 0.1834
vn 0.7707 0.5666 0.2915
vn 0.5506 0.8096 0.2033
vn 0.5577 0.7880 0.2606
vn 0.2645 0.9427 0.2034
vn 0.2887 0.9354 0.2039
vn -0.0478 0.9818 0.1837
vn -0.0117 0.9919 0.1268
vn -0.3544 0.9236 0.1461
vn -0.3139 0.9487 0.0370
vn -0.6247 0.7751 0.0945
vn -0.5857 0.8086 -0.0558
vn -0.8330 0.5521 0.0340
vn -0.7979 0.5857 -0.1424
vn -0.9605 0.2766 -0.0297
vn -0.9283 0.3040 -0.2142
vn 0.6755 0.2657 0.6878
vn 0.5796 0.5461 0.6048
vn 0.4297 0.7737 0.4654
vn 0.2403 0.9285 0.2832
vn 0.0283 0.9968 0.0740
vn -0.1881 0.9715 -0.1442
vn -0.3898 0.8510 -0.3519
vn -0.5561 0.6417 -0.5281
vn -0.6673 0.3607 -0.6516
vn 0.2604 0.2557 0.9310
vn 0.2271 0.5372 0.8123
vn 0.1720 0.7692 0.6154
vn 0.0997 0.9285 0.3577
vn 0.0173 0.9978 0.0633
vn -0.0664 0.9687 -0.2390
vn -0.1429 0.8430 -0.5184
vn -0.2045 0.6331 -0.7465
vn -0.2456 0.3599 -0.9001
vn 0.0433 0.2598 0.9647
vn 0.0376 0.5439 0.8383
vn 0.0282 0.7758 0.6302
vn 0.0161 0.9328 0.3600
vn 0.0024 0.9985 0.0537
vn -0.0114 0.9660 -0.2583
vn -0.0238 0.8381 -0.5450
vn -0.0338 0.6277 -0.7777
vn -0.0404 0.3558 -0.9337
vn 0.0000 0.2617 0.9651
vn 0.0000 0.5471 0.8370
vn 0.0000 0.7790 0.6270
vn 0.0000 0.9346 0.3555
vn 0.0000 0.9988 0.0493
vn 0.0000 0.9651 -0.2618
vn 0.0000 0.8369 -0.5473
vn 0.0000 0.6268 -0.7791
vn 0.0000 0.3554 -0.9347
vn 0.0000 0.2618 0.9651
vn 0.0000 0.5472 0.8370
vn 0.0000 0.7791 0.6269
vn 0.0000 0.9347 0.3555
vn 0.0000 0.9988 0.0492
vn 0.0000 0.8370 -0.5472
vn 0.0000 0.6269 -0.7791
vn 0.0000 0.3555 -0.9347
vn -0.0434 0.2598 0.9647
vn -0.0376 0.5439 0.8383
vn -0.0282 0.7758 0.6302
vn -0.0161 0.9328 0.3600
vn -0.0024 0.9985 0.0537
vn 0.0114 0.9660 -0.2583
vn 0.0238 0.8381 -0.5450
vn 0.0338 0.6277 -0.7777
vn 0.0404 0.3558 -0.9337
vn -0.2604 0.2557 0.9310
vn -0.2271 0.5372 0.8123
vn -0.1720 0.7692 0.6154
vn -0.0997 0.9285 0.3577
vn -0.0174 0.9978 0.0633
vn 0.0664 0.9687 -0.2390
vn 0.1429 0.8430 -0.5184
vn 0.2045 0.6331 -0.7465
vn 0.2456 0.3599 -0.9001
vn -0.6755 0.2657 0.6878
vn -0.5796 0.5461 0.6048
vn -0.4297 0.7737 0.4654
vn -0.2403 0.9285 0.2832
vn -0.0283 0.9968 0.0740
vn 0.1881 0.9715 -0.1442
vn 0.3897 0.8510 -0.3519
vn 0.5561 0.6417 -0.5281
vn 0.6673 0.3607 -0.6516
vn -0.9104 0.2910 0.2939
vn -0.7722 0.5649 0.2908
vn -0.5603 0.7865 0.2597
vn -0.2927 0.9344 0.2031
vn 0.0063 0.9919 0.1263
vn 0.3078 0.9507 0.0371
vn 0.5804 0.8124 -0.0552
vn 0.7945 0.5905 -0.1415
vn 0.9269 0.3085 -0.2135
vn -0.9405 0.3369 0.0447
vn -0.7927 0.6083 0.0400
vn -0.5683 0.8222 0.0315
vn -0.2885 0.9572 0.0200
vn 0.0191 0.9998 0.0066
vn 0.3241 0.9460 -0.0073
vn 0.5970 0.8019 -0.0204
vn 0.8124 0.5822 -0.0313
vn 0.9509 0.3071 -0.0392
vn -0.9488 0.3144 -0.0298
vn -0.8041 0.5918 -0.0561
vn -0.5802 0.8108 -0.0768
vn -0.2990 0.9500 -0.0900
vn 0.0119 0.9955 -0.0944
vn 0.3220 0.9425 -0.0895
vn 0.6005 0.7960 -0.0758
vn 0.8196 0.5704 -0.0545
vn 0.9571 0.2884 -0.0276
vn -0.9486 0.3164 -0.0057
vn -0.8035 0.5951 -0.0107
vn -0.5791 0.8151 -0.0147
vn -0.2975 0.9545 -0.0172
vn 0.0133 0.9997 -0.0180
vn 0.3228 0.9463 -0.0171
vn 0.6006 0.7994 -0.0144
vn 0.8191 0.5735 -0.0103
vn 0.9567 0.2911 -0.0052
vn 0.9486 0.3164 -0.0057
vn 0.9442 0.3277 -0.0306
vn 0.8035 0.5951 -0.0107
vn 0.7902 0.6103 -0.0551
vn 0.5791 0.8151 -0.0147
vn 0.5613 0.8245 -0.0719
vn 0.2975 0.9545 -0.0172
vn 0.2851 0.9550 -0.0812
vn -0.0133 0.9997 -0.0180
vn -0.0127 0.9964 -0.0840
vn -0.3228 0.9463 -0.0171
vn -0.3096 0.9474 -0.0807
vn -0.6006 0.7994 -0.0144
vn -0.5828 0.8095 -0.0708
vn -0.8191 0.5735 -0.0103
vn -0.8065 0.5888 -0.0533
vn -0.9567 0.2911 -0.0052
vn -0.9530 0.3016 -0.0283
vn 0.9709 0.1658 -0.1724
vn 0.8569 0.3569 -0.3718
vn 0.6486 0.5271 -0.5490
vn 0.3473 0.6498 -0.6761
vn -0.0157 0.6930 -0.7208
vn -0.3758 0.6420 -0.6682
vn -0.6700 0.5141 -0.5355
vn -0.8701 0.3413 -0.3555
vn -0.9765 0.1493 -0.1552
vn 0.9333 0.1234 -0.3372
vn 0.7744 0.2157 -0.5948
vn 0.5471 0.2846 -0.7871
vn 0.2776 0.3265 -0.9035
vn -0.0117 0.3396 -0.9405
vn -0.3011 0.3233 -0.8971
vn -0.5698 0.2778 -0.7734
vn -0.7936 0.2051 -0.5728
vn -0.9450 0.1099 -0.3079
vn 0.9316 0.3136 -0.1834
vn 0.7806 0.5079 -0.3642
vn 0.5558 0.6554 -0.5114
vn 0.2772 0.7418 -0.6106
vn -0.0286 0.7577 -0.6520
vn -0.3317 0.7011 -0.6312
vn -0.6025 0.5778 -0.5505
vn -0.8155 0.4005 -0.4177
vn -0.9515 0.1859 -0.2452
vn 0.8632 0.4783 0.1614
vn 0.7020 0.7111 0.0387
vn 0.4736 0.8763 -0.0879
vn 0.2000 0.9578 -0.2064
vn -0.0925 0.9478 -0.3052
vn -0.3762 0.8475 -0.3743
vn -0.6249 0.6665 -0.4065
vn -0.8150 0.4205 -0.3985
vn -0.9270 0.1310 -0.3514
vn 0.5788 0.5532 0.5991
vn 0.4503 0.7784 0.4373
vn 0.2810 0.9304 0.2355
vn 0.0858 0.9962 0.0120
vn -0.1192 0.9696 -0.2137
vn -0.3164 0.8498 -0.4216
vn -0.4863 0.6431 -0.5914
vn -0.6091 0.3655 -0.7038
vn -0.6677 0.0443 -0.7431
vn 0.1247 0.5445 0.8294
vn 0.0941 0.7717 0.6290
vn 0.0541 0.9313 0.3602
vn 0.0077 0.9989 0.0458
vn -0.0417 0.9597 -0.2779
vn -0.0891 0.8172 -0.5694
vn -0.1287 0.5928 -0.7950
vn -0.1548 0.3161 -0.9360
vn -0.1642 0.0153 -0.9863
vn -0.5380 0.5852 0.6067
vn -0.3977 0.8000 0.4492
vn -0.2300 0.9378 0.2598
vn -0.0480 0.9973 0.0542
vn 0.1400 0.9777 -0.1561
vn 0.3262 0.8737 -0.3607
vn 0.4961 0.6762 -0.5446
vn 0.6237 0.3826 -0.6816
vn 0.6755 0.0198 -0.7371
vn -0.7956 0.5596 0.2322
vn -0.5909 0.7886 0.1699
vn -0.3197 0.9432 0.0903
vn -0.0083 0.9999 0.0027
vn 0.3052 0.9488 -0.0818
vn 0.5810 0.7992 -0.1538
vn 0.7909 0.5757 -0.2073
vn 0.9211 0.3063 -0.2401
vn 0.9677 0.0154 -0.2517
vn -0.7300 0.5793 0.3624
vn -0.5322 0.8043 0.2643
vn -0.2821 0.9491 0.1402
vn -0.0051 1.0000 0.0025
vn 0.2715 0.9529 -0.1350
vn 0.5208 0.8134 -0.2590
vn 0.7191 0.5958 -0.3576
vn 0.8479 0.3213 -0.4217
vn 0.8952 0.0163 -0.4453
vn -0.6176 0.5801 0.5311
vn -0.4493 0.8053 0.3867
vn -0.2368 0.9499 0.2040
vn -0.0018 1.0000 0.0015
vn 0.2322 0.9518 -0.2004
vn 0.4425 0.8113 -0.3820
vn 0.6092 0.5934 -0.5260
vn 0.7172 0.3197 -0.6192
vn 0.7569 0.0162 -0.6534
vn -0.3885 0.5847 0.7121
vn -0.2806 0.8097 0.5154
vn -0.1455 0.9524 0.2679
vn 0.0025 1.0000 -0.0048
vn 0.1490 0.9497 -0.2753
vn 0.2802 0.8083 -0.5177
vn 0.3841 0.5907 -0.7095
vn 0.4515 0.3181 -0.8336
vn 0.4762 0.0161 -0.8791
vn 0.0000 0.5907 0.8069
vn 0.0000 0.8147 0.5798
vn 0.0000 0.9547 0.2973
vn 0.0000 0.9999 -0.0112
vn 0.0000 0.9487 -0.3162
vn 0.0000 0.8077 -0.5896
vn 0.0000 0.5908 -0.8068
vn 0.0000 0.3185 -0.9479
vn 0.0000 0.0161 -0.9998
vn 0.3885 0.5847 0.7121
vn 0.2806 0.8097 0.5154
vn 0.1455 0.9524 0.2679
vn -0.0025 1.0000 -0.0048
vn -0.1490 0.9497 -0.2753
vn -0.2802 0.8083 -0.5177
vn -0.3841 0.5907 -0.7095
vn -0.4515 0.3181 -0.8336
vn -0.4762 0.0161 -0.8791
vn 0.6176 0.5801 0.5311
vn 0.4493 0.8053 0.3867
vn 0.2368 0.9499 0.2040
vn 0.0018 1.0000 0.0015
vn -0.2322 0.9518 -0.2004
vn -0.4425 0.8113 -0.3820
vn -0.6092 0.5934 -0.5260
vn -0.7172 0.3197 -0.6192
vn -0.7569 0.0162 -0.6534
vn 0.7301 0.5793 0.3624
vn 0.5322 0.8043 0.2643
vn 0.2821 0.9491 0.1402
vn 0.0051 1.0000 0.0025
vn -0.2715 0.9529 -0.1350
vn -0.5208 0.8134 -0.2590
vn -0.7191 0.5958 -0.3576
vn -0.8479 0.3213 -0.4217
vn -0.8952 0.0163 -0.4453
vn 0.7956 0.5596 0.2322
vn 0.5909 0.7886 0.1699
vn 0.3197 0.9432 0.0903
vn 0.0083 0.9999 0.0027
vn -0.3052 0.9488 -0.0818
vn -0.5810 0.7992 -0.1538
vn -0.7909 0.5757 -0.2073
vn -0.9211 0.3063 -0.2401
vn -0.9677 0.0154 -0.2517
vn 0.5380 0.5852 0.6067
vn 0.3977 0.8000 0.4492
vn 0.2300 0.9378 0.2598
vn 0.0480 0.9973 0.0542
vn -0.1400 0.9777 -0.1561
vn -0.3262 0.8737 -0.3607
vn -0.4961 0.6762 -0.5446
vn -0.6237 0.3826 -0.6816
vn -0.6755 0.0198 -0.7371
vn -0.1247 0.5445 0.8294
vn -0.0941 0.7717 0.6290
vn -0.0541 0.9313 0.3602
vn -0.0077 0.9989 0.0458
vn 0.0417 0.9597 -0.2779
vn 0.0891 0.8172 -0.5694
vn 0.1287 0.5928 -0.7950
vn 0.1548 0.3161 -0.9360
vn 0.1642 0.0153 -0.9863
vn -0.5788 0.5532 0.5991
vn -0.4503 0.7784 0.4373
vn -0.2810 0.9304 0.2355
vn -0.0858 0.9962 0.0120
vn 0.1192 0.9696 -0.2137
vn 0.3164 0.8498 -0.4216
vn 0.4863 0.6431 -0.5914
vn 0.6091 0.3655 -0.7038
vn 0.6677 0.0443 -0.7431
vn -0.8632 0.4783 0.1614
vn -0.7020 0.7111 0.0387
vn -0.4736 0.8763 -0.0879
vn -0.2000 0.9578 -0.2064
vn 0.0925 0.9478 -0.3052
vn 0.3762 0.8475 -0.3743
vn 0.6249 0.6665 -0.4065
vn 0.8150 0.4205 -0.3985
vn 0.9270 0.1310 -0.3514
vn -0.9316 0.3136 -0.1834
vn -0.7806 0.5079 -0.3642
vn -0.5558 0.6554 -0.5114
vn -0.2772 0.7418 -0.6106
vn 0.0286 0.7577 -0.6520
vn 0.3317 0.7011 -0.6312
vn 0.6025 0.5778 -0.5505
vn 0.8155 0.4005 -0.4177
vn 0.9515 0.1859 -0.2452
vn -0.9393 0.1243 -0.3197
vn -0.7903 0.2208 -0.5716
vn -0.5673 0.2959 -0.7685
vn -0.2913 0.3431 -0.8930
vn 0.0124 0.3582 -0.9336
vn 0.3157 0.3395 -0.8860
vn 0.5900 0.2886 -0.7541
vn 0.8086 0.2098 -0.5496
vn 0.9501 0.1106 -0.2915
vn -0.9457 0.0484 -0.3213
vn -0.7979 0.0903 -0.5959
vn -0.5727 0.1235 -0.8104
vn -0.2934 0.1444 -0.9450
vn 0.0131 0.1512 -0.9884
vn 0.3184 0.1432 -0.9370
vn 0.5942 0.1211 -0.7951
vn 0.8137 0.0871 -0.5748
vn 0.9541 0.0446 -0.2961
vn -0.1559 -0.3087 0.9383
vn -0.0976 -0.3074 0.9465
vn -0.1022 -0.0782 0.9917
vn -0.1633 -0.0784 0.9834
vn -0.1326 -0.5874 0.7983
vn -0.0831 -0.5851 0.8066
vn -0.0964 -0.8087 0.5802
vn -0.0606 -0.8063 0.5884
vn -0.0507 -0.9510 0.3051
vn -0.0322 -0.9493 0.3127
vn 0.0000 -1.0000 0.0000
vn -0.0006 -1.0000 0.0061
vn 0.0508 -0.9510 -0.3051
vn 0.0311 -0.9529 -0.3016
vn 0.0965 -0.8087 -0.5802
vn 0.0598 -0.8122 -0.5803
vn 0.1329 -0.5874 -0.7983
vn 0.0827 -0.5910 -0.8024
vn 0.1562 -0.3087 -0.9382
vn 0.0975 -0.3110 -0.9454
vn 0.1637 -0.0784 -0.9834
vn 0.1023 -0.0788 -0.9916
vn 0.0000 -0.3077 0.9515
vn 0.0000 -0.0782 0.9969
vn 0.0000 -0.5857 0.8105
vn 0.0000 -0.8069 0.5906
vn 0.0000 -0.9498 0.3128
vn 0.0000 -1.0000 0.0040
vn 0.0000 -0.9522 -0.3055
vn 0.0000 -0.8108 -0.5853
vn 0.0000 -0.5895 -0.8077
vn 0.0000 -0.3100 -0.9507
vn 0.0000 -0.0786 -0.9969
vn 0.0975 -0.3074 0.9465
vn 0.1022 -0.0782 0.9917
vn 0.0831 -0.5851 0.8066
vn 0.0606 -0.8063 0.5884
vn 0.0322 -0.9493 0.3127
vn 0.0006 -1.0000 0.0061
vn -0.0311 -0.9529 -0.3016
vn -0.0598 -0.8122 -0.5803
vn -0.0827 -0.5910 -0.8024
vn -0.0975 -0.3110 -0.9454
vn -0.1023 -0.0788 -0.9916
vn 0.1559 -0.3087 0.9383
vn 0.1633 -0.0784 0.9834
vn 0.1326 -0.5874 0.7983
vn 0.0964 -0.8087 0.5802
vn 0.0507 -0.9510 0.3051
vn -0.0508 -0.9510 -0.3051
vn -0.0965 -0.8087 -0.5802
vn -0.1329 -0.5874 -0.7983
vn -0.1562 -0.3087 -0.9382
vn -0.1637 -0.0784 -0.9834
vn 0.1637 0.0784 -0.9834
vn 0.1023 0.0788 -0.9916
vn 0.0000 0.0786 -0.9969
vn -0.1023 0.0788 -0.9916
vn -0.1637 0.0784 -0.9834
vn -0.1022 0.0782 0.9917
vn -0.1633 0.0784 0.9834
vn 0.0000 0.0782 0.9969
vn 0.1022 0.0782 0.9917
vn 0.1633 0.0784 0.9834
vn 0.1562 0.3088 -0.9382
vn 0.0975 0.3110 -0.9454
vn 0.1329 0.5874 -0.7983
vn 0.0827 0.5910 -0.8024
vn 0.0965 0.8087 -0.5802
vn 0.0598 0.8122 -0.5803
vn 0.0508 0.9510 -0.3051
vn 0.0311 0.9529 -0.3016
vn 0.0000 1.0000 0.0000
vn -0.0006 1.0000 0.0061
vn -0.0507 0.9510 0.3051
vn -0.0322 0.9493 0.3127
vn -0.0964 0.8087 0.5802
vn -0.0606 0.8063 0.5884
vn -0.1326 0.5874 0.7983
vn -0.0831 0.5851 0.8066
vn -0.1559 0.3087 0.9383
vn -0.0976 0.3074 0.9465
vn 0.0000 0.3101 -0.9507
vn 0.0000 0.5895 -0.8078
vn 0.0000 0.8108 -0.5853
vn 0.0000 0.9522 -0.3055
vn 0.0000 1.0000 0.0040
vn 0.0000 0.9498 0.3128
vn 0.0000 0.8069 0.5906
vn 0.0000 0.5857 0.8105
vn 0.0000 0.3077 0.9515
vn -0.0975 0.3110 -0.9454
vn -0.0827 0.5910 -0.8024
vn -0.0598 0.8122 -0.5803
vn -0.0311 0.9529 -0.3016
vn 0.0006 1.0000 0.0061
vn 0.0322 0.9493 0.3127
vn 0.0606 0.8063 0.5884
vn 0.0831 0.5851 0.8066
vn 0.0975 0.3074 0.9465
vn -0.1562 0.3088 -0.9382
vn -0.1329 0.5874 -0.7983
vn -0.0965 0.8087 -0.5802
vn -0.0508 0.9510 -0.3051
vn 0.0507 0.9510 0.3051
vn 0.0964 0.8087 0.5802
vn 0.1326 0.5874 0.7983
vn 0.1559 0.3087 0.9383
vn -0.9343 -0.3264 0.1435
vn -0.9892 -0.1019 0.1050
vn -0.9585 -0.0814 0.2733
vn -0.9036 -0.3154 0.2897
vn -0.7814 -0.5968 0.1823
vn -0.7537 -0.5918 0.2858
vn -0.5506 -0.8097 0.2030
vn -0.5296 -0.8095 0.2534
vn -0.2645 -0.9427 0.2033
vn -0.2537 -0.9474 0.1951
vn 0.0477 -0.9819 0.1831
vn 0.0464 -0.9920 0.1169
vn 0.3542 -0.9239 0.1445
vn 0.3410 -0.9397 0.0273
vn 0.6243 -0.7757 0.0918
vn 0.6010 -0.7966 -0.0646
vn 0.8327 -0.5529 0.0304
vn 0.8021 -0.5781 -0.1497
vn 0.9602 -0.2773 -0.0336
vn 0.9261 -0.3062 -0.2202
vn 0.9955 -0.0516 -0.0797
vn 0.9622 -0.0802 -0.2601
vn -0.7054 -0.0432 0.7074
vn -0.6703 -0.2895 0.6832
vn -0.5621 -0.5815 0.5881
vn -0.3979 -0.8079 0.4346
vn -0.1977 -0.9501 0.2414
vn 0.0180 -0.9994 0.0281
vn 0.2301 -0.9552 -0.1861
vn 0.4206 -0.8225 -0.3829
vn 0.5726 -0.6125 -0.5448
vn 0.6717 -0.3436 -0.6563
vn 0.7047 -0.1187 -0.6995
vn -0.2628 -0.0287 0.9644
vn -0.2540 -0.2644 0.9303
vn -0.2203 -0.5534 0.8032
vn -0.1641 -0.7867 0.5950
vn -0.0906 -0.9405 0.3274
vn -0.0074 -0.9995 0.0284
vn 0.0764 -0.9595 -0.2710
vn 0.1523 -0.8267 -0.5417
vn 0.2128 -0.6159 -0.7585
vn 0.2528 -0.3483 -0.9026
vn 0.2674 -0.1262 -0.9553
vn -0.0432 -0.0292 0.9986
vn -0.0417 -0.2620 0.9641
vn -0.0363 -0.5478 0.8358
vn -0.0273 -0.7801 0.6250
vn -0.0154 -0.9357 0.3524
vn -0.0020 -0.9990 0.0450
vn 0.0119 -0.9637 -0.2665
vn 0.0246 -0.8341 -0.5511
vn 0.0350 -0.6234 -0.7811
vn 0.0420 -0.3529 -0.9347
vn 0.0446 -0.1267 -0.9909
vn 0.0000 -0.0292 0.9995
vn 0.0000 -0.2617 0.9651
vn 0.0000 -0.5471 0.8370
vn 0.0000 -0.7790 0.6270
vn 0.0000 -0.9346 0.3555
vn 0.0000 -0.9988 0.0493
vn 0.0000 -0.9651 -0.2618
vn 0.0000 -0.8369 -0.5473
vn 0.0000 -0.6268 -0.7791
vn 0.0000 -0.3554 -0.9347
vn 0.0000 -0.1274 -0.9918
vn 0.0000 -0.2618 0.9651
vn 0.0000 -0.5472 0.8370
vn 0.0000 -0.7791 0.6269
vn 0.0000 -0.9347 0.3555
vn 0.0000 -0.9988 0.0492
vn 0.0000 -0.8370 -0.5472
vn 0.0000 -0.6269 -0.7791
vn 0.0000 -0.3555 -0.9347
vn 0.0432 -0.0292 0.9986
vn 0.0417 -0.2620 0.9641
vn 0.0363 -0.5478 0.8358
vn 0.0273 -0.7801 0.6250
vn 0.0154 -0.9357 0.3524
vn 0.0020 -0.9990 0.0450
vn -0.0119 -0.9637 -0.2665
vn -0.0246 -0.8341 -0.5511
vn -0.0350 -0.6234 -0.7811
vn -0.0420 -0.3529 -0.9347
vn -0.0446 -0.1267 -0.9909
vn 0.2628 -0.0287 0.9644
vn 0.2540 -0.2644 0.9303
vn 0.2203 -0.5534 0.8032
vn 0.1641 -0.7867 0.5950
vn 0.0906 -0.9405 0.3274
vn 0.0074 -0.9995 0.0284
vn -0.0764 -0.9595 -0.2710
vn -0.1523 -0.8267 -0.5417
vn -0.2128 -0.6159 -0.7585
vn -0.2528 -0.3483 -0.9026
vn -0.2674 -0.1262 -0.9553
vn 0.7054 -0.0432 0.7074
vn 0.6703 -0.2894 0.6832
vn 0.5621 -0.5815 0.5881
vn 0.3979 -0.8079 0.4346
vn 0.1977 -0.9501 0.2414
vn -0.0180 -0.9994 0.0281
vn -0.2301 -0.9552 -0.1861
vn -0.4206 -0.8225 -0.3829
vn -0.5726 -0.6125 -0.5448
vn -0.6717 -0.3436 -0.6563
vn -0.7047 -0.1187 -0.6995
vn 0.9589 -0.0783 0.2728
vn 0.9045 -0.3131 0.2896
vn 0.7550 -0.5900 0.2862
vn 0.5319 -0.8078 0.2541
vn 0.2575 -0.9461 0.1962
vn -0.0412 -0.9921 0.1184
vn -0.3352 -0.9417 0.0290
vn -0.5961 -0.8004 -0.0629
vn -0.7990 -0.5828 -0.1483
vn -0.9249 -0.3105 -0.2192
vn -0.9621 -0.0838 -0.2593
vn 0.9954 -0.0854 0.0439
vn 0.9505 -0.3075 0.0437
vn 0.8068 -0.5894 0.0399
vn 0.5794 -0.8144 0.0320
vn 0.2905 -0.9566 0.0204
vn -0.0286 -0.9995 0.0064
vn -0.3429 -0.9393 -0.0085
vn -0.6194 -0.7847 -0.0225
vn -0.8316 -0.5543 -0.0338
vn -0.9613 -0.2724 -0.0416
vn -0.9976 -0.0523 -0.0447
vn 0.9953 -0.0959 -0.0093
vn 0.9441 -0.3281 -0.0317
vn 0.7967 -0.6015 -0.0581
vn 0.5730 -0.8158 -0.0787
vn 0.2946 -0.9512 -0.0917
vn -0.0117 -0.9953 -0.0959
vn -0.3173 -0.9439 -0.0909
vn -0.5931 -0.8014 -0.0770
vn -0.8123 -0.5806 -0.0557
vn -0.9527 -0.3024 -0.0290
vn -0.9976 -0.0684 -0.0065
vn 0.9955 -0.0951 -0.0017
vn 0.9446 -0.3280 -0.0060
vn 0.7973 -0.6034 -0.0110
vn 0.5730 -0.8194 -0.0149
vn 0.2939 -0.9557 -0.0174
vn -0.0131 -0.9997 -0.0182
vn -0.3189 -0.9476 -0.0172
vn -0.5944 -0.8040 -0.0146
vn -0.8130 -0.5821 -0.0106
vn -0.9530 -0.3028 -0.0055
vn -0.9976 -0.0686 -0.0012
vn -0.9446 -0.3280 -0.0060
vn -0.9955 -0.0951 -0.0017
vn -0.9949 -0.0997 -0.0102
vn -0.9395 -0.3405 -0.0353
vn -0.7973 -0.6034 -0.0110
vn -0.7840 -0.6174 -0.0646
vn -0.5730 -0.8194 -0.0149
vn -0.5564 -0.8264 -0.0869
vn -0.2939 -0.9557 -0.0174
vn -0.2827 -0.9539 -0.1004
vn 0.0131 -0.9997 -0.0182
vn 0.0126 -0.9944 -0.1047
vn 0.3189 -0.9476 -0.0172
vn 0.3070 -0.9465 -0.0996
vn 0.5944 -0.8040 -0.0146
vn 0.5777 -0.8118 -0.0853
vn 0.8130 -0.5821 -0.0106
vn 0.8003 -0.5963 -0.0624
vn 0.9530 -0.3029 -0.0055
vn 0.9486 -0.3148 -0.0326
vn 0.9976 -0.0686 -0.0012
vn 0.9973 -0.0721 -0.0074
vn -0.9938 -0.0772 -0.0794
vn -0.9388 -0.2408 -0.2462
vn -0.8011 -0.4192 -0.4271
vn -0.5866 -0.5680 -0.5773
vn -0.3059 -0.6682 -0.6781
vn 0.0138 -0.7020 -0.7121
vn 0.3316 -0.6621 -0.6720
vn 0.6075 -0.5571 -0.5662
vn 0.8158 -0.4050 -0.4128
vn 0.9468 -0.2249 -0.2300
vn 0.9962 -0.0606 -0.0623
vn -0.9960 -0.0317 -0.0834
vn -0.9478 -0.1130 -0.2983
vn -0.7968 -0.2164 -0.5641
vn -0.5689 -0.2982 -0.7664
vn -0.2907 -0.3501 -0.8904
vn 0.0122 -0.3675 -0.9299
vn 0.3152 -0.3482 -0.8828
vn 0.5924 -0.2933 -0.7503
vn 0.8160 -0.2077 -0.5394
vn 0.9584 -0.1007 -0.2669
vn 0.9986 -0.0178 -0.0501
vn -0.9933 -0.1153 -0.0123
vn -0.9482 -0.2766 -0.1559
vn -0.8037 -0.4838 -0.3464
vn -0.5741 -0.6454 -0.5037
vn -0.2808 -0.7414 -0.6095
vn 0.0439 -0.7580 -0.6507
vn 0.3622 -0.6932 -0.6231
vn 0.6383 -0.5565 -0.5319
vn 0.8453 -0.3661 -0.3891
vn 0.9670 -0.1435 -0.2105
vn 0.9971 0.0212 -0.0729
vn -0.9358 -0.2559 0.2423
vn -0.8692 -0.4676 0.1607
vn -0.6995 -0.7136 0.0363
vn -0.4567 -0.8848 -0.0921
vn -0.1689 -0.9626 -0.2116
vn 0.1321 -0.9414 -0.3102
vn 0.4158 -0.8272 -0.3779
vn 0.6565 -0.6344 -0.4081
vn 0.8335 -0.3828 -0.3983
vn 0.9318 -0.0958 -0.3500
vn 0.9483 0.1206 -0.2936
vn -0.6390 -0.3578 0.6809
vn -0.5682 -0.5776 0.5861
vn -0.4255 -0.8066 0.4102
vn -0.2436 -0.9499 0.1958
vn -0.0416 -0.9985 -0.0344
vn 0.1622 -0.9521 -0.2589
vn 0.3506 -0.8168 -0.4581
vn 0.5069 -0.6046 -0.6144
vn 0.6161 -0.3344 -0.7132
vn 0.6668 -0.0314 -0.7446
vn 0.6629 0.2003 -0.7214
vn -0.1510 -0.3540 0.9230
vn -0.1307 -0.5644 0.8151
vn -0.0936 -0.7943 0.6002
vn -0.0485 -0.9472 0.3168
vn -0.0004 -1.0000 -0.0046
vn 0.0461 -0.9452 -0.3232
vn 0.0875 -0.7947 -0.6007
vn 0.1201 -0.5722 -0.8112
vn 0.1411 -0.3043 -0.9420
vn 0.1490 -0.0148 -0.9887
vn 0.1459 0.2058 -0.9677
vn 0.6124 -0.4185 0.6706
vn 0.5118 -0.6492 0.5626
vn 0.3451 -0.8572 0.3821
vn 0.1600 -0.9708 0.1785
vn -0.0283 -0.9991 -0.0321
vn -0.2112 -0.9477 -0.2391
vn -0.3809 -0.8180 -0.4310
vn -0.5248 -0.6109 -0.5928
vn -0.6250 -0.3354 -0.7048
vn -0.6636 -0.0171 -0.7479
vn -0.6454 0.2321 -0.7277
vn 0.9067 -0.3483 0.2375
vn 0.8079 -0.5494 0.2132
vn 0.6059 -0.7790 0.1614
vn 0.3360 -0.9375 0.0906
vn 0.0250 -0.9997 0.0064
vn -0.2883 -0.9540 -0.0818
vn -0.5650 -0.8088 -0.1631
vn -0.7773 -0.5864 -0.2278
vn -0.9105 -0.3135 -0.2695
vn -0.9585 -0.0158 -0.2847
vn -0.9377 0.2085 -0.2780
vn 0.8334 -0.3654 0.4145
vn 0.7361 -0.5692 0.3661
vn 0.5443 -0.7940 0.2707
vn 0.2993 -0.9424 0.1488
vn 0.0244 -0.9996 0.0121
vn -0.2539 -0.9590 -0.1261
vn -0.5080 -0.8235 -0.2523
vn -0.7124 -0.6061 -0.3536
vn -0.8462 -0.3279 -0.4200
vn -0.8956 -0.0166 -0.4444
vn -0.8741 0.2185 -0.4338
vn 0.7050 -0.3643 0.6085
vn 0.6236 -0.5669 0.5382
vn 0.4624 -0.7918 0.3991
vn 0.2558 -0.9412 0.2207
vn 0.0232 -0.9995 0.0200
vn -0.2128 -0.9597 -0.1833
vn -0.4288 -0.8246 -0.3690
vn -0.6026 -0.6069 -0.5181
vn -0.7164 -0.3283 -0.6156
vn -0.7584 -0.0167 -0.6515
vn -0.7402 0.2184 -0.6359
vn 0.4437 -0.3637 0.8190
vn 0.3932 -0.5643 0.7259
vn 0.2927 -0.7888 0.5405
vn 0.1638 -0.9390 0.3024
vn 0.0182 -0.9992 0.0337
vn -0.1304 -0.9619 -0.2400
vn -0.2676 -0.8288 -0.4913
vn -0.3790 -0.6116 -0.6944
vn -0.4526 -0.3314 -0.8278
vn -0.4799 -0.0168 -0.8772
vn -0.4681 0.2197 -0.8559
vn 0.0000 -0.3650 0.9310
vn 0.0000 -0.5645 0.8254
vn 0.0000 -0.7882 0.6154
vn 0.0000 -0.9379 0.3468
vn 0.0000 -0.9990 0.0439
vn 0.0000 -0.9640 -0.2657
vn 0.0000 -0.8336 -0.5523
vn 0.0000 -0.6176 -0.7865
vn 0.0000 -0.3358 -0.9419
vn 0.0000 -0.0171 -0.9998
vn 0.0000 0.2221 -0.9750
vn -0.4437 -0.3637 0.8190
vn -0.3932 -0.5643 0.7259
vn -0.2927 -0.7888 0.5405
vn -0.1638 -0.9390 0.3024
vn -0.0182 -0.9992 0.0337
vn 0.1304 -0.9619 -0.2400
vn 0.2676 -0.8288 -0.4913
vn 0.3790 -0.6116 -0.6944
vn 0.4526 -0.3314 -0.8278
vn 0.4799 -0.0168 -0.8772
vn 0.4681 0.2197 -0.8559
vn -0.7050 -0.3642 0.6085
vn -0.6236 -0.5669 0.5382
vn -0.4624 -0.7918 0.3991
vn -0.2558 -0.9412 0.2207
vn -0.0232 -0.9995 0.0200
vn 0.2128 -0.9597 -0.1833
vn 0.4288 -0.8246 -0.3690
vn 0.6026 -0.6069 -0.5181
vn 0.7164 -0.3283 -0.6156
vn 0.7584 -0.0166 -0.6515
vn 0.7402 0.2184 -0.6359
vn -0.8334 -0.3654 0.4145
vn -0.7361 -0.5692 0.3661
vn -0.5443 -0.7940 0.2707
vn -0.2993 -0.9424 0.1488
vn -0.0244 -0.9996 0.0121
vn 0.2539 -0.9590 -0.1261
vn 0.5080 -0.8235 -0.2523
vn 0.7124 -0.6061 -0.3536
vn 0.8462 -0.3279 -0.4200
vn 0.8956 -0.0166 -0.4444
vn 0.8741 0.2185 -0.4338
vn -0.9067 -0.3483 0.2375
vn -0.8079 -0.5494 0.2132
vn -0.6059 -0.7790 0.1614
vn -0.3360 -0.9375 0.0906
vn -0.0250 -0.9997 0.0064
vn 0.2883 -0.9540 -0.0818
vn 0.5650 -0.8088 -0.1631
vn 0.7773 -0.5864 -0.2278
vn 0.9105 -0.3135 -0.2695
vn 0.9585 -0.0158 -0.2847
vn 0.9377 0.2085 -0.2780
vn -0.6125 -0.4185 0.6706
vn -0.5118 -0.6492 0.5626
vn -0.3451 -0.8572 0.3821
vn -0.1600 -0.9708 0.1785
vn 0.0282 -0.9991 -0.0321
vn 0.2112 -0.9477 -0.2391
vn 0.3809 -0.8180 -0.4310
vn 0.5248 -0.6109 -0.5928
vn 0.6250 -0.3354 -0.7049
vn 0.6636 -0.0171 -0.7479
vn 0.6454 0.2321 -0.7277
vn 0.1510 -0.3540 0.9230
vn 0.1307 -0.5644 0.8151
vn 0.0936 -0.7943 0.6002
vn 0.0485 -0.9472 0.3168
vn 0.0004 -1.0000 -0.0046
vn -0.0461 -0.9452 -0.3232
vn -0.0875 -0.7947 -0.6007
vn -0.1201 -0.5722 -0.8112
vn -0.1411 -0.3043 -0.9420
vn -0.1490 -0.0148 -0.9887
vn -0.1459 0.2057 -0.9677
vn 0.6390 -0.3578 0.6809
vn 0.5682 -0.5776 0.5861
vn 0.4255 -0.8066 0.4102
vn 0.2436 -0.9499 0.1958
vn 0.0416 -0.9985 -0.0344
vn -0.1622 -0.9521 -0.2589
vn -0.3506 -0.8168 -0.4581
vn -0.5069 -0.6046 -0.6144
vn -0.6161 -0.3344 -0.7132
vn -0.6668 -0.0314 -0.7446
vn -0.6629 0.2003 -0.7214
vn 0.9358 -0.2559 0.2423
vn 0.8691 -0.4676 0.1607
vn 0.6995 -0.7136 0.0363
vn 0.4568 -0.8848 -0.0921
vn 0.1689 -0.9626 -0.2116
vn -0.1321 -0.9414 -0.3102
vn -0.4158 -0.8272 -0.3779
vn -0.6565 -0.6344 -0.4081
vn -0.8335 -0.3828 -0.3983
vn -0.9318 -0.0958 -0.3500
vn -0.9483 0.1207 -0.2936
vn 0.9933 -0.1152 -0.0123
vn 0.9482 -0.2766 -0.1559
vn 0.8037 -0.4838 -0.3464
vn 0.5741 -0.6454 -0.5037
vn 0.2808 -0.7414 -0.6095
vn -0.0439 -0.7580 -0.6507
vn -0.3622 -0.6932 -0.6231
vn -0.6383 -0.5565 -0.5319
vn -0.8453 -0.3661 -0.3890
vn -0.9670 -0.1435 -0.2105
vn -0.9971 0.0212 -0.0729
vn 0.9964 -0.0307 -0.0793
vn 0.9522 -0.1082 -0.2854
vn 0.8104 -0.2064 -0.5482
vn 0.5871 -0.2842 -0.7579
vn 0.3033 -0.3341 -0.8924
vn -0.0128 -0.3508 -0.9363
vn -0.3287 -0.3322 -0.8841
vn -0.6106 -0.2796 -0.7410
vn -0.8289 -0.1981 -0.5231
vn -0.9622 -0.0963 -0.2548
vn -0.9987 -0.0170 -0.0473
vn 0.9957 -0.0135 -0.0917
vn 0.9457 -0.0470 -0.3216
vn 0.7977 -0.0867 -0.5967
vn 0.5724 -0.1172 -0.8115
vn 0.2931 -0.1361 -0.9463
vn -0.0131 -0.1422 -0.9897
vn -0.3182 -0.1350 -0.9384
vn -0.5939 -0.1151 -0.7963
vn -0.8135 -0.0837 -0.5755
vn -0.9540 -0.0434 -0.2964
vn -0.9978 -0.0096 -0.0653
vn 0.9889 0.1015 -0.1081
vn 0.9575 0.0731 -0.2789
vn 0.7056 0.0385 -0.7075
vn 0.2693 0.0282 -0.9626
vn 0.0449 0.0291 -0.9986
vn 0.0000 0.0292 -0.9995
vn -0.0449 0.0291 -0.9986
vn -0.2693 0.0283 -0.9626
vn -0.7056 0.0385 -0.7075
vn -0.9579 0.0701 -0.2784
vn -0.9937 0.1026 -0.0456
vn -0.9961 0.0882 0.0084
vn -0.9960 0.0886 0.0016
vn 0.9960 0.0887 0.0016
vn 0.9957 0.0920 0.0089
vn 0.9985 0.0378 0.0392
vn 0.9937 0.0394 0.1043
vn 0.9901 0.1379 0.0271
vn 0.9315 0.2680 -0.2456
vn 0.6399 0.3510 -0.6836
vn 0.1397 0.3485 -0.9268
vn -0.6111 0.3894 -0.6890
vn -0.8972 0.3536 -0.2644
vn -0.8325 0.3691 -0.4132
vn -0.7049 0.3690 -0.6058
vn -0.4453 0.3711 -0.8148
vn 0.0000 0.3748 -0.9271
vn 0.4453 0.3711 -0.8148
vn 0.7049 0.3690 -0.6058
vn 0.8325 0.3691 -0.4132
vn 0.8972 0.3536 -0.2644
vn 0.6112 0.3894 -0.6890
vn -0.1397 0.3485 -0.9268
vn -0.6399 0.3510 -0.6836
vn -0.9315 0.2680 -0.2456
vn -0.9901 0.1379 0.0271
vn -0.9944 0.0392 0.0986
vn -0.9957 0.0137 0.0917
vn -0.9958 0.0510 0.0761
vn -0.9643 0.0745 0.2541
vn -0.7046 0.1197 0.6995
vn -0.2607 0.1284 0.9568
vn -0.0428 0.1273 0.9909
vn 0.0000 0.1274 0.9918
vn 0.0428 0.1273 0.9909
vn 0.2607 0.1284 0.9568
vn 0.7046 0.1197 0.6995
vn 0.9642 0.0782 0.2535
vn 0.9966 0.0702 0.0428
vn 0.9981 0.0607 0.0057
vn 0.9980 0.0621 0.0011
vn -0.9980 0.0621 0.0011
vn -0.9979 0.0643 0.0062
vn -0.9995 0.0212 0.0220
vn -0.9971 0.0249 0.0716
vn -0.9960 0.0013 0.0894
vn -0.9510 -0.1054 0.2907
vn -0.6639 -0.2019 0.7201
vn -0.1596 -0.2089 0.9648
vn 0.6535 -0.2514 0.7140
vn 0.9471 -0.2051 0.2467
vn 0.8742 -0.2162 0.4348
vn 0.7392 -0.2154 0.6381
vn 0.4651 -0.2151 0.8587
vn 0.0000 -0.2160 0.9764
vn -0.4651 -0.2151 0.8587
vn -0.7392 -0.2154 0.6381
vn -0.8742 -0.2162 0.4348
vn -0.9471 -0.2051 0.2467
vn -0.6535 -0.2514 0.7140
vn 0.1596 -0.2089 0.9648
vn 0.6639 -0.2019 0.7201
vn 0.9510 -0.1054 0.2907
vn 0.9960 0.0013 0.0894
vn 0.9974 0.0248 0.0672
vn 0.9978 0.0098 0.0653
vn 0.9340 0.3260 -0.1457
vn 0.9095 0.2933 -0.2945
vn 0.7812 0.5966 -0.1834
vn 0.7707 0.5666 -0.2915
vn 0.5506 0.8096 -0.2033
vn 0.5577 0.7880 -0.2605
vn 0.2645 0.9427 -0.2034
vn 0.2887 0.9354 -0.2039
vn -0.0478 0.9818 -0.1837
vn -0.0117 0.9919 -0.1268
vn -0.3544 0.9236 -0.1461
vn -0.3139 0.9487 -0.0370
vn -0.6247 0.7751 -0.0945
vn -0.5857 0.8086 0.0558
vn -0.8330 0.5521 -0.0340
vn -0.7979 0.5857 0.1424
vn -0.9605 0.2766 0.0297
vn -0.9283 0.3040 0.2142
vn 0.6755 0.2657 -0.6878
vn 0.5796 0.5461 -0.6048
vn 0.4297 0.7737 -0.4654
vn 0.2403 0.9285 -0.2832
vn 0.0283 0.9968 -0.0740
vn -0.1881 0.9715 0.1442
vn -0.3898 0.8510 0.3519
vn -0.5561 0.6417 0.5281
vn -0.6673 0.3607 0.6516
vn 0.2604 0.2557 -0.9310
vn 0.2271 0.5372 -0.8123
vn 0.1720 0.7692 -0.6154
vn 0.0997 0.9285 -0.3577
vn 0.0174 0.9978 -0.0633
vn -0.0664 0.9687 0.2390
vn -0.1429 0.8430 0.5184
vn -0.2045 0.6331 0.7465
vn -0.2456 0.3599 0.9001
vn 0.0434 0.2598 -0.9647
vn 0.0376 0.5439 -0.8383
vn 0.0282 0.7758 -0.6302
vn 0.0161 0.9328 -0.3600
vn 0.0024 0.9985 -0.0537
vn -0.0114 0.9660 0.2583
vn -0.0238 0.8381 0.5450
vn -0.0338 0.6277 0.7777
vn -0.0404 0.3558 0.9337
vn 0.0000 0.2617 -0.9651
vn 0.0000 0.5471 -0.8370
vn 0.0000 0.7790 -0.6270
vn 0.0000 0.9346 -0.3555
vn 0.0000 0.9988 -0.0493
vn 0.0000 0.9651 0.2618
vn 0.0000 0.8369 0.5473
vn 0.0000 0.6268 0.7791
vn 0.0000 0.3554 0.9347
vn 0.0000 0.2618 -0.9651
vn 0.0000 0.5472 -0.8370
vn 0.0000 0.7791 -0.6269
vn 0.0000 0.9347 -0.3555
vn 0.0000 0.9988 -0.0492
vn 0.0000 0.8370 0.5472
vn 0.0000 0.6269 0.7791
vn 0.0000 0.3555 0.9347
vn -0.0434 0.2598 -0.9647
vn -0.0376 0.5439 -0.8383
vn -0.0282 0.7758 -0.6302
vn -0.0161 0.9328 -0.3600
vn -0.0024 0.9985 -0.0537
vn 0.0114 0.9660 0.2583
vn 0.0238 0.8381 0.5450
vn 0.0338 0.6277 0.7777
vn 0.0404 0.3558 0.9337
vn -0.2604 0.2557 -0.9310
vn -0.2271 0.5372 -0.8123
vn -0.1720 0.7692 -0.6154
vn -0.0997 0.9285 -0.3577
vn -0.0174 0.9978 -0.0633
vn 0.0664 0.9687 0.2390
vn 0.1429 0.8430 0.5184
vn 0.2045 0.6331 0.7465
vn 0.2456 0.3599 0.9001
vn -0.6755 0.2657 -0.6878
vn -0.5796 0.5461 -0.6048
vn -0.4297 0.7737 -0.4654
vn -0.2403 0.9285 -0.2832
vn -0.0283 0.9968 -0.0740
vn 0.1881 0.9715 0.1442
vn 0.3898 0.8510 0.3519
vn 0.5561 0.6417 0.5281
vn 0.6672 0.3607 0.6516
vn -0.9104 0.2910 -0.2939
vn -0.7722 0.5649 -0.2908
vn -0.5603 0.7865 -0.2597
vn -0.2927 0.9344 -0.2031
vn 0.0063 0.9919 -0.1263
vn 0.3078 0.9507 -0.0371
vn 0.5804 0.8124 0.0552
vn 0.7945 0.5905 0.1415
vn 0.9269 0.3085 0.2135
vn -0.9405 0.3369 -0.0447
vn -0.7927 0.6083 -0.0400
vn -0.5683 0.8222 -0.0315
vn -0.2885 0.9572 -0.0200
vn 0.0191 0.9998 -0.0066
vn 0.3241 0.9460 0.0073
vn 0.5970 0.8019 0.0204
vn 0.8124 0.5822 0.0313
vn 0.9509 0.3071 0.0392
vn -0.9488 0.3144 0.0298
vn -0.8041 0.5918 0.0561
vn -0.5802 0.8108 0.0768
vn -0.2990 0.9500 0.0900
vn 0.0119 0.9955 0.0944
vn 0.3220 0.9425 0.0895
vn 0.6005 0.7960 0.0758
vn 0.8195 0.5704 0.0545
vn 0.9571 0.2884 0.0276
vn -0.9486 0.3164 0.0057
vn -0.8035 0.5951 0.0107
vn -0.5791 0.8151 0.0147
vn -0.2975 0.9545 0.0172
vn 0.0133 0.9997 0.0180
vn 0.3228 0.9463 0.0171
vn 0.6006 0.7994 0.0144
vn 0.8191 0.5735 0.0103
vn 0.9567 0.2911 0.0052
vn 0.9486 0.3164 0.0057
vn 0.9442 0.3277 0.0306
vn 0.8035 0.5951 0.0107
vn 0.7902 0.6103 0.0551
vn 0.5791 0.8151 0.0147
vn 0.5613 0.8245 0.0719
vn 0.2975 0.9545 0.0172
vn 0.2851 0.9550 0.0812
vn -0.0133 0.9997 0.0180
vn -0.0127 0.9964 0.0840
vn -0.3228 0.9463 0.0171
vn -0.3096 0.9474 0.0807
vn -0.6006 0.7994 0.0144
vn -0.5828 0.8095 0.0708
vn -0.8191 0.5735 0.0103
vn -0.8065 0.5888 0.0533
vn -0.9567 0.2911 0.0052
vn -0.9530 0.3016 0.0283
vn 0.9709 0.1658 0.1724
vn 0.8569 0.3569 0.3718
vn 0.6486 0.5271 0.5490
vn 0.3473 0.6497 0.6761
vn -0.0157 0.6930 0.7208
vn -0.3758 0.6420 0.6682
vn -0.6700 0.5141 0.5355
vn -0.8701 0.3413 0.3555
vn -0.9765 0.1493 0.1552
vn 0.9333 0.1234 0.3372
vn 0.7744 0.2157 0.5948
vn 0.5471 0.2846 0.7871
vn 0.2776 0.3265 0.9035
vn -0.0117 0.3396 0.9405
vn -0.3011 0.3233 0.8971
vn -0.5698 0.2778 0.7734
vn -0.7936 0.2051 0.5728
vn -0.9450 0.1099 0.3079
vn 0.9316 0.3136 0.1834
vn 0.7806 0.5079 0.3642
vn 0.5558 0.6554 0.5114
vn 0.2772 0.7418 0.6106
vn -0.0286 0.7577 0.6520
vn -0.3317 0.7011 0.6312
vn -0.6025 0.5778 0.5505
vn -0.8155 0.4005 0.4177
vn -0.9515 0.1859 0.2452
vn 0.8632 0.4783 -0.1614
vn 0.7020 0.7111 -0.0387
vn 0.4736 0.8763 0.0879
vn 0.2000 0.9578 0.2064
vn -0.0925 0.9478 0.3052
vn -0.3762 0.8475 0.3743
vn -0.6249 0.6665 0.4065
vn -0.8150 0.4205 0.3985
vn -0.9270 0.1310 0.3514
vn 0.5788 0.5532 -0.5991
vn 0.4503 0.7784 -0.4373
vn 0.2810 0.9303 -0.2355
vn 0.0858 0.9962 -0.0120
vn -0.1192 0.9696 0.2137
vn -0.3164 0.8498 0.4216
vn -0.4863 0.6431 0.5914
vn -0.6091 0.3655 0.7038
vn -0.6677 0.0443 0.7431
vn 0.1247 0.5445 -0.8294
vn 0.0941 0.7717 -0.6290
vn 0.0541 0.9313 -0.3602
vn 0.0077 0.9989 -0.0458
vn -0.0417 0.9597 0.2779
vn -0.0891 0.8172 0.5694
vn -0.1287 0.5928 0.7950
vn -0.1548 0.3161 0.9360
vn -0.1642 0.0153 0.9863
vn -0.5380 0.5852 -0.6067
vn -0.3977 0.8000 -0.4492
vn -0.2300 0.9378 -0.2598
vn -0.0480 0.9973 -0.0542
vn 0.1400 0.9777 0.1561
vn 0.3262 0.8737 0.3607
vn 0.4961 0.6762 0.5446
vn 0.6237 0.3826 0.6816
vn 0.6755 0.0198 0.7371
vn -0.7956 0.5596 -0.2322
vn -0.5909 0.7886 -0.1699
vn -0.3197 0.9432 -0.0903
vn -0.0083 0.9999 -0.0027
vn 0.3052 0.9488 0.0818
vn 0.5810 0.7992 0.1538
vn 0.7909 0.5757 0.2073
vn 0.9211 0.3063 0.2401
vn 0.9677 0.0154 0.2517
vn -0.7301 0.5793 -0.3624
vn -0.5322 0.8043 -0.2643
vn -0.2821 0.9491 -0.1402
vn -0.0051 1.0000 -0.0025
vn 0.2715 0.9529 0.1350
vn 0.5208 0.8134 0.2590
vn 0.7191 0.5958 0.3576
vn 0.8479 0.3213 0.4217
vn 0.8952 0.0163 0.4453
vn -0.6176 0.5801 -0.5311
vn -0.4493 0.8053 -0.3867
vn -0.2368 0.9499 -0.2040
vn -0.0018 1.0000 -0.0015
vn 0.2322 0.9518 0.2004
vn 0.4425 0.8113 0.3820
vn 0.6092 0.5934 0.5260
vn 0.7172 0.3197 0.6192
vn 0.7569 0.0162 0.6534
vn -0.3885 0.5847 -0.7121
vn -0.2806 0.8097 -0.5154
vn -0.1455 0.9524 -0.2679
vn 0.0025 1.0000 0.0048
vn 0.1490 0.9497 0.2753
vn 0.2802 0.8083 0.5177
vn 0.3841 0.5907 0.7095
vn 0.4515 0.3181 0.8336
vn 0.4762 0.0161 0.8791
vn 0.0000 0.5907 -0.8069
vn 0.0000 0.8147 -0.5798
vn 0.0000 0.9547 -0.2973
vn 0.0000 0.9999 0.0112
vn 0.0000 0.9487 0.3162
vn 0.0000 0.8077 0.5896
vn 0.0000 0.5908 0.8068
vn 0.0000 0.3185 0.9479
vn 0.0000 0.0161 0.9998
vn 0.3885 0.5847 -0.7121
vn 0.2806 0.8097 -0.5154
vn 0.1455 0.9524 -0.2679
vn -0.0025 1.0000 0.0048
vn -0.1490 0.9497 0.2753
vn -0.2802 0.8083 0.5177
vn -0.3841 0.5907 0.7095
vn -0.4515 0.3181 0.8336
vn -0.4762 0.0161 0.8791
vn 0.6176 0.5801 -0.5311
vn 0.4493 0.8053 -0.3867
vn 0.2368 0.9499 -0.2040
vn 0.0018 1.0000 -0.0015
vn -0.2322 0.9518 0.2004
vn -0.4425 0.8113 0.3820
vn -0.6092 0.5934 0.5260
vn -0.7172 0.3197 0.6192
vn -0.7569 0.0162 0.6534
vn 0.7301 0.5793 -0.3624
vn 0.5322 0.8043 -0.2643
vn 0.2821 0.9491 -0.1402
vn 0.0051 1.0000 -0.0025
vn -0.2715 0.9529 0.1350
vn -0.5208 0.8134 0.2590
vn -0.7191 0.5958 0.3576
vn -0.8479 0.3213 0.4217
vn -0.8952 0.0163 0.4453
vn 0.7956 0.5596 -0.2322
vn 0.5909 0.7886 -0.1699
vn 0.3197 0.9432 -0.0903
vn 0.0083 0.9999 -0.0027
vn -0.3052 0.9488 0.0818
vn -0.5810 0.7992 0.1538
vn -0.7909 0.5757 0.2073
vn -0.9211 0.3063 0.2401
vn -0.9677 0.0154 0.2517
vn 0.5380 0.5852 -0.6067
vn 0.3977 0.8000 -0.4492
vn 0.2300 0.9378 -0.2598
vn 0.0480 0.9973 -0.0542
vn -0.1400 0.9777 0.1561
vn -0.3262 0.8737 0.3607
vn -0.4961 0.6762 0.5446
vn -0.6237 0.3826 0.6816
vn -0.6755 0.0198 0.7371
vn -0.1247 0.5445 -0.8294
vn -0.0941 0.7717 -0.6290
vn -0.0541 0.9313 -0.3602
vn -0.0077 0.9989 -0.0458
vn 0.0417 0.9597 0.2779
vn 0.0891 0.8172 0.5694
vn 0.1287 0.5928 0.7950
vn 0.1548 0.3161 0.9360
vn 0.1642 0.0153 0.9863
vn -0.5788 0.5532 -0.5991
vn -0.4504 0.7784 -0.4373
vn -0.2810 0.9303 -0.2355
vn -0.0858 0.9962 -0.0120
vn 0.1192 0.9696 0.2137
vn 0.3164 0.8498 0.4216
vn 0.4863 0.6431 0.5914
vn 0.6091 0.3655 0.7038
vn 0.6677 0.0443 0.7431
vn -0.8632 0.4783 -0.1614
vn -0.7020 0.7111 -0.0387
vn -0.4736 0.8763 0.0879
vn -0.2000 0.9578 0.2064
vn 0.0925 0.9478 0.3052
vn 0.3762 0.8475 0.3743
vn 0.6249 0.6665 0.4065
vn 0.8150 0.4205 0.3985
vn 0.9270 0.1310 0.3514
vn -0.9316 0.3136 0.1834
vn -0.7806 0.5079 0.3642
vn -0.5558 0.6554 0.5114
vn -0.2772 0.7418 0.6106
vn 0.0286 0.7577 0.6520
vn 0.3317 0.7011 0.6312
vn 0.6025 0.5778 0.5505
vn 0.8155 0.4005 0.4177
vn 0.9515 0.1859 0.2452
vn -0.9393 0.1243 0.3197
vn -0.7903 0.2208 0.5716
vn -0.5673 0.2959 0.7685
vn -0.2913 0.3431 0.8930
vn 0.0124 0.3582 0.9336
vn 0.3157 0.3395 0.8860
vn 0.5900 0.2886 0.7541
vn 0.8086 0.2098 0.5496
vn 0.9501 0.1105 0.2915
vn -0.9457 0.0484 0.3213
vn -0.7979 0.0903 0.5959
vn -0.5727 0.1235 0.8104
vn -0.2934 0.1444 0.9450
vn 0.0131 0.1512 0.9884
vn 0.3184 0.1432 0.9370
vn 0.5942 0.1211 0.7951
vn 0.8137 0.0871 0.5748
vn 0.9541 0.0446 0.2961
vn -0.1559 -0.3088 -0.9383
vn -0.1633 -0.0784 -0.9834
vn -0.1022 -0.0782 -0.9917
vn -0.0975 -0.3074 -0.9465
vn -0.1326 -0.5874 -0.7983
vn -0.0831 -0.5851 -0.8066
vn -0.0964 -0.8087 -0.5802
vn -0.0606 -0.8063 -0.5884
vn -0.0507 -0.9510 -0.3051
vn -0.0322 -0.9493 -0.3127
vn -0.0006 -1.0000 -0.0061
vn 0.0508 -0.9510 0.3051
vn 0.0311 -0.9529 0.3016
vn 0.0965 -0.8087 0.5802
vn 0.0598 -0.8122 0.5803
vn 0.1329 -0.5874 0.7983
vn 0.0827 -0.5910 0.8024
vn 0.1562 -0.3087 0.9382
vn 0.0975 -0.3110 0.9454
vn 0.1637 -0.0784 0.9834
vn 0.1023 -0.0787 0.9916
vn 0.0000 -0.0782 -0.9969
vn 0.0000 -0.3077 -0.9515
vn 0.0000 -0.5857 -0.8105
vn 0.0000 -0.8069 -0.5906
vn 0.0000 -0.9498 -0.3128
vn 0.0000 -1.0000 -0.0040
vn 0.0000 -0.9522 0.3055
vn 0.0000 -0.8108 0.5853
vn 0.0000 -0.5895 0.8077
vn 0.0000 -0.3100 0.9507
vn 0.0000 -0.0786 0.9969
vn 0.1022 -0.0782 -0.9917
vn 0.0975 -0.3074 -0.9465
vn 0.0831 -0.5851 -0.8066
vn 0.0606 -0.8063 -0.5884
vn 0.0322 -0.9493 -0.3127
vn 0.0006 -1.0000 -0.0061
vn -0.0311 -0.9529 0.3016
vn -0.0598 -0.8122 0.5803
vn -0.0827 -0.5910 0.8024
vn -0.0975 -0.3110 0.9454
vn -0.1023 -0.0787 0.9916
vn 0.1633 -0.0784 -0.9834
vn 0.1559 -0.3088 -0.9383
vn 0.1326 -0.5874 -0.7983
vn 0.0964 -0.8087 -0.5802
vn 0.0507 -0.9510 -0.3051
vn -0.0508 -0.9510 0.3051
vn -0.0965 -0.8087 0.5802
vn -0.1329 -0.5874 0.7983
vn -0.1562 -0.3087 0.9382
vn -0.1637 -0.0784 0.9834
vn 0.1637 0.0784 0.9834
vn 0.1023 0.0787 0.9916
vn 0.0000 0.0786 0.9969
vn -0.1023 0.0787 0.9916
vn -0.1637 0.0784 0.9834
vn -0.1633 0.0784 -0.9834
vn -0.1022 0.0782 -0.9917
vn 0.0000 0.0782 -0.9969
vn 0.1022 0.0782 -0.9917
vn 0.1633 0.0784 -0.9834
vn 0.1562 0.3087 0.9382
vn 0.0975 0.3110 0.9454
vn 0.1329 0.5874 0.7983
vn 0.0827 0.5910 0.8024
vn 0.0965 0.8087 0.5802
vn 0.0598 0.8122 0.5803
vn 0.0508 0.9510 0.3051
vn 0.0311 0.9529 0.3016
vn -0.0006 1.0000 -0.0061
vn -0.0507 0.9510 -0.3051
vn -0.0322 0.9493 -0.3127
vn -0.0964 0.8087 -0.5802
vn -0.0606 0.8063 -0.5884
vn -0.1326 0.5874 -0.7983
vn -0.0831 0.5851 -0.8066
vn -0.1559 0.3088 -0.9383
vn -0.0975 0.3074 -0.9465
vn 0.0000 0.3100 0.9507
vn 0.0000 0.5895 0.8077
vn 0.0000 0.8108 0.5853
vn 0.0000 0.9522 0.3055
vn 0.0000 1.0000 -0.0040
vn 0.0000 0.9498 -0.3128
vn 0.0000 0.8069 -0.5906
vn 0.0000 0.5857 -0.8105
vn 0.0000 0.3077 -0.9515
vn -0.0975 0.3110 0.9454
vn -0.0827 0.5910 0.8024
vn -0.0598 0.8122 0.5803
vn -0.0311 0.9529 0.3016
vn 0.0006 1.0000 -0.0061
vn 0.0322 0.9493 -0.3127
vn 0.0606 0.8063 -0.5884
vn 0.0831 0.5851 -0.8066
vn 0.0975 0.3074 -0.9465
vn -0.1562 0.3087 0.9382
vn -0.1329 0.5874 0.7983
vn -0.0965 0.8087 0.5802
vn -0.0508 0.9510 0.3051
vn 0.0507 0.9510 -0.3051
vn 0.0964 0.8087 -0.5802
vn 0.1326 0.5874 -0.7983
vn 0.1559 0.3088 -0.9383
vn -0.2907 -0.5269 -0.7986
vn 0.0000 -0.5269 -0.8499
vn 0.2907 -0.5269 -0.7986
vn 0.5463 -0.5269 -0.6511
vn 0.7360 -0.5269 -0.4249
vn 0.8370 -0.5269 -0.1476
vn 0.8370 -0.5269 0.1476
vn 0.7360 -0.5269 0.4249
vn 0.5463 -0.5269 0.6511
vn 0.2907 -0.5269 0.7986
vn 0.0000 -0.5269 0.8499
vn -0.2907 -0.5269 0.7986
vn -0.5463 -0.5269 0.6511
vn -0.7360 -0.5269 0.4249
vn -0.8370 -0.5269 0.1476
vn -0.8370 -0.5269 -0.1476
vn -0.7360 -0.5269 -0.4249
vn -0.5463 -0.5269 -0.6511
vn -0.2787 0.5796 0.7657
vn 0.0000 0.5796 0.8149
vn 0.0000 0.9330 0.3599
vn -0.1231 0.9330 0.3382
vn 0.7057 0.5796 0.4074
vn 0.5238 0.5796 0.6242
vn -0.8025 0.5796 0.1415
vn -0.8025 0.5796 -0.1415
vn 0.8025 0.5796 0.1415
vn -0.7057 0.5796 0.4074
vn 0.8025 0.5796 -0.1415
vn -0.5238 0.5796 0.6242
vn 0.7057 0.5796 -0.4074
vn -0.2787 0.5796 -0.7657
vn 0.0000 0.5796 -0.8149
vn 0.5238 0.5796 -0.6242
vn -0.5238 0.5796 -0.6242
vn 0.2787 0.5796 -0.7657
vn 0.2787 0.5796 0.7657
vn -0.7057 0.5796 -0.4074
vn -0.1231 0.9330 -0.3382
vn -0.2313 0.9330 -0.2757
vn -0.3117 0.9330 -0.1799
vn -0.3544 0.9330 -0.0625
vn -0.3544 0.9330 0.0625
vn -0.3117 0.9330 0.1799
vn -0.2313 0.9330 0.2757
vn 0.1231 0.9330 0.3382
vn 0.2313 0.9330 0.2757
vn 0.3117 0.9330 0.1799
vn 0.3544 0.9330 0.0625
vn 0.3544 0.9330 -0.0625
vn 0.3117 0.9330 -0.1799
vn 0.2313 0.9330 -0.2757
vn 0.1231 0.9330 -0.3382
vn 0.0000 0.9330 -0.3599
vn 0.9343 -0.3263 -0.1435
vn 0.9892 -0.1020 -0.1050
vn 0.9585 -0.0814 -0.2733
vn 0.9037 -0.3154 -0.2897
vn 0.7814 -0.5968 -0.1823
vn 0.7537 -0.5918 -0.2858
vn 0.5506 -0.8097 -0.2030
vn 0.5296 -0.8095 -0.2534
vn 0.2645 -0.9427 -0.2033
vn 0.2537 -0.9474 -0.1951
vn -0.0477 -0.9819 -0.1831
vn -0.0464 -0.9920 -0.1169
vn -0.3542 -0.9239 -0.1445
vn -0.3410 -0.9397 -0.0273
vn -0.6243 -0.7757 -0.0918
vn -0.6010 -0.7966 0.0646
vn -0.8327 -0.5529 -0.0304
vn -0.8021 -0.5781 0.1497
vn -0.9602 -0.2774 0.0336
vn -0.9261 -0.3062 0.2202
vn -0.9955 -0.0516 0.0797
vn -0.9622 -0.0802 0.2601
vn -0.4206 -0.8225 0.3829
vn -0.6717 -0.3436 0.6563
vn 0.2628 -0.0286 -0.9644
vn 0.0431 -0.0292 -0.9986
vn -0.0432 -0.0292 -0.9986
vn -0.6703 -0.2894 -0.6832
vn 0.4206 -0.8225 0.3829
vn -0.9589 -0.0783 -0.2728
vn -0.9045 -0.3131 -0.2896
vn -0.7550 -0.5900 -0.2862
vn -0.5319 -0.8078 -0.2541
vn -0.2575 -0.9461 -0.1962
vn 0.0412 -0.9921 -0.1184
vn 0.3352 -0.9417 -0.0290
vn 0.5961 -0.8004 0.0629
vn 0.7990 -0.5828 0.1483
vn 0.9249 -0.3106 0.2192
vn 0.9621 -0.0838 0.2593
vn -0.9954 -0.0854 -0.0439
vn -0.9505 -0.3075 -0.0437
vn -0.8068 -0.5894 -0.0399
vn -0.5794 -0.8144 -0.0320
vn -0.2905 -0.9566 -0.0204
vn 0.0286 -0.9995 -0.0064
vn 0.3429 -0.9393 0.0085
vn 0.6194 -0.7847 0.0225
vn 0.8316 -0.5543 0.0338
vn 0.9613 -0.2724 0.0416
vn 0.9976 -0.0523 0.0447
vn -0.9953 -0.0958 0.0093
vn -0.9441 -0.3281 0.0317
vn -0.7967 -0.6015 0.0581
vn -0.5730 -0.8158 0.0787
vn -0.2946 -0.9512 0.0917
vn 0.0117 -0.9953 0.0959
vn 0.3173 -0.9439 0.0909
vn 0.5931 -0.8014 0.0770
vn 0.8123 -0.5806 0.0557
vn 0.9527 -0.3024 0.0290
vn 0.9976 -0.0684 0.0065
vn 0.9949 -0.0997 0.0102
vn 0.9395 -0.3405 0.0353
vn 0.7840 -0.6174 0.0646
vn 0.5564 -0.8264 0.0869
vn 0.2827 -0.9539 0.1004
vn -0.0126 -0.9944 0.1047
vn -0.3070 -0.9465 0.0996
vn -0.5777 -0.8118 0.0853
vn -0.8003 -0.5963 0.0624
vn -0.9486 -0.3148 0.0326
vn -0.9973 -0.0721 0.0074
vn 0.9938 -0.0772 0.0794
vn 0.9388 -0.2408 0.2462
vn 0.8012 -0.4192 0.4271
vn 0.5866 -0.5680 0.5773
vn 0.3059 -0.6682 0.6781
vn -0.0137 -0.7020 0.7121
vn -0.3316 -0.6621 0.6720
vn -0.6075 -0.5571 0.5662
vn -0.8158 -0.4050 0.4128
vn -0.9468 -0.2249 0.2300
vn -0.9962 -0.0606 0.0623
vn 0.9960 -0.0317 0.0834
vn 0.9478 -0.1130 0.2983
vn 0.7968 -0.2164 0.5641
vn 0.5689 -0.2982 0.7664
vn 0.2907 -0.3501 0.8904
vn -0.0122 -0.3675 0.9299
vn -0.3152 -0.3482 0.8828
vn -0.5924 -0.2933 0.7503
vn -0.8160 -0.2077 0.5394
vn -0.9584 -0.1007 0.2669
vn -0.9986 -0.0178 0.0501
vn 0.9933 -0.1153 0.0123
vn -0.3622 -0.6932 0.6231
vn -0.8453 -0.3661 0.3891
vn 0.8692 -0.4676 -0.1607
vn -0.9318 -0.0959 0.3500
vn -0.9483 0.1206 0.2936
vn 0.2436 -0.9499 -0.1958
vn -0.6629 0.2003 0.7214
vn -0.6124 -0.4185 -0.6706
vn 0.0283 -0.9991 0.0321
vn 0.6250 -0.3354 0.7048
vn 0.5650 -0.8088 0.1630
vn -0.5444 -0.7940 -0.2707
vn 0.8462 -0.3278 0.4200
vn -0.4437 -0.3637 -0.8191
vn 0.4437 -0.3637 -0.8190
vn 0.7050 -0.3643 -0.6085
vn -0.7585 -0.0167 0.6515
vn 0.5444 -0.7939 -0.2707
vn 0.9067 -0.3484 -0.2375
vn -0.6250 -0.3354 0.7049
vn -0.8691 -0.4677 -0.1607
vn -0.4568 -0.8848 0.0921
vn 0.9318 -0.0958 0.3500
vn -0.9933 -0.1152 0.0123
vn 0.6382 -0.5565 0.5319
vn 0.8453 -0.3661 0.3890
vn -0.9964 -0.0307 0.0793
vn -0.9523 -0.1082 0.2854
vn -0.8104 -0.2064 0.5482
vn -0.5871 -0.2842 0.7579
vn -0.3033 -0.3341 0.8924
vn 0.0128 -0.3508 0.9363
vn 0.3287 -0.3322 0.8841
vn 0.6106 -0.2796 0.7410
vn 0.8289 -0.1981 0.5231
vn 0.9622 -0.0963 0.2548
vn 0.9987 -0.0170 0.0473
vn -0.9957 -0.0135 0.0917
vn -0.9457 -0.0470 0.3216
vn -0.7977 -0.0867 0.5967
vn -0.5724 -0.1172 0.8115
vn -0.2931 -0.1361 0.9463
vn 0.0131 -0.1422 0.9897
vn 0.3181 -0.1350 0.9384
vn 0.5939 -0.1151 0.7963
vn 0.8135 -0.0837 0.5755
vn 0.9540 -0.0434 0.2964
vn 0.9978 -0.0096 0.0653
vn -0.9889 0.1015 0.1081
vn -0.9575 0.0731 0.2789
vn -0.2693 0.0282 0.9626
vn 0.9579 0.0701 0.2784
vn 0.9937 0.1026 0.0456
vn 0.9961 0.0882 -0.0084
vn -0.9957 0.0920 -0.0089
vn -0.9985 0.0378 -0.0392
vn -0.9937 0.0394 -0.1043
vn -0.9315 0.2680 0.2456
vn -0.1397 0.3485 0.9268
vn 0.6111 0.3894 0.6890
vn -0.4453 0.3711 0.8148
vn -0.6112 0.3894 0.6890
vn 0.9944 0.0392 -0.0986
vn 0.9957 0.0137 -0.0917
vn 0.9958 0.0510 -0.0761
vn 0.9643 0.0744 -0.2541
vn -0.9642 0.0782 -0.2535
vn -0.9966 0.0702 -0.0428
vn -0.9981 0.0607 -0.0057
vn 0.9979 0.0643 -0.0062
vn 0.9995 0.0212 -0.0220
vn 0.9971 0.0249 -0.0716
vn 0.6639 -0.2019 -0.7201
vn -0.6535 -0.2514 -0.7139
vn -0.6639 -0.2018 -0.7201
vn -0.9974 0.0248 -0.0672
vn -0.9978 0.0098 -0.0653
vn -0.9340 0.3260 0.1457
vn -0.9095 0.2933 0.2945
vn -0.7812 0.5966 0.1834
vn -0.7707 0.5666 0.2915
vn -0.5506 0.8096 0.2033
vn -0.5577 0.7880 0.2605
vn -0.2645 0.9427 0.2034
vn -0.2887 0.9354 0.2039
vn 0.0478 0.9818 0.1837
vn 0.0117 0.9919 0.1268
vn 0.3544 0.9236 0.1461
vn 0.3139 0.9487 0.0370
vn 0.6247 0.7751 0.0945
vn 0.5857 0.8086 -0.0558
vn 0.8330 0.5521 0.0340
vn 0.7979 0.5857 -0.1424
vn 0.9605 0.2766 -0.0297
vn 0.9283 0.3040 -0.2142
vn 0.6672 0.3607 -0.6516
vn -0.0173 0.9978 0.0633
vn -0.0433 0.2598 0.9647
vn 0.0434 0.2598 0.9647
vn 0.0174 0.9978 0.0633
vn -0.3897 0.8510 -0.3519
vn -0.6672 0.3607 -0.6516
vn 0.9104 0.2910 0.2940
vn 0.7722 0.5649 0.2908
vn 0.5603 0.7865 0.2597
vn 0.2927 0.9344 0.2031
vn -0.0063 0.9919 0.1263
vn -0.3078 0.9507 0.0371
vn -0.5804 0.8124 -0.0552
vn -0.7945 0.5905 -0.1415
vn -0.9269 0.3085 -0.2135
vn 0.9405 0.3369 0.0447
vn 0.7927 0.6083 0.0400
vn 0.5683 0.8222 0.0315
vn 0.2885 0.9572 0.0200
vn -0.0191 0.9998 0.0066
vn -0.3241 0.9460 -0.0073
vn -0.5970 0.8019 -0.0204
vn -0.8124 0.5822 -0.0313
vn -0.9509 0.3070 -0.0392
vn 0.9488 0.3143 -0.0298
vn 0.8041 0.5918 -0.0561
vn 0.5802 0.8108 -0.0768
vn 0.2990 0.9500 -0.0900
vn -0.0119 0.9955 -0.0944
vn -0.3220 0.9425 -0.0895
vn -0.6005 0.7960 -0.0758
vn -0.8196 0.5704 -0.0545
vn -0.9571 0.2884 -0.0276
vn -0.9442 0.3277 -0.0306
vn -0.7902 0.6103 -0.0551
vn -0.5612 0.8245 -0.0719
vn -0.2851 0.9550 -0.0812
vn 0.0127 0.9964 -0.0840
vn 0.3096 0.9474 -0.0807
vn 0.5828 0.8095 -0.0708
vn 0.8191 0.5736 -0.0103
vn 0.8065 0.5888 -0.0533
vn 0.9530 0.3016 -0.0283
vn -0.9709 0.1658 -0.1724
vn -0.8569 0.3569 -0.3718
vn -0.6486 0.5271 -0.5490
vn -0.3473 0.6498 -0.6761
vn 0.0157 0.6930 -0.7208
vn 0.3758 0.6420 -0.6682
vn 0.6700 0.5141 -0.5355
vn 0.8701 0.3413 -0.3555
vn 0.9765 0.1493 -0.1552
vn -0.9333 0.1234 -0.3372
vn -0.7744 0.2157 -0.5948
vn -0.5471 0.2846 -0.7871
vn -0.2776 0.3265 -0.9035
vn 0.0117 0.3396 -0.9405
vn 0.3011 0.3233 -0.8971
vn 0.5698 0.2778 -0.7734
vn 0.7936 0.2051 -0.5728
vn 0.9450 0.1099 -0.3079
vn 0.5380 0.5851 0.6067
vn -0.6092 0.5935 -0.5259
vn -0.7301 0.5793 0.3624
vn 0.8479 0.3212 -0.4217
vn 0.8952 0.0162 -0.4453
vn -0.5910 0.7886 0.1699
vn 0.9393 0.1243 -0.3197
vn 0.7903 0.2208 -0.5716
vn 0.5673 0.2959 -0.7685
vn 0.2913 0.3431 -0.8930
vn -0.0124 0.3582 -0.9336
vn -0.3157 0.3395 -0.8860
vn -0.5900 0.2886 -0.7541
vn -0.8086 0.2098 -0.5496
vn -0.9501 0.1105 -0.2915
vn 0.9457 0.0484 -0.3213
vn 0.7979 0.0903 -0.5959
vn 0.5727 0.1235 -0.8104
vn 0.2934 0.1444 -0.9450
vn -0.0131 0.1512 -0.9884
vn -0.3184 0.1432 -0.9370
vn -0.5942 0.1211 -0.7951
vn -0.8137 0.0871 -0.5748
vn -0.9541 0.0446 -0.2961
vn -0.1562 -0.3088 -0.9382
vn -0.0975 -0.3074 0.9465
vn -0.1634 0.0784 0.9834
vn 0.1559 0.3088 0.9383
vn -0.0975 0.3074 0.9465
vn 0.9343 -0.3263 0.1435
vn 0.9037 -0.3154 0.2897
vn 0.9585 -0.0814 0.2733
vn 0.9892 -0.1020 0.1050
vn 0.7814 -0.5968 0.1823
vn 0.7537 -0.5918 0.2858
vn 0.5506 -0.8097 0.2030
vn 0.5296 -0.8095 0.2534
vn 0.2645 -0.9427 0.2033
vn 0.2537 -0.9474 0.1951
vn -0.0477 -0.9819 0.1831
vn -0.0464 -0.9920 0.1169
vn -0.3542 -0.9239 0.1445
vn -0.3410 -0.9397 0.0273
vn -0.6243 -0.7757 0.0918
vn -0.6010 -0.7966 -0.0646
vn -0.8327 -0.5529 0.0304
vn -0.8021 -0.5781 -0.1497
vn -0.9602 -0.2773 -0.0336
vn -0.9261 -0.3062 -0.2202
vn -0.9955 -0.0516 -0.0797
vn -0.9622 -0.0802 -0.2601
vn 0.6703 -0.2895 0.6832
vn -0.6703 -0.2894 0.6832
vn -0.9045 -0.3131 0.2896
vn -0.9589 -0.0783 0.2728
vn -0.7550 -0.5900 0.2862
vn -0.5319 -0.8078 0.2541
vn -0.2575 -0.9461 0.1962
vn 0.0412 -0.9921 0.1184
vn 0.3352 -0.9417 0.0290
vn 0.5961 -0.8004 -0.0629
vn 0.7990 -0.5828 -0.1483
vn 0.9249 -0.3105 -0.2192
vn 0.9621 -0.0838 -0.2593
vn -0.9505 -0.3075 0.0437
vn -0.9954 -0.0854 0.0439
vn -0.8068 -0.5894 0.0399
vn -0.5794 -0.8144 0.0320
vn -0.2905 -0.9566 0.0204
vn 0.0286 -0.9995 0.0064
vn 0.3429 -0.9393 -0.0085
vn 0.6194 -0.7847 -0.0225
vn 0.8316 -0.5543 -0.0338
vn 0.9613 -0.2724 -0.0416
vn 0.9976 -0.0523 -0.0447
vn -0.9441 -0.3281 -0.0317
vn -0.9953 -0.0959 -0.0093
vn -0.7967 -0.6015 -0.0581
vn -0.5729 -0.8158 -0.0787
vn -0.2946 -0.9512 -0.0917
vn 0.0117 -0.9953 -0.0959
vn 0.3173 -0.9439 -0.0909
vn 0.5931 -0.8014 -0.0770
vn 0.8123 -0.5806 -0.0557
vn 0.9527 -0.3024 -0.0290
vn 0.9976 -0.0684 -0.0065
vn 0.9395 -0.3405 -0.0353
vn 0.9949 -0.0997 -0.0102
vn 0.7840 -0.6174 -0.0646
vn 0.5564 -0.8264 -0.0869
vn 0.2827 -0.9539 -0.1004
vn -0.0126 -0.9944 -0.1047
vn -0.3070 -0.9465 -0.0996
vn -0.5777 -0.8118 -0.0853
vn -0.8003 -0.5963 -0.0624
vn -0.9530 -0.3029 -0.0055
vn -0.9486 -0.3148 -0.0326
vn -0.9973 -0.0721 -0.0074
vn 0.9388 -0.2408 -0.2462
vn 0.9938 -0.0772 -0.0794
vn 0.8011 -0.4192 -0.4271
vn 0.5866 -0.5680 -0.5773
vn 0.3059 -0.6682 -0.6781
vn -0.0137 -0.7020 -0.7121
vn -0.3316 -0.6621 -0.6720
vn -0.6075 -0.5571 -0.5662
vn -0.8158 -0.4050 -0.4128
vn -0.9468 -0.2249 -0.2300
vn -0.9962 -0.0606 -0.0623
vn 0.9478 -0.1130 -0.2983
vn 0.9960 -0.0317 -0.0834
vn 0.7968 -0.2164 -0.5641
vn 0.5689 -0.2982 -0.7664
vn 0.2907 -0.3501 -0.8904
vn -0.0122 -0.3675 -0.9299
vn -0.3152 -0.3482 -0.8828
vn -0.5924 -0.2933 -0.7503
vn -0.8160 -0.2077 -0.5394
vn -0.9584 -0.1007 -0.2669
vn -0.9986 -0.0178 -0.0501
vn 0.9933 -0.1153 -0.0123
vn -0.9318 -0.0959 -0.3500
vn -0.9483 0.1206 -0.2936
vn -0.6124 -0.4185 0.6706
vn 0.0283 -0.9991 -0.0321
vn 0.6250 -0.3354 -0.7048
vn -0.9067 -0.3484 0.2375
vn 0.5650 -0.8088 -0.1630
vn -0.8334 -0.3655 0.4145
vn -0.5444 -0.7940 0.2707
vn 0.8462 -0.3278 -0.4200
vn -0.7050 -0.3643 0.6085
vn -0.7585 -0.0166 -0.6515
vn 0.8334 -0.3655 0.4145
vn 0.9067 -0.3484 0.2375
vn 0.6125 -0.4185 0.6706
vn -0.0282 -0.9991 -0.0321
vn -0.6250 -0.3354 -0.7049
vn 0.1459 0.2057 -0.9677
vn -0.8691 -0.4676 0.1607
vn -0.4568 -0.8848 -0.0921
vn 0.9483 0.1207 -0.2936
vn 0.8453 -0.3661 -0.3890
vn -0.9522 -0.1082 -0.2854
vn -0.9964 -0.0307 -0.0793
vn -0.8104 -0.2064 -0.5482
vn -0.5871 -0.2842 -0.7579
vn -0.3033 -0.3341 -0.8924
vn 0.0128 -0.3508 -0.9363
vn 0.3287 -0.3322 -0.8841
vn 0.6106 -0.2796 -0.7410
vn 0.8289 -0.1981 -0.5231
vn 0.9622 -0.0963 -0.2548
vn 0.9987 -0.0170 -0.0473
vn -0.9457 -0.0470 -0.3216
vn -0.9957 -0.0135 -0.0917
vn -0.7977 -0.0867 -0.5967
vn -0.5724 -0.1172 -0.8115
vn -0.2931 -0.1361 -0.9463
vn 0.0131 -0.1422 -0.9897
vn 0.3181 -0.1350 -0.9384
vn 0.5939 -0.1151 -0.7963
vn 0.8135 -0.0837 -0.5755
vn 0.9540 -0.0434 -0.2964
vn 0.9978 -0.0096 -0.0653
vn -0.9889 0.1015 -0.1081
vn -0.9575 0.0731 -0.2789
vn 0.2693 0.0283 -0.9626
vn 0.9579 0.0701 -0.2784
vn 0.9937 0.1026 -0.0456
vn 0.9961 0.0882 0.0084
vn 0.9960 0.0886 0.0016
vn -0.9960 0.0887 0.0016
vn -0.9957 0.0920 0.0089
vn -0.9985 0.0378 0.0392
vn -0.9937 0.0394 0.1043
vn -0.6112 0.3895 -0.6890
vn 0.1397 0.3486 -0.9268
vn 0.9944 0.0392 0.0986
vn 0.9957 0.0137 0.0917
vn 0.9643 0.0744 0.2541
vn 0.9958 0.0510 0.0761
vn -0.9642 0.0782 0.2535
vn -0.9966 0.0702 0.0428
vn -0.9981 0.0607 0.0057
vn -0.9980 0.0622 0.0011
vn 0.9979 0.0643 0.0062
vn 0.9980 0.0622 0.0011
vn 0.9995 0.0212 0.0220
vn 0.9971 0.0249 0.0716
vn -0.6535 -0.2514 0.7139
vn 0.0000 -0.2159 0.9764
vn -0.9974 0.0248 0.0672
vn -0.9978 0.0098 0.0653
vn -0.9340 0.3260 -0.1457
vn -0.9095 0.2933 -0.2945
vn -0.7812 0.5966 -0.1834
vn -0.7707 0.5666 -0.2915
vn -0.5506 0.8096 -0.2033
vn -0.5577 0.7880 -0.2605
vn -0.2645 0.9427 -0.2034
vn -0.2887 0.9354 -0.2039
vn 0.0478 0.9818 -0.1837
vn 0.0117 0.9919 -0.1268
vn 0.3544 0.9236 -0.1461
vn 0.3139 0.9487 -0.0370
vn 0.6247 0.7751 -0.0945
vn 0.5857 0.8086 0.0558
vn 0.8330 0.5521 -0.0340
vn 0.7979 0.5857 0.1424
vn 0.9605 0.2766 0.0297
vn 0.9283 0.3040 0.2142
vn -0.0173 0.9978 -0.0633
vn -0.6672 0.3607 0.6516
vn 0.9104 0.2910 -0.2939
vn 0.7722 0.5649 -0.2908
vn 0.5603 0.7865 -0.2597
vn 0.2927 0.9344 -0.2031
vn -0.0063 0.9919 -0.1263
vn -0.3078 0.9507 -0.0371
vn -0.5804 0.8124 0.0552
vn -0.7945 0.5905 0.1415
vn -0.9269 0.3085 0.2135
vn 0.9405 0.3369 -0.0447
vn 0.7927 0.6083 -0.0400
vn 0.5683 0.8222 -0.0315
vn 0.2885 0.9572 -0.0200
vn -0.0191 0.9998 -0.0066
vn -0.3241 0.9460 0.0073
vn -0.5970 0.8019 0.0204
vn -0.8124 0.5822 0.0313
vn -0.9509 0.3071 0.0392
vn 0.9488 0.3143 0.0298
vn 0.8041 0.5918 0.0561
vn 0.5802 0.8108 0.0768
vn 0.2990 0.9500 0.0900
vn -0.0119 0.9955 0.0944
vn -0.3220 0.9425 0.0895
vn -0.6005 0.7960 0.0758
vn -0.8195 0.5704 0.0545
vn -0.9571 0.2884 0.0276
vn -0.8191 0.5736 0.0103
vn -0.9442 0.3277 0.0306
vn -0.7902 0.6103 0.0551
vn -0.5612 0.8245 0.0719
vn -0.2851 0.9550 0.0812
vn 0.0127 0.9964 0.0840
vn 0.3096 0.9474 0.0807
vn 0.5828 0.8095 0.0708
vn 0.8191 0.5736 0.0103
vn 0.8065 0.5888 0.0533
vn 0.9530 0.3016 0.0283
vn -0.9709 0.1658 0.1724
vn -0.8569 0.3569 0.3718
vn -0.6486 0.5271 0.5490
vn -0.3473 0.6498 0.6761
vn 0.0157 0.6930 0.7208
vn 0.3758 0.6420 0.6682
vn 0.6700 0.5141 0.5355
vn 0.8701 0.3413 0.3555
vn 0.9765 0.1493 0.1552
vn -0.9333 0.1234 0.3372
vn -0.7744 0.2157 0.5948
vn -0.5471 0.2846 0.7871
vn -0.2776 0.3265 0.9035
vn 0.0117 0.3396 0.9405
vn 0.3011 0.3233 0.8971
vn 0.5698 0.2778 0.7734
vn 0.7936 0.2051 0.5728
vn 0.9450 0.1099 0.3079
vn -0.4503 0.7784 -0.4373
vn 0.5910 0.7886 -0.1699
vn 0.8479 0.3212 0.4217
vn -0.5910 0.7886 -0.1699
vn -0.5379 0.5852 -0.6067
vn 0.2810 0.9304 -0.2355
vn 0.9317 0.3136 0.1834
vn 0.9393 0.1243 0.3197
vn 0.7903 0.2208 0.5716
vn 0.5673 0.2959 0.7685
vn 0.2913 0.3431 0.8930
vn -0.0124 0.3582 0.9336
vn -0.3157 0.3395 0.8860
vn -0.5900 0.2886 0.7541
vn -0.8086 0.2098 0.5496
vn -0.9501 0.1105 0.2915
vn 0.9457 0.0484 0.3213
vn 0.7979 0.0903 0.5959
vn 0.5727 0.1235 0.8104
vn 0.2934 0.1444 0.9450
vn -0.0131 0.1512 0.9884
vn -0.3184 0.1432 0.9370
vn -0.5942 0.1211 0.7951
vn -0.8137 0.0871 0.5748
vn -0.9541 0.0446 0.2961
vn -0.1559 -0.3087 -0.9383
vn -0.1562 0.3088 0.9382
vn 0.1562 0.3088 0.9382
vn 0.9622 -0.0803 -0.2601
vn -0.0431 -0.0292 0.9986
vn 0.0350 -0.6235 -0.7811
vn 0.0000 -0.0293 0.9995
vn 0.0000 -0.9347 0.3554
vn 0.0431 -0.0292 0.9986
vn -0.0350 -0.6235 -0.7811
vn -0.4206 -0.8224 -0.3829
vn -0.3430 -0.9393 -0.0085
vn 0.9953 -0.0958 -0.0093
vn -0.5741 -0.6455 -0.5037
vn 0.3622 -0.6932 -0.6232
vn 0.9318 -0.0959 -0.3500
vn 0.1411 -0.3042 -0.9420
vn 0.1600 -0.9708 0.1786
vn 0.7050 -0.3642 0.6085
vn -0.7585 -0.0167 -0.6515
vn 0.4437 -0.3637 0.8191
vn 0.0000 -0.3357 -0.9419
vn 0.7585 -0.0167 -0.6515
vn -0.1600 -0.9708 0.1786
vn 0.6636 -0.0171 -0.7478
vn -0.8453 -0.3661 -0.3891
vn 0.9523 -0.1082 -0.2854
vn -0.7056 0.0386 -0.7075
vn 0.6111 0.3894 -0.6890
vn -0.9315 0.2681 -0.2456
vn 0.0000 0.1275 0.9918
vn -0.6638 -0.2019 0.7201
vn -0.9471 -0.2050 0.2467
vn 0.0282 0.7759 -0.6302
vn -0.0282 0.7759 -0.6302
vn 0.3897 0.8510 0.3519
vn 0.3473 0.6498 0.6761
vn -0.0158 0.6930 0.7208
vn -0.3010 0.3233 0.8971
vn 0.5379 0.5852 -0.6067
vn -0.2810 0.9304 -0.2355
vn -0.9317 0.3136 0.1834
vn 0.5942 0.1211 0.7952
vn -0.1634 -0.0784 -0.9834
vn -0.1022 -0.0783 -0.9917
vn 0.0000 -0.5895 0.8078
vn 0.1022 -0.0783 -0.9917
vn 0.1634 -0.0784 -0.9834
vn -0.1634 0.0784 -0.9834
vn -0.1022 0.0783 -0.9917
vn 0.1022 0.0783 -0.9917
vn 0.1634 0.0784 -0.9834
vn 0.0000 0.5895 0.8078
vn -0.9036 -0.3154 -0.2897
vn -0.9892 -0.1020 -0.1050
vn 0.9602 -0.2773 0.0336
vn 0.9622 -0.0803 0.2601
vn -0.2628 -0.0287 -0.9644
vn -0.0363 -0.5478 -0.8358
vn 0.0246 -0.8341 0.5510
vn 0.0363 -0.5478 -0.8358
vn -0.0246 -0.8341 0.5510
vn 0.6703 -0.2894 -0.6832
vn -0.9249 -0.3105 0.2192
vn -0.3429 -0.9393 0.0085
vn 0.9953 -0.0958 0.0093
vn -0.2435 -0.9499 -0.1958
vn 0.6125 -0.4185 -0.6706
vn -0.8462 -0.3278 0.4200
vn -0.7584 -0.0167 0.6515
vn -0.2676 -0.8288 0.4914
vn 0.2676 -0.8288 0.4914
vn 0.7584 -0.0166 0.6515
vn 0.2809 -0.7414 0.6095
vn 0.9523 -0.1082 0.2854
vn 0.2693 0.0283 0.9626
vn 0.4453 0.3711 0.8149
vn -0.9980 0.0621 -0.0011
vn 0.9974 0.0248 -0.0673
vn 0.5577 0.7880 0.2605
vn -0.9104 0.2910 0.2940
vn -0.9405 0.3369 0.0448
vn 0.8195 0.5704 -0.0545
vn 0.7744 0.2157 -0.5947
vn 0.2810 0.9303 0.2355
vn -0.8479 0.3212 -0.4217
vn 0.5379 0.5852 0.6067
vn 0.9501 0.1105 -0.2915
vn 0.3184 0.1432 -0.9371
vn 0.1023 -0.0787 -0.9916
vn -0.1023 -0.0787 -0.9916
vn 0.1023 0.0787 -0.9916
vn -0.1023 0.0787 -0.9916
vn 0.1562 0.3087 -0.9382
vn 0.0000 0.3100 -0.9507
vn 0.0000 0.5895 -0.8077
vn -0.1562 0.3087 -0.9382
vn -0.5730 -0.8158 -0.0787
vn -0.0138 -0.7020 -0.7121
vn 0.5741 -0.6455 -0.5037
vn 0.8692 -0.4676 0.1607
vn 0.4567 -0.8848 -0.0921
vn 0.1510 -0.3540 0.9229
vn -0.1411 -0.3042 -0.9420
vn 0.4288 -0.8245 -0.3690
vn 0.7585 -0.0166 -0.6515
vn -0.4288 -0.8245 -0.3690
vn 0.5444 -0.7939 0.2707
vn -0.6636 -0.0171 -0.7478
vn -0.9933 -0.1152 -0.0123
vn -0.9523 -0.1082 -0.2854
vn 0.9622 -0.0964 -0.2548
vn 0.3182 -0.1350 -0.9384
vn 0.5939 -0.1150 -0.7963
vn -0.2693 0.0282 -0.9626
vn 0.9995 0.0211 0.0220
vn 0.6638 -0.2019 0.7201
vn 0.6535 -0.2514 0.7139
vn -0.3897 0.8510 0.3519
vn 0.9488 0.3144 0.0298
vn -0.5613 0.8245 0.0719
vn 0.0158 0.6930 0.7208
vn 0.3010 0.3233 0.8971
vn 0.5788 0.5532 -0.5992
vn -0.5942 0.1211 0.7952
vn -0.9602 -0.2773 0.0336
vn -0.5621 -0.5815 -0.5882
vn 0.9249 -0.3105 0.2192
vn -0.9953 -0.0959 0.0093
vn 0.5932 -0.8014 0.0770
vn -0.9973 -0.0722 0.0074
vn 0.8011 -0.4192 0.4271
vn -0.0138 -0.7020 0.7121
vn 0.5741 -0.6455 0.5037
vn 0.4567 -0.8848 0.0921
vn -0.1459 0.2058 0.9677
vn -0.9067 -0.3484 -0.2375
vn -0.8334 -0.3655 -0.4145
vn 0.4288 -0.8245 0.3690
vn 0.7165 -0.3283 0.6156
vn -0.7165 -0.3283 0.6156
vn 0.8334 -0.3655 -0.4145
vn -0.2809 -0.7414 0.6095
vn -0.9522 -0.1082 0.2854
vn 0.9622 -0.0964 0.2548
vn -0.7977 -0.0867 0.5968
vn 0.9960 0.0886 -0.0016
vn -0.4453 0.3711 0.8149
vn -0.9974 0.0248 -0.0673
vn 0.9104 0.2910 0.2939
vn -0.9509 0.3071 -0.0392
vn 0.8036 0.5951 -0.0107
vn 0.2975 0.9546 -0.0172
vn -0.2975 0.9546 -0.0172
vn 0.0158 0.6930 -0.7208
vn -0.7744 0.2157 -0.5947
vn 0.5910 0.7886 0.1699
vn -0.5379 0.5852 0.6067
vn 0.5788 0.5532 0.5992
vn -0.0124 0.3581 -0.9336
vn -0.3184 0.1432 -0.9371
vn 0.0976 0.3074 0.9465
vn -0.5773 0.5773 0.5773
vn 0.0000 0.7071 0.7071
vn -0.7071 0.7071 0.0000
vn 0.5773 0.5773 0.5773
vn 0.7071 0.7071 0.0000
vn -0.5773 0.5773 -0.5773
vn 0.0000 0.7071 -0.7071
vn 0.5773 0.5773 -0.5773
vn 1.0000 0.0000 0.0000
vn 0.7071 0.0000 -0.7071
vn 0.0000 0.0000 -1.0000
vn -0.7071 0.0000 -0.7071
vn -1.0000 0.0000 0.0000
vn 0.7071 0.0000 0.7071
vn 0.0000 0.0000 1.0000
vn -0.7071 0.0000 0.7071
vn -0.5773 -0.5773 0.5773
vn 0.0000 -0.7071 0.7071
vn -0.7071 -0.7071 0.0000
vn 0.5773 -0.5773 0.5773
vn 0.7071 -0.7071 0.0000
vn 0.0000 -0.7071 -0.7071
vn -0.5773 -0.5773 -0.5773
vn 0.5773 -0.5773 -0.5773
vn -0.4962 0.8024 -0.3315
vn -0.4220 0.8024 -0.4220
vn -0.6864 0.2402 -0.6864
vn -0.8071 0.2402 -0.5393
vn -0.9707 0.2402 0.0000
vn -0.9521 0.2402 -0.1894
vn -0.7587 -0.6337 -0.1509
vn -0.7736 -0.6337 0.0000
vn 0.5968 0.8024 0.0000
vn 0.5853 0.8024 0.1164
vn 0.9521 0.2402 0.1894
vn 0.9707 0.2402 0.0000
vn -0.5513 0.8024 -0.2284
vn -0.8968 0.2402 -0.3715
vn 0.5853 0.8024 -0.1164
vn 0.9521 0.2402 -0.1894
vn -0.5853 0.8024 -0.1164
vn 0.5513 0.8024 -0.2284
vn 0.8968 0.2402 -0.3715
vn -0.5968 0.8024 0.0000
vn 0.4962 0.8024 -0.3315
vn 0.8071 0.2402 -0.5393
vn -0.5853 0.8024 0.1164
vn -0.9521 0.2402 0.1894
vn 0.4220 0.8024 -0.4220
vn 0.6864 0.2402 -0.6864
vn -0.5513 0.8024 0.2284
vn -0.8968 0.2402 0.3715
vn 0.3315 0.8024 -0.4962
vn 0.5393 0.2402 -0.8071
vn -0.4962 0.8024 0.3315
vn -0.8071 0.2402 0.5393
vn 0.2284 0.8024 -0.5513
vn 0.3715 0.2402 -0.8968
vn 0.1164 0.8024 0.5853
vn 0.0000 0.8024 0.5968
vn 0.0000 0.2402 0.9707
vn 0.1894 0.2402 0.9521
vn -0.4220 0.8024 0.4220
vn -0.6864 0.2402 0.6864
vn 0.1164 0.8024 -0.5853
vn 0.1894 0.2402 -0.9521
vn 0.2284 0.8024 0.5513
vn 0.3715 0.2402 0.8968
vn -0.3315 0.8024 0.4962
vn -0.5393 0.2402 0.8071
vn 0.0000 0.8024 -0.5968
vn 0.0000 0.2402 -0.9707
vn 0.3315 0.8024 0.4962
vn 0.5393 0.2402 0.8071
vn -0.2284 0.8024 0.5513
vn -0.3715 0.2402 0.8968
vn -0.1164 0.8024 -0.5853
vn -0.1894 0.2402 -0.9521
vn 0.4220 0.8024 0.4220
vn 0.6864 0.2402 0.6864
vn -0.1164 0.8024 0.5853
vn -0.1894 0.2402 0.9521
vn -0.2284 0.8024 -0.5513
vn -0.3715 0.2402 -0.8968
vn 0.4962 0.8024 0.3315
vn 0.8071 0.2402 0.5393
vn -0.3315 0.8024 -0.4962
vn -0.5393 0.2402 -0.8071
vn 0.5513 0.8024 0.2284
vn 0.8968 0.2402 0.3715
vn 0.7147 -0.6337 -0.2960
vn 0.6432 -0.6337 -0.4298
vn -0.7587 -0.6337 0.1509
vn 0.5470 -0.6337 -0.5470
vn -0.7147 -0.6337 0.2960
vn 0.4298 -0.6337 -0.6432
vn -0.6432 -0.6337 0.4298
vn 0.2960 -0.6337 -0.7147
vn 0.0000 -0.6337 0.7736
vn 0.1509 -0.6337 0.7587
vn -0.5470 -0.6337 0.5470
vn 0.1509 -0.6337 -0.7587
vn 0.2960 -0.6337 0.7147
vn -0.4298 -0.6337 0.6432
vn 0.0000 -0.6337 -0.7736
vn 0.4298 -0.6337 0.6432
vn -0.2960 -0.6337 0.7147
vn -0.1509 -0.6337 -0.7587
vn 0.5470 -0.6337 0.5470
vn -0.1509 -0.6337 0.7587
vn -0.2960 -0.6337 -0.7147
vn 0.6432 -0.6337 0.4298
vn -0.4298 -0.6337 -0.6432
vn 0.7147 -0.6337 0.2960
vn -0.5470 -0.6337 -0.5470
vn 0.7587 -0.6337 0.1509
vn -0.6432 -0.6337 -0.4298
vn 0.7736 -0.6337 0.0000
vn -0.7147 -0.6337 -0.2960
vn 0.7587 -0.6337 -0.1509
vn 0.4962 -0.8024 0.3315
vn 0.8078 -0.2369 0.5398
vn 0.6870 -0.2369 0.6870
vn 0.4220 -0.8024 0.4220
vn 0.9715 -0.2369 0.0000
vn 0.6341 -0.7732 0.0000
vn 0.6219 -0.7732 0.1237
vn 0.9528 -0.2369 0.1895
vn -0.5968 -0.8024 0.0000
vn -0.9715 -0.2369 0.0000
vn -0.9528 -0.2369 -0.1895
vn -0.5853 -0.8024 -0.1164
vn 0.5513 -0.8024 0.2284
vn 0.8976 -0.2369 0.3718
vn -0.5853 -0.8024 0.1164
vn -0.9528 -0.2369 0.1895
vn 0.5853 -0.8024 0.1164
vn -0.5513 -0.8024 0.2284
vn -0.8976 -0.2369 0.3718
vn 0.5968 -0.8024 0.0000
vn -0.4962 -0.8024 0.3315
vn -0.8078 -0.2369 0.5398
vn 0.5853 -0.8024 -0.1164
vn 0.9528 -0.2369 -0.1895
vn -0.4220 -0.8024 0.4220
vn -0.6870 -0.2369 0.6870
vn 0.5513 -0.8024 -0.2284
vn 0.8976 -0.2369 -0.3718
vn -0.3315 -0.8024 0.4962
vn -0.5398 -0.2369 0.8078
vn 0.4962 -0.8024 -0.3315
vn 0.8078 -0.2369 -0.5398
vn -0.2284 -0.8024 0.5513
vn -0.3718 -0.2369 0.8976
vn -0.1164 -0.8024 -0.5853
vn -0.1895 -0.2369 -0.9528
vn 0.0000 -0.2369 -0.9715
vn 0.0000 -0.8024 -0.5968
vn 0.4220 -0.8024 -0.4220
vn 0.6870 -0.2369 -0.6870
vn -0.1164 -0.8024 0.5853
vn -0.1895 -0.2369 0.9528
vn -0.2284 -0.8024 -0.5513
vn -0.3718 -0.2369 -0.8976
vn 0.3315 -0.8024 -0.4962
vn 0.5398 -0.2369 -0.8078
vn 0.0000 -0.8024 0.5968
vn 0.0000 -0.2369 0.9715
vn -0.3315 -0.8024 -0.4962
vn -0.5398 -0.2369 -0.8078
vn 0.2284 -0.8024 -0.5513
vn 0.3718 -0.2369 -0.8976
vn 0.1164 -0.8024 0.5853
vn 0.1895 -0.2369 0.9528
vn -0.4220 -0.8024 -0.4220
vn -0.6870 -0.2369 -0.6870
vn 0.1164 -0.8024 -0.5853
vn 0.1895 -0.2369 -0.9528
vn 0.2284 -0.8024 0.5513
vn 0.3718 -0.2369 0.8976
vn -0.4962 -0.8024 -0.3315
vn -0.8078 -0.2369 -0.5398
vn 0.3315 -0.8024 0.4962
vn 0.5398 -0.2369 0.8078
vn -0.5513 -0.8024 -0.2284
vn -0.8976 -0.2369 -0.3718
vn -0.5272 -0.7732 0.3523
vn -0.5858 -0.7732 0.2427
vn 0.6219 -0.7732 -0.1237
vn -0.4484 -0.7732 0.4484
vn 0.5858 -0.7732 -0.2427
vn -0.3523 -0.7732 0.5272
vn 0.5272 -0.7732 -0.3523
vn -0.2427 -0.7732 0.5858
vn -0.1237 -0.7732 -0.6219
vn 0.0000 -0.7732 -0.6341
vn 0.4484 -0.7732 -0.4484
vn -0.1237 -0.7732 0.6219
vn -0.2427 -0.7732 -0.5858
vn 0.3523 -0.7732 -0.5272
vn 0.0000 -0.7732 0.6341
vn -0.3523 -0.7732 -0.5272
vn 0.2427 -0.7732 -0.5858
vn 0.1237 -0.7732 0.6219
vn -0.4484 -0.7732 -0.4484
vn 0.1237 -0.7732 -0.6219
vn 0.2427 -0.7732 0.5858
vn -0.5272 -0.7732 -0.3523
vn 0.3523 -0.7732 0.5272
vn -0.5858 -0.7732 -0.2427
vn 0.4484 -0.7732 0.4484
vn -0.6219 -0.7732 -0.1237
vn 0.5272 -0.7732 0.3523
vn -0.6341 -0.7732 0.0000
vn 0.5858 -0.7732 0.2427
vn -0.6219 -0.7732 0.1237
vn 0.9207 -0.1831 0.3447
vn 0.4258 -0.0847 0.9008
vn 0.4011 -0.1661 0.9008
vn 0.8672 -0.3592 0.3447
vn -0.8672 -0.3592 0.3447
vn -0.4011 -0.1661 0.9008
vn -0.4258 -0.0847 0.9008
vn -0.9207 -0.1831 0.3447
vn 0.9387 0.0000 0.3447
vn 0.4342 0.0000 0.9008
vn -0.7805 -0.5215 0.3447
vn -0.3610 -0.2412 0.9008
vn 0.9207 0.1831 0.3447
vn 0.4258 0.0847 0.9008
vn -0.6637 -0.6637 0.3447
vn -0.3070 -0.3070 0.9008
vn 0.8672 0.3592 0.3447
vn 0.4011 0.1661 0.9008
vn -0.5215 -0.7805 0.3447
vn -0.2412 -0.3610 0.9008
vn 0.7805 0.5215 0.3447
vn 0.3610 0.2412 0.9008
vn -0.3592 -0.8672 0.3447
vn -0.1661 -0.4011 0.9008
vn -0.1831 0.9207 0.3447
vn -0.0847 0.4258 0.9008
vn 0.0000 0.4342 0.9008
vn 0.0000 0.9387 0.3447
vn 0.6637 0.6637 0.3447
vn 0.3070 0.3070 0.9008
vn -0.1831 -0.9207 0.3447
vn -0.0847 -0.4258 0.9008
vn -0.3592 0.8672 0.3447
vn -0.1661 0.4011 0.9008
vn 0.5215 0.7805 0.3447
vn 0.2412 0.3610 0.9008
vn 0.0000 -0.9387 0.3447
vn 0.0000 -0.4342 0.9008
vn -0.5215 0.7805 0.3447
vn -0.2412 0.3610 0.9008
vn 0.3592 0.8672 0.3447
vn 0.1661 0.4011 0.9008
vn 0.1831 -0.9207 0.3447
vn 0.0847 -0.4258 0.9008
vn -0.6637 0.6637 0.3447
vn -0.3070 0.3070 0.9008
vn 0.1831 0.9207 0.3447
vn 0.0847 0.4258 0.9008
vn 0.3592 -0.8672 0.3447
vn 0.1661 -0.4011 0.9008
vn -0.7805 0.5215 0.3447
vn -0.3610 0.2412 0.9008
vn 0.5215 -0.7805 0.3447
vn 0.2412 -0.3610 0.9008
vn -0.8672 0.3592 0.3447
vn -0.4011 0.1661 0.9008
vn 0.6637 -0.6637 0.3447
vn 0.3070 -0.3070 0.9008
vn -0.9207 0.1831 0.3447
vn -0.4258 0.0847 0.9008
vn 0.7805 -0.5215 0.3447
vn 0.3610 -0.2412 0.9008
vn -0.9387 0.0000 0.3447
vn -0.4342 0.0000 0.9008
vn 0.3162 0.0000 0.9487
vn -0.1924 0.1924 0.9622
vn -0.3162 0.0000 0.9487
vn 0.1956 0.1956 0.9609
vn 0.0000 0.3162 0.9487
vn 0.6704 0.6750 0.3081
vn 0.7981 0.1440 0.5850
vn -0.1952 0.2156 0.9568
vn -0.1260 0.8145 0.5662
vn -0.6704 0.6750 0.3081
vn -0.7981 0.1440 0.5850
vn 0.6696 -0.6665 0.3276
vn 0.1310 -0.7938 0.5938
vn 0.1260 0.8145 0.5662
vn -0.1310 -0.7938 0.5938
vn -0.6696 -0.6665 0.3276
vn 0.1952 0.2156 0.9568
vn 0.0000 -0.3162 0.9487
vn -0.1924 -0.1924 0.9622
vn 0.1971 -0.1842 0.9629
vn -0.1971 -0.1842 0.9629
vn 0.8043 -0.1199 0.5820
vn -0.8043 -0.1199 0.5820
vn 0.1946 -0.1946 0.9614
vn -0.7631 -0.1518 -0.6281
vn -0.9269 -0.1844 -0.3267
vn -0.9451 0.0000 -0.3267
vn -0.7781 0.0000 -0.6281
vn 0.7189 -0.2977 -0.6281
vn 0.8732 -0.3617 -0.3267
vn 0.7858 -0.5251 -0.3267
vn 0.6470 -0.4323 -0.6281
vn -0.9269 0.1844 -0.3267
vn -0.7631 0.1518 -0.6281
vn 0.6683 -0.6683 -0.3267
vn 0.5502 -0.5502 -0.6281
vn -0.8732 0.3617 -0.3267
vn -0.7189 0.2977 -0.6281
vn 0.5251 -0.7858 -0.3267
vn 0.4323 -0.6470 -0.6281
vn -0.7858 0.5251 -0.3267
vn -0.6470 0.4323 -0.6281
vn 0.3617 -0.8732 -0.3267
vn 0.2977 -0.7189 -0.6281
vn 0.0000 0.7781 -0.6281
vn 0.0000 0.9451 -0.3267
vn 0.1844 0.9269 -0.3267
vn 0.1518 0.7631 -0.6281
vn -0.6683 0.6683 -0.3267
vn -0.5502 0.5502 -0.6281
vn 0.1844 -0.9269 -0.3267
vn 0.1518 -0.7631 -0.6281
vn 0.3617 0.8732 -0.3267
vn 0.2977 0.7189 -0.6281
vn -0.5251 0.7858 -0.3267
vn -0.4323 0.6470 -0.6281
vn 0.0000 -0.9451 -0.3267
vn 0.0000 -0.7781 -0.6281
vn 0.5251 0.7858 -0.3267
vn 0.4323 0.6470 -0.6281
vn -0.3617 0.8732 -0.3267
vn -0.2977 0.7189 -0.6281
vn -0.1844 -0.9269 -0.3267
vn -0.1518 -0.7631 -0.6281
vn 0.6683 0.6683 -0.3267
vn 0.5502 0.5502 -0.6281
vn -0.1844 0.9269 -0.3267
vn -0.1518 0.7631 -0.6281
vn -0.3617 -0.8732 -0.3267
vn -0.2977 -0.7189 -0.6281
vn 0.7858 0.5251 -0.3267
vn 0.6470 0.4323 -0.6281
vn -0.5251 -0.7858 -0.3267
vn -0.4323 -0.6470 -0.6281
vn 0.8732 0.3617 -0.3267
vn 0.7189 0.2977 -0.6281
vn -0.6683 -0.6683 -0.3267
vn -0.5502 -0.5502 -0.6281
vn 0.9269 0.1844 -0.3267
vn 0.7631 0.1518 -0.6281
vn -0.7858 -0.5251 -0.3267
vn -0.6470 -0.4323 -0.6281
vn 0.9451 0.0000 -0.3267
vn 0.7781 0.0000 -0.6281
vn -0.8732 -0.3617 -0.3267
vn -0.7189 -0.2977 -0.6281
vn 0.9269 -0.1844 -0.3267
vn 0.7631 -0.1518 -0.6281
vn 0.1924 0.1924 0.9622
vn -0.1956 0.1956 0.9609
vn 0.1924 -0.1924 0.9622
vn -0.1946 -0.1946 0.9614
usemtl Material.001
s 1
f 366//1 377//2 376//3 365//4
f 367//5 378//6 377//2 366//1
f 368//7 379//8 378//6 367//5
f 369//9 380//10 379//8 368//7
f 370//11 381//12 380//10 369//9
f 371//13 382//14 381//12 370//11
f 372//15 383//16 382//14 371//13
f 373//17 384//18 383//16 372//15
f 374//19 385//20 384//18 373//17
f 375//21 386//22 385//20 374//19
f 377//2 388//23 387//24 376//3
f 378//6 389//25 388//23 377//2
f 379//8 390//26 389//25 378//6
f 380//10 391//27 390//26 379//8
f 381//12 392//28 391//27 380//10
f 382//14 393//29 392//28 381//12
f 383//16 394//30 393//29 382//14
f 384//18 395//31 394//30 383//16
f 385//20 396//32 395//31 384//18
f 386//22 397//33 396//32 385//20
f 388//23 399//34 398//35 387//24
f 389//25 400//36 399//34 388//23
f 390//26 401//37 400//36 389//25
f 391//27 402//38 401//37 390//26
f 392//28 403//39 402//38 391//27
f 393//29 404//40 403//39 392//28
f 394//30 405//41 404//40 393//29
f 395//31 406//42 405//41 394//30
f 396//32 407//43 406//42 395//31
f 397//33 408//44 407//43 396//32
f 399//34 410//45 409//46 398//35
f 400//36 411//47 410//45 399//34
f 401//37 412//48 411//47 400//36
f 402//38 413//49 412//48 401//37
f 403//39 414//50 413//49 402//38
f 404//40 415//51 414//50 403//39
f 405//41 416//52 415//51 404//40
f 406//42 417//53 416//52 405//41
f 407//43 418//54 417//53 406//42
f 408//44 419//55 418//54 407//43
f 410//45 421//56 420//57 409//46
f 411//47 422//58 421//56 410//45
f 412//48 423//59 422//58 411//47
f 413//49 424//60 423//59 412//48
f 414//50 425//61 424//60 413//49
f 415//51 426//62 425//61 414//50
f 416//52 427//63 426//62 415//51
f 417//53 428//64 427//63 416//52
f 418//54 429//65 428//64 417//53
f 419//55 430//66 429//65 418//54
f 421//56 432//67 431//57 420//57
f 422//58 433//68 432//67 421//56
f 423//59 434//69 433//68 422//58
f 424//60 435//70 434//69 423//59
f 425//61 436//71 435//70 424//60
f 426//62 437//62 436//71 425//61
f 427//63 438//72 437//62 426//62
f 428//64 439//73 438//72 427//63
f 429//65 440//74 439//73 428//64
f 430//66 441//66 440//74 429//65
f 432//67 443//56 442//57 431//57
f 433//68 444//58 443//56 432//67
f 434//69 445//59 444//58 433//68
f 435//70 446//60 445//59 434//69
f 436//71 447//61 446//60 435//70
f 437//62 448//62 447//61 436//71
f 438//72 449//63 448//62 437//62
f 439//73 450//64 449//63 438//72
f 440//74 451//65 450//64 439//73
f 441//66 452//66 451//65 440//74
f 443//56 454//75 453//76 442//57
f 444//58 455//77 454//75 443//56
f 445//59 456//78 455//77 444//58
f 446//60 457//79 456//78 445//59
f 447//61 458//80 457//79 446//60
f 448//62 459//81 458//80 447//61
f 449//63 460//82 459//81 448//62
f 450//64 461//83 460//82 449//63
f 451//65 462//84 461//83 450//64
f 452//66 463//85 462//84 451//65
f 454//75 465//86 464//87 453//76
f 455//77 466//88 465//86 454//75
f 456//78 467//89 466//88 455//77
f 457//79 468//90 467//89 456//78
f 458//80 469//91 468//90 457//79
f 459//81 470//92 469//91 458//80
f 460//82 471//93 470//92 459//81
f 461//83 472//94 471//93 460//82
f 462//84 473//95 472//94 461//83
f 463//85 474//96 473//95 462//84
f 465//86 476//97 475//98 464//87
f 466//88 477//99 476//97 465//86
f 467//89 478//100 477//99 466//88
f 468//90 479//101 478//100 467//89
f 469//91 480//102 479//101 468//90
f 470//92 481//103 480//102 469//91
f 471//93 482//104 481//103 470//92
f 472//94 483//105 482//104 471//93
f 473//95 484//106 483//105 472//94
f 474//96 485//107 484//106 473//95
f 476//97 487//108 486//109 475//98
f 477//99 488//110 487//108 476//97
f 478//100 489//111 488//110 477//99
f 479//101 490//112 489//111 478//100
f 480//102 491//113 490//112 479//101
f 481//103 492//114 491//113 480//102
f 482//104 493//115 492//114 481//103
f 483//105 494//116 493//115 482//104
f 484//106 495//117 494//116 483//105
f 485//107 496//118 495//117 484//106
f 487//108 498//119 497//120 486//109
f 488//110 499//121 498//119 487//108
f 489//111 500//122 499//121 488//110
f 490//112 501//123 500//122 489//111
f 491//113 502//124 501//123 490//112
f 492//114 503//125 502//124 491//113
f 493//115 504//126 503//125 492//114
f 494//116 505//127 504//126 493//115
f 495//117 506//128 505//127 494//116
f 496//118 507//129 506//128 495//117
f 498//119 509//130 508//131 497//120
f 499//121 510//132 509//130 498//119
f 500//122 511//133 510//132 499//121
f 501//123 512//134 511//133 500//122
f 502//124 513//135 512//134 501//123
f 503//125 514//136 513//135 502//124
f 504//126 515//137 514//136 503//125
f 505//127 516//138 515//137 504//126
f 506//128 517//139 516//138 505//127
f 507//129 518//140 517//139 506//128
f 509//130 520//141 519//142 508//131
f 510//132 521//143 520//141 509//130
f 511//133 522//144 521//143 510//132
f 512//134 523//145 522//144 511//133
f 513//135 524//146 523//145 512//134
f 514//136 525//147 524//146 513//135
f 515//137 526//148 525//147 514//136
f 516//138 527//149 526//148 515//137
f 517//139 528//150 527//149 516//138
f 518//140 529//151 528//150 517//139
f 531//152 542//153 541//154 530//155
f 532//156 543//157 542//153 531//152
f 533//158 544//159 543//157 532//156
f 534//160 545//161 544//159 533//158
f 535//162 546//163 545//161 534//160
f 536//164 547//165 546//163 535//162
f 537//166 548//167 547//165 536//164
f 538//168 549//169 548//167 537//166
f 539//170 550//171 549//169 538//168
f 540//172 551//173 550//171 539//170
f 542//153 553//174 552//175 541//154
f 543//157 554//176 553//174 542//153
f 544//159 555//177 554//176 543//157
f 545//161 556//178 555//177 544//159
f 546//163 557//179 556//178 545//161
f 547//165 558//180 557//179 546//163
f 548//167 559//181 558//180 547//165
f 549//169 560//182 559//181 548//167
f 550//171 561//183 560//182 549//169
f 551//173 562//184 561//183 550//171
f 553//174 564//185 563//186 552//175
f 554//176 565//187 564//185 553//174
f 555//177 566//188 565//187 554//176
f 556//178 567//189 566//188 555//177
f 557//179 568//190 567//189 556//178
f 558//180 569//191 568//190 557//179
f 559//181 570//192 569//191 558//180
f 560//182 571//193 570//192 559//181
f 561//183 572//194 571//193 560//182
f 562//184 573//195 572//194 561//183
f 564//185 575//196 574//197 563//186
f 565//187 576//198 575//196 564//185
f 566//188 577//199 576//198 565//187
f 567//189 578//200 577//199 566//188
f 568//190 579//201 578//200 567//189
f 569//191 580//202 579//201 568//190
f 570//192 581//203 580//202 569//191
f 571//193 582//204 581//203 570//192
f 572//194 583//205 582//204 571//193
f 573//195 584//206 583//205 572//194
f 575//196 586//207 585//208 574//197
f 576//198 587//209 586//207 575//196
f 577//199 588//210 587//209 576//198
f 578//200 589//211 588//210 577//199
f 579//201 590//212 589//211 578//200
f 580//202 591//213 590//212 579//201
f 581//203 592//214 591//213 580//202
f 582//204 593//215 592//214 581//203
f 583//205 594//216 593//215 582//204
f 584//206 595//217 594//216 583//205
f 586//207 597//218 596//219 585//208
f 587//209 598//220 597//218 586//207
f 588//210 599//221 598//220 587//209
f 589//211 600//222 599//221 588//210
f 590//212 601//223 600//222 589//211
f 591//213 602//224 601//223 590//212
f 592//214 603//225 602//224 591//213
f 593//215 604//226 603//225 592//214
f 594//216 605//227 604//226 593//215
f 595//217 606//228 605//227 594//216
f 597//218 608//229 607//230 596//219
f 598//220 609//231 608//229 597//218
f 599//221 610//232 609//231 598//220
f 600//222 611//233 610//232 599//221
f 601//223 612//234 611//233 600//222
f 602//224 613//235 612//234 601//223
f 603//225 614//236 613//235 602//224
f 604//226 615//237 614//236 603//225
f 605//227 616//238 615//237 604//226
f 606//228 617//239 616//238 605//227
f 608//229 619//240 618//241 607//230
f 609//231 620//242 619//240 608//229
f 610//232 621//243 620//242 609//231
f 611//233 622//244 621//243 610//232
f 612//234 623//245 622//244 611//233
f 613//235 624//246 623//245 612//234
f 614//236 625//247 624//246 613//235
f 615//237 626//248 625//247 614//236
f 616//238 627//249 626//248 615//237
f 617//239 628//250 627//249 616//238
f 619//240 630//251 629//252 618//241
f 620//242 631//253 630//251 619//240
f 621//243 632//254 631//253 620//242
f 622//244 633//255 632//254 621//243
f 623//245 634//256 633//255 622//244
f 624//246 635//257 634//256 623//245
f 625//247 636//258 635//257 624//246
f 626//248 637//259 636//258 625//247
f 627//249 638//260 637//259 626//248
f 628//250 639//261 638//260 627//249
f 630//251 641//262 640//263 629//252
f 631//253 642//264 641//262 630//251
f 632//254 643//265 642//264 631//253
f 633//255 644//266 643//265 632//254
f 634//256 645//267 644//266 633//255
f 635//257 646//268 645//267 634//256
f 636//258 647//269 646//268 635//257
f 637//259 648//270 647//269 636//258
f 638//260 649//271 648//270 637//259
f 639//261 650//272 649//271 638//260
f 641//262 652//273 651//274 640//263
f 642//264 653//275 652//273 641//262
f 643//265 654//276 653//275 642//264
f 644//266 655//277 654//276 643//265
f 645//267 656//278 655//277 644//266
f 646//268 657//279 656//278 645//267
f 647//269 658//280 657//279 646//268
f 648//270 659//281 658//280 647//269
f 649//271 660//282 659//281 648//270
f 650//272 661//283 660//282 649//271
f 652//273 663//284 662//285 651//274
f 653//275 664//286 663//284 652//273
f 654//276 665//287 664//286 653//275
f 655//277 666//288 665//287 654//276
f 656//278 667//289 666//288 655//277
f 657//279 668//290 667//289 656//278
f 658//280 669//291 668//290 657//279
f 659//281 670//292 669//291 658//280
f 660//282 671//293 670//292 659//281
f 661//283 672//294 671//293 660//282
f 663//284 674//295 673//296 662//285
f 664//286 675//297 674//295 663//284
f 665//287 676//298 675//297 664//286
f 666//288 677//299 676//298 665//287
f 667//289 678//300 677//299 666//288
f 668//290 679//301 678//300 667//289
f 669//291 680//302 679//301 668//290
f 670//292 681//303 680//302 669//291
f 671//293 682//304 681//303 670//292
f 672//294 683//305 682//304 671//293
f 674//295 685//306 684//307 673//296
f 675//297 686//308 685//306 674//295
f 676//298 687//309 686//308 675//297
f 677//299 688//310 687//309 676//298
f 678//300 689//311 688//310 677//299
f 679//301 690//312 689//311 678//300
f 680//302 691//313 690//312 679//301
f 681//303 692//314 691//313 680//302
f 682//304 693//315 692//314 681//303
f 683//305 694//316 693//315 682//304
f 685//306 696//317 695//318 684//307
f 686//308 697//319 696//317 685//306
f 687//309 698//320 697//319 686//308
f 688//310 699//321 698//320 687//309
f 689//311 700//322 699//321 688//310
f 690//312 701//323 700//322 689//311
f 691//313 702//324 701//323 690//312
f 692//314 703//325 702//324 691//313
f 693//315 704//326 703//325 692//314
f 694//316 705//327 704//326 693//315
f 696//317 707//328 706//329 695//318
f 697//319 708//330 707//328 696//317
f 698//320 709//331 708//330 697//319
f 699//321 710//332 709//331 698//320
f 700//322 711//333 710//332 699//321
f 701//323 712//334 711//333 700//322
f 702//324 713//335 712//334 701//323
f 703//325 714//336 713//335 702//324
f 704//326 715//337 714//336 703//325
f 705//327 716//338 715//337 704//326
f 707//328 718//339 717//340 706//329
f 708//330 719//341 718//339 707//328
f 709//331 720//342 719//341 708//330
f 710//332 721//343 720//342 709//331
f 711//333 722//344 721//343 710//332
f 712//334 723//345 722//344 711//333
f 713//335 724//346 723//345 712//334
f 714//336 725//347 724//346 713//335
f 715//337 726//348 725//347 714//336
f 716//338 727//349 726//348 715//337
f 718//339 729//350 728//351 717//340
f 719//341 730//352 729//350 718//339
f 720//342 731//353 730//352 719//341
f 721//343 732//354 731//353 720//342
f 722//344 733//355 732//354 721//343
f 723//345 734//356 733//355 722//344
f 724//346 735//357 734//356 723//345
f 725//347 736//358 735//357 724//346
f 726//348 737//359 736//358 725//347
f 727//349 738//360 737//359 726//348
f 729//350 740//361 739//362 728//351
f 730//352 741//363 740//361 729//350
f 731//353 742//364 741//363 730//352
f 732//354 743//365 742//364 731//353
f 733//355 744//366 743//365 732//354
f 734//356 745//367 744//366 733//355
f 735//357 746//368 745//367 734//356
f 736//358 747//369 746//368 735//357
f 737//359 748//370 747//369 736//358
f 738//360 749//371 748//370 737//359
f 740//361 751//372 750//373 739//362
f 741//363 752//374 751//372 740//361
f 742//364 753//375 752//374 741//363
f 743//365 754//376 753//375 742//364
f 744//366 755//377 754//376 743//365
f 745//367 756//378 755//377 744//366
f 746//368 757//379 756//378 745//367
f 747//369 758//380 757//379 746//368
f 748//370 759//381 758//380 747//369
f 749//371 760//382 759//381 748//370
f 751//372 762//383 761//384 750//373
f 752//374 763//385 762//383 751//372
f 753//375 764//386 763//385 752//374
f 754//376 765//387 764//386 753//375
f 755//377 766//388 765//387 754//376
f 756//378 767//389 766//388 755//377
f 757//379 768//390 767//389 756//378
f 758//380 769//391 768//390 757//379
f 759//381 770//392 769//391 758//380
f 760//382 771//393 770//392 759//381
f 762//383 773//394 772//395 761//384
f 763//385 774//396 773//394 762//383
f 764//386 775//397 774//396 763//385
f 765//387 776//398 775//397 764//386
f 766//388 777//399 776//398 765//387
f 767//389 778//400 777//399 766//388
f 768//390 779//401 778//400 767//389
f 769//391 780//402 779//401 768//390
f 770//392 781//403 780//402 769//391
f 771//393 782//404 781//403 770//392
f 773//394 784//405 783//406 772//395
f 774//396 785//407 784//405 773//394
f 775//397 786//408 785//407 774//396
f 776//398 787//409 786//408 775//397
f 777//399 788//410 787//409 776//398
f 778//400 789//411 788//410 777//399
f 779//401 790//412 789//411 778//400
f 780//402 791//413 790//412 779//401
f 781//403 792//414 791//413 780//402
f 782//404 793//415 792//414 781//403
f 784//405 795//416 794//417 783//406
f 785//407 796//418 795//416 784//405
f 786//408 797//419 796//418 785//407
f 787//409 798//420 797//419 786//408
f 788//410 799//421 798//420 787//409
f 789//411 800//422 799//421 788//410
f 790//412 801//423 800//422 789//411
f 791//413 802//424 801//423 790//412
f 792//414 803//425 802//424 791//413
f 793//415 804//426 803//425 792//414
f 805//427 806//428 386//22 375//21
f 806//428 807//429 397//33 386//22
f 807//429 808//430 408//44 397//33
f 808//430 809//431 419//55 408//44
f 809//431 810//432 430//66 419//55
f 810//432 811//432 441//66 430//66
f 811//432 812//432 452//66 441//66
f 812//432 813//433 463//85 452//66
f 813//433 814//434 474//96 463//85
f 814//434 815//435 485//107 474//96
f 815//435 816//436 496//118 485//107
f 816//436 817//437 507//129 496//118
f 817//437 818//438 518//140 507//129
f 818//438 819//439 529//151 518//140
f 820//440 821//441 551//173 540//172
f 821//441 822//442 562//184 551//173
f 822//442 823//443 573//195 562//184
f 823//443 824//444 584//206 573//195
f 824//444 825//445 595//217 584//206
f 825//445 826//446 606//228 595//217
f 826//446 827//447 617//239 606//228
f 827//447 828//448 628//250 617//239
f 828//448 829//449 639//261 628//250
f 829//449 830//450 650//272 639//261
f 830//450 831//451 661//283 650//272
f 831//451 832//452 672//294 661//283
f 832//452 833//453 683//305 672//294
f 833//453 834//454 694//316 683//305
f 834//454 835//455 705//327 694//316
f 835//455 836//456 716//338 705//327
f 836//456 837//457 727//349 716//338
f 837//457 838//458 738//360 727//349
f 838//458 839//459 749//371 738//360
f 839//459 840//460 760//382 749//371
f 840//460 841//461 771//393 760//382
f 841//461 842//462 782//404 771//393
f 842//462 843//463 793//415 782//404
f 843//463 844//464 804//426 793//415
f 365//4 376//3 846//465 845//466
f 376//3 387//24 847//467 846//465
f 387//24 398//35 848//468 847//467
f 398//35 409//46 849//469 848//468
f 409//46 420//57 850//470 849//469
f 420//57 431//57 851//470 850//470
f 431//57 442//57 852//470 851//470
f 442//57 453//76 853//471 852//470
f 453//76 464//87 854//472 853//471
f 464//87 475//98 855//473 854//472
f 475//98 486//109 856//474 855//473
f 486//109 497//120 857//475 856//474
f 497//120 508//131 858//476 857//475
f 508//131 519//142 859//477 858//476
f 530//155 541//154 861//478 860//479
f 541//154 552//175 862//480 861//478
f 552//175 563//186 863//481 862//480
f 563//186 574//197 864//482 863//481
f 574//197 585//208 865//483 864//482
f 585//208 596//219 866//484 865//483
f 596//219 607//230 867//485 866//484
f 607//230 618//241 868//486 867//485
f 618//241 629//252 869//487 868//486
f 629//252 640//263 870//488 869//487
f 640//263 651//274 871//489 870//488
f 651//274 662//285 872//490 871//489
f 662//285 673//296 873//491 872//490
f 673//296 684//307 874//492 873//491
f 684//307 695//318 875//493 874//492
f 695//318 706//329 876//494 875//493
f 706//329 717//340 877//495 876//494
f 717//340 728//351 878//496 877//495
f 728//351 739//362 879//497 878//496
f 739//362 750//373 880//498 879//497
f 750//373 761//384 881//499 880//498
f 761//384 772//395 882//500 881//499
f 772//395 783//406 883//501 882//500
f 783//406 794//417 884//502 883//501
f 885//503 894//504 806//428 805//427
f 886//505 895//506 894//504 885//503
f 887//507 896//508 895//506 886//505
f 888//509 897//510 896//508 887//507
f 889//511 898//512 897//510 888//509
f 890//513 899//514 898//512 889//511
f 891//515 900//516 899//514 890//513
f 892//517 901//518 900//516 891//515
f 893//519 902//520 901//518 892//517
f 845//466 846//465 902//520 893//519
f 894//504 903//521 807//429 806//428
f 895//506 904//522 903//521 894//504
f 896//508 905//523 904//522 895//506
f 897//510 906//524 905//523 896//508
f 898//512 907//525 906//524 897//510
f 899//514 908//526 907//525 898//512
f 900//516 909//527 908//526 899//514
f 901//518 910//528 909//527 900//516
f 902//520 911//529 910//528 901//518
f 846//465 847//467 911//529 902//520
f 903//521 912//530 808//430 807//429
f 904//522 913//531 912//530 903//521
f 905//523 914//532 913//531 904//522
f 906//524 915//533 914//532 905//523
f 907//525 916//534 915//533 906//524
f 908//526 917//535 916//534 907//525
f 909//527 918//536 917//535 908//526
f 910//528 919//537 918//536 909//527
f 911//529 920//538 919//537 910//528
f 847//467 848//468 920//538 911//529
f 912//530 921//539 809//431 808//430
f 913//531 922//540 921//539 912//530
f 914//532 923//541 922//540 913//531
f 915//533 924//542 923//541 914//532
f 916//534 925//543 924//542 915//533
f 917//535 926//544 925//543 916//534
f 918//536 927//545 926//544 917//535
f 919//537 928//546 927//545 918//536
f 920//538 929//547 928//546 919//537
f 848//468 849//469 929//547 920//538
f 921//539 930//548 810//432 809//431
f 922//540 931//549 930//548 921//539
f 923//541 932//550 931//549 922//540
f 924//542 933//551 932//550 923//541
f 925//543 934//552 933//551 924//542
f 926//544 935//553 934//552 925//543
f 927//545 936//554 935//553 926//544
f 928//546 937//555 936//554 927//545
f 929//547 938//556 937//555 928//546
f 849//469 850//470 938//556 929//547
f 930//548 939//557 811//432 810//432
f 931//549 940//558 939//557 930//548
f 932//550 941//559 940//558 931//549
f 933//551 942//560 941//559 932//550
f 934//552 943//561 942//560 933//551
f 935//553 944//553 943//561 934//552
f 936//554 945//562 944//553 935//553
f 937//555 946//563 945//562 936//554
f 938//556 947//564 946//563 937//555
f 850//470 851//470 947//564 938//556
f 939//557 948//548 812//432 811//432
f 940//558 949//549 948//548 939//557
f 941//559 950//550 949//549 940//558
f 942//560 951//551 950//550 941//559
f 943//561 952//552 951//551 942//560
f 944//553 953//553 952//552 943//561
f 945//562 954//554 953//553 944//553
f 946//563 955//555 954//554 945//562
f 947//564 956//556 955//555 946//563
f 851//470 852//470 956//556 947//564
f 948//548 957//565 813//433 812//432
f 949//549 958//566 957//565 948//548
f 950//550 959//567 958//566 949//549
f 951//551 960//568 959//567 950//550
f 952//552 961//569 960//568 951//551
f 953//553 962//570 961//569 952//552
f 954//554 963//571 962//570 953//553
f 955//555 964//572 963//571 954//554
f 956//556 965//573 964//572 955//555
f 852//470 853//471 965//573 956//556
f 957//565 966//574 814//434 813//433
f 958//566 967//575 966//574 957//565
f 959//567 968//576 967//575 958//566
f 960//568 969//577 968//576 959//567
f 961//569 970//578 969//577 960//568
f 962//570 971//579 970//578 961//569
f 963//571 972//580 971//579 962//570
f 964//572 973//581 972//580 963//571
f 965//573 974//582 973//581 964//572
f 853//471 854//472 974//582 965//573
f 966//574 975//583 815//435 814//434
f 967//575 976//584 975//583 966//574
f 968//576 977//585 976//584 967//575
f 969//577 978//586 977//585 968//576
f 970//578 979//587 978//586 969//577
f 971//579 980//588 979//587 970//578
f 972//580 981//589 980//588 971//579
f 973//581 982//590 981//589 972//580
f 974//582 983//591 982//590 973//581
f 854//472 855//473 983//591 974//582
f 975//583 984//592 816//436 815//435
f 976//584 985//593 984//592 975//583
f 977//585 986//594 985//593 976//584
f 978//586 987//595 986//594 977//585
f 979//587 988//596 987//595 978//586
f 980//588 989//597 988//596 979//587
f 981//589 990//598 989//597 980//588
f 982//590 991//599 990//598 981//589
f 983//591 992//600 991//599 982//590
f 855//473 856//474 992//600 983//591
f 984//592 993//601 817//437 816//436
f 985//593 994//602 993//601 984//592
f 986//594 995//603 994//602 985//593
f 987//595 996//604 995//603 986//594
f 988//596 997//605 996//604 987//595
f 989//597 998//606 997//605 988//596
f 990//598 999//607 998//606 989//597
f 991//599 1000//608 999//607 990//598
f 992//600 1001//609 1000//608 991//599
f 856//474 857//475 1001//609 992//600
f 993//601 1002//610 818//438 817//437
f 994//602 1003//611 1002//610 993//601
f 995//603 1004//612 1003//611 994//602
f 996//604 1005//613 1004//612 995//603
f 997//605 1006//614 1005//613 996//604
f 998//606 1007//615 1006//614 997//605
f 999//607 1008//616 1007//615 998//606
f 1000//608 1009//617 1008//616 999//607
f 1001//609 1010//618 1009//617 1000//608
f 857//475 858//476 1010//618 1001//609
f 1002//610 1011//619 819//439 818//438
f 1003//611 1012//620 1011//619 1002//610
f 1004//612 1013//621 1012//620 1003//611
f 1005//613 1014//622 1013//621 1004//612
f 1006//614 1015//623 1014//622 1005//613
f 1007//615 1016//624 1015//623 1006//614
f 1008//616 1017//625 1016//624 1007//615
f 1009//617 1018//626 1017//625 1008//616
f 1010//618 1019//627 1018//626 1009//617
f 858//476 859//477 1019//627 1010//618
f 1020//628 1029//629 821//441 820//440
f 1021//630 1030//631 1029//629 1020//628
f 1022//632 1031//633 1030//631 1021//630
f 1023//634 1032//635 1031//633 1022//632
f 1024//636 1033//637 1032//635 1023//634
f 1025//638 1034//639 1033//637 1024//636
f 1026//640 1035//641 1034//639 1025//638
f 1027//642 1036//643 1035//641 1026//640
f 1028//644 1037//645 1036//643 1027//642
f 860//479 861//478 1037//645 1028//644
f 1029//629 1038//646 822//442 821//441
f 1030//631 1039//647 1038//646 1029//629
f 1031//633 1040//648 1039//647 1030//631
f 1032//635 1041//649 1040//648 1031//633
f 1033//637 1042//650 1041//649 1032//635
f 1034//639 1043//651 1042//650 1033//637
f 1035//641 1044//652 1043//651 1034//639
f 1036//643 1045//653 1044//652 1035//641
f 1037//645 1046//654 1045//653 1036//643
f 861//478 862//480 1046//654 1037//645
f 1038//646 1047//655 823//443 822//442
f 1039//647 1048//656 1047//655 1038//646
f 1040//648 1049//657 1048//656 1039//647
f 1041//649 1050//658 1049//657 1040//648
f 1042//650 1051//659 1050//658 1041//649
f 1043//651 1052//660 1051//659 1042//650
f 1044//652 1053//661 1052//660 1043//651
f 1045//653 1054//662 1053//661 1044//652
f 1046//654 1055//663 1054//662 1045//653
f 862//480 863//481 1055//663 1046//654
f 1047//655 1056//664 824//444 823//443
f 1048//656 1057//665 1056//664 1047//655
f 1049//657 1058//666 1057//665 1048//656
f 1050//658 1059//667 1058//666 1049//657
f 1051//659 1060//668 1059//667 1050//658
f 1052//660 1061//669 1060//668 1051//659
f 1053//661 1062//670 1061//669 1052//660
f 1054//662 1063//671 1062//670 1053//661
f 1055//663 1064//672 1063//671 1054//662
f 863//481 864//482 1064//672 1055//663
f 1056//664 1065//673 825//445 824//444
f 1057//665 1066//674 1065//673 1056//664
f 1058//666 1067//675 1066//674 1057//665
f 1059//667 1068//676 1067//675 1058//666
f 1060//668 1069//677 1068//676 1059//667
f 1061//669 1070//678 1069//677 1060//668
f 1062//670 1071//679 1070//678 1061//669
f 1063//671 1072//680 1071//679 1062//670
f 1064//672 1073//681 1072//680 1063//671
f 864//482 865//483 1073//681 1064//672
f 1065//673 1074//682 826//446 825//445
f 1066//674 1075//683 1074//682 1065//673
f 1067//675 1076//684 1075//683 1066//674
f 1068//676 1077//685 1076//684 1067//675
f 1069//677 1078//686 1077//685 1068//676
f 1070//678 1079//687 1078//686 1069//677
f 1071//679 1080//688 1079//687 1070//678
f 1072//680 1081//689 1080//688 1071//679
f 1073//681 1082//690 1081//689 1072//680
f 865//483 866//484 1082//690 1073//681
f 1074//682 1083//691 827//447 826//446
f 1075//683 1084//692 1083//691 1074//682
f 1076//684 1085//693 1084//692 1075//683
f 1077//685 1086//694 1085//693 1076//684
f 1078//686 1087//695 1086//694 1077//685
f 1079//687 1088//696 1087//695 1078//686
f 1080//688 1089//697 1088//696 1079//687
f 1081//689 1090//698 1089//697 1080//688
f 1082//690 1091//699 1090//698 1081//689
f 866//484 867//485 1091//699 1082//690
f 1083//691 1092//700 828//448 827//447
f 1084//692 1093//701 1092//700 1083//691
f 1085//693 1094//702 1093//701 1084//692
f 1086//694 1095//703 1094//702 1085//693
f 1087//695 1096//704 1095//703 1086//694
f 1088//696 1097//705 1096//704 1087//695
f 1089//697 1098//706 1097//705 1088//696
f 1090//698 1099//707 1098//706 1089//697
f 1091//699 1100//708 1099//707 1090//698
f 867//485 868//486 1100//708 1091//699
f 1092//700 1101//709 829//449 828//448
f 1093//701 1102//710 1101//709 1092//700
f 1094//702 1103//711 1102//710 1093//701
f 1095//703 1104//712 1103//711 1094//702
f 1096//704 1105//713 1104//712 1095//703
f 1097//705 1106//714 1105//713 1096//704
f 1098//706 1107//715 1106//714 1097//705
f 1099//707 1108//716 1107//715 1098//706
f 1100//708 1109//717 1108//716 1099//707
f 868//486 869//487 1109//717 1100//708
f 1101//709 1110//718 830//450 829//449
f 1102//710 1111//719 1110//718 1101//709
f 1103//711 1112//720 1111//719 1102//710
f 1104//712 1113//721 1112//720 1103//711
f 1105//713 1114//722 1113//721 1104//712
f 1106//714 1115//723 1114//722 1105//713
f 1107//715 1116//724 1115//723 1106//714
f 1108//716 1117//725 1116//724 1107//715
f 1109//717 1118//726 1117//725 1108//716
f 869//487 870//488 1118//726 1109//717
f 1110//718 1119//727 831//451 830//450
f 1111//719 1120//728 1119//727 1110//718
f 1112//720 1121//729 1120//728 1111//719
f 1113//721 1122//730 1121//729 1112//720
f 1114//722 1123//731 1122//730 1113//721
f 1115//723 1124//732 1123//731 1114//722
f 1116//724 1125//733 1124//732 1115//723
f 1117//725 1126//734 1125//733 1116//724
f 1118//726 1127//735 1126//734 1117//725
f 870//488 871//489 1127//735 1118//726
f 1119//727 1128//736 832//452 831//451
f 1120//728 1129//737 1128//736 1119//727
f 1121//729 1130//738 1129//737 1120//728
f 1122//730 1131//739 1130//738 1121//729
f 1123//731 1132//740 1131//739 1122//730
f 1124//732 1133//741 1132//740 1123//731
f 1125//733 1134//742 1133//741 1124//732
f 1126//734 1135//743 1134//742 1125//733
f 1127//735 1136//744 1135//743 1126//734
f 871//489 872//490 1136//744 1127//735
f 1128//736 1137//745 833//453 832//452
f 1129//737 1138//746 1137//745 1128//736
f 1130//738 1139//747 1138//746 1129//737
f 1131//739 1140//748 1139//747 1130//738
f 1132//740 1141//749 1140//748 1131//739
f 1133//741 1142//750 1141//749 1132//740
f 1134//742 1143//751 1142//750 1133//741
f 1135//743 1144//752 1143//751 1134//742
f 1136//744 1145//753 1144//752 1135//743
f 872//490 873//491 1145//753 1136//744
f 1137//745 1146//754 834//454 833//453
f 1138//746 1147//755 1146//754 1137//745
f 1139//747 1148//756 1147//755 1138//746
f 1140//748 1149//757 1148//756 1139//747
f 1141//749 1150//758 1149//757 1140//748
f 1142//750 1151//759 1150//758 1141//749
f 1143//751 1152//760 1151//759 1142//750
f 1144//752 1153//761 1152//760 1143//751
f 1145//753 1154//762 1153//761 1144//752
f 873//491 874//492 1154//762 1145//753
f 1146//754 1155//763 835//455 834//454
f 1147//755 1156//764 1155//763 1146//754
f 1148//756 1157//765 1156//764 1147//755
f 1149//757 1158//766 1157//765 1148//756
f 1150//758 1159//767 1158//766 1149//757
f 1151//759 1160//768 1159//767 1150//758
f 1152//760 1161//769 1160//768 1151//759
f 1153//761 1162//770 1161//769 1152//760
f 1154//762 1163//771 1162//770 1153//761
f 874//492 875//493 1163//771 1154//762
f 1155//763 1164//772 836//456 835//455
f 1156//764 1165//773 1164//772 1155//763
f 1157//765 1166//774 1165//773 1156//764
f 1158//766 1167//775 1166//774 1157//765
f 1159//767 1168//776 1167//775 1158//766
f 1160//768 1169//777 1168//776 1159//767
f 1161//769 1170//778 1169//777 1160//768
f 1162//770 1171//779 1170//778 1161//769
f 1163//771 1172//780 1171//779 1162//770
f 875//493 876//494 1172//780 1163//771
f 1164//772 1173//781 837//457 836//456
f 1165//773 1174//782 1173//781 1164//772
f 1166//774 1175//783 1174//782 1165//773
f 1167//775 1176//784 1175//783 1166//774
f 1168//776 1177//785 1176//784 1167//775
f 1169//777 1178//786 1177//785 1168//776
f 1170//778 1179//787 1178//786 1169//777
f 1171//779 1180//788 1179//787 1170//778
f 1172//780 1181//789 1180//788 1171//779
f 876//494 877//495 1181//789 1172//780
f 1173//781 1182//790 838//458 837//457
f 1174//782 1183//791 1182//790 1173//781
f 1175//783 1184//792 1183//791 1174//782
f 1176//784 1185//793 1184//792 1175//783
f 1177//785 1186//794 1185//793 1176//784
f 1178//786 1187//795 1186//794 1177//785
f 1179//787 1188//796 1187//795 1178//786
f 1180//788 1189//797 1188//796 1179//787
f 1181//789 1190//798 1189//797 1180//788
f 877//495 878//496 1190//798 1181//789
f 1182//790 1191//799 839//459 838//458
f 1183//791 1192//800 1191//799 1182//790
f 1184//792 1193//801 1192//800 1183//791
f 1185//793 1194//802 1193//801 1184//792
f 1186//794 1195//803 1194//802 1185//793
f 1187//795 1196//804 1195//803 1186//794
f 1188//796 1197//805 1196//804 1187//795
f 1189//797 1198//806 1197//805 1188//796
f 1190//798 1199//807 1198//806 1189//797
f 878//496 879//497 1199//807 1190//798
f 1191//799 1200//808 840//460 839//459
f 1192//800 1201//809 1200//808 1191//799
f 1193//801 1202//810 1201//809 1192//800
f 1194//802 1203//811 1202//810 1193//801
f 1195//803 1204//812 1203//811 1194//802
f 1196//804 1205//813 1204//812 1195//803
f 1197//805 1206//814 1205//813 1196//804
f 1198//806 1207//815 1206//814 1197//805
f 1199//807 1208//816 1207//815 1198//806
f 879//497 880//498 1208//816 1199//807
f 1200//808 1209//817 841//461 840//460
f 1201//809 1210//818 1209//817 1200//808
f 1202//810 1211//819 1210//818 1201//809
f 1203//811 1212//820 1211//819 1202//810
f 1204//812 1213//821 1212//820 1203//811
f 1205//813 1214//822 1213//821 1204//812
f 1206//814 1215//823 1214//822 1205//813
f 1207//815 1216//824 1215//823 1206//814
f 1208//816 1217//825 1216//824 1207//815
f 880//498 881//499 1217//825 1208//816
f 1209//817 1218//826 842//462 841//461
f 1210//818 1219//827 1218//826 1209//817
f 1211//819 1220//828 1219//827 1210//818
f 1212//820 1221//829 1220//828 1211//819
f 1213//821 1222//830 1221//829 1212//820
f 1214//822 1223//831 1222//830 1213//821
f 1215//823 1224//832 1223//831 1214//822
f 1216//824 1225//833 1224//832 1215//823
f 1217//825 1226//834 1225//833 1216//824
f 881//499 882//500 1226//834 1217//825
f 1218//826 1227//835 843//463 842//462
f 1219//827 1228//836 1227//835 1218//826
f 1220//828 1229//837 1228//836 1219//827
f 1221//829 1230//838 1229//837 1220//828
f 1222//830 1231//839 1230//838 1221//829
f 1223//831 1232//840 1231//839 1222//830
f 1224//832 1233//841 1232//840 1223//831
f 1225//833 1234//842 1233//841 1224//832
f 1226//834 1235//843 1234//842 1225//833
f 882//500 883//501 1235//843 1226//834
f 1227//835 1236//844 844//464 843//463
f 1228//836 1237//845 1236//844 1227//835
f 1229//837 1238//846 1237//845 1228//836
f 1230//838 1239//847 1238//846 1229//837
f 1231//839 1240//848 1239//847 1230//838
f 1232//840 1241//849 1240//848 1231//839
f 1233//841 1242//850 1241//849 1232//840
f 1234//842 1243//851 1242//850 1233//841
f 1235//843 1244//852 1243//851 1234//842
f 883//501 884//502 1244//852 1235//843
f 1246//853 1257//854 1256//855 1245//856
f 1247//857 1258//858 1257//854 1246//853
f 1248//859 1259//860 1258//858 1247//857
f 1249//861 1260//862 1259//860 1248//859
f 1250//863 1261//864 1260//862 1249//861
f 1251//865 1262//866 1261//864 1250//863
f 1252//867 1263//868 1262//866 1251//865
f 1253//869 1264//870 1263//868 1252//867
f 1254//871 1265//872 1264//870 1253//869
f 1255//873 1266//874 1265//872 1254//871
f 1257//854 1268//875 1267//876 1256//855
f 1258//858 1269//877 1268//875 1257//854
f 1259//860 1270//878 1269//877 1258//858
f 1260//862 1271//879 1270//878 1259//860
f 1261//864 1272//880 1271//879 1260//862
f 1262//866 1273//881 1272//880 1261//864
f 1263//868 1274//882 1273//881 1262//866
f 1264//870 1275//883 1274//882 1263//868
f 1265//872 1276//884 1275//883 1264//870
f 1266//874 1277//885 1276//884 1265//872
f 1268//875 1279//886 1278//887 1267//876
f 1269//877 1280//888 1279//886 1268//875
f 1270//878 1281//889 1280//888 1269//877
f 1271//879 1282//890 1281//889 1270//878
f 1272//880 1283//891 1282//890 1271//879
f 1273//881 1284//892 1283//891 1272//880
f 1274//882 1285//893 1284//892 1273//881
f 1275//883 1286//894 1285//893 1274//882
f 1276//884 1287//895 1286//894 1275//883
f 1277//885 1288//896 1287//895 1276//884
f 1279//886 1290//897 1289//898 1278//887
f 1280//888 1291//899 1290//897 1279//886
f 1281//889 1292//900 1291//899 1280//888
f 1282//890 1293//901 1292//900 1281//889
f 1283//891 1294//863 1293//901 1282//890
f 1284//892 1295//902 1294//863 1283//891
f 1285//893 1296//903 1295//902 1284//892
f 1286//894 1297//904 1296//903 1285//893
f 1287//895 1298//905 1297//904 1286//894
f 1288//896 1299//906 1298//905 1287//895
f 1300//907 1301//908 1266//874 1255//873
f 1301//908 1302//909 1277//885 1266//874
f 1302//909 1303//910 1288//896 1277//885
f 1303//910 1304//911 1299//906 1288//896
f 1245//856 1256//855 1306//912 1305//913
f 1256//855 1267//876 1307//914 1306//912
f 1267//876 1278//887 1308//915 1307//914
f 1278//887 1289//898 1309//916 1308//915
f 1310//917 1319//918 1301//908 1300//907
f 1311//919 1320//920 1319//918 1310//917
f 1312//921 1321//922 1320//920 1311//919
f 1313//923 1322//924 1321//922 1312//921
f 1314//925 1323//926 1322//924 1313//923
f 1315//927 1324//928 1323//926 1314//925
f 1316//929 1325//930 1324//928 1315//927
f 1317//931 1326//932 1325//930 1316//929
f 1318//933 1327//934 1326//932 1317//931
f 1305//913 1306//912 1327//934 1318//933
f 1319//918 1328//935 1302//909 1301//908
f 1320//920 1329//936 1328//935 1319//918
f 1321//922 1330//937 1329//936 1320//920
f 1322//924 1331//938 1330//937 1321//922
f 1323//926 1332//939 1331//938 1322//924
f 1324//928 1333//940 1332//939 1323//926
f 1325//930 1334//941 1333//940 1324//928
f 1326//932 1335//942 1334//941 1325//930
f 1327//934 1336//943 1335//942 1326//932
f 1306//912 1307//914 1336//943 1327//934
f 1328//935 1337//944 1303//910 1302//909
f 1329//936 1338//945 1337//944 1328//935
f 1330//937 1339//946 1338//945 1329//936
f 1331//938 1340//947 1339//946 1330//937
f 1332//939 1341//948 1340//947 1331//938
f 1333//940 1342//949 1341//948 1332//939
f 1334//941 1343//950 1342//949 1333//940
f 1335//942 1344//951 1343//950 1334//941
f 1336//943 1345//952 1344//951 1335//942
f 1307//914 1308//915 1345//952 1336//943
f 1337//944 1346//953 1304//911 1303//910
f 1338//945 1347//954 1346//953 1337//944
f 1339//946 1348//955 1347//954 1338//945
f 1340//947 1349//956 1348//955 1339//946
f 1341//948 1350//925 1349//956 1340//947
f 1342//949 1351//957 1350//925 1341//948
f 1343//950 1352//958 1351//957 1342//949
f 1344//951 1353//959 1352//958 1343//950
f 1345//952 1354//960 1353//959 1344//951
f 1308//915 1309//916 1354//960 1345//952
f 1356//961 1355//962 1366//963 1367//964
f 1357//965 1356//961 1367//964 1368//966
f 1358//967 1357//965 1368//966 1369//968
f 1359//969 1358//967 1369//968 1370//970
f 1360//971 1359//969 1370//970 1371//972
f 1361//973 1360//971 1371//972 1372//974
f 1362//975 1361//973 1372//974 1373//976
f 1363//977 1362//975 1373//976 1374//978
f 1364//979 1363//977 1374//978 1375//980
f 1365//981 1364//979 1375//980 1376//982
f 1367//964 1366//963 1377//983 1378//984
f 1368//966 1367//964 1378//984 1379//985
f 1369//968 1368//966 1379//985 1380//986
f 1370//970 1369//968 1380//986 1381//987
f 1371//972 1370//970 1381//987 1382//988
f 1372//974 1371//972 1382//988 1383//989
f 1373//976 1372//974 1383//989 1384//990
f 1374//978 1373//976 1384//990 1385//991
f 1375//980 1374//978 1385//991 1386//992
f 1376//982 1375//980 1386//992 1387//993
f 1378//984 1377//983 1388//994 1389//995
f 1379//985 1378//984 1389//995 1390//996
f 1380//986 1379//985 1390//996 1391//997
f 1381//987 1380//986 1391//997 1392//998
f 1382//988 1381//987 1392//998 1393//999
f 1383//989 1382//988 1393//999 1394//1000
f 1384//990 1383//989 1394//1000 1395//1001
f 1385//991 1384//990 1395//1001 1396//1002
f 1386//992 1385//991 1396//1002 1397//1003
f 1387//993 1386//992 1397//1003 1398//1004
f 1389//995 1388//994 1399//1005 1400//1006
f 1390//996 1389//995 1400//1006 1401//1007
f 1391//997 1390//996 1401//1007 1402//1008
f 1392//998 1391//997 1402//1008 1403//1009
f 1393//999 1392//998 1403//1009 1404//1010
f 1394//1000 1393//999 1404//1010 1405//1011
f 1395//1001 1394//1000 1405//1011 1406//1012
f 1396//1002 1395//1001 1406//1012 1407//1013
f 1397//1003 1396//1002 1407//1013 1408//1014
f 1398//1004 1397//1003 1408//1014 1409//1015
f 1400//1006 1399//1005 1410//1016 1411//1017
f 1401//1007 1400//1006 1411//1017 1412//1018
f 1402//1008 1401//1007 1412//1018 1413//1019
f 1403//1009 1402//1008 1413//1019 1414//1020
f 1404//1010 1403//1009 1414//1020 1415//1021
f 1405//1011 1404//1010 1415//1021 1416//1022
f 1406//1012 1405//1011 1416//1022 1417//1023
f 1407//1013 1406//1012 1417//1023 1418//1024
f 1408//1014 1407//1013 1418//1024 1419//1025
f 1409//1015 1408//1014 1419//1025 1420//1026
f 1411//1017 1410//1016 1421//1016 1422//1027
f 1412//1018 1411//1017 1422//1027 1423//1028
f 1413//1019 1412//1018 1423//1028 1424//1029
f 1414//1020 1413//1019 1424//1029 1425//1030
f 1415//1021 1414//1020 1425//1030 1426//1031
f 1416//1022 1415//1021 1426//1031 1427//1022
f 1417//1023 1416//1022 1427//1022 1428//1032
f 1418//1024 1417//1023 1428//1032 1429//1033
f 1419//1025 1418//1024 1429//1033 1430//1034
f 1420//1026 1419//1025 1430//1034 1431//1026
f 1422//1027 1421//1016 1432//1016 1433//1017
f 1423//1028 1422//1027 1433//1017 1434//1018
f 1424//1029 1423//1028 1434//1018 1435//1019
f 1425//1030 1424//1029 1435//1019 1436//1020
f 1426//1031 1425//1030 1436//1020 1437//1021
f 1427//1022 1426//1031 1437//1021 1438//1022
f 1428//1032 1427//1022 1438//1022 1439//1023
f 1429//1033 1428//1032 1439//1023 1440//1024
f 1430//1034 1429//1033 1440//1024 1441//1025
f 1431//1026 1430//1034 1441//1025 1442//1026
f 1433//1017 1432//1016 1443//1035 1444//1036
f 1434//1018 1433//1017 1444//1036 1445//1037
f 1435//1019 1434//1018 1445//1037 1446//1038
f 1436//1020 1435//1019 1446//1038 1447//1039
f 1437//1021 1436//1020 1447//1039 1448//1040
f 1438//1022 1437//1021 1448//1040 1449//1041
f 1439//1023 1438//1022 1449//1041 1450//1042
f 1440//1024 1439//1023 1450//1042 1451//1043
f 1441//1025 1440//1024 1451//1043 1452//1044
f 1442//1026 1441//1025 1452//1044 1453//1045
f 1444//1036 1443//1035 1454//1046 1455//1047
f 1445//1037 1444//1036 1455//1047 1456//1048
f 1446//1038 1445//1037 1456//1048 1457//1049
f 1447//1039 1446//1038 1457//1049 1458//1050
f 1448//1040 1447//1039 1458//1050 1459//1051
f 1449//1041 1448//1040 1459//1051 1460//1052
f 1450//1042 1449//1041 1460//1052 1461//1053
f 1451//1043 1450//1042 1461//1053 1462//1054
f 1452//1044 1451//1043 1462//1054 1463//1055
f 1453//1045 1452//1044 1463//1055 1464//1056
f 1455//1047 1454//1046 1465//1057 1466//1058
f 1456//1048 1455//1047 1466//1058 1467//1059
f 1457//1049 1456//1048 1467//1059 1468//1060
f 1458//1050 1457//1049 1468//1060 1469//1061
f 1459//1051 1458//1050 1469//1061 1470//1062
f 1460//1052 1459//1051 1470//1062 1471//1063
f 1461//1053 1460//1052 1471//1063 1472//1064
f 1462//1054 1461//1053 1472//1064 1473//1065
f 1463//1055 1462//1054 1473//1065 1474//1066
f 1464//1056 1463//1055 1474//1066 1475//1067
f 1466//1058 1465//1057 1476//1068 1477//1069
f 1467//1059 1466//1058 1477//1069 1478//1070
f 1468//1060 1467//1059 1478//1070 1479//1071
f 1469//1061 1468//1060 1479//1071 1480//1072
f 1470//1062 1469//1061 1480//1072 1481//1073
f 1471//1063 1470//1062 1481//1073 1482//1074
f 1472//1064 1471//1063 1482//1074 1483//1075
f 1473//1065 1472//1064 1483//1075 1484//1076
f 1474//1066 1473//1065 1484//1076 1485//1077
f 1475//1067 1474//1066 1485//1077 1486//1078
f 1477//1069 1476//1068 1487//1079 1488//1080
f 1478//1070 1477//1069 1488//1080 1489//1081
f 1479//1071 1478//1070 1489//1081 1490//1082
f 1480//1072 1479//1071 1490//1082 1491//1083
f 1481//1073 1480//1072 1491//1083 1492//1084
f 1482//1074 1481//1073 1492//1084 1493//1085
f 1483//1075 1482//1074 1493//1085 1494//1086
f 1484//1076 1483//1075 1494//1086 1495//1087
f 1485//1077 1484//1076 1495//1087 1496//1088
f 1486//1078 1485//1077 1496//1088 1497//1089
f 1488//1080 1487//1079 1498//1090 1499//1091
f 1489//1081 1488//1080 1499//1091 1500//1092
f 1490//1082 1489//1081 1500//1092 1501//1093
f 1491//1083 1490//1082 1501//1093 1502//1094
f 1492//1084 1491//1083 1502//1094 1503//1095
f 1493//1085 1492//1084 1503//1095 1504//1096
f 1494//1086 1493//1085 1504//1096 1505//1097
f 1495//1087 1494//1086 1505//1097 1506//1098
f 1496//1088 1495//1087 1506//1098 1507//1099
f 1497//1089 1496//1088 1507//1099 1508//1100
f 1499//1091 1498//1090 1509//1101 1510//1102
f 1500//1092 1499//1091 1510//1102 1511//1103
f 1501//1093 1500//1092 1511//1103 1512//1104
f 1502//1094 1501//1093 1512//1104 1513//1105
f 1503//1095 1502//1094 1513//1105 1514//1106
f 1504//1096 1503//1095 1514//1106 1515//1107
f 1505//1097 1504//1096 1515//1107 1516//1108
f 1506//1098 1505//1097 1516//1108 1517//1109
f 1507//1099 1506//1098 1517//1109 1518//1110
f 1508//1100 1507//1099 1518//1110 1519//1111
f 1521//1112 1520//1113 1531//1114 1532//1115
f 1522//1116 1521//1112 1532//1115 1533//1117
f 1523//1118 1522//1116 1533//1117 1534//1119
f 1524//1120 1523//1118 1534//1119 1535//1121
f 1525//1122 1524//1120 1535//1121 1536//1123
f 1526//1124 1525//1122 1536//1123 1537//1125
f 1527//1126 1526//1124 1537//1125 1538//1127
f 1528//1128 1527//1126 1538//1127 1539//1129
f 1529//1130 1528//1128 1539//1129 1540//1131
f 1530//1132 1529//1130 1540//1131 1541//1133
f 1532//1115 1531//1114 1542//1134 1543//1135
f 1533//1117 1532//1115 1543//1135 1544//1136
f 1534//1119 1533//1117 1544//1136 1545//1137
f 1535//1121 1534//1119 1545//1137 1546//1138
f 1536//1123 1535//1121 1546//1138 1547//1139
f 1537//1125 1536//1123 1547//1139 1548//1140
f 1538//1127 1537//1125 1548//1140 1549//1141
f 1539//1129 1538//1127 1549//1141 1550//1142
f 1540//1131 1539//1129 1550//1142 1551//1143
f 1541//1133 1540//1131 1551//1143 1552//1144
f 1543//1135 1542//1134 1553//1145 1554//1146
f 1544//1136 1543//1135 1554//1146 1555//1147
f 1545//1137 1544//1136 1555//1147 1556//1148
f 1546//1138 1545//1137 1556//1148 1557//1149
f 1547//1139 1546//1138 1557//1149 1558//1150
f 1548//1140 1547//1139 1558//1150 1559//1151
f 1549//1141 1548//1140 1559//1151 1560//1152
f 1550//1142 1549//1141 1560//1152 1561//1153
f 1551//1143 1550//1142 1561//1153 1562//1154
f 1552//1144 1551//1143 1562//1154 1563//1155
f 1554//1146 1553//1145 1564//1156 1565//1157
f 1555//1147 1554//1146 1565//1157 1566//1158
f 1556//1148 1555//1147 1566//1158 1567//1159
f 1557//1149 1556//1148 1567//1159 1568//1160
f 1558//1150 1557//1149 1568//1160 1569//1161
f 1559//1151 1558//1150 1569//1161 1570//1162
f 1560//1152 1559//1151 1570//1162 1571//1163
f 1561//1153 1560//1152 1571//1163 1572//1164
f 1562//1154 1561//1153 1572//1164 1573//1165
f 1563//1155 1562//1154 1573//1165 1574//1166
f 1565//1157 1564//1156 1575//1167 1576//1168
f 1566//1158 1565//1157 1576//1168 1577//1169
f 1567//1159 1566//1158 1577//1169 1578//1170
f 1568//1160 1567//1159 1578//1170 1579//1171
f 1569//1161 1568//1160 1579//1171 1580//1172
f 1570//1162 1569//1161 1580//1172 1581//1173
f 1571//1163 1570//1162 1581//1173 1582//1174
f 1572//1164 1571//1163 1582//1174 1583//1175
f 1573//1165 1572//1164 1583//1175 1584//1176
f 1574//1166 1573//1165 1584//1176 1585//1177
f 1576//1168 1575//1167 1586//1178 1587//1179
f 1577//1169 1576//1168 1587//1179 1588//1180
f 1578//1170 1577//1169 1588//1180 1589//1181
f 1579//1171 1578//1170 1589//1181 1590//1182
f 1580//1172 1579//1171 1590//1182 1591//1183
f 1581//1173 1580//1172 1591//1183 1592//1184
f 1582//1174 1581//1173 1592//1184 1593//1185
f 1583//1175 1582//1174 1593//1185 1594//1186
f 1584//1176 1583//1175 1594//1186 1595//1187
f 1585//1177 1584//1176 1595//1187 1596//1188
f 1587//1179 1586//1178 1597//1189 1598//1190
f 1588//1180 1587//1179 1598//1190 1599//1191
f 1589//1181 1588//1180 1599//1191 1600//1192
f 1590//1182 1589//1181 1600//1192 1601//1193
f 1591//1183 1590//1182 1601//1193 1602//1194
f 1592//1184 1591//1183 1602//1194 1603//1195
f 1593//1185 1592//1184 1603//1195 1604//1196
f 1594//1186 1593//1185 1604//1196 1605//1197
f 1595//1187 1594//1186 1605//1197 1606//1198
f 1596//1188 1595//1187 1606//1198 1607//1199
f 1598//1190 1597//1189 1608//1200 1609//1201
f 1599//1191 1598//1190 1609//1201 1610//1202
f 1600//1192 1599//1191 1610//1202 1611//1203
f 1601//1193 1600//1192 1611//1203 1612//1204
f 1602//1194 1601//1193 1612//1204 1613//1205
f 1603//1195 1602//1194 1613//1205 1614//1206
f 1604//1196 1603//1195 1614//1206 1615//1207
f 1605//1197 1604//1196 1615//1207 1616//1208
f 1606//1198 1605//1197 1616//1208 1617//1209
f 1607//1199 1606//1198 1617//1209 1618//1210
f 1609//1201 1608//1200 1619//1211 1620//1212
f 1610//1202 1609//1201 1620//1212 1621//1213
f 1611//1203 1610//1202 1621//1213 1622//1214
f 1612//1204 1611//1203 1622//1214 1623//1215
f 1613//1205 1612//1204 1623//1215 1624//1216
f 1614//1206 1613//1205 1624//1216 1625//1217
f 1615//1207 1614//1206 1625//1217 1626//1218
f 1616//1208 1615//1207 1626//1218 1627//1219
f 1617//1209 1616//1208 1627//1219 1628//1220
f 1618//1210 1617//1209 1628//1220 1629//1221
f 1620//1212 1619//1211 1630//1222 1631//1223
f 1621//1213 1620//1212 1631//1223 1632//1224
f 1622//1214 1621//1213 1632//1224 1633//1225
f 1623//1215 1622//1214 1633//1225 1634//1226
f 1624//1216 1623//1215 1634//1226 1635//1227
f 1625//1217 1624//1216 1635//1227 1636//1228
f 1626//1218 1625//1217 1636//1228 1637//1229
f 1627//1219 1626//1218 1637//1229 1638//1230
f 1628//1220 1627//1219 1638//1230 1639//1231
f 1629//1221 1628//1220 1639//1231 1640//1232
f 1631//1223 1630//1222 1641//1233 1642//1234
f 1632//1224 1631//1223 1642//1234 1643//1235
f 1633//1225 1632//1224 1643//1235 1644//1236
f 1634//1226 1633//1225 1644//1236 1645//1237
f 1635//1227 1634//1226 1645//1237 1646//1238
f 1636//1228 1635//1227 1646//1238 1647//1239
f 1637//1229 1636//1228 1647//1239 1648//1240
f 1638//1230 1637//1229 1648//1240 1649//1241
f 1639//1231 1638//1230 1649//1241 1650//1242
f 1640//1232 1639//1231 1650//1242 1651//1243
f 1642//1234 1641//1233 1652//1244 1653//1245
f 1643//1235 1642//1234 1653//1245 1654//1246
f 1644//1236 1643//1235 1654//1246 1655//1247
f 1645//1237 1644//1236 1655//1247 1656//1248
f 1646//1238 1645//1237 1656//1248 1657//1249
f 1647//1239 1646//1238 1657//1249 1658//1250
f 1648//1240 1647//1239 1658//1250 1659//1251
f 1649//1241 1648//1240 1659//1251 1660//1252
f 1650//1242 1649//1241 1660//1252 1661//1253
f 1651//1243 1650//1242 1661//1253 1662//1254
f 1653//1245 1652//1244 1663//1255 1664//1256
f 1654//1246 1653//1245 1664//1256 1665//1257
f 1655//1247 1654//1246 1665//1257 1666//1258
f 1656//1248 1655//1247 1666//1258 1667//1259
f 1657//1249 1656//1248 1667//1259 1668//1260
f 1658//1250 1657//1249 1668//1260 1669//1261
f 1659//1251 1658//1250 1669//1261 1670//1262
f 1660//1252 1659//1251 1670//1262 1671//1263
f 1661//1253 1660//1252 1671//1263 1672//1264
f 1662//1254 1661//1253 1672//1264 1673//1265
f 1664//1256 1663//1255 1674//1266 1675//1267
f 1665//1257 1664//1256 1675//1267 1676//1268
f 1666//1258 1665//1257 1676//1268 1677//1269
f 1667//1259 1666//1258 1677//1269 1678//1270
f 1668//1260 1667//1259 1678//1270 1679//1271
f 1669//1261 1668//1260 1679//1271 1680//1272
f 1670//1262 1669//1261 1680//1272 1681//1273
f 1671//1263 1670//1262 1681//1273 1682//1274
f 1672//1264 1671//1263 1682//1274 1683//1275
f 1673//1265 1672//1264 1683//1275 1684//1276
f 1675//1267 1674//1266 1685//1277 1686//1278
f 1676//1268 1675//1267 1686//1278 1687//1279
f 1677//1269 1676//1268 1687//1279 1688//1280
f 1678//1270 1677//1269 1688//1280 1689//1281
f 1679//1271 1678//1270 1689//1281 1690//1282
f 1680//1272 1679//1271 1690//1282 1691//1283
f 1681//1273 1680//1272 1691//1283 1692//1284
f 1682//1274 1681//1273 1692//1284 1693//1285
f 1683//1275 1682//1274 1693//1285 1694//1286
f 1684//1276 1683//1275 1694//1286 1695//1287
f 1686//1278 1685//1277 1696//1288 1697//1289
f 1687//1279 1686//1278 1697//1289 1698//1290
f 1688//1280 1687//1279 1698//1290 1699//1291
f 1689//1281 1688//1280 1699//1291 1700//1292
f 1690//1282 1689//1281 1700//1292 1701//1293
f 1691//1283 1690//1282 1701//1293 1702//1294
f 1692//1284 1691//1283 1702//1294 1703//1295
f 1693//1285 1692//1284 1703//1295 1704//1296
f 1694//1286 1693//1285 1704//1296 1705//1297
f 1695//1287 1694//1286 1705//1297 1706//1298
f 1697//1289 1696//1288 1707//1299 1708//1300
f 1698//1290 1697//1289 1708//1300 1709//1301
f 1699//1291 1698//1290 1709//1301 1710//1302
f 1700//1292 1699//1291 1710//1302 1711//1303
f 1701//1293 1700//1292 1711//1303 1712//1304
f 1702//1294 1701//1293 1712//1304 1713//1305
f 1703//1295 1702//1294 1713//1305 1714//1306
f 1704//1296 1703//1295 1714//1306 1715//1307
f 1705//1297 1704//1296 1715//1307 1716//1308
f 1706//1298 1705//1297 1716//1308 1717//1309
f 1708//1300 1707//1299 1718//1310 1719//1311
f 1709//1301 1708//1300 1719//1311 1720//1312
f 1710//1302 1709//1301 1720//1312 1721//1313
f 1711//1303 1710//1302 1721//1313 1722//1314
f 1712//1304 1711//1303 1722//1314 1723//1315
f 1713//1305 1712//1304 1723//1315 1724//1316
f 1714//1306 1713//1305 1724//1316 1725//1317
f 1715//1307 1714//1306 1725//1317 1726//1318
f 1716//1308 1715//1307 1726//1318 1727//1319
f 1717//1309 1716//1308 1727//1319 1728//1320
f 1719//1311 1718//1310 1729//1321 1730//1322
f 1720//1312 1719//1311 1730//1322 1731//1323
f 1721//1313 1720//1312 1731//1323 1732//1324
f 1722//1314 1721//1313 1732//1324 1733//1325
f 1723//1315 1722//1314 1733//1325 1734//1326
f 1724//1316 1723//1315 1734//1326 1735//1327
f 1725//1317 1724//1316 1735//1327 1736//1328
f 1726//1318 1725//1317 1736//1328 1737//1329
f 1727//1319 1726//1318 1737//1329 1738//1330
f 1728//1320 1727//1319 1738//1330 1739//1331
f 1730//1322 1729//1321 1740//1332 1741//1333
f 1731//1323 1730//1322 1741//1333 1742//1334
f 1732//1324 1731//1323 1742//1334 1743//1335
f 1733//1325 1732//1324 1743//1335 1744//1336
f 1734//1326 1733//1325 1744//1336 1745//1337
f 1735//1327 1734//1326 1745//1337 1746//1338
f 1736//1328 1735//1327 1746//1338 1747//1339
f 1737//1329 1736//1328 1747//1339 1748//1340
f 1738//1330 1737//1329 1748//1340 1749//1341
f 1739//1331 1738//1330 1749//1341 1750//1342
f 1741//1333 1740//1332 1751//1343 1752//1344
f 1742//1334 1741//1333 1752//1344 1753//1345
f 1743//1335 1742//1334 1753//1345 1754//1346
f 1744//1336 1743//1335 1754//1346 1755//1347
f 1745//1337 1744//1336 1755//1347 1756//1348
f 1746//1338 1745//1337 1756//1348 1757//1349
f 1747//1339 1746//1338 1757//1349 1758//1350
f 1748//1340 1747//1339 1758//1350 1759//1351
f 1749//1341 1748//1340 1759//1351 1760//1352
f 1750//1342 1749//1341 1760//1352 1761//1353
f 1752//1344 1751//1343 1762//1354 1763//1355
f 1753//1345 1752//1344 1763//1355 1764//1356
f 1754//1346 1753//1345 1764//1356 1765//1357
f 1755//1347 1754//1346 1765//1357 1766//1358
f 1756//1348 1755//1347 1766//1358 1767//1359
f 1757//1349 1756//1348 1767//1359 1768//1360
f 1758//1350 1757//1349 1768//1360 1769//1361
f 1759//1351 1758//1350 1769//1361 1770//1362
f 1760//1352 1759//1351 1770//1362 1771//1363
f 1761//1353 1760//1352 1771//1363 1772//1364
f 1763//1355 1762//1354 1773//1365 1774//1366
f 1764//1356 1763//1355 1774//1366 1775//1367
f 1765//1357 1764//1356 1775//1367 1776//1368
f 1766//1358 1765//1357 1776//1368 1777//1369
f 1767//1359 1766//1358 1777//1369 1778//1370
f 1768//1360 1767//1359 1778//1370 1779//1371
f 1769//1361 1768//1360 1779//1371 1780//1372
f 1770//1362 1769//1361 1780//1372 1781//1373
f 1771//1363 1770//1362 1781//1373 1782//1374
f 1772//1364 1771//1363 1782//1374 1783//1375
f 1774//1366 1773//1365 1784//1376 1785//1377
f 1775//1367 1774//1366 1785//1377 1786//1378
f 1776//1368 1775//1367 1786//1378 1787//1379
f 1777//1369 1776//1368 1787//1379 1788//1380
f 1778//1370 1777//1369 1788//1380 1789//1381
f 1779//1371 1778//1370 1789//1381 1790//1382
f 1780//1372 1779//1371 1790//1382 1791//1383
f 1781//1373 1780//1372 1791//1383 1792//1384
f 1782//1374 1781//1373 1792//1384 1793//1385
f 1783//1375 1782//1374 1793//1385 1794//1386
f 1795//1387 1365//981 1376//982 1796//1388
f 1796//1388 1376//982 1387//993 1797//1389
f 1797//1389 1387//993 1398//1004 1798//1390
f 1798//1390 1398//1004 1409//1015 1799//1391
f 1799//1391 1409//1015 1420//1026 1800//1392
f 1800//1392 1420//1026 1431//1026 1801//1392
f 1801//1392 1431//1026 1442//1026 1802//1392
f 1802//1392 1442//1026 1453//1045 1803//1393
f 1803//1393 1453//1045 1464//1056 1804//1394
f 1804//1394 1464//1056 1475//1067 1805//1395
f 1805//1395 1475//1067 1486//1078 1806//1396
f 1806//1396 1486//1078 1497//1089 1807//1397
f 1807//1397 1497//1089 1508//1100 1808//1398
f 1808//1398 1508//1100 1519//1111 1809//1399
f 1810//1400 1530//1132 1541//1133 1811//1401
f 1811//1401 1541//1133 1552//1144 1812//1402
f 1812//1402 1552//1144 1563//1155 1813//1403
f 1813//1403 1563//1155 1574//1166 1814//1404
f 1814//1404 1574//1166 1585//1177 1815//1405
f 1815//1405 1585//1177 1596//1188 1816//1406
f 1816//1406 1596//1188 1607//1199 1817//1407
f 1817//1407 1607//1199 1618//1210 1818//1408
f 1818//1408 1618//1210 1629//1221 1819//1409
f 1819//1409 1629//1221 1640//1232 1820//1410
f 1820//1410 1640//1232 1651//1243 1821//1411
f 1821//1411 1651//1243 1662//1254 1822//1412
f 1822//1412 1662//1254 1673//1265 1823//1413
f 1823//1413 1673//1265 1684//1276 1824//1414
f 1824//1414 1684//1276 1695//1287 1825//1415
f 1825//1415 1695//1287 1706//1298 1826//1416
f 1826//1416 1706//1298 1717//1309 1827//1417
f 1827//1417 1717//1309 1728//1320 1828//1418
f 1828//1418 1728//1320 1739//1331 1829//1419
f 1829//1419 1739//1331 1750//1342 1830//1420
f 1830//1420 1750//1342 1761//1353 1831//1421
f 1831//1421 1761//1353 1772//1364 1832//1422
f 1832//1422 1772//1364 1783//1375 1833//1423
f 1833//1423 1783//1375 1794//1386 1834//1424
f 1355//962 1835//1425 1836//1426 1366//963
f 1366//963 1836//1426 1837//1427 1377//983
f 1377//983 1837//1427 1838//1428 1388//994
f 1388//994 1838//1428 1839//1429 1399//1005
f 1399//1005 1839//1429 1840//1430 1410//1016
f 1410//1016 1840//1430 1841//1430 1421//1016
f 1421//1016 1841//1430 1842//1430 1432//1016
f 1432//1016 1842//1430 1843//1431 1443//1035
f 1443//1035 1843//1431 1844//1432 1454//1046
f 1454//1046 1844//1432 1970//1433 1465//1057
f 1465//1057 1970//1433 1845//1434 1476//1068
f 1476//1068 1845//1434 1846//1435 1487//1079
f 1487//1079 1846//1435 1847//1436 1498//1090
f 1498//1090 1847//1436 1848//1437 1509//1101
f 1520//1113 1849//1438 1850//1439 1531//1114
f 1531//1114 1850//1439 1851//1440 1542//1134
f 1542//1134 1851//1440 1852//1441 1553//1145
f 1553//1145 1852//1441 1853//1442 1564//1156
f 1564//1156 1853//1442 1854//1443 1575//1167
f 1575//1167 1854//1443 2070//1444 1586//1178
f 1586//1178 2070//1444 2080//1445 1597//1189
f 1597//1189 2080//1445 1855//1446 1608//1200
f 1608//1200 1855//1446 1856//1447 1619//1211
f 1619//1211 1856//1447 1857//1448 1630//1222
f 1630//1222 1857//1448 1858//1449 1641//1233
f 1641//1233 1858//1449 1859//1450 1652//1244
f 1652//1244 1859//1450 1860//1451 1663//1255
f 1663//1255 1860//1451 1861//1452 1674//1266
f 1674//1266 1861//1452 1862//1453 1685//1277
f 1685//1277 1862//1453 1863//1454 1696//1288
f 1696//1288 1863//1454 1864//1455 1707//1299
f 1707//1299 1864//1455 1865//1456 1718//1310
f 1718//1310 1865//1456 1866//1457 1729//1321
f 1729//1321 1866//1457 1867//1458 1740//1332
f 1740//1332 1867//1458 2207//1459 1751//1343
f 1751//1343 2207//1459 1868//1460 1762//1354
f 1762//1354 1868//1460 1869//1461 1773//1365
f 1773//1365 1869//1461 1870//1462 1784//1376
f 1871//1463 1795//1387 1796//1388 1880//1464
f 1872//1465 1871//1463 1880//1464 1881//1466
f 1873//1467 1872//1465 1881//1466 1882//1468
f 1874//1469 1873//1467 1882//1468 1883//1470
f 1875//1471 1874//1469 1883//1470 1884//1472
f 1876//1473 1875//1471 1884//1472 1885//1474
f 1877//1475 1876//1473 1885//1474 1886//1476
f 1878//1477 1877//1475 1886//1476 1887//1478
f 1879//1479 1878//1477 1887//1478 1888//1480
f 1835//1425 1879//1479 1888//1480 1836//1426
f 1880//1464 1796//1388 1797//1389 1889//1481
f 1881//1466 1880//1464 1889//1481 1890//1482
f 1882//1468 1881//1466 1890//1482 1891//1483
f 1883//1470 1882//1468 1891//1483 1892//1484
f 1884//1472 1883//1470 1892//1484 1893//1485
f 1885//1474 1884//1472 1893//1485 1894//1486
f 1886//1476 1885//1474 1894//1486 1895//1487
f 1887//1478 1886//1476 1895//1487 1896//1488
f 1888//1480 1887//1478 1896//1488 1897//1489
f 1836//1426 1888//1480 1897//1489 1837//1427
f 1889//1481 1797//1389 1798//1390 1898//1490
f 1890//1482 1889//1481 1898//1490 1899//1491
f 1891//1483 1890//1482 1899//1491 1900//1492
f 1892//1484 1891//1483 1900//1492 1901//1493
f 1893//1485 1892//1484 1901//1493 1902//1494
f 1894//1486 1893//1485 1902//1494 1903//1495
f 1895//1487 1894//1486 1903//1495 1904//1496
f 1896//1488 1895//1487 1904//1496 1905//1497
f 1897//1489 1896//1488 1905//1497 1906//1498
f 1837//1427 1897//1489 1906//1498 1838//1428
f 1898//1490 1798//1390 1799//1391 1907//1499
f 1899//1491 1898//1490 1907//1499 1908//1500
f 1900//1492 1899//1491 1908//1500 1909//1501
f 1901//1493 1900//1492 1909//1501 1910//1502
f 1902//1494 1901//1493 1910//1502 1911//1503
f 1903//1495 1902//1494 1911//1503 1912//1504
f 1904//1496 1903//1495 1912//1504 1913//1505
f 1905//1497 1904//1496 1913//1505 1914//1506
f 1906//1498 1905//1497 1914//1506 1915//1507
f 1838//1428 1906//1498 1915//1507 1839//1429
f 1907//1499 1799//1391 1800//1392 1916//1508
f 1908//1500 1907//1499 1916//1508 1917//1509
f 1909//1501 1908//1500 1917//1509 1918//1510
f 1910//1502 1909//1501 1918//1510 1919//1511
f 1911//1503 1910//1502 1919//1511 1920//1512
f 1912//1504 1911//1503 1920//1512 1921//1513
f 1913//1505 1912//1504 1921//1513 1922//1514
f 1914//1506 1913//1505 1922//1514 1923//1515
f 1915//1507 1914//1506 1923//1515 1924//1516
f 1839//1429 1915//1507 1924//1516 1840//1430
f 1916//1508 1800//1392 1801//1392 1925//1517
f 1917//1509 1916//1508 1925//1517 1926//1518
f 1918//1510 1917//1509 1926//1518 1927//1519
f 1919//1511 1918//1510 1927//1519 1928//1520
f 1920//1512 1919//1511 1928//1520 1929//1521
f 1921//1513 1920//1512 1929//1521 1930//1513
f 1922//1514 1921//1513 1930//1513 1931//1522
f 1923//1515 1922//1514 1931//1522 1932//1523
f 1924//1516 1923//1515 1932//1523 1933//1524
f 1840//1430 1924//1516 1933//1524 1841//1430
f 1925//1517 1801//1392 1802//1392 1934//1508
f 1926//1518 1925//1517 1934//1508 1935//1509
f 1927//1519 1926//1518 1935//1509 1936//1510
f 1928//1520 1927//1519 1936//1510 1937//1511
f 1929//1521 1928//1520 1937//1511 1938//1512
f 1930//1513 1929//1521 1938//1512 1939//1513
f 1931//1522 1930//1513 1939//1513 1940//1514
f 1932//1523 1931//1522 1940//1514 1941//1515
f 1933//1524 1932//1523 1941//1515 1942//1516
f 1841//1430 1933//1524 1942//1516 1842//1430
f 1934//1508 1802//1392 1803//1393 1943//1525
f 1935//1509 1934//1508 1943//1525 1944//1526
f 1936//1510 1935//1509 1944//1526 1945//1527
f 1937//1511 1936//1510 1945//1527 1946//1528
f 1938//1512 1937//1511 1946//1528 1947//1529
f 1939//1513 1938//1512 1947//1529 1948//1530
f 1940//1514 1939//1513 1948//1530 1949//1531
f 1941//1515 1940//1514 1949//1531 1950//1532
f 1942//1516 1941//1515 1950//1532 1951//1533
f 1842//1430 1942//1516 1951//1533 1843//1431
f 1943//1525 1803//1393 1804//1394 1952//1534
f 1944//1526 1943//1525 1952//1534 1953//1535
f 1945//1527 1944//1526 1953//1535 1954//1536
f 1946//1528 1945//1527 1954//1536 1955//1537
f 1947//1529 1946//1528 1955//1537 1956//1538
f 1948//1530 1947//1529 1956//1538 1957//1539
f 1949//1531 1948//1530 1957//1539 1958//1540
f 1950//1532 1949//1531 1958//1540 1959//1541
f 1951//1533 1950//1532 1959//1541 1960//1542
f 1843//1431 1951//1533 1960//1542 1844//1432
f 1952//1534 1804//1394 1805//1395 1961//1543
f 1953//1535 1952//1534 1961//1543 1962//1544
f 1954//1536 1953//1535 1962//1544 1963//1545
f 1955//1537 1954//1536 1963//1545 1964//1546
f 1956//1538 1955//1537 1964//1546 1965//1547
f 1957//1539 1956//1538 1965//1547 1966//1548
f 1958//1540 1957//1539 1966//1548 1967//1549
f 1959//1541 1958//1540 1967//1549 1968//1550
f 1960//1542 1959//1541 1968//1550 1969//1551
f 1844//1432 1960//1542 1969//1551 1970//1433
f 1961//1543 1805//1395 1806//1396 1971//1552
f 1962//1544 1961//1543 1971//1552 1972//1553
f 1963//1545 1962//1544 1972//1553 1973//1554
f 1964//1546 1963//1545 1973//1554 1974//1555
f 1965//1547 1964//1546 1974//1555 1975//1556
f 1966//1548 1965//1547 1975//1556 1976//1557
f 1967//1549 1966//1548 1976//1557 1977//1558
f 1968//1550 1967//1549 1977//1558 1978//1559
f 1969//1551 1968//1550 1978//1559 1979//1560
f 1970//1433 1969//1551 1979//1560 1845//1434
f 1971//1552 1806//1396 1807//1397 1980//1561
f 1972//1553 1971//1552 1980//1561 1981//1562
f 1973//1554 1972//1553 1981//1562 1982//1563
f 1974//1555 1973//1554 1982//1563 1983//1564
f 1975//1556 1974//1555 1983//1564 1984//1565
f 1976//1557 1975//1556 1984//1565 1985//1566
f 1977//1558 1976//1557 1985//1566 1986//1567
f 1978//1559 1977//1558 1986//1567 1987//1568
f 1979//1560 1978//1559 1987//1568 1988//1569
f 1845//1434 1979//1560 1988//1569 1846//1435
f 1980//1561 1807//1397 1808//1398 1989//1570
f 1981//1562 1980//1561 1989//1570 1990//1571
f 1982//1563 1981//1562 1990//1571 1991//1572
f 1983//1564 1982//1563 1991//1572 1992//1573
f 1984//1565 1983//1564 1992//1573 1993//1574
f 1985//1566 1984//1565 1993//1574 1994//1575
f 1986//1567 1985//1566 1994//1575 1995//1576
f 1987//1568 1986//1567 1995//1576 1996//1577
f 1988//1569 1987//1568 1996//1577 1997//1578
f 1846//1435 1988//1569 1997//1578 1847//1436
f 1989//1570 1808//1398 1809//1399 1998//1579
f 1990//1571 1989//1570 1998//1579 1999//1580
f 1991//1572 1990//1571 1999//1580 2000//1581
f 1992//1573 1991//1572 2000//1581 2001//1582
f 1993//1574 1992//1573 2001//1582 2002//1583
f 1994//1575 1993//1574 2002//1583 2003//1584
f 1995//1576 1994//1575 2003//1584 2004//1585
f 1996//1577 1995//1576 2004//1585 2005//1586
f 1997//1578 1996//1577 2005//1586 2006//1587
f 1847//1436 1997//1578 2006//1587 1848//1437
f 2007//1588 1810//1400 1811//1401 2016//1589
f 2008//1590 2007//1588 2016//1589 2017//1591
f 2009//1592 2008//1590 2017//1591 2018//1593
f 2010//1594 2009//1592 2018//1593 2019//1595
f 2011//1596 2010//1594 2019//1595 2020//1597
f 2012//1598 2011//1596 2020//1597 2021//1599
f 2013//1600 2012//1598 2021//1599 2022//1601
f 2014//1602 2013//1600 2022//1601 2023//1603
f 2015//1604 2014//1602 2023//1603 2024//1605
f 1849//1438 2015//1604 2024//1605 1850//1439
f 2016//1589 1811//1401 1812//1402 2025//1606
f 2017//1591 2016//1589 2025//1606 2026//1607
f 2018//1593 2017//1591 2026//1607 2027//1608
f 2019//1595 2018//1593 2027//1608 2028//1609
f 2020//1597 2019//1595 2028//1609 2029//1610
f 2021//1599 2020//1597 2029//1610 2030//1611
f 2022//1601 2021//1599 2030//1611 2031//1612
f 2023//1603 2022//1601 2031//1612 2032//1613
f 2024//1605 2023//1603 2032//1613 2033//1614
f 1850//1439 2024//1605 2033//1614 1851//1440
f 2025//1606 1812//1402 1813//1403 2034//1615
f 2026//1607 2025//1606 2034//1615 2035//1616
f 2027//1608 2026//1607 2035//1616 2036//1617
f 2028//1609 2027//1608 2036//1617 2037//1618
f 2029//1610 2028//1609 2037//1618 2038//1619
f 2030//1611 2029//1610 2038//1619 2039//1620
f 2031//1612 2030//1611 2039//1620 2040//1621
f 2032//1613 2031//1612 2040//1621 2041//1622
f 2033//1614 2032//1613 2041//1622 2042//1623
f 1851//1440 2033//1614 2042//1623 1852//1441
f 2034//1615 1813//1403 1814//1404 2043//1624
f 2035//1616 2034//1615 2043//1624 2044//1625
f 2036//1617 2035//1616 2044//1625 2045//1626
f 2037//1618 2036//1617 2045//1626 2046//1627
f 2038//1619 2037//1618 2046//1627 2047//1628
f 2039//1620 2038//1619 2047//1628 2048//1629
f 2040//1621 2039//1620 2048//1629 2049//1630
f 2041//1622 2040//1621 2049//1630 2050//1631
f 2042//1623 2041//1622 2050//1631 2051//1632
f 1852//1441 2042//1623 2051//1632 1853//1442
f 2043//1624 1814//1404 1815//1405 2052//1633
f 2044//1625 2043//1624 2052//1633 2053//1634
f 2045//1626 2044//1625 2053//1634 2054//1635
f 2046//1627 2045//1626 2054//1635 2055//1636
f 2047//1628 2046//1627 2055//1636 2056//1637
f 2048//1629 2047//1628 2056//1637 2057//1638
f 2049//1630 2048//1629 2057//1638 2058//1639
f 2050//1631 2049//1630 2058//1639 2059//1640
f 2051//1632 2050//1631 2059//1640 2060//1641
f 1853//1442 2051//1632 2060//1641 1854//1443
f 2052//1633 1815//1405 1816//1406 2061//1642
f 2053//1634 2052//1633 2061//1642 2062//1643
f 2054//1635 2053//1634 2062//1643 2063//1644
f 2055//1636 2054//1635 2063//1644 2064//1645
f 2056//1637 2055//1636 2064//1645 2065//1646
f 2057//1638 2056//1637 2065//1646 2066//1647
f 2058//1639 2057//1638 2066//1647 2067//1648
f 2059//1640 2058//1639 2067//1648 2068//1649
f 2060//1641 2059//1640 2068//1649 2069//1650
f 1854//1443 2060//1641 2069//1650 2070//1444
f 2061//1642 1816//1406 1817//1407 2071//1651
f 2062//1643 2061//1642 2071//1651 2072//1652
f 2063//1644 2062//1643 2072//1652 2073//1653
f 2064//1645 2063//1644 2073//1653 2074//1654
f 2065//1646 2064//1645 2074//1654 2075//1655
f 2066//1647 2065//1646 2075//1655 2076//1656
f 2067//1648 2066//1647 2076//1656 2077//1657
f 2068//1649 2067//1648 2077//1657 2078//1658
f 2069//1650 2068//1649 2078//1658 2079//1659
f 2070//1444 2069//1650 2079//1659 2080//1445
f 2071//1651 1817//1407 1818//1408 2081//1660
f 2072//1652 2071//1651 2081//1660 2082//1661
f 2073//1653 2072//1652 2082//1661 2083//1662
f 2074//1654 2073//1653 2083//1662 2084//1663
f 2075//1655 2074//1654 2084//1663 2085//1664
f 2076//1656 2075//1655 2085//1664 2086//1665
f 2077//1657 2076//1656 2086//1665 2087//1666
f 2078//1658 2077//1657 2087//1666 2088//1667
f 2079//1659 2078//1658 2088//1667 2089//1668
f 2080//1445 2079//1659 2089//1668 1855//1446
f 2081//1660 1818//1408 1819//1409 2090//1669
f 2082//1661 2081//1660 2090//1669 2091//1670
f 2083//1662 2082//1661 2091//1670 2092//1671
f 2084//1663 2083//1662 2092//1671 2093//1672
f 2085//1664 2084//1663 2093//1672 2094//1673
f 2086//1665 2085//1664 2094//1673 2095//1674
f 2087//1666 2086//1665 2095//1674 2096//1675
f 2088//1667 2087//1666 2096//1675 2097//1676
f 2089//1668 2088//1667 2097//1676 2098//1677
f 1855//1446 2089//1668 2098//1677 1856//1447
f 2090//1669 1819//1409 1820//1410 2099//1678
f 2091//1670 2090//1669 2099//1678 2100//1679
f 2092//1671 2091//1670 2100//1679 2101//1680
f 2093//1672 2092//1671 2101//1680 2102//1681
f 2094//1673 2093//1672 2102//1681 2103//1682
f 2095//1674 2094//1673 2103//1682 2104//1683
f 2096//1675 2095//1674 2104//1683 2105//1684
f 2097//1676 2096//1675 2105//1684 2106//1685
f 2098//1677 2097//1676 2106//1685 2107//1686
f 1856//1447 2098//1677 2107//1686 1857//1448
f 2099//1678 1820//1410 1821//1411 2108//1687
f 2100//1679 2099//1678 2108//1687 2109//1688
f 2101//1680 2100//1679 2109//1688 2110//1689
f 2102//1681 2101//1680 2110//1689 2111//1690
f 2103//1682 2102//1681 2111//1690 2112//1691
f 2104//1683 2103//1682 2112//1691 2113//1692
f 2105//1684 2104//1683 2113//1692 2114//1693
f 2106//1685 2105//1684 2114//1693 2115//1694
f 2107//1686 2106//1685 2115//1694 2116//1695
f 1857//1448 2107//1686 2116//1695 1858//1449
f 2108//1687 1821//1411 1822//1412 2117//1696
f 2109//1688 2108//1687 2117//1696 2118//1697
f 2110//1689 2109//1688 2118//1697 2119//1698
f 2111//1690 2110//1689 2119//1698 2120//1699
f 2112//1691 2111//1690 2120//1699 2121//1700
f 2113//1692 2112//1691 2121//1700 2122//1701
f 2114//1693 2113//1692 2122//1701 2123//1702
f 2115//1694 2114//1693 2123//1702 2124//1703
f 2116//1695 2115//1694 2124//1703 2125//1704
f 1858//1449 2116//1695 2125//1704 1859//1450
f 2117//1696 1822//1412 1823//1413 2126//1705
f 2118//1697 2117//1696 2126//1705 2127//1706
f 2119//1698 2118//1697 2127//1706 2128//1707
f 2120//1699 2119//1698 2128//1707 2129//1708
f 2121//1700 2120//1699 2129//1708 2130//1709
f 2122//1701 2121//1700 2130//1709 2131//1710
f 2123//1702 2122//1701 2131//1710 2132//1711
f 2124//1703 2123//1702 2132//1711 2133//1712
f 2125//1704 2124//1703 2133//1712 2134//1713
f 1859//1450 2125//1704 2134//1713 1860//1451
f 2126//1705 1823//1413 1824//1414 2135//1714
f 2127//1706 2126//1705 2135//1714 2136//1715
f 2128//1707 2127//1706 2136//1715 2137//1716
f 2129//1708 2128//1707 2137//1716 2138//1717
f 2130//1709 2129//1708 2138//1717 2139//1718
f 2131//1710 2130//1709 2139//1718 2140//1719
f 2132//1711 2131//1710 2140//1719 2141//1720
f 2133//1712 2132//1711 2141//1720 2142//1721
f 2134//1713 2133//1712 2142//1721 2143//1722
f 1860//1451 2134//1713 2143//1722 1861//1452
f 2135//1714 1824//1414 1825//1415 2144//1723
f 2136//1715 2135//1714 2144//1723 2145//1724
f 2137//1716 2136//1715 2145//1724 2146//1725
f 2138//1717 2137//1716 2146//1725 2147//1726
f 2139//1718 2138//1717 2147//1726 2148//1727
f 2140//1719 2139//1718 2148//1727 2149//1728
f 2141//1720 2140//1719 2149//1728 2150//1729
f 2142//1721 2141//1720 2150//1729 2151//1730
f 2143//1722 2142//1721 2151//1730 2152//1731
f 1861//1452 2143//1722 2152//1731 1862//1453
f 2144//1723 1825//1415 1826//1416 2153//1732
f 2145//1724 2144//1723 2153//1732 2154//1733
f 2146//1725 2145//1724 2154//1733 2155//1734
f 2147//1726 2146//1725 2155//1734 2156//1735
f 2148//1727 2147//1726 2156//1735 2157//1736
f 2149//1728 2148//1727 2157//1736 2158//1737
f 2150//1729 2149//1728 2158//1737 2159//1738
f 2151//1730 2150//1729 2159//1738 2160//1739
f 2152//1731 2151//1730 2160//1739 2161//1740
f 1862//1453 2152//1731 2161//1740 1863//1454
f 2153//1732 1826//1416 1827//1417 2162//1741
f 2154//1733 2153//1732 2162//1741 2163//1742
f 2155//1734 2154//1733 2163//1742 2164//1743
f 2156//1735 2155//1734 2164//1743 2165//1744
f 2157//1736 2156//1735 2165//1744 2166//1745
f 2158//1737 2157//1736 2166//1745 2167//1746
f 2159//1738 2158//1737 2167//1746 2168//1747
f 2160//1739 2159//1738 2168//1747 2169//1748
f 2161//1740 2160//1739 2169//1748 2170//1749
f 1863//1454 2161//1740 2170//1749 1864//1455
f 2162//1741 1827//1417 1828//1418 2171//1750
f 2163//1742 2162//1741 2171//1750 2172//1751
f 2164//1743 2163//1742 2172//1751 2173//1752
f 2165//1744 2164//1743 2173//1752 2174//1753
f 2166//1745 2165//1744 2174//1753 2175//1754
f 2167//1746 2166//1745 2175//1754 2176//1755
f 2168//1747 2167//1746 2176//1755 2177//1756
f 2169//1748 2168//1747 2177//1756 2178//1757
f 2170//1749 2169//1748 2178//1757 2179//1758
f 1864//1455 2170//1749 2179//1758 1865//1456
f 2171//1750 1828//1418 1829//1419 2180//1759
f 2172//1751 2171//1750 2180//1759 2181//1760
f 2173//1752 2172//1751 2181//1760 2182//1761
f 2174//1753 2173//1752 2182//1761 2183//1762
f 2175//1754 2174//1753 2183//1762 2184//1763
f 2176//1755 2175//1754 2184//1763 2185//1764
f 2177//1756 2176//1755 2185//1764 2186//1765
f 2178//1757 2177//1756 2186//1765 2187//1766
f 2179//1758 2178//1757 2187//1766 2188//1767
f 1865//1456 2179//1758 2188//1767 1866//1457
f 2180//1759 1829//1419 1830//1420 2189//1768
f 2181//1760 2180//1759 2189//1768 2190//1769
f 2182//1761 2181//1760 2190//1769 2191//1770
f 2183//1762 2182//1761 2191//1770 2192//1771
f 2184//1763 2183//1762 2192//1771 2193//1772
f 2185//1764 2184//1763 2193//1772 2194//1773
f 2186//1765 2185//1764 2194//1773 2195//1774
f 2187//1766 2186//1765 2195//1774 2196//1775
f 2188//1767 2187//1766 2196//1775 2197//1776
f 1866//1457 2188//1767 2197//1776 1867//1458
f 2189//1768 1830//1420 1831//1421 2198//1777
f 2190//1769 2189//1768 2198//1777 2199//1778
f 2191//1770 2190//1769 2199//1778 2200//1779
f 2192//1771 2191//1770 2200//1779 2201//1780
f 2193//1772 2192//1771 2201//1780 2202//1781
f 2194//1773 2193//1772 2202//1781 2203//1782
f 2195//1774 2194//1773 2203//1782 2204//1783
f 2196//1775 2195//1774 2204//1783 2205//1784
f 2197//1776 2196//1775 2205//1784 2206//1785
f 1867//1458 2197//1776 2206//1785 2207//1459
f 2198//1777 1831//1421 1832//1422 2208//1786
f 2199//1778 2198//1777 2208//1786 2209//1787
f 2200//1779 2199//1778 2209//1787 2210//1788
f 2201//1780 2200//1779 2210//1788 2211//1789
f 2202//1781 2201//1780 2211//1789 2212//1790
f 2203//1782 2202//1781 2212//1790 2213//1791
f 2204//1783 2203//1782 2213//1791 2214//1792
f 2205//1784 2204//1783 2214//1792 2215//1793
f 2206//1785 2205//1784 2215//1793 2216//1794
f 2207//1459 2206//1785 2216//1794 1868//1460
f 2208//1786 1832//1422 1833//1423 2217//1795
f 2209//1787 2208//1786 2217//1795 2218//1796
f 2210//1788 2209//1787 2218//1796 2219//1797
f 2211//1789 2210//1788 2219//1797 2220//1798
f 2212//1790 2211//1789 2220//1798 2221//1799
f 2213//1791 2212//1790 2221//1799 2222//1800
f 2214//1792 2213//1791 2222//1800 2223//1801
f 2215//1793 2214//1792 2223//1801 2224//1802
f 2216//1794 2215//1793 2224//1802 2225//1803
f 1868//1460 2216//1794 2225//1803 1869//1461
f 2217//1795 1833//1423 1834//1424 2226//1804
f 2218//1796 2217//1795 2226//1804 2227//1805
f 2219//1797 2218//1796 2227//1805 2228//1806
f 2220//1798 2219//1797 2228//1806 2229//1807
f 2221//1799 2220//1798 2229//1807 2230//1808
f 2222//1800 2221//1799 2230//1808 2231//1809
f 2223//1801 2222//1800 2231//1809 2232//1810
f 2224//1802 2223//1801 2232//1810 2233//1811
f 2225//1803 2224//1802 2233//1811 2234//1812
f 1869//1461 2225//1803 2234//1812 1870//1462
f 2236//1813 2235//1814 2246//1815 2247//1816
f 2237//1817 2236//1813 2247//1816 2248//1818
f 2238//1819 2237//1817 2248//1818 2249//1820
f 2239//1821 2238//1819 2249//1820 2250//1822
f 2240//863 2239//1821 2250//1822 2251//1823
f 2241//1824 2240//863 2251//1823 2252//1825
f 2242//1826 2241//1824 2252//1825 2253//1827
f 2243//1828 2242//1826 2253//1827 2254//1829
f 2244//1830 2243//1828 2254//1829 2255//1831
f 2245//1832 2244//1830 2255//1831 2256//1833
f 2247//1816 2246//1815 2257//1834 2258//1835
f 2248//1818 2247//1816 2258//1835 2259//1836
f 2249//1820 2248//1818 2259//1836 2260//1837
f 2250//1822 2249//1820 2260//1837 2261//1838
f 2251//1823 2250//1822 2261//1838 2262//1839
f 2252//1825 2251//1823 2262//1839 2263//1840
f 2253//1827 2252//1825 2263//1840 2264//1841
f 2254//1829 2253//1827 2264//1841 2265//1842
f 2255//1831 2254//1829 2265//1842 2266//1843
f 2256//1833 2255//1831 2266//1843 2267//1844
f 2258//1835 2257//1834 2268//1845 2269//1846
f 2259//1836 2258//1835 2269//1846 2270//1847
f 2260//1837 2259//1836 2270//1847 2271//1848
f 2261//1838 2260//1837 2271//1848 2272//1849
f 2262//1839 2261//1838 2272//1849 2273//1850
f 2263//1840 2262//1839 2273//1850 2274//1851
f 2264//1841 2263//1840 2274//1851 2275//1852
f 2265//1842 2264//1841 2275//1852 2276//1853
f 2266//1843 2265//1842 2276//1853 2277//1854
f 2267//1844 2266//1843 2277//1854 2278//1855
f 2269//1846 2268//1845 2279//1856 2280//1857
f 2270//1847 2269//1846 2280//1857 2281//1858
f 2271//1848 2270//1847 2281//1858 2282//1859
f 2272//1849 2271//1848 2282//1859 2283//1860
f 2273//1850 2272//1849 2283//1860 2284//863
f 2274//1851 2273//1850 2284//863 2285//1861
f 2275//1852 2274//1851 2285//1861 2286//1862
f 2276//1853 2275//1852 2286//1862 2287//1863
f 2277//1854 2276//1853 2287//1863 2288//1864
f 2278//1855 2277//1854 2288//1864 2289//1865
f 2290//1866 2245//1832 2256//1833 2291//1867
f 2291//1867 2256//1833 2267//1844 2292//1868
f 2292//1868 2267//1844 2278//1855 2293//1869
f 2293//1869 2278//1855 2289//1865 2294//1870
f 2235//1814 2295//1871 2296//1872 2246//1815
f 2246//1815 2296//1872 2297//1873 2257//1834
f 2257//1834 2297//1873 2298//1874 2268//1845
f 2268//1845 2298//1874 2299//1875 2279//1856
f 2300//1876 2290//1866 2291//1867 2309//1877
f 2301//1878 2300//1876 2309//1877 2310//1879
f 2302//1880 2301//1878 2310//1879 2311//1881
f 2303//1882 2302//1880 2311//1881 2312//1883
f 2304//925 2303//1882 2312//1883 2313//1884
f 2305//1885 2304//925 2313//1884 2314//1886
f 2306//1887 2305//1885 2314//1886 2315//1888
f 2307//1889 2306//1887 2315//1888 2316//1890
f 2308//1891 2307//1889 2316//1890 2317//1892
f 2295//1871 2308//1891 2317//1892 2296//1872
f 2309//1877 2291//1867 2292//1868 2318//1893
f 2310//1879 2309//1877 2318//1893 2319//1894
f 2311//1881 2310//1879 2319//1894 2320//1895
f 2312//1883 2311//1881 2320//1895 2321//1896
f 2313//1884 2312//1883 2321//1896 2322//1897
f 2314//1886 2313//1884 2322//1897 2323//1898
f 2315//1888 2314//1886 2323//1898 2324//1899
f 2316//1890 2315//1888 2324//1899 2325//1900
f 2317//1892 2316//1890 2325//1900 2326//1901
f 2296//1872 2317//1892 2326//1901 2297//1873
f 2318//1893 2292//1868 2293//1869 2327//1902
f 2319//1894 2318//1893 2327//1902 2328//1903
f 2320//1895 2319//1894 2328//1903 2329//1904
f 2321//1896 2320//1895 2329//1904 2330//1905
f 2322//1897 2321//1896 2330//1905 2331//1906
f 2323//1898 2322//1897 2331//1906 2332//1907
f 2324//1899 2323//1898 2332//1907 2333//1908
f 2325//1900 2324//1899 2333//1908 2334//1909
f 2326//1901 2325//1900 2334//1909 2335//1910
f 2297//1873 2326//1901 2335//1910 2298//1874
f 2327//1902 2293//1869 2294//1870 2336//1911
f 2328//1903 2327//1902 2336//1911 2337//1912
f 2329//1904 2328//1903 2337//1912 2338//1913
f 2330//1905 2329//1904 2338//1913 2339//1914
f 2331//1906 2330//1905 2339//1914 2340//925
f 2332//1907 2331//1906 2340//925 2341//1915
f 2333//1908 2332//1907 2341//1915 2342//1916
f 2334//1909 2333//1908 2342//1916 2343//1917
f 2335//1910 2334//1909 2343//1917 2344//1918
f 2298//1874 2335//1910 2344//1918 2299//1875
f 2444//1919 2443//1920 2460//1921 2459//1922 2458//1923 2457//1924 2456//1925 2455//1926 2454//1927 2453//1928 2452//1929 2451//1930 2450//1931 2449//1932 2448//1933 2447//1934 2446//1935 2445//1936
f 2469//1937 2470//1938 2488//1939 2487//1940
f 2454//1927 2455//1926 2473//1941 2472//1942
f 2447//1934 2448//1933 2466//1943 2465//1944
f 2455//1926 2456//1925 2474//1945 2473//1941
f 2448//1933 2449//1932 2467//1946 2466//1943
f 2456//1925 2457//1924 2475//1947 2474//1945
f 2449//1932 2450//1931 2468//1948 2467//1946
f 2457//1924 2458//1923 2476//1949 2475//1947
f 2450//1931 2451//1930 2469//1937 2468//1948
f 2443//1920 2444//1919 2462//1950 2461//1951
f 2458//1923 2459//1922 2477//1952 2476//1949
f 2451//1930 2452//1929 2470//1938 2469//1937
f 2444//1919 2445//1936 2463//1953 2462//1950
f 2459//1922 2460//1921 2478//1954 2477//1952
f 2452//1929 2453//1928 2471//1955 2470//1938
f 2445//1936 2446//1935 2464//1956 2463//1953
f 2460//1921 2443//1920 2461//1951 2478//1954
f 2453//1928 2454//1927 2472//1942 2471//1955
f 2446//1935 2447//1934 2465//1944 2464//1956
f 2480//1957 2481//1958 2482//1959 2483//1960 2484//1961 2485//1962 2486//1963 2487//1940 2488//1939 2489//1964 2490//1965 2491//1966 2492//1967 2493//1968 2494//1969 2495//1970 2496//1971 2479//1972
f 2462//1950 2463//1953 2481//1958 2480//1957
f 2477//1952 2478//1954 2496//1971 2495//1970
f 2470//1938 2471//1955 2489//1964 2488//1939
f 2463//1953 2464//1956 2482//1959 2481//1958
f 2478//1954 2461//1951 2479//1972 2496//1971
f 2471//1955 2472//1942 2490//1965 2489//1964
f 2464//1956 2465//1944 2483//1960 2482//1959
f 2472//1942 2473//1941 2491//1966 2490//1965
f 2465//1944 2466//1943 2484//1961 2483//1960
f 2473//1941 2474//1945 2492//1967 2491//1966
f 2466//1943 2467//1946 2485//1962 2484//1961
f 2474//1945 2475//1947 2493//1968 2492//1967
f 2467//1946 2468//1948 2486//1963 2485//1962
f 2475//1947 2476//1949 2494//1969 2493//1968
f 2468//1948 2469//1937 2487//1940 2486//1963
f 2461//1951 2462//1950 2480//1957 2479//1972
f 2476//1949 2477//1952 2495//1970 2494//1969
f 2864//1973 2863//1974 2874//1975 2875//1976
f 2865//1977 2864//1973 2875//1976 2876//1978
f 2866//1979 2865//1977 2876//1978 2877//1980
f 2867//1981 2866//1979 2877//1980 2878//1982
f 2868//1983 2867//1981 2878//1982 2879//1984
f 2869//1985 2868//1983 2879//1984 2880//1986
f 2870//1987 2869//1985 2880//1986 2881//1988
f 2871//1989 2870//1987 2881//1988 2882//1990
f 2872//1991 2871//1989 2882//1990 2883//1992
f 2873//1993 2872//1991 2883//1992 2884//1994
f 2875//1976 2874//1975 2885//98 2886//97
f 2876//1978 2875//1976 2886//97 2887//99
f 2877//1980 2876//1978 2887//99 2888//100
f 2878//1982 2877//1980 2888//100 2889//101
f 2879//1984 2878//1982 2889//101 2890//102
f 2880//1986 2879//1984 2890//102 2891//103
f 2881//1988 2880//1986 2891//103 2892//1995
f 2882//1990 2881//1988 2892//1995 2893//105
f 2883//1992 2882//1990 2893//105 2894//1996
f 2884//1994 2883//1992 2894//1996 2895//107
f 2886//97 2885//98 2896//1997 2897//86
f 2887//99 2886//97 2897//86 2898//88
f 2888//100 2887//99 2898//88 2899//89
f 2889//101 2888//100 2899//89 2900//90
f 2890//102 2889//101 2900//90 2901//91
f 2891//103 2890//102 2901//91 2902//92
f 2892//1995 2891//103 2902//92 2903//93
f 2893//105 2892//1995 2903//93 2904//94
f 2894//1996 2893//105 2904//94 2905//95
f 2895//107 2894//1996 2905//95 2906//96
f 2897//86 2896//1997 2907//1998 2908//75
f 2898//88 2897//86 2908//75 2909//77
f 2899//89 2898//88 2909//77 2910//78
f 2900//90 2899//89 2910//78 2911//79
f 2901//91 2900//90 2911//79 2912//80
f 2902//92 2901//91 2912//80 2913//81
f 2903//93 2902//92 2913//81 2914//82
f 2904//94 2903//93 2914//82 2915//83
f 2905//95 2904//94 2915//83 2916//84
f 2906//96 2905//95 2916//84 2917//85
f 2908//75 2907//1998 2918//57 2919//56
f 2909//77 2908//75 2919//56 2920//58
f 2910//78 2909//77 2920//58 2921//59
f 2911//79 2910//78 2921//59 2922//60
f 2912//80 2911//79 2922//60 2923//61
f 2913//81 2912//80 2923//61 2924//62
f 2914//82 2913//81 2924//62 2925//63
f 2915//83 2914//82 2925//63 2926//64
f 2916//84 2915//83 2926//64 2927//65
f 2917//85 2916//84 2927//65 2928//66
f 2919//56 2918//57 2929//57 2930//67
f 2920//58 2919//56 2930//67 2931//68
f 2921//59 2920//58 2931//68 2932//69
f 2922//60 2921//59 2932//69 2933//70
f 2923//61 2922//60 2933//70 2934//71
f 2924//62 2923//61 2934//71 2935//62
f 2925//63 2924//62 2935//62 2936//72
f 2926//64 2925//63 2936//72 2937//73
f 2927//65 2926//64 2937//73 2938//74
f 2928//66 2927//65 2938//74 2939//66
f 2930//67 2929//57 2940//57 2941//56
f 2931//68 2930//67 2941//56 2942//58
f 2932//69 2931//68 2942//58 2943//59
f 2933//70 2932//69 2943//59 2944//60
f 2934//71 2933//70 2944//60 2945//61
f 2935//62 2934//71 2945//61 2946//62
f 2936//72 2935//62 2946//62 2947//63
f 2937//73 2936//72 2947//63 2948//64
f 2938//74 2937//73 2948//64 2949//65
f 2939//66 2938//74 2949//65 2950//66
f 2941//56 2940//57 2951//1999 2952//45
f 2942//58 2941//56 2952//45 2953//47
f 2943//59 2942//58 2953//47 2954//48
f 2944//60 2943//59 2954//48 2955//49
f 2945//61 2944//60 2955//49 2956//50
f 2946//62 2945//61 2956//50 2957//51
f 2947//63 2946//62 2957//51 2958//52
f 2948//64 2947//63 2958//52 2959//53
f 2949//65 2948//64 2959//53 2960//54
f 2950//66 2949//65 2960//54 2961//55
f 2952//45 2951//1999 2962//35 2963//34
f 2953//47 2952//45 2963//34 2964//36
f 2954//48 2953//47 2964//36 2965//37
f 2955//49 2954//48 2965//37 2966//38
f 2956//50 2955//49 2966//38 2967//39
f 2957//51 2956//50 2967//39 2968//40
f 2958//52 2957//51 2968//40 2969//41
f 2959//53 2958//52 2969//41 2970//42
f 2960//54 2959//53 2970//42 2971//43
f 2961//55 2960//54 2971//43 2972//44
f 2963//34 2962//35 2973//24 2974//2000
f 2964//36 2963//34 2974//2000 2975//25
f 2965//37 2964//36 2975//25 2976//26
f 2966//38 2965//37 2976//26 2977//27
f 2967//39 2966//38 2977//27 2978//28
f 2968//40 2967//39 2978//28 2979//29
f 2969//41 2968//40 2979//29 2980//2001
f 2970//42 2969//41 2980//2001 2981//31
f 2971//43 2970//42 2981//31 2982//32
f 2972//44 2971//43 2982//32 2983//33
f 2974//2000 2973//24 2984//2002 2985//2003
f 2975//25 2974//2000 2985//2003 2986//2004
f 2976//26 2975//25 2986//2004 2987//2005
f 2977//27 2976//26 2987//2005 2988//2006
f 2978//28 2977//27 2988//2006 2989//2007
f 2979//29 2978//28 2989//2007 2990//2008
f 2980//2001 2979//29 2990//2008 2991//2009
f 2981//31 2980//2001 2991//2009 2992//2010
f 2982//32 2981//31 2992//2010 2993//2011
f 2983//33 2982//32 2993//2011 2994//2012
f 2985//2003 2984//2002 2995//2013 2996//2014
f 2986//2004 2985//2003 2996//2014 2997//2015
f 2987//2005 2986//2004 2997//2015 2998//2016
f 2988//2006 2987//2005 2998//2016 2999//2017
f 2989//2007 2988//2006 2999//2017 3000//2018
f 2990//2008 2989//2007 3000//2018 3001//2019
f 2991//2009 2990//2008 3001//2019 3002//2020
f 2992//2010 2991//2009 3002//2020 3003//2021
f 2993//2011 2992//2010 3003//2021 3004//2022
f 2994//2012 2993//2011 3004//2022 3005//2023
f 2996//2014 2995//2013 3006//2024 3007//2025
f 2997//2015 2996//2014 3007//2025 3008//2026
f 2998//2016 2997//2015 3008//2026 3009//2027
f 2999//2017 2998//2016 3009//2027 3010//2028
f 3000//2018 2999//2017 3010//2028 3011//2029
f 3001//2019 3000//2018 3011//2029 3012//2030
f 3002//2020 3001//2019 3012//2030 3013//2031
f 3003//2021 3002//2020 3013//2031 3014//2032
f 3004//2022 3003//2021 3014//2032 3015//2033
f 3005//2023 3004//2022 3015//2033 3016//2034
f 3007//2025 3006//2024 3017//155 3018//152
f 3008//2026 3007//2025 3018//152 3019//156
f 3009//2027 3008//2026 3019//156 3020//158
f 3010//2028 3009//2027 3020//158 3021//160
f 3011//2029 3010//2028 3021//160 3022//162
f 3012//2030 3011//2029 3022//162 3023//164
f 3013//2031 3012//2030 3023//164 3024//166
f 3014//2032 3013//2031 3024//166 3025//168
f 3015//2033 3014//2032 3025//168 3026//170
f 3016//2034 3015//2033 3026//170 3027//172
f 3029//141 3028//142 3039//2035 3040//2036
f 3030//143 3029//141 3040//2036 3041//2037
f 3031//144 3030//143 3041//2037 3042//2038
f 3032//145 3031//144 3042//2038 3043//2039
f 3033//146 3032//145 3043//2039 3044//2040
f 3034//147 3033//146 3044//2040 3045//2041
f 3035//148 3034//147 3045//2041 3046//2042
f 3036//149 3035//148 3046//2042 3047//2043
f 3037//150 3036//149 3047//2043 3048//2044
f 3038//151 3037//150 3048//2044 3049//2045
f 3040//2036 3039//2035 3050//2046 3051//2047
f 3041//2037 3040//2036 3051//2047 3052//2048
f 3042//2038 3041//2037 3052//2048 3053//2049
f 3043//2039 3042//2038 3053//2049 3054//2050
f 3044//2040 3043//2039 3054//2050 3055//2051
f 3045//2041 3044//2040 3055//2051 3056//2052
f 3046//2042 3045//2041 3056//2052 3057//2053
f 3047//2043 3046//2042 3057//2053 3058//2054
f 3048//2044 3047//2043 3058//2054 3059//2055
f 3049//2045 3048//2044 3059//2055 3060//2056
f 3051//2047 3050//2046 3061//2057 3062//2058
f 3052//2048 3051//2047 3062//2058 3063//2059
f 3053//2049 3052//2048 3063//2059 3064//2060
f 3054//2050 3053//2049 3064//2060 3065//2061
f 3055//2051 3054//2050 3065//2061 3066//2062
f 3056//2052 3055//2051 3066//2062 3067//2063
f 3057//2053 3056//2052 3067//2063 3068//2064
f 3058//2054 3057//2053 3068//2064 3069//2065
f 3059//2055 3058//2054 3069//2065 3070//2066
f 3060//2056 3059//2055 3070//2066 3071//2067
f 3062//2058 3061//2057 3072//2068 3073//394
f 3063//2059 3062//2058 3073//394 3074//396
f 3064//2060 3063//2059 3074//396 3075//397
f 3065//2061 3064//2060 3075//397 3076//398
f 3066//2062 3065//2061 3076//398 3077//399
f 3067//2063 3066//2062 3077//399 3078//2069
f 3068//2064 3067//2063 3078//2069 3079//401
f 3069//2065 3068//2064 3079//401 3080//2070
f 3070//2066 3069//2065 3080//2070 3081//403
f 3071//2067 3070//2066 3081//403 3082//404
f 3073//394 3072//2068 3083//384 3084//2071
f 3074//396 3073//394 3084//2071 3085//385
f 3075//397 3074//396 3085//385 3086//386
f 3076//398 3075//397 3086//386 3087//387
f 3077//399 3076//398 3087//387 3088//388
f 3078//2069 3077//399 3088//388 3089//389
f 3079//401 3078//2069 3089//389 3090//390
f 3080//2070 3079//401 3090//390 3091//391
f 3081//403 3080//2070 3091//391 3092//2072
f 3082//404 3081//403 3092//2072 3093//2073
f 3084//2071 3083//384 3094//373 3095//372
f 3085//385 3084//2071 3095//372 3096//374
f 3086//386 3085//385 3096//374 3097//2074
f 3087//387 3086//386 3097//2074 3098//376
f 3088//388 3087//387 3098//376 3099//377
f 3089//389 3088//388 3099//377 3100//378
f 3090//390 3089//389 3100//378 3101//379
f 3091//391 3090//390 3101//379 3102//380
f 3092//2072 3091//391 3102//380 3103//381
f 3093//2073 3092//2072 3103//381 3104//2075
f 3095//372 3094//373 3105//362 3106//361
f 3096//374 3095//372 3106//361 3107//363
f 3097//2074 3096//374 3107//363 3108//364
f 3098//376 3097//2074 3108//364 3109//365
f 3099//377 3098//376 3109//365 3110//366
f 3100//378 3099//377 3110//366 3111//367
f 3101//379 3100//378 3111//367 3112//368
f 3102//380 3101//379 3112//368 3113//369
f 3103//381 3102//380 3113//369 3114//370
f 3104//2075 3103//381 3114//370 3115//371
f 3106//361 3105//362 3116//2076 3117//350
f 3107//363 3106//361 3117//350 3118//352
f 3108//364 3107//363 3118//352 3119//353
f 3109//365 3108//364 3119//353 3120//2077
f 3110//366 3109//365 3120//2077 3121//355
f 3111//367 3110//366 3121//355 3122//356
f 3112//368 3111//367 3122//356 3123//357
f 3113//369 3112//368 3123//357 3124//2078
f 3114//370 3113//369 3124//2078 3125//359
f 3115//371 3114//370 3125//359 3126//360
f 3117//350 3116//2076 3127//340 3128//339
f 3118//352 3117//350 3128//339 3129//341
f 3119//353 3118//352 3129//341 3130//342
f 3120//2077 3119//353 3130//342 3131//343
f 3121//355 3120//2077 3131//343 3132//344
f 3122//356 3121//355 3132//344 3133//2079
f 3123//357 3122//356 3133//2079 3134//346
f 3124//2078 3123//357 3134//346 3135//347
f 3125//359 3124//2078 3135//347 3136//348
f 3126//360 3125//359 3136//348 3137//349
f 3128//339 3127//340 3138//329 3139//328
f 3129//341 3128//339 3139//328 3140//2080
f 3130//342 3129//341 3140//2080 3141//331
f 3131//343 3130//342 3141//331 3142//332
f 3132//344 3131//343 3142//332 3143//333
f 3133//2079 3132//344 3143//333 3144//334
f 3134//346 3133//2079 3144//334 3145//335
f 3135//347 3134//346 3145//335 3146//2081
f 3136//348 3135//347 3146//2081 3147//337
f 3137//349 3136//348 3147//337 3148//338
f 3139//328 3138//329 3149//318 3150//317
f 3140//2080 3139//328 3150//317 3151//319
f 3141//331 3140//2080 3151//319 3152//320
f 3142//332 3141//331 3152//320 3153//321
f 3143//333 3142//332 3153//321 3154//322
f 3144//334 3143//333 3154//322 3155//323
f 3145//335 3144//334 3155//323 3156//324
f 3146//2081 3145//335 3156//324 3157//325
f 3147//337 3146//2081 3157//325 3158//326
f 3148//338 3147//337 3158//326 3159//327
f 3150//317 3149//318 3160//2082 3161//306
f 3151//319 3150//317 3161//306 3162//308
f 3152//320 3151//319 3162//308 3163//309
f 3153//321 3152//320 3163//309 3164//310
f 3154//322 3153//321 3164//310 3165//311
f 3155//323 3154//322 3165//311 3166//312
f 3156//324 3155//323 3166//312 3167//313
f 3157//325 3156//324 3167//313 3168//314
f 3158//326 3157//325 3168//314 3169//315
f 3159//327 3158//326 3169//315 3170//316
f 3161//306 3160//2082 3171//296 3172//295
f 3162//308 3161//306 3172//295 3173//297
f 3163//309 3162//308 3173//297 3174//298
f 3164//310 3163//309 3174//298 3175//299
f 3165//311 3164//310 3175//299 3176//300
f 3166//312 3165//311 3176//300 3177//301
f 3167//313 3166//312 3177//301 3178//302
f 3168//314 3167//313 3178//302 3179//303
f 3169//315 3168//314 3179//303 3180//304
f 3170//316 3169//315 3180//304 3181//305
f 3172//295 3171//296 3182//2083 3183//284
f 3173//297 3172//295 3183//284 3184//286
f 3174//298 3173//297 3184//286 3185//287
f 3175//299 3174//298 3185//287 3186//288
f 3176//300 3175//299 3186//288 3187//289
f 3177//301 3176//300 3187//289 3188//290
f 3178//302 3177//301 3188//290 3189//291
f 3179//303 3178//302 3189//291 3190//292
f 3180//304 3179//303 3190//292 3191//293
f 3181//305 3180//304 3191//293 3192//294
f 3183//284 3182//2083 3193//2084 3194//273
f 3184//286 3183//284 3194//273 3195//275
f 3185//287 3184//286 3195//275 3196//276
f 3186//288 3185//287 3196//276 3197//277
f 3187//289 3186//288 3197//277 3198//278
f 3188//290 3187//289 3198//278 3199//279
f 3189//291 3188//290 3199//279 3200//280
f 3190//292 3189//291 3200//280 3201//281
f 3191//293 3190//292 3201//281 3202//2085
f 3192//294 3191//293 3202//2085 3203//283
f 3194//273 3193//2084 3204//263 3205//262
f 3195//275 3194//273 3205//262 3206//2086
f 3196//276 3195//275 3206//2086 3207//265
f 3197//277 3196//276 3207//265 3208//266
f 3198//278 3197//277 3208//266 3209//267
f 3199//279 3198//278 3209//267 3210//268
f 3200//280 3199//279 3210//268 3211//269
f 3201//281 3200//280 3211//269 3212//270
f 3202//2085 3201//281 3212//270 3213//271
f 3203//283 3202//2085 3213//271 3214//272
f 3205//262 3204//263 3215//2087 3216//251
f 3206//2086 3205//262 3216//251 3217//253
f 3207//265 3206//2086 3217//253 3218//254
f 3208//266 3207//265 3218//254 3219//255
f 3209//267 3208//266 3219//255 3220//256
f 3210//268 3209//267 3220//256 3221//257
f 3211//269 3210//268 3221//257 3222//258
f 3212//270 3211//269 3222//258 3223//259
f 3213//271 3212//270 3223//259 3224//260
f 3214//272 3213//271 3224//260 3225//261
f 3216//251 3215//2087 3226//241 3227//240
f 3217//253 3216//251 3227//240 3228//242
f 3218//254 3217//253 3228//242 3229//243
f 3219//255 3218//254 3229//243 3230//244
f 3220//256 3219//255 3230//244 3231//245
f 3221//257 3220//256 3231//245 3232//246
f 3222//258 3221//257 3232//246 3233//247
f 3223//259 3222//258 3233//247 3234//2088
f 3224//260 3223//259 3234//2088 3235//249
f 3225//261 3224//260 3235//249 3236//250
f 3227//240 3226//241 3237//230 3238//229
f 3228//242 3227//240 3238//229 3239//231
f 3229//243 3228//242 3239//231 3240//232
f 3230//244 3229//243 3240//232 3241//233
f 3231//245 3230//244 3241//233 3242//234
f 3232//246 3231//245 3242//234 3243//235
f 3233//247 3232//246 3243//235 3244//236
f 3234//2088 3233//247 3244//236 3245//237
f 3235//249 3234//2088 3245//237 3246//238
f 3236//250 3235//249 3246//238 3247//239
f 3238//229 3237//230 3248//219 3249//218
f 3239//231 3238//229 3249//218 3250//220
f 3240//232 3239//231 3250//220 3251//221
f 3241//233 3240//232 3251//221 3252//222
f 3242//234 3241//233 3252//222 3253//223
f 3243//235 3242//234 3253//223 3254//224
f 3244//236 3243//235 3254//224 3255//225
f 3245//237 3244//236 3255//225 3256//226
f 3246//238 3245//237 3256//226 3257//227
f 3247//239 3246//238 3257//227 3258//228
f 3249//218 3248//219 3259//208 3260//2089
f 3250//220 3249//218 3260//2089 3261//209
f 3251//221 3250//220 3261//209 3262//2090
f 3252//222 3251//221 3262//2090 3263//211
f 3253//223 3252//222 3263//211 3264//212
f 3254//224 3253//223 3264//212 3265//213
f 3255//225 3254//224 3265//213 3266//214
f 3256//226 3255//225 3266//214 3267//215
f 3257//227 3256//226 3267//215 3268//2091
f 3258//228 3257//227 3268//2091 3269//217
f 3260//2089 3259//208 3270//2092 3271//196
f 3261//209 3260//2089 3271//196 3272//198
f 3262//2090 3261//209 3272//198 3273//199
f 3263//211 3262//2090 3273//199 3274//200
f 3264//212 3263//211 3274//200 3275//201
f 3265//213 3264//212 3275//201 3276//202
f 3266//214 3265//213 3276//202 3277//2093
f 3267//215 3266//214 3277//2093 3278//2094
f 3268//2091 3267//215 3278//2094 3279//205
f 3269//217 3268//2091 3279//205 3280//206
f 3271//196 3270//2092 3281//2095 3282//2096
f 3272//198 3271//196 3282//2096 3283//2097
f 3273//199 3272//198 3283//2097 3284//2098
f 3274//200 3273//199 3284//2098 3285//2099
f 3275//201 3274//200 3285//2099 3286//2100
f 3276//202 3275//201 3286//2100 3287//2101
f 3277//2093 3276//202 3287//2101 3288//2102
f 3278//2094 3277//2093 3288//2102 3289//2103
f 3279//205 3278//2094 3289//2103 3290//2104
f 3280//206 3279//205 3290//2104 3291//2105
f 3282//2096 3281//2095 3292//2106 3293//2107
f 3283//2097 3282//2096 3293//2107 3294//2108
f 3284//2098 3283//2097 3294//2108 3295//2109
f 3285//2099 3284//2098 3295//2109 3296//2110
f 3286//2100 3285//2099 3296//2110 3297//2111
f 3287//2101 3286//2100 3297//2111 3298//2112
f 3288//2102 3287//2101 3298//2112 3299//2113
f 3289//2103 3288//2102 3299//2113 3300//2114
f 3290//2104 3289//2103 3300//2114 3301//2115
f 3291//2105 3290//2104 3301//2115 3302//2116
f 3303//2117 2873//1993 2884//1994 3304//2118
f 3304//2118 2884//1994 2895//107 3305//435
f 3305//435 2895//107 2906//96 3306//2119
f 3306//2119 2906//96 2917//85 3307//433
f 3307//433 2917//85 2928//66 3308//432
f 3308//432 2928//66 2939//66 3309//432
f 3309//432 2939//66 2950//66 3310//432
f 3310//432 2950//66 2961//55 3311//431
f 3311//431 2961//55 2972//44 3312//430
f 3312//430 2972//44 2983//33 3313//429
f 3313//429 2983//33 2994//2012 3314//2120
f 3314//2120 2994//2012 3005//2023 3315//2121
f 3315//2121 3005//2023 3016//2034 3316//2122
f 3316//2122 3016//2034 3027//172 3317//440
f 3318//439 3038//151 3049//2045 3319//2123
f 3319//2123 3049//2045 3060//2056 3320//2124
f 3320//2124 3060//2056 3071//2067 3321//2125
f 3321//2125 3071//2067 3082//404 3322//462
f 3322//462 3082//404 3093//2073 3323//2126
f 3323//2126 3093//2073 3104//2075 3324//460
f 3324//460 3104//2075 3115//371 3325//2127
f 3325//2127 3115//371 3126//360 3326//2128
f 3326//2128 3126//360 3137//349 3327//457
f 3327//457 3137//349 3148//338 3328//456
f 3328//456 3148//338 3159//327 3329//455
f 3329//455 3159//327 3170//316 3330//454
f 3330//454 3170//316 3181//305 3331//453
f 3331//453 3181//305 3192//294 3332//2129
f 3332//2129 3192//294 3203//283 3333//451
f 3333//451 3203//283 3214//272 3334//450
f 3334//450 3214//272 3225//261 3335//449
f 3335//449 3225//261 3236//250 3336//2130
f 3336//2130 3236//250 3247//239 3337//447
f 3337//447 3247//239 3258//228 3338//446
f 3338//446 3258//228 3269//217 3339//445
f 3339//445 3269//217 3280//206 3340//444
f 3340//444 3280//206 3291//2105 3341//2131
f 3341//2131 3291//2105 3302//2116 3342//2132
f 2863//1974 3343//2133 3344//2134 2874//1975
f 2874//1975 3344//2134 3345//473 2885//98
f 2885//98 3345//473 3346//472 2896//1997
f 2896//1997 3346//472 3347//471 2907//1998
f 2907//1998 3347//471 3348//470 2918//57
f 2918//57 3348//470 3349//470 2929//57
f 2929//57 3349//470 3350//470 2940//57
f 2940//57 3350//470 3351//469 2951//1999
f 2951//1999 3351//469 3352//468 2962//35
f 2962//35 3352//468 3353//467 2973//24
f 2973//24 3353//467 3354//2135 2984//2002
f 2984//2002 3354//2135 3355//2136 2995//2013
f 2995//2013 3355//2136 3356//2137 3006//2024
f 3006//2024 3356//2137 3357//479 3017//155
f 3028//142 3358//477 3359//2138 3039//2035
f 3039//2035 3359//2138 3360//2139 3050//2046
f 3050//2046 3360//2139 3361//2140 3061//2057
f 3061//2057 3361//2140 3362//500 3072//2068
f 3072//2068 3362//500 3363//499 3083//384
f 3083//384 3363//499 3364//2141 3094//373
f 3094//373 3364//2141 3365//497 3105//362
f 3105//362 3365//497 3366//2142 3116//2076
f 3116//2076 3366//2142 3367//495 3127//340
f 3127//340 3367//495 3368//494 3138//329
f 3138//329 3368//494 3369//493 3149//318
f 3149//318 3369//493 3370//492 3160//2082
f 3160//2082 3370//492 3371//491 3171//296
f 3171//296 3371//491 3372//490 3182//2083
f 3182//2083 3372//490 3373//489 3193//2084
f 3193//2084 3373//489 3374//488 3204//263
f 3204//263 3374//488 3375//487 3215//2087
f 3215//2087 3375//487 3376//486 3226//241
f 3226//241 3376//486 3377//485 3237//230
f 3237//230 3377//485 3378//2143 3248//219
f 3248//219 3378//2143 3379//483 3259//208
f 3259//208 3379//483 3380//482 3270//2092
f 3270//2092 3380//482 3381//2144 3281//2095
f 3281//2095 3381//2144 3382//2145 3292//2106
f 3383//2146 3303//2117 3304//2118 3392//2147
f 3384//2148 3383//2146 3392//2147 3393//2149
f 3385//2150 3384//2148 3393//2149 3394//2151
f 3386//2152 3385//2150 3394//2151 3395//2153
f 3387//2154 3386//2152 3395//2153 3396//2155
f 3388//2156 3387//2154 3396//2155 3397//2157
f 3389//2158 3388//2156 3397//2157 3398//2159
f 3390//2160 3389//2158 3398//2159 3399//2161
f 3391//2162 3390//2160 3399//2161 3400//2163
f 3343//2133 3391//2162 3400//2163 3344//2134
f 3392//2147 3304//2118 3305//435 3401//583
f 3393//2149 3392//2147 3401//583 3402//584
f 3394//2151 3393//2149 3402//584 3403//585
f 3395//2153 3394//2151 3403//585 3404//586
f 3396//2155 3395//2153 3404//586 3405//587
f 3397//2157 3396//2155 3405//587 3406//588
f 3398//2159 3397//2157 3406//588 3407//589
f 3399//2161 3398//2159 3407//589 3408//590
f 3400//2163 3399//2161 3408//590 3409//2164
f 3344//2134 3400//2163 3409//2164 3345//473
f 3401//583 3305//435 3306//2119 3410//574
f 3402//584 3401//583 3410//574 3411//575
f 3403//585 3402//584 3411//575 3412//576
f 3404//586 3403//585 3412//576 3413//577
f 3405//587 3404//586 3413//577 3414//2165
f 3406//588 3405//587 3414//2165 3415//579
f 3407//589 3406//588 3415//579 3416//580
f 3408//590 3407//589 3416//580 3417//581
f 3409//2164 3408//590 3417//581 3418//582
f 3345//473 3409//2164 3418//582 3346//472
f 3410//574 3306//2119 3307//433 3419//2166
f 3411//575 3410//574 3419//2166 3420//566
f 3412//576 3411//575 3420//566 3421//567
f 3413//577 3412//576 3421//567 3422//568
f 3414//2165 3413//577 3422//568 3423//569
f 3415//579 3414//2165 3423//569 3424//570
f 3416//580 3415//579 3424//570 3425//571
f 3417//581 3416//580 3425//571 3426//572
f 3418//582 3417//581 3426//572 3427//573
f 3346//472 3418//582 3427//573 3347//471
f 3419//2166 3307//433 3308//432 3428//548
f 3420//566 3419//2166 3428//548 3429//549
f 3421//567 3420//566 3429//549 3430//550
f 3422//568 3421//567 3430//550 3431//551
f 3423//569 3422//568 3431//551 3432//552
f 3424//570 3423//569 3432//552 3433//553
f 3425//571 3424//570 3433//553 3434//554
f 3426//572 3425//571 3434//554 3435//555
f 3427//573 3426//572 3435//555 3436//556
f 3347//471 3427//573 3436//556 3348//470
f 3428//548 3308//432 3309//432 3437//557
f 3429//549 3428//548 3437//557 3438//558
f 3430//550 3429//549 3438//558 3439//559
f 3431//551 3430//550 3439//559 3440//560
f 3432//552 3431//551 3440//560 3441//561
f 3433//553 3432//552 3441//561 3442//553
f 3434//554 3433//553 3442//553 3443//562
f 3435//555 3434//554 3443//562 3444//563
f 3436//556 3435//555 3444//563 3445//564
f 3348//470 3436//556 3445//564 3349//470
f 3437//557 3309//432 3310//432 3446//548
f 3438//558 3437//557 3446//548 3447//549
f 3439//559 3438//558 3447//549 3448//550
f 3440//560 3439//559 3448//550 3449//551
f 3441//561 3440//560 3449//551 3450//552
f 3442//553 3441//561 3450//552 3451//553
f 3443//562 3442//553 3451//553 3452//554
f 3444//563 3443//562 3452//554 3453//555
f 3445//564 3444//563 3453//555 3454//556
f 3349//470 3445//564 3454//556 3350//470
f 3446//548 3310//432 3311//431 3455//2167
f 3447//549 3446//548 3455//2167 3456//540
f 3448//550 3447//549 3456//540 3457//541
f 3449//551 3448//550 3457//541 3458//542
f 3450//552 3449//551 3458//542 3459//543
f 3451//553 3450//552 3459//543 3460//544
f 3452//554 3451//553 3460//544 3461//545
f 3453//555 3452//554 3461//545 3462//546
f 3454//556 3453//555 3462//546 3463//547
f 3350//470 3454//556 3463//547 3351//469
f 3455//2167 3311//431 3312//430 3464//530
f 3456//540 3455//2167 3464//530 3465//531
f 3457//541 3456//540 3465//531 3466//532
f 3458//542 3457//541 3466//532 3467//533
f 3459//543 3458//542 3467//533 3468//2168
f 3460//544 3459//543 3468//2168 3469//535
f 3461//545 3460//544 3469//535 3470//536
f 3462//546 3461//545 3470//536 3471//537
f 3463//547 3462//546 3471//537 3472//538
f 3351//469 3463//547 3472//538 3352//468
f 3464//530 3312//430 3313//429 3473//521
f 3465//531 3464//530 3473//521 3474//522
f 3466//532 3465//531 3474//522 3475//523
f 3467//533 3466//532 3475//523 3476//524
f 3468//2168 3467//533 3476//524 3477//525
f 3469//535 3468//2168 3477//525 3478//526
f 3470//536 3469//535 3478//526 3479//2169
f 3471//537 3470//536 3479//2169 3480//528
f 3472//538 3471//537 3480//528 3481//2170
f 3352//468 3472//538 3481//2170 3353//467
f 3473//521 3313//429 3314//2120 3482//2171
f 3474//522 3473//521 3482//2171 3483//2172
f 3475//523 3474//522 3483//2172 3484//2173
f 3476//524 3475//523 3484//2173 3485//2174
f 3477//525 3476//524 3485//2174 3486//2175
f 3478//526 3477//525 3486//2175 3487//2176
f 3479//2169 3478//526 3487//2176 3488//2177
f 3480//528 3479//2169 3488//2177 3489//2178
f 3481//2170 3480//528 3489//2178 3490//2179
f 3353//467 3481//2170 3490//2179 3354//2135
f 3482//2171 3314//2120 3315//2121 3491//2180
f 3483//2172 3482//2171 3491//2180 3492//2181
f 3484//2173 3483//2172 3492//2181 3493//2182
f 3485//2174 3484//2173 3493//2182 3494//2183
f 3486//2175 3485//2174 3494//2183 3495//2184
f 3487//2176 3486//2175 3495//2184 3496//2185
f 3488//2177 3487//2176 3496//2185 3497//2186
f 3489//2178 3488//2177 3497//2186 3498//2187
f 3490//2179 3489//2178 3498//2187 3499//2188
f 3354//2135 3490//2179 3499//2188 3355//2136
f 3491//2180 3315//2121 3316//2122 3500//2189
f 3492//2181 3491//2180 3500//2189 3501//2190
f 3493//2182 3492//2181 3501//2190 3502//2191
f 3494//2183 3493//2182 3502//2191 3503//2192
f 3495//2184 3494//2183 3503//2192 3504//2193
f 3496//2185 3495//2184 3504//2193 3505//2194
f 3497//2186 3496//2185 3505//2194 3506//2195
f 3498//2187 3497//2186 3506//2195 3507//2196
f 3499//2188 3498//2187 3507//2196 3508//2197
f 3355//2136 3499//2188 3508//2197 3356//2137
f 3500//2189 3316//2122 3317//440 3509//628
f 3501//2190 3500//2189 3509//628 3510//630
f 3502//2191 3501//2190 3510//630 3511//632
f 3503//2192 3502//2191 3511//632 3512//634
f 3504//2193 3503//2192 3512//634 3513//636
f 3505//2194 3504//2193 3513//636 3514//638
f 3506//2195 3505//2194 3514//638 3515//640
f 3507//2196 3506//2195 3515//640 3516//642
f 3508//2197 3507//2196 3516//642 3517//644
f 3356//2137 3508//2197 3517//644 3357//479
f 3518//619 3318//439 3319//2123 3527//2198
f 3519//620 3518//619 3527//2198 3528//2199
f 3520//621 3519//620 3528//2199 3529//2200
f 3521//622 3520//621 3529//2200 3530//2201
f 3522//623 3521//622 3530//2201 3531//2202
f 3523//624 3522//623 3531//2202 3532//2203
f 3524//625 3523//624 3532//2203 3533//2204
f 3525//2205 3524//625 3533//2204 3534//2206
f 3526//627 3525//2205 3534//2206 3535//2207
f 3358//477 3526//627 3535//2207 3359//2138
f 3527//2198 3319//2123 3320//2124 3536//2208
f 3528//2199 3527//2198 3536//2208 3537//2209
f 3529//2200 3528//2199 3537//2209 3538//2210
f 3530//2201 3529//2200 3538//2210 3539//2211
f 3531//2202 3530//2201 3539//2211 3540//2212
f 3532//2203 3531//2202 3540//2212 3541//2213
f 3533//2204 3532//2203 3541//2213 3542//2214
f 3534//2206 3533//2204 3542//2214 3543//2215
f 3535//2207 3534//2206 3543//2215 3544//2216
f 3359//2138 3535//2207 3544//2216 3360//2139
f 3536//2208 3320//2124 3321//2125 3545//2217
f 3537//2209 3536//2208 3545//2217 3546//2218
f 3538//2210 3537//2209 3546//2218 3547//2219
f 3539//2211 3538//2210 3547//2219 3548//2220
f 3540//2212 3539//2211 3548//2220 3549//2221
f 3541//2213 3540//2212 3549//2221 3550//2222
f 3542//2214 3541//2213 3550//2222 3551//2223
f 3543//2215 3542//2214 3551//2223 3552//2224
f 3544//2216 3543//2215 3552//2224 3553//2225
f 3360//2139 3544//2216 3553//2225 3361//2140
f 3545//2217 3321//2125 3322//462 3554//826
f 3546//2218 3545//2217 3554//826 3555//827
f 3547//2219 3546//2218 3555//827 3556//828
f 3548//2220 3547//2219 3556//828 3557//829
f 3549//2221 3548//2220 3557//829 3558//830
f 3550//2222 3549//2221 3558//830 3559//831
f 3551//2223 3550//2222 3559//831 3560//832
f 3552//2224 3551//2223 3560//832 3561//833
f 3553//2225 3552//2224 3561//833 3562//834
f 3361//2140 3553//2225 3562//834 3362//500
f 3554//826 3322//462 3323//2126 3563//817
f 3555//827 3554//826 3563//817 3564//818
f 3556//828 3555//827 3564//818 3565//819
f 3557//829 3556//828 3565//819 3566//820
f 3558//830 3557//829 3566//820 3567//821
f 3559//831 3558//830 3567//821 3568//822
f 3560//832 3559//831 3568//822 3569//823
f 3561//833 3560//832 3569//823 3570//824
f 3562//834 3561//833 3570//824 3571//825
f 3362//500 3562//834 3571//825 3363//499
f 3563//817 3323//2126 3324//460 3572//808
f 3564//818 3563//817 3572//808 3573//809
f 3565//819 3564//818 3573//809 3574//810
f 3566//820 3565//819 3574//810 3575//811
f 3567//821 3566//820 3575//811 3576//812
f 3568//822 3567//821 3576//812 3577//813
f 3569//823 3568//822 3577//813 3578//814
f 3570//824 3569//823 3578//814 3579//815
f 3571//825 3570//824 3579//815 3580//816
f 3363//499 3571//825 3580//816 3364//2141
f 3572//808 3324//460 3325//2127 3581//799
f 3573//809 3572//808 3581//799 3582//800
f 3574//810 3573//809 3582//800 3583//801
f 3575//811 3574//810 3583//801 3584//802
f 3576//812 3575//811 3584//802 3585//803
f 3577//813 3576//812 3585//803 3586//804
f 3578//814 3577//813 3586//804 3587//805
f 3579//815 3578//814 3587//805 3588//806
f 3580//816 3579//815 3588//806 3589//807
f 3364//2141 3580//816 3589//807 3365//497
f 3581//799 3325//2127 3326//2128 3590//2226
f 3582//800 3581//799 3590//2226 3591//791
f 3583//801 3582//800 3591//791 3592//792
f 3584//802 3583//801 3592//792 3593//793
f 3585//803 3584//802 3593//793 3594//794
f 3586//804 3585//803 3594//794 3595//795
f 3587//805 3586//804 3595//795 3596//796
f 3588//806 3587//805 3596//796 3597//797
f 3589//807 3588//806 3597//797 3598//798
f 3365//497 3589//807 3598//798 3366//2142
f 3590//2226 3326//2128 3327//457 3599//781
f 3591//791 3590//2226 3599//781 3600//782
f 3592//792 3591//791 3600//782 3601//783
f 3593//793 3592//792 3601//783 3602//784
f 3594//794 3593//793 3602//784 3603//785
f 3595//795 3594//794 3603//785 3604//786
f 3596//796 3595//795 3604//786 3605//787
f 3597//797 3596//796 3605//787 3606//788
f 3598//798 3597//797 3606//788 3607//789
f 3366//2142 3598//798 3607//789 3367//495
f 3599//781 3327//457 3328//456 3608//772
f 3600//782 3599//781 3608//772 3609//773
f 3601//783 3600//782 3609//773 3610//774
f 3602//784 3601//783 3610//774 3611//775
f 3603//785 3602//784 3611//775 3612//776
f 3604//786 3603//785 3612//776 3613//777
f 3605//787 3604//786 3613//777 3614//778
f 3606//788 3605//787 3614//778 3615//779
f 3607//789 3606//788 3615//779 3616//780
f 3367//495 3607//789 3616//780 3368//494
f 3608//772 3328//456 3329//455 3617//763
f 3609//773 3608//772 3617//763 3618//764
f 3610//774 3609//773 3618//764 3619//765
f 3611//775 3610//774 3619//765 3620//766
f 3612//776 3611//775 3620//766 3621//767
f 3613//777 3612//776 3621//767 3622//768
f 3614//778 3613//777 3622//768 3623//2227
f 3615//779 3614//778 3623//2227 3624//770
f 3616//780 3615//779 3624//770 3625//771
f 3368//494 3616//780 3625//771 3369//493
f 3617//763 3329//455 3330//454 3626//754
f 3618//764 3617//763 3626//754 3627//755
f 3619//765 3618//764 3627//755 3628//756
f 3620//766 3619//765 3628//756 3629//757
f 3621//767 3620//766 3629//757 3630//758
f 3622//768 3621//767 3630//758 3631//759
f 3623//2227 3622//768 3631//759 3632//760
f 3624//770 3623//2227 3632//760 3633//761
f 3625//771 3624//770 3633//761 3634//762
f 3369//493 3625//771 3634//762 3370//492
f 3626//754 3330//454 3331//453 3635//745
f 3627//755 3626//754 3635//745 3636//746
f 3628//756 3627//755 3636//746 3637//747
f 3629//757 3628//756 3637//747 3638//748
f 3630//758 3629//757 3638//748 3639//749
f 3631//759 3630//758 3639//749 3640//750
f 3632//760 3631//759 3640//750 3641//751
f 3633//761 3632//760 3641//751 3642//752
f 3634//762 3633//761 3642//752 3643//753
f 3370//492 3634//762 3643//753 3371//491
f 3635//745 3331//453 3332//2129 3644//736
f 3636//746 3635//745 3644//736 3645//737
f 3637//747 3636//746 3645//737 3646//738
f 3638//748 3637//747 3646//738 3647//739
f 3639//749 3638//748 3647//739 3648//740
f 3640//750 3639//749 3648//740 3649//741
f 3641//751 3640//750 3649//741 3650//742
f 3642//752 3641//751 3650//742 3651//743
f 3643//753 3642//752 3651//743 3652//744
f 3371//491 3643//753 3652//744 3372//490
f 3644//736 3332//2129 3333//451 3653//727
f 3645//737 3644//736 3653//727 3654//728
f 3646//738 3645//737 3654//728 3655//729
f 3647//739 3646//738 3655//729 3656//730
f 3648//740 3647//739 3656//730 3657//731
f 3649//741 3648//740 3657//731 3658//732
f 3650//742 3649//741 3658//732 3659//733
f 3651//743 3650//742 3659//733 3660//734
f 3652//744 3651//743 3660//734 3661//735
f 3372//490 3652//744 3661//735 3373//489
f 3653//727 3333//451 3334//450 3662//2228
f 3654//728 3653//727 3662//2228 3663//719
f 3655//729 3654//728 3663//719 3664//720
f 3656//730 3655//729 3664//720 3665//721
f 3657//731 3656//730 3665//721 3666//722
f 3658//732 3657//731 3666//722 3667//723
f 3659//733 3658//732 3667//723 3668//724
f 3660//734 3659//733 3668//724 3669//2229
f 3661//735 3660//734 3669//2229 3670//2230
f 3373//489 3661//735 3670//2230 3374//488
f 3662//2228 3334//450 3335//449 3671//709
f 3663//719 3662//2228 3671//709 3672//2231
f 3664//720 3663//719 3672//2231 3673//711
f 3665//721 3664//720 3673//711 3674//712
f 3666//722 3665//721 3674//712 3675//713
f 3667//723 3666//722 3675//713 3676//714
f 3668//724 3667//723 3676//714 3677//715
f 3669//2229 3668//724 3677//715 3678//716
f 3670//2230 3669//2229 3678//716 3679//717
f 3374//488 3670//2230 3679//717 3375//487
f 3671//709 3335//449 3336//2130 3680//700
f 3672//2231 3671//709 3680//700 3681//701
f 3673//711 3672//2231 3681//701 3682//702
f 3674//712 3673//711 3682//702 3683//703
f 3675//713 3674//712 3683//703 3684//704
f 3676//714 3675//713 3684//704 3685//705
f 3677//715 3676//714 3685//705 3686//706
f 3678//716 3677//715 3686//706 3687//707
f 3679//717 3678//716 3687//707 3688//708
f 3375//487 3679//717 3688//708 3376//486
f 3680//700 3336//2130 3337//447 3689//691
f 3681//701 3680//700 3689//691 3690//692
f 3682//702 3681//701 3690//692 3691//693
f 3683//703 3682//702 3691//693 3692//694
f 3684//704 3683//703 3692//694 3693//695
f 3685//705 3684//704 3693//695 3694//696
f 3686//706 3685//705 3694//696 3695//697
f 3687//707 3686//706 3695//697 3696//698
f 3688//708 3687//707 3696//698 3697//699
f 3376//486 3688//708 3697//699 3377//485
f 3689//691 3337//447 3338//446 3698//682
f 3690//692 3689//691 3698//682 3699//683
f 3691//693 3690//692 3699//683 3700//684
f 3692//694 3691//693 3700//684 3701//685
f 3693//695 3692//694 3701//685 3702//686
f 3694//696 3693//695 3702//686 3703//687
f 3695//697 3694//696 3703//687 3704//688
f 3696//698 3695//697 3704//688 3705//689
f 3697//699 3696//698 3705//689 3706//690
f 3377//485 3697//699 3706//690 3378//2143
f 3698//682 3338//446 3339//445 3707//673
f 3699//683 3698//682 3707//673 3708//674
f 3700//684 3699//683 3708//674 3709//675
f 3701//685 3700//684 3709//675 3710//676
f 3702//686 3701//685 3710//676 3711//677
f 3703//687 3702//686 3711//677 3712//678
f 3704//688 3703//687 3712//678 3713//679
f 3705//689 3704//688 3713//679 3714//680
f 3706//690 3705//689 3714//680 3715//681
f 3378//2143 3706//690 3715//681 3379//483
f 3707//673 3339//445 3340//444 3716//664
f 3708//674 3707//673 3716//664 3717//665
f 3709//675 3708//674 3717//665 3718//666
f 3710//676 3709//675 3718//666 3719//667
f 3711//677 3710//676 3719//667 3720//668
f 3712//678 3711//677 3720//668 3721//669
f 3713//679 3712//678 3721//669 3722//670
f 3714//680 3713//679 3722//670 3723//671
f 3715//681 3714//680 3723//671 3724//672
f 3379//483 3715//681 3724//672 3380//482
f 3716//664 3340//444 3341//2131 3725//2232
f 3717//665 3716//664 3725//2232 3726//2233
f 3718//666 3717//665 3726//2233 3727//2234
f 3719//667 3718//666 3727//2234 3728//2235
f 3720//668 3719//667 3728//2235 3729//2236
f 3721//669 3720//668 3729//2236 3730//2237
f 3722//670 3721//669 3730//2237 3731//2238
f 3723//671 3722//670 3731//2238 3732//2239
f 3724//672 3723//671 3732//2239 3733//2240
f 3380//482 3724//672 3733//2240 3381//2144
f 3725//2232 3341//2131 3342//2132 3734//2241
f 3726//2233 3725//2232 3734//2241 3735//2242
f 3727//2234 3726//2233 3735//2242 3736//2243
f 3728//2235 3727//2234 3736//2243 3737//2244
f 3729//2236 3728//2235 3737//2244 3738//2245
f 3730//2237 3729//2236 3738//2245 3739//2246
f 3731//2238 3730//2237 3739//2246 3740//2247
f 3732//2239 3731//2238 3740//2247 3741//2248
f 3733//2240 3732//2239 3741//2248 3742//2249
f 3381//2144 3733//2240 3742//2249 3382//2145
f 3744//897 3743//898 3754//887 3755//886
f 3745//899 3744//897 3755//886 3756//888
f 3746//900 3745//899 3756//888 3757//889
f 3747//901 3746//900 3757//889 3758//890
f 3748//863 3747//901 3758//890 3759//891
f 3749//902 3748//863 3759//891 3760//892
f 3750//903 3749//902 3760//892 3761//893
f 3751//904 3750//903 3761//893 3762//894
f 3752//2250 3751//904 3762//894 3763//895
f 3753//906 3752//2250 3763//895 3764//896
f 3755//886 3754//887 3765//876 3766//875
f 3756//888 3755//886 3766//875 3767//877
f 3757//889 3756//888 3767//877 3768//878
f 3758//890 3757//889 3768//878 3769//879
f 3759//891 3758//890 3769//879 3770//880
f 3760//892 3759//891 3770//880 3771//881
f 3761//893 3760//892 3771//881 3772//882
f 3762//894 3761//893 3772//882 3773//883
f 3763//895 3762//894 3773//883 3774//884
f 3764//896 3763//895 3774//884 3775//885
f 3766//875 3765//876 3776//855 3777//2251
f 3767//877 3766//875 3777//2251 3778//858
f 3768//878 3767//877 3778//858 3779//860
f 3769//879 3768//878 3779//860 3780//862
f 3770//880 3769//879 3780//862 3781//864
f 3771//881 3770//880 3781//864 3782//866
f 3772//882 3771//881 3782//866 3783//868
f 3773//883 3772//882 3783//868 3784//870
f 3774//884 3773//883 3784//870 3785//872
f 3775//885 3774//884 3785//872 3786//874
f 3777//2251 3776//855 3787//856 3788//853
f 3778//858 3777//2251 3788//853 3789//857
f 3779//860 3778//858 3789//857 3790//859
f 3780//862 3779//860 3790//859 3791//861
f 3781//864 3780//862 3791//861 3792//863
f 3782//866 3781//864 3792//863 3793//865
f 3783//868 3782//866 3793//865 3794//867
f 3784//870 3783//868 3794//867 3795//869
f 3785//872 3784//870 3795//869 3796//871
f 3786//874 3785//872 3796//871 3797//873
f 3798//911 3753//906 3764//896 3799//910
f 3799//910 3764//896 3775//885 3800//909
f 3800//909 3775//885 3786//874 3801//908
f 3801//908 3786//874 3797//873 3802//907
f 3743//898 3803//916 3804//915 3754//887
f 3754//887 3804//915 3805//914 3765//876
f 3765//876 3805//914 3806//912 3776//855
f 3776//855 3806//912 3807//2252 3787//856
f 3808//953 3798//911 3799//910 3817//944
f 3809//954 3808//953 3817//944 3818//945
f 3810//955 3809//954 3818//945 3819//946
f 3811//956 3810//955 3819//946 3820//947
f 3812//925 3811//956 3820//947 3821//948
f 3813//957 3812//925 3821//948 3822//949
f 3814//958 3813//957 3822//949 3823//950
f 3815//959 3814//958 3823//950 3824//951
f 3816//2253 3815//959 3824//951 3825//952
f 3803//916 3816//2253 3825//952 3804//915
f 3817//944 3799//910 3800//909 3826//935
f 3818//945 3817//944 3826//935 3827//936
f 3819//946 3818//945 3827//936 3828//937
f 3820//947 3819//946 3828//937 3829//938
f 3821//948 3820//947 3829//938 3830//939
f 3822//949 3821//948 3830//939 3831//940
f 3823//950 3822//949 3831//940 3832//941
f 3824//951 3823//950 3832//941 3833//942
f 3825//952 3824//951 3833//942 3834//943
f 3804//915 3825//952 3834//943 3805//914
f 3826//935 3800//909 3801//908 3835//918
f 3827//936 3826//935 3835//918 3836//920
f 3828//937 3827//936 3836//920 3837//922
f 3829//938 3828//937 3837//922 3838//924
f 3830//939 3829//938 3838//924 3839//926
f 3831//940 3830//939 3839//926 3840//928
f 3832//941 3831//940 3840//928 3841//930
f 3833//942 3832//941 3841//930 3842//932
f 3834//943 3833//942 3842//932 3843//2254
f 3805//914 3834//943 3843//2254 3806//912
f 3835//918 3801//908 3802//907 3844//917
f 3836//920 3835//918 3844//917 3845//919
f 3837//922 3836//920 3845//919 3846//921
f 3838//924 3837//922 3846//921 3847//923
f 3839//926 3838//924 3847//923 3848//925
f 3840//928 3839//926 3848//925 3849//927
f 3841//930 3840//928 3849//927 3850//929
f 3842//932 3841//930 3850//929 3851//931
f 3843//2254 3842//932 3851//931 3852//933
f 3806//912 3843//2254 3852//933 3807//2252
f 3854//2255 3865//2256 3864//2257 3853//2258
f 3855//2259 3866//2260 3865//2256 3854//2255
f 3856//2261 3867//2262 3866//2260 3855//2259
f 3857//2263 3868//2264 3867//2262 3856//2261
f 3858//2265 3869//2266 3868//2264 3857//2263
f 3859//2267 3870//2268 3869//2266 3858//2265
f 3860//2269 3871//2270 3870//2268 3859//2267
f 3861//2271 3872//2272 3871//2270 3860//2269
f 3862//2273 3873//2274 3872//2272 3861//2271
f 3863//2275 3874//2276 3873//2274 3862//2273
f 3865//2256 3876//2277 3875//1057 3864//2257
f 3866//2260 3877//1059 3876//2277 3865//2256
f 3867//2262 3878//1060 3877//1059 3866//2260
f 3868//2264 3879//1061 3878//1060 3867//2262
f 3869//2266 3880//1062 3879//1061 3868//2264
f 3870//2268 3881//1063 3880//1062 3869//2266
f 3871//2270 3882//1064 3881//1063 3870//2268
f 3872//2272 3883//1065 3882//1064 3871//2270
f 3873//2274 3884//1066 3883//1065 3872//2272
f 3874//2276 3885//1067 3884//1066 3873//2274
f 3876//2277 3887//1047 3886//1046 3875//1057
f 3877//1059 3888//1048 3887//1047 3876//2277
f 3878//1060 3889//1049 3888//1048 3877//1059
f 3879//1061 3890//1050 3889//1049 3878//1060
f 3880//1062 3891//1051 3890//1050 3879//1061
f 3881//1063 3892//1052 3891//1051 3880//1062
f 3882//1064 3893//1053 3892//1052 3881//1063
f 3883//1065 3894//1054 3893//1053 3882//1064
f 3884//1066 3895//1055 3894//1054 3883//1065
f 3885//1067 3896//1056 3895//1055 3884//1066
f 3887//1047 3898//1036 3897//1035 3886//1046
f 3888//1048 3899//1037 3898//1036 3887//1047
f 3889//1049 3900//1038 3899//1037 3888//1048
f 3890//1050 3901//1039 3900//1038 3889//1049
f 3891//1051 3902//1040 3901//1039 3890//1050
f 3892//1052 3903//1041 3902//1040 3891//1051
f 3893//1053 3904//1042 3903//1041 3892//1052
f 3894//1054 3905//1043 3904//1042 3893//1053
f 3895//1055 3906//1044 3905//1043 3894//1054
f 3896//1056 3907//1045 3906//1044 3895//1055
f 3898//1036 3909//1017 3908//1016 3897//1035
f 3899//1037 3910//1018 3909//1017 3898//1036
f 3900//1038 3911//1019 3910//1018 3899//1037
f 3901//1039 3912//1020 3911//1019 3900//1038
f 3902//1040 3913//1021 3912//1020 3901//1039
f 3903//1041 3914//1022 3913//1021 3902//1040
f 3904//1042 3915//1023 3914//1022 3903//1041
f 3905//1043 3916//1024 3915//1023 3904//1042
f 3906//1044 3917//1025 3916//1024 3905//1043
f 3907//1045 3918//1026 3917//1025 3906//1044
f 3909//1017 3920//1027 3919//1016 3908//1016
f 3910//1018 3921//1028 3920//1027 3909//1017
f 3911//1019 3922//1029 3921//1028 3910//1018
f 3912//1020 3923//1030 3922//1029 3911//1019
f 3913//1021 3924//1031 3923//1030 3912//1020
f 3914//1022 3925//1022 3924//1031 3913//1021
f 3915//1023 3926//1032 3925//1022 3914//1022
f 3916//1024 3927//1033 3926//1032 3915//1023
f 3917//1025 3928//1034 3927//1033 3916//1024
f 3918//1026 3929//1026 3928//1034 3917//1025
f 3920//1027 3931//1017 3930//1016 3919//1016
f 3921//1028 3932//1018 3931//1017 3920//1027
f 3922//1029 3933//1019 3932//1018 3921//1028
f 3923//1030 3934//1020 3933//1019 3922//1029
f 3924//1031 3935//1021 3934//1020 3923//1030
f 3925//1022 3936//1022 3935//1021 3924//1031
f 3926//1032 3937//1023 3936//1022 3925//1022
f 3927//1033 3938//1024 3937//1023 3926//1032
f 3928//1034 3939//1025 3938//1024 3927//1033
f 3929//1026 3940//1026 3939//1025 3928//1034
f 3931//1017 3942//1006 3941//1005 3930//1016
f 3932//1018 3943//1007 3942//1006 3931//1017
f 3933//1019 3944//1008 3943//1007 3932//1018
f 3934//1020 3945//1009 3944//1008 3933//1019
f 3935//1021 3946//1010 3945//1009 3934//1020
f 3936//1022 3947//1011 3946//1010 3935//1021
f 3937//1023 3948//1012 3947//1011 3936//1022
f 3938//1024 3949//1013 3948//1012 3937//1023
f 3939//1025 3950//1014 3949//1013 3938//1024
f 3940//1026 3951//1015 3950//1014 3939//1025
f 3942//1006 3953//995 3952//994 3941//1005
f 3943//1007 3954//996 3953//995 3942//1006
f 3944//1008 3955//997 3954//996 3943//1007
f 3945//1009 3956//998 3955//997 3944//1008
f 3946//1010 3957//999 3956//998 3945//1009
f 3947//1011 3958//1000 3957//999 3946//1010
f 3948//1012 3959//1001 3958//1000 3947//1011
f 3949//1013 3960//1002 3959//1001 3948//1012
f 3950//1014 3961//1003 3960//1002 3949//1013
f 3951//1015 3962//1004 3961//1003 3950//1014
f 3953//995 3964//2278 3963//983 3952//994
f 3954//996 3965//985 3964//2278 3953//995
f 3955//997 3966//986 3965//985 3954//996
f 3956//998 3967//987 3966//986 3955//997
f 3957//999 3968//988 3967//987 3956//998
f 3958//1000 3969//989 3968//988 3957//999
f 3959//1001 3970//990 3969//989 3958//1000
f 3960//1002 3971//991 3970//990 3959//1001
f 3961//1003 3972//992 3971//991 3960//1002
f 3962//1004 3973//993 3972//992 3961//1003
f 3964//2278 3975//2279 3974//2280 3963//983
f 3965//985 3976//2281 3975//2279 3964//2278
f 3966//986 3977//2282 3976//2281 3965//985
f 3967//987 3978//2283 3977//2282 3966//986
f 3968//988 3979//2284 3978//2283 3967//987
f 3969//989 3980//2285 3979//2284 3968//988
f 3970//990 3981//2286 3980//2285 3969//989
f 3971//991 3982//2287 3981//2286 3970//990
f 3972//992 3983//2288 3982//2287 3971//991
f 3973//993 3984//2289 3983//2288 3972//992
f 3975//2279 3986//2290 3985//2291 3974//2280
f 3976//2281 3987//2292 3986//2290 3975//2279
f 3977//2282 3988//2293 3987//2292 3976//2281
f 3978//2283 3989//2294 3988//2293 3977//2282
f 3979//2284 3990//2295 3989//2294 3978//2283
f 3980//2285 3991//2296 3990//2295 3979//2284
f 3981//2286 3992//2297 3991//2296 3980//2285
f 3982//2287 3993//2298 3992//2297 3981//2286
f 3983//2288 3994//2299 3993//2298 3982//2287
f 3984//2289 3995//2300 3994//2299 3983//2288
f 3986//2290 3997//2301 3996//2302 3985//2291
f 3987//2292 3998//2303 3997//2301 3986//2290
f 3988//2293 3999//2304 3998//2303 3987//2292
f 3989//2294 4000//2305 3999//2304 3988//2293
f 3990//2295 4001//2306 4000//2305 3989//2294
f 3991//2296 4002//2307 4001//2306 3990//2295
f 3992//2297 4003//2308 4002//2307 3991//2296
f 3993//2298 4004//2309 4003//2308 3992//2297
f 3994//2299 4005//2310 4004//2309 3993//2298
f 3995//2300 4006//2311 4005//2310 3994//2299
f 3997//2301 4008//1112 4007//1113 3996//2302
f 3998//2303 4009//1116 4008//1112 3997//2301
f 3999//2304 4010//1118 4009//1116 3998//2303
f 4000//2305 4011//1120 4010//1118 3999//2304
f 4001//2306 4012//1122 4011//1120 4000//2305
f 4002//2307 4013//1124 4012//1122 4001//2306
f 4003//2308 4014//1126 4013//1124 4002//2307
f 4004//2309 4015//1128 4014//1126 4003//2308
f 4005//2310 4016//1130 4015//1128 4004//2309
f 4006//2311 4017//1132 4016//1130 4005//2310
f 4019//1102 4030//2312 4029//2313 4018//1101
f 4020//1103 4031//2314 4030//2312 4019//1102
f 4021//1104 4032//2315 4031//2314 4020//1103
f 4022//1105 4033//2316 4032//2315 4021//1104
f 4023//1106 4034//2317 4033//2316 4022//1105
f 4024//1107 4035//2318 4034//2317 4023//1106
f 4025//1108 4036//2319 4035//2318 4024//1107
f 4026//1109 4037//2320 4036//2319 4025//1108
f 4027//2321 4038//2322 4037//2320 4026//1109
f 4028//1111 4039//2323 4038//2322 4027//2321
f 4030//2312 4041//2324 4040//2325 4029//2313
f 4031//2314 4042//2326 4041//2324 4030//2312
f 4032//2315 4043//2327 4042//2326 4031//2314
f 4033//2316 4044//2328 4043//2327 4032//2315
f 4034//2317 4045//2329 4044//2328 4033//2316
f 4035//2318 4046//2330 4045//2329 4034//2317
f 4036//2319 4047//2331 4046//2330 4035//2318
f 4037//2320 4048//2332 4047//2331 4036//2319
f 4038//2322 4049//2333 4048//2332 4037//2320
f 4039//2323 4050//2334 4049//2333 4038//2322
f 4041//2324 4052//2335 4051//2336 4040//2325
f 4042//2326 4053//2337 4052//2335 4041//2324
f 4043//2327 4054//2338 4053//2337 4042//2326
f 4044//2328 4055//2339 4054//2338 4043//2327
f 4045//2329 4056//2340 4055//2339 4044//2328
f 4046//2330 4057//2341 4056//2340 4045//2329
f 4047//2331 4058//2342 4057//2341 4046//2330
f 4048//2332 4059//2343 4058//2342 4047//2331
f 4049//2333 4060//2344 4059//2343 4048//2332
f 4050//2334 4061//2345 4060//2344 4049//2333
f 4052//2335 4063//1355 4062//2346 4051//2336
f 4053//2337 4064//1356 4063//1355 4052//2335
f 4054//2338 4065//1357 4064//1356 4053//2337
f 4055//2339 4066//1358 4065//1357 4054//2338
f 4056//2340 4067//1359 4066//1358 4055//2339
f 4057//2341 4068//1360 4067//1359 4056//2340
f 4058//2342 4069//1361 4068//1360 4057//2341
f 4059//2343 4070//1362 4069//1361 4058//2342
f 4060//2344 4071//1363 4070//1362 4059//2343
f 4061//2345 4072//1364 4071//1363 4060//2344
f 4063//1355 4074//1344 4073//1343 4062//2346
f 4064//1356 4075//1345 4074//1344 4063//1355
f 4065//1357 4076//1346 4075//1345 4064//1356
f 4066//1358 4077//1347 4076//1346 4065//1357
f 4067//1359 4078//1348 4077//1347 4066//1358
f 4068//1360 4079//1349 4078//1348 4067//1359
f 4069//1361 4080//1350 4079//1349 4068//1360
f 4070//1362 4081//1351 4080//1350 4069//1361
f 4071//1363 4082//2347 4081//1351 4070//1362
f 4072//1364 4083//2348 4082//2347 4071//1363
f 4074//1344 4085//1333 4084//1332 4073//1343
f 4075//1345 4086//1334 4085//1333 4074//1344
f 4076//1346 4087//1335 4086//1334 4075//1345
f 4077//1347 4088//1336 4087//1335 4076//1346
f 4078//1348 4089//1337 4088//1336 4077//1347
f 4079//1349 4090//1338 4089//1337 4078//1348
f 4080//1350 4091//1339 4090//1338 4079//1349
f 4081//1351 4092//1340 4091//1339 4080//1350
f 4082//2347 4093//1341 4092//1340 4081//1351
f 4083//2348 4094//1342 4093//1341 4082//2347
f 4085//1333 4096//1322 4095//1321 4084//1332
f 4086//1334 4097//1323 4096//1322 4085//1333
f 4087//1335 4098//1324 4097//1323 4086//1334
f 4088//1336 4099//1325 4098//1324 4087//1335
f 4089//1337 4100//1326 4099//1325 4088//1336
f 4090//1338 4101//1327 4100//1326 4089//1337
f 4091//1339 4102//1328 4101//1327 4090//1338
f 4092//1340 4103//1329 4102//1328 4091//1339
f 4093//1341 4104//1330 4103//1329 4092//1340
f 4094//1342 4105//1331 4104//1330 4093//1341
f 4096//1322 4107//1311 4106//2349 4095//1321
f 4097//1323 4108//1312 4107//1311 4096//1322
f 4098//1324 4109//1313 4108//1312 4097//1323
f 4099//1325 4110//2350 4109//1313 4098//1324
f 4100//1326 4111//1315 4110//2350 4099//1325
f 4101//1327 4112//1316 4111//1315 4100//1326
f 4102//1328 4113//1317 4112//1316 4101//1327
f 4103//1329 4114//2351 4113//1317 4102//1328
f 4104//1330 4115//1319 4114//2351 4103//1329
f 4105//1331 4116//1320 4115//1319 4104//1330
f 4107//1311 4118//1300 4117//2352 4106//2349
f 4108//1312 4119//1301 4118//1300 4107//1311
f 4109//1313 4120//1302 4119//1301 4108//1312
f 4110//2350 4121//1303 4120//1302 4109//1313
f 4111//1315 4122//1304 4121//1303 4110//2350
f 4112//1316 4123//2353 4122//1304 4111//1315
f 4113//1317 4124//1306 4123//2353 4112//1316
f 4114//2351 4125//1307 4124//1306 4113//1317
f 4115//1319 4126//1308 4125//1307 4114//2351
f 4116//1320 4127//1309 4126//1308 4115//1319
f 4118//1300 4129//1289 4128//2354 4117//2352
f 4119//1301 4130//2355 4129//1289 4118//1300
f 4120//1302 4131//1291 4130//2355 4119//1301
f 4121//1303 4132//1292 4131//1291 4120//1302
f 4122//1304 4133//1293 4132//1292 4121//1303
f 4123//2353 4134//1294 4133//1293 4122//1304
f 4124//1306 4135//1295 4134//1294 4123//2353
f 4125//1307 4136//2356 4135//1295 4124//1306
f 4126//1308 4137//1297 4136//2356 4125//1307
f 4127//1309 4138//1298 4137//1297 4126//1308
f 4129//1289 4140//1278 4139//2357 4128//2354
f 4130//2355 4141//1279 4140//1278 4129//1289
f 4131//1291 4142//1280 4141//1279 4130//2355
f 4132//1292 4143//1281 4142//1280 4131//1291
f 4133//1293 4144//1282 4143//1281 4132//1292
f 4134//1294 4145//1283 4144//1282 4133//1293
f 4135//1295 4146//1284 4145//1283 4134//1294
f 4136//2356 4147//1285 4146//1284 4135//1295
f 4137//1297 4148//1286 4147//1285 4136//2356
f 4138//1298 4149//1287 4148//1286 4137//1297
f 4140//1278 4151//1267 4150//1266 4139//2357
f 4141//1279 4152//1268 4151//1267 4140//1278
f 4142//1280 4153//1269 4152//1268 4141//1279
f 4143//1281 4154//1270 4153//1269 4142//1280
f 4144//1282 4155//1271 4154//1270 4143//1281
f 4145//1283 4156//1272 4155//1271 4144//1282
f 4146//1284 4157//1273 4156//1272 4145//1283
f 4147//1285 4158//1274 4157//1273 4146//1284
f 4148//1286 4159//1275 4158//1274 4147//1285
f 4149//1287 4160//1276 4159//1275 4148//1286
f 4151//1267 4162//1256 4161//1255 4150//1266
f 4152//1268 4163//1257 4162//1256 4151//1267
f 4153//1269 4164//1258 4163//1257 4152//1268
f 4154//1270 4165//1259 4164//1258 4153//1269
f 4155//1271 4166//1260 4165//1259 4154//1270
f 4156//1272 4167//1261 4166//1260 4155//1271
f 4157//1273 4168//1262 4167//1261 4156//1272
f 4158//1274 4169//1263 4168//1262 4157//1273
f 4159//1275 4170//1264 4169//1263 4158//1274
f 4160//1276 4171//1265 4170//1264 4159//1275
f 4162//1256 4173//1245 4172//1244 4161//1255
f 4163//1257 4174//1246 4173//1245 4162//1256
f 4164//1258 4175//1247 4174//1246 4163//1257
f 4165//1259 4176//1248 4175//1247 4164//1258
f 4166//1260 4177//1249 4176//1248 4165//1259
f 4167//1261 4178//1250 4177//1249 4166//1260
f 4168//1262 4179//1251 4178//1250 4167//1261
f 4169//1263 4180//1252 4179//1251 4168//1262
f 4170//1264 4181//1253 4180//1252 4169//1263
f 4171//1265 4182//1254 4181//1253 4170//1264
f 4173//1245 4184//1234 4183//1233 4172//1244
f 4174//1246 4185//1235 4184//1234 4173//1245
f 4175//1247 4186//1236 4185//1235 4174//1246
f 4176//1248 4187//1237 4186//1236 4175//1247
f 4177//1249 4188//1238 4187//1237 4176//1248
f 4178//1250 4189//1239 4188//1238 4177//1249
f 4179//1251 4190//1240 4189//1239 4178//1250
f 4180//1252 4191//1241 4190//1240 4179//1251
f 4181//1253 4192//2358 4191//1241 4180//1252
f 4182//1254 4193//1243 4192//2358 4181//1253
f 4184//1234 4195//1223 4194//2359 4183//1233
f 4185//1235 4196//1224 4195//1223 4184//1234
f 4186//1236 4197//1225 4196//1224 4185//1235
f 4187//1237 4198//1226 4197//1225 4186//1236
f 4188//1238 4199//1227 4198//1226 4187//1237
f 4189//1239 4200//1228 4199//1227 4188//1238
f 4190//1240 4201//1229 4200//1228 4189//1239
f 4191//1241 4202//1230 4201//1229 4190//1240
f 4192//2358 4203//1231 4202//1230 4191//1241
f 4193//1243 4204//1232 4203//1231 4192//2358
f 4195//1223 4206//1212 4205//2360 4194//2359
f 4196//1224 4207//1213 4206//1212 4195//1223
f 4197//1225 4208//1214 4207//1213 4196//1224
f 4198//1226 4209//1215 4208//1214 4197//1225
f 4199//1227 4210//1216 4209//1215 4198//1226
f 4200//1228 4211//1217 4210//1216 4199//1227
f 4201//1229 4212//1218 4211//1217 4200//1228
f 4202//1230 4213//1219 4212//1218 4201//1229
f 4203//1231 4214//1220 4213//1219 4202//1230
f 4204//1232 4215//1221 4214//1220 4203//1231
f 4206//1212 4217//1201 4216//2361 4205//2360
f 4207//1213 4218//1202 4217//1201 4206//1212
f 4208//1214 4219//1203 4218//1202 4207//1213
f 4209//1215 4220//2362 4219//1203 4208//1214
f 4210//1216 4221//1205 4220//2362 4209//1215
f 4211//1217 4222//1206 4221//1205 4210//1216
f 4212//1218 4223//1207 4222//1206 4211//1217
f 4213//1219 4224//2363 4223//1207 4212//1218
f 4214//1220 4225//1209 4224//2363 4213//1219
f 4215//1221 4226//1210 4225//1209 4214//1220
f 4217//1201 4228//1190 4227//1189 4216//2361
f 4218//1202 4229//1191 4228//1190 4217//1201
f 4219//1203 4230//1192 4229//1191 4218//1202
f 4220//2362 4231//1193 4230//1192 4219//1203
f 4221//1205 4232//1194 4231//1193 4220//2362
f 4222//1206 4233//1195 4232//1194 4221//1205
f 4223//1207 4234//1196 4233//1195 4222//1206
f 4224//2363 4235//1197 4234//1196 4223//1207
f 4225//1209 4236//1198 4235//1197 4224//2363
f 4226//1210 4237//2364 4236//1198 4225//1209
f 4228//1190 4239//1179 4238//1178 4227//1189
f 4229//1191 4240//1180 4239//1179 4228//1190
f 4230//1192 4241//1181 4240//1180 4229//1191
f 4231//1193 4242//1182 4241//1181 4230//1192
f 4232//1194 4243//1183 4242//1182 4231//1193
f 4233//1195 4244//1184 4243//1183 4232//1194
f 4234//1196 4245//1185 4244//1184 4233//1195
f 4235//1197 4246//1186 4245//1185 4234//1196
f 4236//1198 4247//1187 4246//1186 4235//1197
f 4237//2364 4248//1188 4247//1187 4236//1198
f 4239//1179 4250//2365 4249//1167 4238//1178
f 4240//1180 4251//1169 4250//2365 4239//1179
f 4241//1181 4252//2366 4251//1169 4240//1180
f 4242//1182 4253//1171 4252//2366 4241//1181
f 4243//1183 4254//1172 4253//1171 4242//1182
f 4244//1184 4255//1173 4254//1172 4243//1183
f 4245//1185 4256//1174 4255//1173 4244//1184
f 4246//1186 4257//1175 4256//1174 4245//1185
f 4247//1187 4258//1176 4257//1175 4246//1186
f 4248//1188 4259//2367 4258//1176 4247//1187
f 4250//2365 4261//1157 4260//1156 4249//1167
f 4251//1169 4262//1158 4261//1157 4250//2365
f 4252//2366 4263//1159 4262//1158 4251//1169
f 4253//1171 4264//1160 4263//1159 4252//2366
f 4254//1172 4265//1161 4264//1160 4253//1171
f 4255//1173 4266//1162 4265//1161 4254//1172
f 4256//1174 4267//1163 4266//1162 4255//1173
f 4257//1175 4268//2368 4267//1163 4256//1174
f 4258//1176 4269//1165 4268//2368 4257//1175
f 4259//2367 4270//1166 4269//1165 4258//1176
f 4261//1157 4272//2369 4271//2370 4260//1156
f 4262//1158 4273//2371 4272//2369 4261//1157
f 4263//1159 4274//2372 4273//2371 4262//1158
f 4264//1160 4275//2373 4274//2372 4263//1159
f 4265//1161 4276//2374 4275//2373 4264//1160
f 4266//1162 4277//2375 4276//2374 4265//1161
f 4267//1163 4278//2376 4277//2375 4266//1162
f 4268//2368 4279//2377 4278//2376 4267//1163
f 4269//1165 4280//2378 4279//2377 4268//2368
f 4270//1166 4281//2379 4280//2378 4269//1165
f 4272//2369 4283//2380 4282//2381 4271//2370
f 4273//2371 4284//2382 4283//2380 4272//2369
f 4274//2372 4285//2383 4284//2382 4273//2371
f 4275//2373 4286//2384 4285//2383 4274//2372
f 4276//2374 4287//2385 4286//2384 4275//2373
f 4277//2375 4288//2386 4287//2385 4276//2374
f 4278//2376 4289//2387 4288//2386 4277//2375
f 4279//2377 4290//2388 4289//2387 4278//2376
f 4280//2378 4291//2389 4290//2388 4279//2377
f 4281//2379 4292//2390 4291//2389 4280//2378
f 4293//2391 4294//2392 3874//2276 3863//2275
f 4294//2392 4295//1395 3885//1067 3874//2276
f 4295//1395 4296//1394 3896//1056 3885//1067
f 4296//1394 4297//1393 3907//1045 3896//1056
f 4297//1393 4298//1392 3918//1026 3907//1045
f 4298//1392 4299//1392 3929//1026 3918//1026
f 4299//1392 4300//1392 3940//1026 3929//1026
f 4300//1392 4301//1391 3951//1015 3940//1026
f 4301//1391 4302//2393 3962//1004 3951//1015
f 4302//2393 4303//1389 3973//993 3962//1004
f 4303//1389 4304//2394 3984//2289 3973//993
f 4304//2394 4305//2395 3995//2300 3984//2289
f 4305//2395 4306//2396 4006//2311 3995//2300
f 4306//2396 4307//2397 4017//1132 4006//2311
f 4308//2398 4309//2399 4039//2323 4028//1111
f 4309//2399 4310//2400 4050//2334 4039//2323
f 4310//2400 4311//2401 4061//2345 4050//2334
f 4311//2401 4312//1422 4072//1364 4061//2345
f 4312//1422 4313//1421 4083//2348 4072//1364
f 4313//1421 4314//1420 4094//1342 4083//2348
f 4314//1420 4315//1419 4105//1331 4094//1342
f 4315//1419 4316//1418 4116//1320 4105//1331
f 4316//1418 4317//1417 4127//1309 4116//1320
f 4317//1417 4318//1416 4138//1298 4127//1309
f 4318//1416 4319//1415 4149//1287 4138//1298
f 4319//1415 4320//1414 4160//1276 4149//1287
f 4320//1414 4321//1413 4171//1265 4160//1276
f 4321//1413 4322//1412 4182//1254 4171//1265
f 4322//1412 4323//1411 4193//1243 4182//1254
f 4323//1411 4324//1410 4204//1232 4193//1243
f 4324//1410 4325//1409 4215//1221 4204//1232
f 4325//1409 4326//2402 4226//1210 4215//1221
f 4326//2402 4327//2403 4237//2364 4226//1210
f 4327//2403 4328//1406 4248//1188 4237//2364
f 4328//1406 4329//1405 4259//2367 4248//1188
f 4329//1405 4330//1404 4270//1166 4259//2367
f 4330//1404 4331//2404 4281//2379 4270//1166
f 4331//2404 4332//2405 4292//2390 4281//2379
f 3853//2258 3864//2257 4334//2406 4333//2407
f 3864//2257 3875//1057 4335//1433 4334//2406
f 3875//1057 3886//1046 4336//1432 4335//1433
f 3886//1046 3897//1035 4337//1431 4336//1432
f 3897//1035 3908//1016 4338//1430 4337//1431
f 3908//1016 3919//1016 4339//1430 4338//1430
f 3919//1016 3930//1016 4340//1430 4339//1430
f 3930//1016 3941//1005 4341//1429 4340//1430
f 3941//1005 3952//994 4342//1428 4341//1429
f 3952//994 3963//983 4468//1427 4342//1428
f 3963//983 3974//2280 4343//2408 4468//1427
f 3974//2280 3985//2291 4344//2409 4343//2408
f 3985//2291 3996//2302 4345//2410 4344//2409
f 3996//2302 4007//1113 4346//2411 4345//2410
f 4018//1101 4029//2313 4348//2412 4347//2413
f 4029//2313 4040//2325 4349//2414 4348//2412
f 4040//2325 4051//2336 4350//2415 4349//2414
f 4051//2336 4062//2346 4351//1460 4350//2415
f 4062//2346 4073//1343 4352//1459 4351//1460
f 4073//1343 4084//1332 4568//1458 4352//1459
f 4084//1332 4095//1321 4578//1457 4568//1458
f 4095//1321 4106//2349 4353//2416 4578//1457
f 4106//2349 4117//2352 4354//1455 4353//2416
f 4117//2352 4128//2354 4355//1454 4354//1455
f 4128//2354 4139//2357 4356//1453 4355//1454
f 4139//2357 4150//1266 4357//1452 4356//1453
f 4150//1266 4161//1255 4358//2417 4357//1452
f 4161//1255 4172//1244 4359//1450 4358//2417
f 4172//1244 4183//1233 4360//1449 4359//1450
f 4183//1233 4194//2359 4361//1448 4360//1449
f 4194//2359 4205//2360 4362//1447 4361//1448
f 4205//2360 4216//2361 4363//1446 4362//1447
f 4216//2361 4227//1189 4364//1445 4363//1446
f 4227//1189 4238//1178 4365//1444 4364//1445
f 4238//1178 4249//1167 4705//1443 4365//1444
f 4249//1167 4260//1156 4366//1442 4705//1443
f 4260//1156 4271//2370 4367//2418 4366//1442
f 4271//2370 4282//2381 4368//2419 4367//2418
f 4369//2420 4378//2421 4294//2392 4293//2391
f 4370//2422 4379//2423 4378//2421 4369//2420
f 4371//2424 4380//2425 4379//2423 4370//2422
f 4372//2426 4381//2427 4380//2425 4371//2424
f 4373//2428 4382//2429 4381//2427 4372//2426
f 4374//2430 4383//2431 4382//2429 4373//2428
f 4375//2432 4384//2433 4383//2431 4374//2430
f 4376//2434 4385//2435 4384//2433 4375//2432
f 4377//2436 4386//2437 4385//2435 4376//2434
f 4333//2407 4334//2406 4386//2437 4377//2436
f 4378//2421 4387//1543 4295//1395 4294//2392
f 4379//2423 4388//1544 4387//1543 4378//2421
f 4380//2425 4389//1545 4388//1544 4379//2423
f 4381//2427 4390//1546 4389//1545 4380//2425
f 4382//2429 4391//1547 4390//1546 4381//2427
f 4383//2431 4392//1548 4391//1547 4382//2429
f 4384//2433 4393//1549 4392//1548 4383//2431
f 4385//2435 4394//1550 4393//1549 4384//2433
f 4386//2437 4395//1551 4394//1550 4385//2435
f 4334//2406 4335//1433 4395//1551 4386//2437
f 4387//1543 4396//1534 4296//1394 4295//1395
f 4388//1544 4397//1535 4396//1534 4387//1543
f 4389//1545 4398//1536 4397//1535 4388//1544
f 4390//1546 4399//1537 4398//1536 4389//1545
f 4391//1547 4400//2438 4399//1537 4390//1546
f 4392//1548 4401//1539 4400//2438 4391//1547
f 4393//1549 4402//1540 4401//1539 4392//1548
f 4394//1550 4403//1541 4402//1540 4393//1549
f 4395//1551 4404//1542 4403//1541 4394//1550
f 4335//1433 4336//1432 4404//1542 4395//1551
f 4396//1534 4405//1525 4297//1393 4296//1394
f 4397//1535 4406//1526 4405//1525 4396//1534
f 4398//1536 4407//1527 4406//1526 4397//1535
f 4399//1537 4408//1528 4407//1527 4398//1536
f 4400//2438 4409//1529 4408//1528 4399//1537
f 4401//1539 4410//1530 4409//1529 4400//2438
f 4402//1540 4411//1531 4410//1530 4401//1539
f 4403//1541 4412//1532 4411//1531 4402//1540
f 4404//1542 4413//1533 4412//1532 4403//1541
f 4336//1432 4337//1431 4413//1533 4404//1542
f 4405//1525 4414//1508 4298//1392 4297//1393
f 4406//1526 4415//1509 4414//1508 4405//1525
f 4407//1527 4416//1510 4415//1509 4406//1526
f 4408//1528 4417//1511 4416//1510 4407//1527
f 4409//1529 4418//1512 4417//1511 4408//1528
f 4410//1530 4419//1513 4418//1512 4409//1529
f 4411//1531 4420//1514 4419//1513 4410//1530
f 4412//1532 4421//1515 4420//1514 4411//1531
f 4413//1533 4422//1516 4421//1515 4412//1532
f 4337//1431 4338//1430 4422//1516 4413//1533
f 4414//1508 4423//1517 4299//1392 4298//1392
f 4415//1509 4424//1518 4423//1517 4414//1508
f 4416//1510 4425//1519 4424//1518 4415//1509
f 4417//1511 4426//1520 4425//1519 4416//1510
f 4418//1512 4427//1521 4426//1520 4417//1511
f 4419//1513 4428//1513 4427//1521 4418//1512
f 4420//1514 4429//1522 4428//1513 4419//1513
f 4421//1515 4430//1523 4429//1522 4420//1514
f 4422//1516 4431//1524 4430//1523 4421//1515
f 4338//1430 4339//1430 4431//1524 4422//1516
f 4423//1517 4432//1508 4300//1392 4299//1392
f 4424//1518 4433//1509 4432//1508 4423//1517
f 4425//1519 4434//1510 4433//1509 4424//1518
f 4426//1520 4435//1511 4434//1510 4425//1519
f 4427//1521 4436//1512 4435//1511 4426//1520
f 4428//1513 4437//1513 4436//1512 4427//1521
f 4429//1522 4438//1514 4437//1513 4428//1513
f 4430//1523 4439//1515 4438//1514 4429//1522
f 4431//1524 4440//1516 4439//1515 4430//1523
f 4339//1430 4340//1430 4440//1516 4431//1524
f 4432//1508 4441//1499 4301//1391 4300//1392
f 4433//1509 4442//1500 4441//1499 4432//1508
f 4434//1510 4443//1501 4442//1500 4433//1509
f 4435//1511 4444//1502 4443//1501 4434//1510
f 4436//1512 4445//1503 4444//1502 4435//1511
f 4437//1513 4446//1504 4445//1503 4436//1512
f 4438//1514 4447//1505 4446//1504 4437//1513
f 4439//1515 4448//1506 4447//1505 4438//1514
f 4440//1516 4449//1507 4448//1506 4439//1515
f 4340//1430 4341//1429 4449//1507 4440//1516
f 4441//1499 4450//1490 4302//2393 4301//1391
f 4442//1500 4451//1491 4450//1490 4441//1499
f 4443//1501 4452//1492 4451//1491 4442//1500
f 4444//1502 4453//1493 4452//1492 4443//1501
f 4445//1503 4454//1494 4453//1493 4444//1502
f 4446//1504 4455//1495 4454//1494 4445//1503
f 4447//1505 4456//1496 4455//1495 4446//1504
f 4448//1506 4457//1497 4456//1496 4447//1505
f 4449//1507 4458//1498 4457//1497 4448//1506
f 4341//1429 4342//1428 4458//1498 4449//1507
f 4450//1490 4459//1481 4303//1389 4302//2393
f 4451//1491 4460//1482 4459//1481 4450//1490
f 4452//1492 4461//1483 4460//1482 4451//1491
f 4453//1493 4462//1484 4461//1483 4452//1492
f 4454//1494 4463//1485 4462//1484 4453//1493
f 4455//1495 4464//1486 4463//1485 4454//1494
f 4456//1496 4465//1487 4464//1486 4455//1495
f 4457//1497 4466//1488 4465//1487 4456//1496
f 4458//1498 4467//2439 4466//1488 4457//1497
f 4342//1428 4468//1427 4467//2439 4458//1498
f 4459//1481 4469//2440 4304//2394 4303//1389
f 4460//1482 4470//2441 4469//2440 4459//1481
f 4461//1483 4471//2442 4470//2441 4460//1482
f 4462//1484 4472//2443 4471//2442 4461//1483
f 4463//1485 4473//2444 4472//2443 4462//1484
f 4464//1486 4474//2445 4473//2444 4463//1485
f 4465//1487 4475//2446 4474//2445 4464//1486
f 4466//1488 4476//2447 4475//2446 4465//1487
f 4467//2439 4477//2448 4476//2447 4466//1488
f 4468//1427 4343//2408 4477//2448 4467//2439
f 4469//2440 4478//2449 4305//2395 4304//2394
f 4470//2441 4479//2450 4478//2449 4469//2440
f 4471//2442 4480//2451 4479//2450 4470//2441
f 4472//2443 4481//2452 4480//2451 4471//2442
f 4473//2444 4482//2453 4481//2452 4472//2443
f 4474//2445 4483//2454 4482//2453 4473//2444
f 4475//2446 4484//2455 4483//2454 4474//2445
f 4476//2447 4485//2456 4484//2455 4475//2446
f 4477//2448 4486//2457 4485//2456 4476//2447
f 4343//2408 4344//2409 4486//2457 4477//2448
f 4478//2449 4487//2458 4306//2396 4305//2395
f 4479//2450 4488//2459 4487//2458 4478//2449
f 4480//2451 4489//2460 4488//2459 4479//2450
f 4481//2452 4490//2461 4489//2460 4480//2451
f 4482//2453 4491//2462 4490//2461 4481//2452
f 4483//2454 4492//2463 4491//2462 4482//2453
f 4484//2455 4493//2464 4492//2463 4483//2454
f 4485//2456 4494//2465 4493//2464 4484//2455
f 4486//2457 4495//2466 4494//2465 4485//2456
f 4344//2409 4345//2410 4495//2466 4486//2457
f 4487//2458 4496//1588 4307//2397 4306//2396
f 4488//2459 4497//1590 4496//1588 4487//2458
f 4489//2460 4498//1592 4497//1590 4488//2459
f 4490//2461 4499//1594 4498//1592 4489//2460
f 4491//2462 4500//1596 4499//1594 4490//2461
f 4492//2463 4501//1598 4500//1596 4491//2462
f 4493//2464 4502//1600 4501//1598 4492//2463
f 4494//2465 4503//2467 4502//1600 4493//2464
f 4495//2466 4504//1604 4503//2467 4494//2465
f 4345//2410 4346//2411 4504//1604 4495//2466
f 4505//1579 4514//2468 4309//2399 4308//2398
f 4506//1580 4515//2469 4514//2468 4505//1579
f 4507//1581 4516//2470 4515//2469 4506//1580
f 4508//1582 4517//2471 4516//2470 4507//1581
f 4509//1583 4518//2472 4517//2471 4508//1582
f 4510//1584 4519//2473 4518//2472 4509//1583
f 4511//1585 4520//2474 4519//2473 4510//1584
f 4512//2475 4521//2476 4520//2474 4511//1585
f 4513//1587 4522//2477 4521//2476 4512//2475
f 4347//2413 4348//2412 4522//2477 4513//1587
f 4514//2468 4523//2478 4310//2400 4309//2399
f 4515//2469 4524//2479 4523//2478 4514//2468
f 4516//2470 4525//2480 4524//2479 4515//2469
f 4517//2471 4526//2481 4525//2480 4516//2470
f 4518//2472 4527//2482 4526//2481 4517//2471
f 4519//2473 4528//2483 4527//2482 4518//2472
f 4520//2474 4529//2484 4528//2483 4519//2473
f 4521//2476 4530//2485 4529//2484 4520//2474
f 4522//2477 4531//2486 4530//2485 4521//2476
f 4348//2412 4349//2414 4531//2486 4522//2477
f 4523//2478 4532//2487 4311//2401 4310//2400
f 4524//2479 4533//2488 4532//2487 4523//2478
f 4525//2480 4534//2489 4533//2488 4524//2479
f 4526//2481 4535//2490 4534//2489 4525//2480
f 4527//2482 4536//2491 4535//2490 4526//2481
f 4528//2483 4537//2492 4536//2491 4527//2482
f 4529//2484 4538//2493 4537//2492 4528//2483
f 4530//2485 4539//2494 4538//2493 4529//2484
f 4531//2486 4540//2495 4539//2494 4530//2485
f 4349//2414 4350//2415 4540//2495 4531//2486
f 4532//2487 4541//1786 4312//1422 4311//2401
f 4533//2488 4542//1787 4541//1786 4532//2487
f 4534//2489 4543//1788 4542//1787 4533//2488
f 4535//2490 4544//1789 4543//1788 4534//2489
f 4536//2491 4545//1790 4544//1789 4535//2490
f 4537//2492 4546//1791 4545//1790 4536//2491
f 4538//2493 4547//1792 4546//1791 4537//2492
f 4539//2494 4548//1793 4547//1792 4538//2493
f 4540//2495 4549//1794 4548//1793 4539//2494
f 4350//2415 4351//1460 4549//1794 4540//2495
f 4541//1786 4550//1777 4313//1421 4312//1422
f 4542//1787 4551//1778 4550//1777 4541//1786
f 4543//1788 4552//1779 4551//1778 4542//1787
f 4544//1789 4553//1780 4552//1779 4543//1788
f 4545//1790 4554//1781 4553//1780 4544//1789
f 4546//1791 4555//1782 4554//1781 4545//1790
f 4547//1792 4556//1783 4555//1782 4546//1791
f 4548//1793 4557//1784 4556//1783 4547//1792
f 4549//1794 4558//1785 4557//1784 4548//1793
f 4351//1460 4352//1459 4558//1785 4549//1794
f 4550//1777 4559//1768 4314//1420 4313//1421
f 4551//1778 4560//2496 4559//1768 4550//1777
f 4552//1779 4561//1770 4560//2496 4551//1778
f 4553//1780 4562//1771 4561//1770 4552//1779
f 4554//1781 4563//1772 4562//1771 4553//1780
f 4555//1782 4564//1773 4563//1772 4554//1781
f 4556//1783 4565//1774 4564//1773 4555//1782
f 4557//1784 4566//1775 4565//1774 4556//1783
f 4558//1785 4567//1776 4566//1775 4557//1784
f 4352//1459 4568//1458 4567//1776 4558//1785
f 4559//1768 4569//1759 4315//1419 4314//1420
f 4560//2496 4570//1760 4569//1759 4559//1768
f 4561//1770 4571//1761 4570//1760 4560//2496
f 4562//1771 4572//1762 4571//1761 4561//1770
f 4563//1772 4573//1763 4572//1762 4562//1771
f 4564//1773 4574//1764 4573//1763 4563//1772
f 4565//1774 4575//1765 4574//1764 4564//1773
f 4566//1775 4576//1766 4575//1765 4565//1774
f 4567//1776 4577//1767 4576//1766 4566//1775
f 4568//1458 4578//1457 4577//1767 4567//1776
f 4569//1759 4579//1750 4316//1418 4315//1419
f 4570//1760 4580//1751 4579//1750 4569//1759
f 4571//1761 4581//1752 4580//1751 4570//1760
f 4572//1762 4582//1753 4581//1752 4571//1761
f 4573//1763 4583//1754 4582//1753 4572//1762
f 4574//1764 4584//1755 4583//1754 4573//1763
f 4575//1765 4585//1756 4584//1755 4574//1764
f 4576//1766 4586//1757 4585//1756 4575//1765
f 4577//1767 4587//1758 4586//1757 4576//1766
f 4578//1457 4353//2416 4587//1758 4577//1767
f 4579//1750 4588//1741 4317//1417 4316//1418
f 4580//1751 4589//2497 4588//1741 4579//1750
f 4581//1752 4590//1743 4589//2497 4580//1751
f 4582//1753 4591//1744 4590//1743 4581//1752
f 4583//1754 4592//1745 4591//1744 4582//1753
f 4584//1755 4593//1746 4592//1745 4583//1754
f 4585//1756 4594//1747 4593//1746 4584//1755
f 4586//1757 4595//1748 4594//1747 4585//1756
f 4587//1758 4596//1749 4595//1748 4586//1757
f 4353//2416 4354//1455 4596//1749 4587//1758
f 4588//1741 4597//1732 4318//1416 4317//1417
f 4589//2497 4598//1733 4597//1732 4588//1741
f 4590//1743 4599//1734 4598//1733 4589//2497
f 4591//1744 4600//1735 4599//1734 4590//1743
f 4592//1745 4601//1736 4600//1735 4591//1744
f 4593//1746 4602//1737 4601//1736 4592//1745
f 4594//1747 4603//1738 4602//1737 4593//1746
f 4595//1748 4604//1739 4603//1738 4594//1747
f 4596//1749 4605//1740 4604//1739 4595//1748
f 4354//1455 4355//1454 4605//1740 4596//1749
f 4597//1732 4606//1723 4319//1415 4318//1416
f 4598//1733 4607//1724 4606//1723 4597//1732
f 4599//1734 4608//1725 4607//1724 4598//1733
f 4600//1735 4609//1726 4608//1725 4599//1734
f 4601//1736 4610//1727 4609//1726 4600//1735
f 4602//1737 4611//1728 4610//1727 4601//1736
f 4603//1738 4612//1729 4611//1728 4602//1737
f 4604//1739 4613//1730 4612//1729 4603//1738
f 4605//1740 4614//1731 4613//1730 4604//1739
f 4355//1454 4356//1453 4614//1731 4605//1740
f 4606//1723 4615//1714 4320//1414 4319//1415
f 4607//1724 4616//1715 4615//1714 4606//1723
f 4608//1725 4617//1716 4616//1715 4607//1724
f 4609//1726 4618//1717 4617//1716 4608//1725
f 4610//1727 4619//1718 4618//1717 4609//1726
f 4611//1728 4620//1719 4619//1718 4610//1727
f 4612//1729 4621//1720 4620//1719 4611//1728
f 4613//1730 4622//1721 4621//1720 4612//1729
f 4614//1731 4623//1722 4622//1721 4613//1730
f 4356//1453 4357//1452 4623//1722 4614//1731
f 4615//1714 4624//1705 4321//1413 4320//1414
f 4616//1715 4625//1706 4624//1705 4615//1714
f 4617//1716 4626//1707 4625//1706 4616//1715
f 4618//1717 4627//1708 4626//1707 4617//1716
f 4619//1718 4628//1709 4627//1708 4618//1717
f 4620//1719 4629//1710 4628//1709 4619//1718
f 4621//1720 4630//1711 4629//1710 4620//1719
f 4622//1721 4631//1712 4630//1711 4621//1720
f 4623//1722 4632//1713 4631//1712 4622//1721
f 4357//1452 4358//2417 4632//1713 4623//1722
f 4624//1705 4633//1696 4322//1412 4321//1413
f 4625//1706 4634//1697 4633//1696 4624//1705
f 4626//1707 4635//1698 4634//1697 4625//1706
f 4627//1708 4636//1699 4635//1698 4626//1707
f 4628//1709 4637//1700 4636//1699 4627//1708
f 4629//1710 4638//1701 4637//1700 4628//1709
f 4630//1711 4639//1702 4638//1701 4629//1710
f 4631//1712 4640//1703 4639//1702 4630//1711
f 4632//1713 4641//1704 4640//1703 4631//1712
f 4358//2417 4359//1450 4641//1704 4632//1713
f 4633//1696 4642//1687 4323//1411 4322//1412
f 4634//1697 4643//1688 4642//1687 4633//1696
f 4635//1698 4644//1689 4643//1688 4634//1697
f 4636//1699 4645//1690 4644//1689 4635//1698
f 4637//1700 4646//1691 4645//1690 4636//1699
f 4638//1701 4647//1692 4646//1691 4637//1700
f 4639//1702 4648//1693 4647//1692 4638//1701
f 4640//1703 4649//1694 4648//1693 4639//1702
f 4641//1704 4650//1695 4649//1694 4640//1703
f 4359//1450 4360//1449 4650//1695 4641//1704
f 4642//1687 4651//1678 4324//1410 4323//1411
f 4643//1688 4652//1679 4651//1678 4642//1687
f 4644//1689 4653//1680 4652//1679 4643//1688
f 4645//1690 4654//1681 4653//1680 4644//1689
f 4646//1691 4655//1682 4654//1681 4645//1690
f 4647//1692 4656//1683 4655//1682 4646//1691
f 4648//1693 4657//1684 4656//1683 4647//1692
f 4649//1694 4658//2498 4657//1684 4648//1693
f 4650//1695 4659//1686 4658//2498 4649//1694
f 4360//1449 4361//1448 4659//1686 4650//1695
f 4651//1678 4660//1669 4325//1409 4324//1410
f 4652//1679 4661//2499 4660//1669 4651//1678
f 4653//1680 4662//1671 4661//2499 4652//1679
f 4654//1681 4663//1672 4662//1671 4653//1680
f 4655//1682 4664//1673 4663//1672 4654//1681
f 4656//1683 4665//1674 4664//1673 4655//1682
f 4657//1684 4666//1675 4665//1674 4656//1683
f 4658//2498 4667//1676 4666//1675 4657//1684
f 4659//1686 4668//1677 4667//1676 4658//2498
f 4361//1448 4362//1447 4668//1677 4659//1686
f 4660//1669 4669//2500 4326//2402 4325//1409
f 4661//2499 4670//1661 4669//2500 4660//1669
f 4662//1671 4671//1662 4670//1661 4661//2499
f 4663//1672 4672//1663 4671//1662 4662//1671
f 4664//1673 4673//1664 4672//1663 4663//1672
f 4665//1674 4674//1665 4673//1664 4664//1673
f 4666//1675 4675//1666 4674//1665 4665//1674
f 4667//1676 4676//1667 4675//1666 4666//1675
f 4668//1677 4677//1668 4676//1667 4667//1676
f 4362//1447 4363//1446 4677//1668 4668//1677
f 4669//2500 4678//1651 4327//2403 4326//2402
f 4670//1661 4679//1652 4678//1651 4669//2500
f 4671//1662 4680//1653 4679//1652 4670//1661
f 4672//1663 4681//1654 4680//1653 4671//1662
f 4673//1664 4682//1655 4681//1654 4672//1663
f 4674//1665 4683//1656 4682//1655 4673//1664
f 4675//1666 4684//1657 4683//1656 4674//1665
f 4676//1667 4685//1658 4684//1657 4675//1666
f 4677//1668 4686//1659 4685//1658 4676//1667
f 4363//1446 4364//1445 4686//1659 4677//1668
f 4678//1651 4687//1642 4328//1406 4327//2403
f 4679//1652 4688//1643 4687//1642 4678//1651
f 4680//1653 4689//2501 4688//1643 4679//1652
f 4681//1654 4690//1645 4689//2501 4680//1653
f 4682//1655 4691//1646 4690//1645 4681//1654
f 4683//1656 4692//1647 4691//1646 4682//1655
f 4684//1657 4693//1648 4692//1647 4683//1656
f 4685//1658 4694//1649 4693//1648 4684//1657
f 4686//1659 4695//1650 4694//1649 4685//1658
f 4364//1445 4365//1444 4695//1650 4686//1659
f 4687//1642 4696//1633 4329//1405 4328//1406
f 4688//1643 4697//1634 4696//1633 4687//1642
f 4689//2501 4698//1635 4697//1634 4688//1643
f 4690//1645 4699//1636 4698//1635 4689//2501
f 4691//1646 4700//1637 4699//1636 4690//1645
f 4692//1647 4701//1638 4700//1637 4691//1646
f 4693//1648 4702//1639 4701//1638 4692//1647
f 4694//1649 4703//1640 4702//1639 4693//1648
f 4695//1650 4704//1641 4703//1640 4694//1649
f 4365//1444 4705//1443 4704//1641 4695//1650
f 4696//1633 4706//2502 4330//1404 4329//1405
f 4697//1634 4707//1625 4706//2502 4696//1633
f 4698//1635 4708//1626 4707//1625 4697//1634
f 4699//1636 4709//1627 4708//1626 4698//1635
f 4700//1637 4710//1628 4709//1627 4699//1636
f 4701//1638 4711//1629 4710//1628 4700//1637
f 4702//1639 4712//1630 4711//1629 4701//1638
f 4703//1640 4713//1631 4712//1630 4702//1639
f 4704//1641 4714//1632 4713//1631 4703//1640
f 4705//1443 4366//1442 4714//1632 4704//1641
f 4706//2502 4715//2503 4331//2404 4330//1404
f 4707//1625 4716//2504 4715//2503 4706//2502
f 4708//1626 4717//2505 4716//2504 4707//1625
f 4709//1627 4718//2506 4717//2505 4708//1626
f 4710//1628 4719//2507 4718//2506 4709//1627
f 4711//1629 4720//2508 4719//2507 4710//1628
f 4712//1630 4721//2509 4720//2508 4711//1629
f 4713//1631 4722//2510 4721//2509 4712//1630
f 4714//1632 4723//2511 4722//2510 4713//1631
f 4366//1442 4367//2418 4723//2511 4714//1632
f 4715//2503 4724//2512 4332//2405 4331//2404
f 4716//2504 4725//2513 4724//2512 4715//2503
f 4717//2505 4726//2514 4725//2513 4716//2504
f 4718//2506 4727//2515 4726//2514 4717//2505
f 4719//2507 4728//2516 4727//2515 4718//2506
f 4720//2508 4729//2517 4728//2516 4719//2507
f 4721//2509 4730//2518 4729//2517 4720//2508
f 4722//2510 4731//2519 4730//2518 4721//2509
f 4723//2511 4732//2520 4731//2519 4722//2510
f 4367//2418 4368//2419 4732//2520 4723//2511
f 4734//1857 4745//1846 4744//1845 4733//1856
f 4735//1858 4746//1847 4745//1846 4734//1857
f 4736//1859 4747//1848 4746//1847 4735//1858
f 4737//1860 4748//1849 4747//1848 4736//1859
f 4738//863 4749//1850 4748//1849 4737//1860
f 4739//1861 4750//1851 4749//1850 4738//863
f 4740//1862 4751//1852 4750//1851 4739//1861
f 4741//1863 4752//1853 4751//1852 4740//1862
f 4742//1864 4753//1854 4752//1853 4741//1863
f 4743//1865 4754//1855 4753//1854 4742//1864
f 4745//1846 4756//1835 4755//1834 4744//1845
f 4746//1847 4757//1836 4756//1835 4745//1846
f 4747//1848 4758//1837 4757//1836 4746//1847
f 4748//1849 4759//1838 4758//1837 4747//1848
f 4749//1850 4760//1839 4759//1838 4748//1849
f 4750//1851 4761//1840 4760//1839 4749//1850
f 4751//1852 4762//1841 4761//1840 4750//1851
f 4752//1853 4763//1842 4762//1841 4751//1852
f 4753//1854 4764//1843 4763//1842 4752//1853
f 4754//1855 4765//1844 4764//1843 4753//1854
f 4756//1835 4767//1816 4766//1815 4755//1834
f 4757//1836 4768//1818 4767//1816 4756//1835
f 4758//1837 4769//1820 4768//1818 4757//1836
f 4759//1838 4770//1822 4769//1820 4758//1837
f 4760//1839 4771//1823 4770//1822 4759//1838
f 4761//1840 4772//1825 4771//1823 4760//1839
f 4762//1841 4773//1827 4772//1825 4761//1840
f 4763//1842 4774//1829 4773//1827 4762//1841
f 4764//1843 4775//1831 4774//1829 4763//1842
f 4765//1844 4776//1833 4775//1831 4764//1843
f 4767//1816 4778//2521 4777//1814 4766//1815
f 4768//1818 4779//1817 4778//2521 4767//1816
f 4769//1820 4780//1819 4779//1817 4768//1818
f 4770//1822 4781//1821 4780//1819 4769//1820
f 4771//1823 4782//863 4781//1821 4770//1822
f 4772//1825 4783//1824 4782//863 4771//1823
f 4773//1827 4784//1826 4783//1824 4772//1825
f 4774//1829 4785//1828 4784//1826 4773//1827
f 4775//1831 4786//1830 4785//1828 4774//1829
f 4776//1833 4787//1832 4786//1830 4775//1831
f 4788//1870 4789//1869 4754//1855 4743//1865
f 4789//1869 4790//1868 4765//1844 4754//1855
f 4790//1868 4791//1867 4776//1833 4765//1844
f 4791//1867 4792//1866 4787//1832 4776//1833
f 4733//1856 4744//1845 4794//1874 4793//1875
f 4744//1845 4755//1834 4795//1873 4794//1874
f 4755//1834 4766//1815 4796//1872 4795//1873
f 4766//1815 4777//1814 4797//1871 4796//1872
f 4798//2522 4807//1902 4789//1869 4788//1870
f 4799//1912 4808//1903 4807//1902 4798//2522
f 4800//1913 4809//1904 4808//1903 4799//1912
f 4801//1914 4810//1905 4809//1904 4800//1913
f 4802//925 4811//1906 4810//1905 4801//1914
f 4803//1915 4812//1907 4811//1906 4802//925
f 4804//1916 4813//1908 4812//1907 4803//1915
f 4805//1917 4814//1909 4813//1908 4804//1916
f 4806//1918 4815//1910 4814//1909 4805//1917
f 4793//1875 4794//1874 4815//1910 4806//1918
f 4807//1902 4816//1893 4790//1868 4789//1869
f 4808//1903 4817//1894 4816//1893 4807//1902
f 4809//1904 4818//1895 4817//1894 4808//1903
f 4810//1905 4819//1896 4818//1895 4809//1904
f 4811//1906 4820//1897 4819//1896 4810//1905
f 4812//1907 4821//1898 4820//1897 4811//1906
f 4813//1908 4822//1899 4821//1898 4812//1907
f 4814//1909 4823//1900 4822//1899 4813//1908
f 4815//1910 4824//1901 4823//1900 4814//1909
f 4794//1874 4795//1873 4824//1901 4815//1910
f 4816//1893 4825//1877 4791//1867 4790//1868
f 4817//1894 4826//1879 4825//1877 4816//1893
f 4818//1895 4827//1881 4826//1879 4817//1894
f 4819//1896 4828//1883 4827//1881 4818//1895
f 4820//1897 4829//1884 4828//1883 4819//1896
f 4821//1898 4830//1886 4829//1884 4820//1897
f 4822//1899 4831//1888 4830//1886 4821//1898
f 4823//1900 4832//1890 4831//1888 4822//1899
f 4824//1901 4833//1892 4832//1890 4823//1900
f 4795//1873 4796//1872 4833//1892 4824//1901
f 4825//1877 4834//2523 4792//1866 4791//1867
f 4826//1879 4835//1878 4834//2523 4825//1877
f 4827//1881 4836//1880 4835//1878 4826//1879
f 4828//1883 4837//1882 4836//1880 4827//1881
f 4829//1884 4838//925 4837//1882 4828//1883
f 4830//1886 4839//1885 4838//925 4829//1884
f 4831//1888 4840//1887 4839//1885 4830//1886
f 4832//1890 4841//1889 4840//1887 4831//1888
f 4833//1892 4842//1891 4841//1889 4832//1890
f 4796//1872 4797//1871 4842//1891 4833//1892
f 4944//1921 4945//1922 4946//1923 4947//1924 4948//1925 4949//1926 4950//1927 4951//1928 4952//1929 4953//1930 4954//1931 4955//1932 4956//1933 4957//1934 4958//1935 4959//1936 4960//1919 4943//1920
f 4969//1955 4987//1964 4988//1939 4970//1938
f 4954//1931 4972//1948 4973//1946 4955//1932
f 4947//1924 4965//1947 4966//1945 4948//1925
f 4955//1932 4973//1946 4974//1943 4956//1933
f 4948//1925 4966//1945 4967//1941 4949//1926
f 4956//1933 4974//1943 4975//1944 4957//1934
f 4949//1926 4967//1941 4968//1942 4950//1927
f 4957//1934 4975//1944 4976//1956 4958//1935
f 4950//1927 4968//1942 4969//1955 4951//1928
f 4943//1920 4961//1951 4962//1954 4944//1921
f 4958//1935 4976//1956 4977//1953 4959//1936
f 4951//1928 4969//1955 4970//1938 4952//1929
f 4944//1921 4962//1954 4963//1952 4945//1922
f 4959//1936 4977//1953 4978//1950 4960//1919
f 4952//1929 4970//1938 4971//1937 4953//1930
f 4945//1922 4963//1952 4964//1949 4946//1923
f 4960//1919 4978//1950 4961//1951 4943//1920
f 4953//1930 4971//1937 4972//1948 4954//1931
f 4946//1923 4964//1949 4965//1947 4947//1924
f 4980//1971 4979//1972 4996//1957 4995//1958 4994//1959 4993//1960 4992//1961 4991//1962 4990//1963 4989//1940 4988//1939 4987//1964 4986//1965 4985//1966 4984//1967 4983//1968 4982//1969 4981//1970
f 4962//1954 4980//1971 4981//1970 4963//1952
f 4977//1953 4995//1958 4996//1957 4978//1950
f 4970//1938 4988//1939 4989//1940 4971//1937
f 4963//1952 4981//1970 4982//1969 4964//1949
f 4978//1950 4996//1957 4979//1972 4961//1951
f 4971//1937 4989//1940 4990//1963 4972//1948
f 4964//1949 4982//1969 4983//1968 4965//1947
f 4972//1948 4990//1963 4991//1962 4973//1946
f 4965//1947 4983//1968 4984//1967 4966//1945
f 4973//1946 4991//1962 4992//1961 4974//1943
f 4966//1945 4984//1967 4985//1966 4967//1941
f 4974//1943 4992//1961 4993//1960 4975//1944
f 4967//1941 4985//1966 4986//1965 4968//1942
f 4975//1944 4993//1960 4994//1959 4976//1956
f 4968//1942 4986//1965 4987//1964 4969//1955
f 4961//1951 4979//1972 4980//1971 4962//1954
f 4976//1956 4994//1959 4995//1958 4977//1953
f 5000//961 4999//962 5010//963 5011//964
f 5001//965 5000//961 5011//964 5012//966
f 5002//967 5001//965 5012//966 5013//968
f 5003//969 5002//967 5013//968 5014//970
f 5004//971 5003//969 5014//970 5015//972
f 5005//973 5004//971 5015//972 5016//974
f 5006//975 5005//973 5016//974 5017//976
f 5007//977 5006//975 5017//976 5018//978
f 5008//979 5007//977 5018//978 5019//980
f 5009//981 5008//979 5019//980 5020//2524
f 5011//964 5010//963 5021//983 5022//2278
f 5012//966 5011//964 5022//2278 5023//985
f 5013//968 5012//966 5023//985 5024//986
f 5014//970 5013//968 5024//986 5025//987
f 5015//972 5014//970 5025//987 5026//988
f 5016//974 5015//972 5026//988 5027//989
f 5017//976 5016//974 5027//989 5028//990
f 5018//978 5017//976 5028//990 5029//991
f 5019//980 5018//978 5029//991 5030//992
f 5020//2524 5019//980 5030//992 5031//993
f 5022//2278 5021//983 5032//994 5033//995
f 5023//985 5022//2278 5033//995 5034//996
f 5024//986 5023//985 5034//996 5035//997
f 5025//987 5024//986 5035//997 5036//998
f 5026//988 5025//987 5036//998 5037//999
f 5027//989 5026//988 5037//999 5038//1000
f 5028//990 5027//989 5038//1000 5039//1001
f 5029//991 5028//990 5039//1001 5040//1002
f 5030//992 5029//991 5040//1002 5041//1003
f 5031//993 5030//992 5041//1003 5042//1004
f 5033//995 5032//994 5043//2525 5044//1006
f 5034//996 5033//995 5044//1006 5045//1007
f 5035//997 5034//996 5045//1007 5046//1008
f 5036//998 5035//997 5046//1008 5047//1009
f 5037//999 5036//998 5047//1009 5048//1010
f 5038//1000 5037//999 5048//1010 5049//1011
f 5039//1001 5038//1000 5049//1011 5050//1012
f 5040//1002 5039//1001 5050//1012 5051//2526
f 5041//1003 5040//1002 5051//2526 5052//1014
f 5042//1004 5041//1003 5052//1014 5053//1015
f 5044//1006 5043//2525 5054//1016 5055//1017
f 5045//1007 5044//1006 5055//1017 5056//1018
f 5046//1008 5045//1007 5056//1018 5057//1019
f 5047//1009 5046//1008 5057//1019 5058//1020
f 5048//1010 5047//1009 5058//1020 5059//1021
f 5049//1011 5048//1010 5059//1021 5060//1022
f 5050//1012 5049//1011 5060//1022 5061//1023
f 5051//2526 5050//1012 5061//1023 5062//1024
f 5052//1014 5051//2526 5062//1024 5063//1025
f 5053//1015 5052//1014 5063//1025 5064//1026
f 5055//1017 5054//1016 5065//2527 5066//1027
f 5056//1018 5055//1017 5066//1027 5067//1028
f 5057//1019 5056//1018 5067//1028 5068//1029
f 5058//1020 5057//1019 5068//1029 5069//2528
f 5059//1021 5058//1020 5069//2528 5070//1031
f 5060//1022 5059//1021 5070//1031 5071//1022
f 5061//1023 5060//1022 5071//1022 5072//1032
f 5062//1024 5061//1023 5072//1032 5073//1033
f 5063//1025 5062//1024 5073//1033 5074//1034
f 5064//1026 5063//1025 5074//1034 5075//1026
f 5066//1027 5065//2527 5076//1016 5077//1017
f 5067//1028 5066//1027 5077//1017 5078//1018
f 5068//1029 5067//1028 5078//1018 5079//1019
f 5069//2528 5068//1029 5079//1019 5080//1020
f 5070//1031 5069//2528 5080//1020 5081//1021
f 5071//1022 5070//1031 5081//1021 5082//1022
f 5072//1032 5071//1022 5082//1022 5083//1023
f 5073//1033 5072//1032 5083//1023 5084//1024
f 5074//1034 5073//1033 5084//1024 5085//1025
f 5075//1026 5074//1034 5085//1025 5086//1026
f 5077//1017 5076//1016 5087//2529 5088//1036
f 5078//1018 5077//1017 5088//1036 5089//1037
f 5079//1019 5078//1018 5089//1037 5090//1038
f 5080//1020 5079//1019 5090//1038 5091//1039
f 5081//1021 5080//1020 5091//1039 5092//1040
f 5082//1022 5081//1021 5092//1040 5093//1041
f 5083//1023 5082//1022 5093//1041 5094//1042
f 5084//1024 5083//1023 5094//1042 5095//2530
f 5085//1025 5084//1024 5095//2530 5096//1044
f 5086//1026 5085//1025 5096//1044 5097//1045
f 5088//1036 5087//2529 5098//1046 5099//1047
f 5089//1037 5088//1036 5099//1047 5100//1048
f 5090//1038 5089//1037 5100//1048 5101//1049
f 5091//1039 5090//1038 5101//1049 5102//1050
f 5092//1040 5091//1039 5102//1050 5103//1051
f 5093//1041 5092//1040 5103//1051 5104//1052
f 5094//1042 5093//1041 5104//1052 5105//1053
f 5095//2530 5094//1042 5105//1053 5106//1054
f 5096//1044 5095//2530 5106//1054 5107//1055
f 5097//1045 5096//1044 5107//1055 5108//1056
f 5099//1047 5098//1046 5109//1057 5110//1058
f 5100//1048 5099//1047 5110//1058 5111//1059
f 5101//1049 5100//1048 5111//1059 5112//1060
f 5102//1050 5101//1049 5112//1060 5113//1061
f 5103//1051 5102//1050 5113//1061 5114//1062
f 5104//1052 5103//1051 5114//1062 5115//1063
f 5105//1053 5104//1052 5115//1063 5116//2531
f 5106//1054 5105//1053 5116//2531 5117//1065
f 5107//1055 5106//1054 5117//1065 5118//1066
f 5108//1056 5107//1055 5118//1066 5119//1067
f 5110//1058 5109//1057 5120//1068 5121//1069
f 5111//1059 5110//1058 5121//1069 5122//1070
f 5112//1060 5111//1059 5122//1070 5123//1071
f 5113//1061 5112//1060 5123//1071 5124//1072
f 5114//1062 5113//1061 5124//1072 5125//1073
f 5115//1063 5114//1062 5125//1073 5126//1074
f 5116//2531 5115//1063 5126//1074 5127//1075
f 5117//1065 5116//2531 5127//1075 5128//1076
f 5118//1066 5117//1065 5128//1076 5129//1077
f 5119//1067 5118//1066 5129//1077 5130//1078
f 5121//1069 5120//1068 5131//1079 5132//1080
f 5122//1070 5121//1069 5132//1080 5133//1081
f 5123//1071 5122//1070 5133//1081 5134//1082
f 5124//1072 5123//1071 5134//1082 5135//1083
f 5125//1073 5124//1072 5135//1083 5136//1084
f 5126//1074 5125//1073 5136//1084 5137//2532
f 5127//1075 5126//1074 5137//2532 5138//1086
f 5128//1076 5127//1075 5138//1086 5139//1087
f 5129//1077 5128//1076 5139//1087 5140//1088
f 5130//1078 5129//1077 5140//1088 5141//1089
f 5132//1080 5131//1079 5142//2533 5143//1091
f 5133//1081 5132//1080 5143//1091 5144//1092
f 5134//1082 5133//1081 5144//1092 5145//1093
f 5135//1083 5134//1082 5145//1093 5146//1094
f 5136//1084 5135//1083 5146//1094 5147//1095
f 5137//2532 5136//1084 5147//1095 5148//1096
f 5138//1086 5137//2532 5148//1096 5149//1097
f 5139//1087 5138//1086 5149//1097 5150//1098
f 5140//1088 5139//1087 5150//1098 5151//1099
f 5141//1089 5140//1088 5151//1099 5152//1100
f 5143//1091 5142//2533 5153//1101 5154//1102
f 5144//1092 5143//1091 5154//1102 5155//1103
f 5145//1093 5144//1092 5155//1103 5156//1104
f 5146//1094 5145//1093 5156//1104 5157//1105
f 5147//1095 5146//1094 5157//1105 5158//1106
f 5148//1096 5147//1095 5158//1106 5159//1107
f 5149//1097 5148//1096 5159//1107 5160//1108
f 5150//1098 5149//1097 5160//1108 5161//1109
f 5151//1099 5150//1098 5161//1109 5162//2321
f 5152//1100 5151//1099 5162//2321 5163//1111
f 5165//1112 5164//1113 5175//1114 5176//1115
f 5166//1116 5165//1112 5176//1115 5177//1117
f 5167//1118 5166//1116 5177//1117 5178//1119
f 5168//1120 5167//1118 5178//1119 5179//1121
f 5169//1122 5168//1120 5179//1121 5180//1123
f 5170//1124 5169//1122 5180//1123 5181//1125
f 5171//1126 5170//1124 5181//1125 5182//1127
f 5172//1128 5171//1126 5182//1127 5183//1129
f 5173//1130 5172//1128 5183//1129 5184//1131
f 5174//1132 5173//1130 5184//1131 5185//1133
f 5176//1115 5175//1114 5186//1134 5187//1135
f 5177//1117 5176//1115 5187//1135 5188//1136
f 5178//1119 5177//1117 5188//1136 5189//1137
f 5179//1121 5178//1119 5189//1137 5190//1138
f 5180//1123 5179//1121 5190//1138 5191//1139
f 5181//1125 5180//1123 5191//1139 5192//1140
f 5182//1127 5181//1125 5192//1140 5193//1141
f 5183//1129 5182//1127 5193//1141 5194//1142
f 5184//1131 5183//1129 5194//1142 5195//1143
f 5185//1133 5184//1131 5195//1143 5196//1144
f 5187//1135 5186//1134 5197//1145 5198//1146
f 5188//1136 5187//1135 5198//1146 5199//1147
f 5189//1137 5188//1136 5199//1147 5200//1148
f 5190//1138 5189//1137 5200//1148 5201//1149
f 5191//1139 5190//1138 5201//1149 5202//1150
f 5192//1140 5191//1139 5202//1150 5203//1151
f 5193//1141 5192//1140 5203//1151 5204//1152
f 5194//1142 5193//1141 5204//1152 5205//1153
f 5195//1143 5194//1142 5205//1153 5206//1154
f 5196//1144 5195//1143 5206//1154 5207//1155
f 5198//1146 5197//1145 5208//1156 5209//1157
f 5199//1147 5198//1146 5209//1157 5210//1158
f 5200//1148 5199//1147 5210//1158 5211//2534
f 5201//1149 5200//1148 5211//2534 5212//1160
f 5202//1150 5201//1149 5212//1160 5213//1161
f 5203//1151 5202//1150 5213//1161 5214//2535
f 5204//1152 5203//1151 5214//2535 5215//1163
f 5205//1153 5204//1152 5215//1163 5216//1164
f 5206//1154 5205//1153 5216//1164 5217//1165
f 5207//1155 5206//1154 5217//1165 5218//1166
f 5209//1157 5208//1156 5219//1167 5220//1168
f 5210//1158 5209//1157 5220//1168 5221//1169
f 5211//2534 5210//1158 5221//1169 5222//1170
f 5212//1160 5211//2534 5222//1170 5223//1171
f 5213//1161 5212//1160 5223//1171 5224//1172
f 5214//2535 5213//1161 5224//1172 5225//1173
f 5215//1163 5214//2535 5225//1173 5226//1174
f 5216//1164 5215//1163 5226//1174 5227//1175
f 5217//1165 5216//1164 5227//1175 5228//2536
f 5218//1166 5217//1165 5228//2536 5229//1177
f 5220//1168 5219//1167 5230//1178 5231//1179
f 5221//1169 5220//1168 5231//1179 5232//1180
f 5222//1170 5221//1169 5232//1180 5233//1181
f 5223//1171 5222//1170 5233//1181 5234//1182
f 5224//1172 5223//1171 5234//1182 5235//1183
f 5225//1173 5224//1172 5235//1183 5236//1184
f 5226//1174 5225//1173 5236//1184 5237//1185
f 5227//1175 5226//1174 5237//1185 5238//1186
f 5228//2536 5227//1175 5238//1186 5239//1187
f 5229//1177 5228//2536 5239//1187 5240//1188
f 5231//1179 5230//1178 5241//1189 5242//1190
f 5232//1180 5231//1179 5242//1190 5243//1191
f 5233//1181 5232//1180 5243//1191 5244//1192
f 5234//1182 5233//1181 5244//1192 5245//1193
f 5235//1183 5234//1182 5245//1193 5246//1194
f 5236//1184 5235//1183 5246//1194 5247//1195
f 5237//1185 5236//1184 5247//1195 5248//1196
f 5238//1186 5237//1185 5248//1196 5249//2537
f 5239//1187 5238//1186 5249//2537 5250//1198
f 5240//1188 5239//1187 5250//1198 5251//2364
f 5242//1190 5241//1189 5252//1200 5253//1201
f 5243//1191 5242//1190 5253//1201 5254//1202
f 5244//1192 5243//1191 5254//1202 5255//2538
f 5245//1193 5244//1192 5255//2538 5256//2362
f 5246//1194 5245//1193 5256//2362 5257//1205
f 5247//1195 5246//1194 5257//1205 5258//1206
f 5248//1196 5247//1195 5258//1206 5259//1207
f 5249//2537 5248//1196 5259//1207 5260//2363
f 5250//1198 5249//2537 5260//2363 5261//1209
f 5251//2364 5250//1198 5261//1209 5262//1210
f 5253//1201 5252//1200 5263//1211 5264//1212
f 5254//1202 5253//1201 5264//1212 5265//1213
f 5255//2538 5254//1202 5265//1213 5266//1214
f 5256//2362 5255//2538 5266//1214 5267//1215
f 5257//1205 5256//2362 5267//1215 5268//1216
f 5258//1206 5257//1205 5268//1216 5269//1217
f 5259//1207 5258//1206 5269//1217 5270//1218
f 5260//2363 5259//1207 5270//1218 5271//1219
f 5261//1209 5260//2363 5271//1219 5272//1220
f 5262//1210 5261//1209 5272//1220 5273//1221
f 5264//1212 5263//1211 5274//1222 5275//1223
f 5265//1213 5264//1212 5275//1223 5276//1224
f 5266//1214 5265//1213 5276//1224 5277//1225
f 5267//1215 5266//1214 5277//1225 5278//1226
f 5268//1216 5267//1215 5278//1226 5279//1227
f 5269//1217 5268//1216 5279//1227 5280//1228
f 5270//1218 5269//1217 5280//1228 5281//1229
f 5271//1219 5270//1218 5281//1229 5282//1230
f 5272//1220 5271//1219 5282//1230 5283//1231
f 5273//1221 5272//1220 5283//1231 5284//1232
f 5275//1223 5274//1222 5285//2539 5286//1234
f 5276//1224 5275//1223 5286//1234 5287//1235
f 5277//1225 5276//1224 5287//1235 5288//1236
f 5278//1226 5277//1225 5288//1236 5289//1237
f 5279//1227 5278//1226 5289//1237 5290//1238
f 5280//1228 5279//1227 5290//1238 5291//1239
f 5281//1229 5280//1228 5291//1239 5292//1240
f 5282//1230 5281//1229 5292//1240 5293//1241
f 5283//1231 5282//1230 5293//1241 5294//2540
f 5284//1232 5283//1231 5294//2540 5295//1243
f 5286//1234 5285//2539 5296//2541 5297//1245
f 5287//1235 5286//1234 5297//1245 5298//1246
f 5288//1236 5287//1235 5298//1246 5299//1247
f 5289//1237 5288//1236 5299//1247 5300//1248
f 5290//1238 5289//1237 5300//1248 5301//1249
f 5291//1239 5290//1238 5301//1249 5302//1250
f 5292//1240 5291//1239 5302//1250 5303//1251
f 5293//1241 5292//1240 5303//1251 5304//1252
f 5294//2540 5293//1241 5304//1252 5305//1253
f 5295//1243 5294//2540 5305//1253 5306//1254
f 5297//1245 5296//2541 5307//1255 5308//1256
f 5298//1246 5297//1245 5308//1256 5309//1257
f 5299//1247 5298//1246 5309//1257 5310//1258
f 5300//1248 5299//1247 5310//1258 5311//1259
f 5301//1249 5300//1248 5311//1259 5312//1260
f 5302//1250 5301//1249 5312//1260 5313//1261
f 5303//1251 5302//1250 5313//1261 5314//1262
f 5304//1252 5303//1251 5314//1262 5315//2542
f 5305//1253 5304//1252 5315//2542 5316//1264
f 5306//1254 5305//1253 5316//1264 5317//1265
f 5308//1256 5307//1255 5318//1266 5319//1267
f 5309//1257 5308//1256 5319//1267 5320//1268
f 5310//1258 5309//1257 5320//1268 5321//1269
f 5311//1259 5310//1258 5321//1269 5322//1270
f 5312//1260 5311//1259 5322//1270 5323//1271
f 5313//1261 5312//1260 5323//1271 5324//1272
f 5314//1262 5313//1261 5324//1272 5325//1273
f 5315//2542 5314//1262 5325//1273 5326//1274
f 5316//1264 5315//2542 5326//1274 5327//1275
f 5317//1265 5316//1264 5327//1275 5328//1276
f 5319//1267 5318//1266 5329//1277 5330//1278
f 5320//1268 5319//1267 5330//1278 5331//1279
f 5321//1269 5320//1268 5331//1279 5332//1280
f 5322//1270 5321//1269 5332//1280 5333//1281
f 5323//1271 5322//1270 5333//1281 5334//1282
f 5324//1272 5323//1271 5334//1282 5335//1283
f 5325//1273 5324//1272 5335//1283 5336//1284
f 5326//1274 5325//1273 5336//1284 5337//1285
f 5327//1275 5326//1274 5337//1285 5338//2543
f 5328//1276 5327//1275 5338//2543 5339//1287
f 5330//1278 5329//1277 5340//1288 5341//1289
f 5331//1279 5330//1278 5341//1289 5342//2355
f 5332//1280 5331//1279 5342//2355 5343//1291
f 5333//1281 5332//1280 5343//1291 5344//1292
f 5334//1282 5333//1281 5344//1292 5345//1293
f 5335//1283 5334//1282 5345//1293 5346//1294
f 5336//1284 5335//1283 5346//1294 5347//1295
f 5337//1285 5336//1284 5347//1295 5348//1296
f 5338//2543 5337//1285 5348//1296 5349//1297
f 5339//1287 5338//2543 5349//1297 5350//1298
f 5341//1289 5340//1288 5351//1299 5352//1300
f 5342//2355 5341//1289 5352//1300 5353//1301
f 5343//1291 5342//2355 5353//1301 5354//1302
f 5344//1292 5343//1291 5354//1302 5355//1303
f 5345//1293 5344//1292 5355//1303 5356//1304
f 5346//1294 5345//1293 5356//1304 5357//1305
f 5347//1295 5346//1294 5357//1305 5358//1306
f 5348//1296 5347//1295 5358//1306 5359//1307
f 5349//1297 5348//1296 5359//1307 5360//1308
f 5350//1298 5349//1297 5360//1308 5361//1309
f 5352//1300 5351//1299 5362//1310 5363//1311
f 5353//1301 5352//1300 5363//1311 5364//1312
f 5354//1302 5353//1301 5364//1312 5365//2544
f 5355//1303 5354//1302 5365//2544 5366//1314
f 5356//1304 5355//1303 5366//1314 5367//1315
f 5357//1305 5356//1304 5367//1315 5368//1316
f 5358//1306 5357//1305 5368//1316 5369//1317
f 5359//1307 5358//1306 5369//1317 5370//1318
f 5360//1308 5359//1307 5370//1318 5371//2545
f 5361//1309 5360//1308 5371//2545 5372//1320
f 5363//1311 5362//1310 5373//1321 5374//1322
f 5364//1312 5363//1311 5374//1322 5375//1323
f 5365//2544 5364//1312 5375//1323 5376//1324
f 5366//1314 5365//2544 5376//1324 5377//1325
f 5367//1315 5366//1314 5377//1325 5378//1326
f 5368//1316 5367//1315 5378//1326 5379//1327
f 5369//1317 5368//1316 5379//1327 5380//1328
f 5370//1318 5369//1317 5380//1328 5381//1329
f 5371//2545 5370//1318 5381//1329 5382//1330
f 5372//1320 5371//2545 5382//1330 5383//1331
f 5374//1322 5373//1321 5384//1332 5385//1333
f 5375//1323 5374//1322 5385//1333 5386//1334
f 5376//1324 5375//1323 5386//1334 5387//1335
f 5377//1325 5376//1324 5387//1335 5388//1336
f 5378//1326 5377//1325 5388//1336 5389//1337
f 5379//1327 5378//1326 5389//1337 5390//1338
f 5380//1328 5379//1327 5390//1338 5391//1339
f 5381//1329 5380//1328 5391//1339 5392//1340
f 5382//1330 5381//1329 5392//1340 5393//1341
f 5383//1331 5382//1330 5393//1341 5394//1342
f 5385//1333 5384//1332 5395//1343 5396//1344
f 5386//1334 5385//1333 5396//1344 5397//1345
f 5387//1335 5386//1334 5397//1345 5398//1346
f 5388//1336 5387//1335 5398//1346 5399//1347
f 5389//1337 5388//1336 5399//1347 5400//1348
f 5390//1338 5389//1337 5400//1348 5401//1349
f 5391//1339 5390//1338 5401//1349 5402//1350
f 5392//1340 5391//1339 5402//1350 5403//1351
f 5393//1341 5392//1340 5403//1351 5404//1352
f 5394//1342 5393//1341 5404//1352 5405//2348
f 5396//1344 5395//1343 5406//1354 5407//1355
f 5397//1345 5396//1344 5407//1355 5408//1356
f 5398//1346 5397//1345 5408//1356 5409//1357
f 5399//1347 5398//1346 5409//1357 5410//1358
f 5400//1348 5399//1347 5410//1358 5411//1359
f 5401//1349 5400//1348 5411//1359 5412//1360
f 5402//1350 5401//1349 5412//1360 5413//1361
f 5403//1351 5402//1350 5413//1361 5414//2546
f 5404//1352 5403//1351 5414//2546 5415//1363
f 5405//2348 5404//1352 5415//1363 5416//1364
f 5407//1355 5406//1354 5417//1365 5418//2547
f 5408//1356 5407//1355 5418//2547 5419//1367
f 5409//1357 5408//1356 5419//1367 5420//1368
f 5410//1358 5409//1357 5420//1368 5421//1369
f 5411//1359 5410//1358 5421//1369 5422//1370
f 5412//1360 5411//1359 5422//1370 5423//1371
f 5413//1361 5412//1360 5423//1371 5424//1372
f 5414//2546 5413//1361 5424//1372 5425//1373
f 5415//1363 5414//2546 5425//1373 5426//1374
f 5416//1364 5415//1363 5426//1374 5427//1375
f 5418//2547 5417//1365 5428//1376 5429//1377
f 5419//1367 5418//2547 5429//1377 5430//1378
f 5420//1368 5419//1367 5430//1378 5431//1379
f 5421//1369 5420//1368 5431//1379 5432//1380
f 5422//1370 5421//1369 5432//1380 5433//1381
f 5423//1371 5422//1370 5433//1381 5434//1382
f 5424//1372 5423//1371 5434//1382 5435//1383
f 5425//1373 5424//1372 5435//1383 5436//1384
f 5426//1374 5425//1373 5436//1384 5437//1385
f 5427//1375 5426//1374 5437//1385 5438//1386
f 5439//1387 5009//981 5020//2524 5440//1388
f 5440//1388 5020//2524 5031//993 5441//1389
f 5441//1389 5031//993 5042//1004 5442//1390
f 5442//1390 5042//1004 5053//1015 5443//1391
f 5443//1391 5053//1015 5064//1026 5444//1392
f 5444//1392 5064//1026 5075//1026 5445//1392
f 5445//1392 5075//1026 5086//1026 5446//1392
f 5446//1392 5086//1026 5097//1045 5447//1393
f 5447//1393 5097//1045 5108//1056 5448//1394
f 5448//1394 5108//1056 5119//1067 5449//2548
f 5449//2548 5119//1067 5130//1078 5450//1396
f 5450//1396 5130//1078 5141//1089 5451//1397
f 5451//1397 5141//1089 5152//1100 5452//1398
f 5452//1398 5152//1100 5163//1111 5453//2398
f 5454//1400 5174//1132 5185//1133 5455//1401
f 5455//1401 5185//1133 5196//1144 5456//1402
f 5456//1402 5196//1144 5207//1155 5457//1403
f 5457//1403 5207//1155 5218//1166 5458//1404
f 5458//1404 5218//1166 5229//1177 5459//1405
f 5459//1405 5229//1177 5240//1188 5460//1406
f 5460//1406 5240//1188 5251//2364 5461//1407
f 5461//1407 5251//2364 5262//1210 5462//1408
f 5462//1408 5262//1210 5273//1221 5463//1409
f 5463//1409 5273//1221 5284//1232 5464//1410
f 5464//1410 5284//1232 5295//1243 5465//1411
f 5465//1411 5295//1243 5306//1254 5466//1412
f 5466//1412 5306//1254 5317//1265 5467//1413
f 5467//1413 5317//1265 5328//1276 5468//1414
f 5468//1414 5328//1276 5339//1287 5469//1415
f 5469//1415 5339//1287 5350//1298 5470//1416
f 5470//1416 5350//1298 5361//1309 5471//1417
f 5471//1417 5361//1309 5372//1320 5472//2549
f 5472//2549 5372//1320 5383//1331 5473//1419
f 5473//1419 5383//1331 5394//1342 5474//1420
f 5474//1420 5394//1342 5405//2348 5475//2550
f 5475//2550 5405//2348 5416//1364 5476//1422
f 5476//1422 5416//1364 5427//1375 5477//1423
f 5477//1423 5427//1375 5438//1386 5478//1424
f 4999//962 5479//1425 5480//1426 5010//963
f 5010//963 5480//1426 5481//1427 5021//983
f 5021//983 5481//1427 5482//1428 5032//994
f 5032//994 5482//1428 5483//1429 5043//2525
f 5043//2525 5483//1429 5484//1430 5054//1016
f 5054//1016 5484//1430 5485//2551 5065//2527
f 5065//2527 5485//2551 5486//1430 5076//1016
f 5076//1016 5486//1430 5487//1431 5087//2529
f 5087//2529 5487//1431 5488//1432 5098//1046
f 5098//1046 5488//1432 5489//1433 5109//1057
f 5109//1057 5489//1433 5490//1434 5120//1068
f 5120//1068 5490//1434 5491//1435 5131//1079
f 5131//1079 5491//1435 5492//1436 5142//2533
f 5142//2533 5492//1436 5493//1437 5153//1101
f 5164//1113 5494//2411 5495//1439 5175//1114
f 5175//1114 5495//1439 5496//1440 5186//1134
f 5186//1134 5496//1440 5497//1441 5197//1145
f 5197//1145 5497//1441 5498//1442 5208//1156
f 5208//1156 5498//1442 5499//1443 5219//1167
f 5219//1167 5499//1443 5500//2552 5230//1178
f 5230//1178 5500//2552 5501//1445 5241//1189
f 5241//1189 5501//1445 5502//1446 5252//1200
f 5252//1200 5502//1446 5503//1447 5263//1211
f 5263//1211 5503//1447 5504//1448 5274//1222
f 5274//1222 5504//1448 5505//1449 5285//2539
f 5285//2539 5505//1449 5506//1450 5296//2541
f 5296//2541 5506//1450 5507//1451 5307//1255
f 5307//1255 5507//1451 5508//1452 5318//1266
f 5318//1266 5508//1452 5509//1453 5329//1277
f 5329//1277 5509//1453 5510//1454 5340//1288
f 5340//1288 5510//1454 5511//2553 5351//1299
f 5351//1299 5511//2553 5512//1456 5362//1310
f 5362//1310 5512//1456 5513//1457 5373//1321
f 5373//1321 5513//1457 5514//1458 5384//1332
f 5384//1332 5514//1458 5515//1459 5395//1343
f 5395//1343 5515//1459 5516//1460 5406//1354
f 5406//1354 5516//1460 5517//1461 5417//1365
f 5417//1365 5517//1461 5518//1462 5428//1376
f 5519//1463 5439//1387 5440//1388 5528//1464
f 5520//1465 5519//1463 5528//1464 5529//1466
f 5521//1467 5520//1465 5529//1466 5530//1468
f 5522//1469 5521//1467 5530//1468 5531//1470
f 5523//1471 5522//1469 5531//1470 5532//1472
f 5524//1473 5523//1471 5532//1472 5533//1474
f 5525//1475 5524//1473 5533//1474 5534//1476
f 5526//1477 5525//1475 5534//1476 5535//1478
f 5527//1479 5526//1477 5535//1478 5536//1480
f 5479//1425 5527//1479 5536//1480 5480//1426
f 5528//1464 5440//1388 5441//1389 5537//1481
f 5529//1466 5528//1464 5537//1481 5538//1482
f 5530//1468 5529//1466 5538//1482 5539//1483
f 5531//1470 5530//1468 5539//1483 5540//1484
f 5532//1472 5531//1470 5540//1484 5541//1485
f 5533//1474 5532//1472 5541//1485 5542//1486
f 5534//1476 5533//1474 5542//1486 5543//1487
f 5535//1478 5534//1476 5543//1487 5544//1488
f 5536//1480 5535//1478 5544//1488 5545//1489
f 5480//1426 5536//1480 5545//1489 5481//1427
f 5537//1481 5441//1389 5442//1390 5546//1490
f 5538//1482 5537//1481 5546//1490 5547//1491
f 5539//1483 5538//1482 5547//1491 5548//1492
f 5540//1484 5539//1483 5548//1492 5549//1493
f 5541//1485 5540//1484 5549//1493 5550//1494
f 5542//1486 5541//1485 5550//1494 5551//1495
f 5543//1487 5542//1486 5551//1495 5552//1496
f 5544//1488 5543//1487 5552//1496 5553//1497
f 5545//1489 5544//1488 5553//1497 5554//1498
f 5481//1427 5545//1489 5554//1498 5482//1428
f 5546//1490 5442//1390 5443//1391 5555//1499
f 5547//1491 5546//1490 5555//1499 5556//1500
f 5548//1492 5547//1491 5556//1500 5557//2554
f 5549//1493 5548//1492 5557//2554 5558//1502
f 5550//1494 5549//1493 5558//1502 5559//1503
f 5551//1495 5550//1494 5559//1503 5560//1504
f 5552//1496 5551//1495 5560//1504 5561//1505
f 5553//1497 5552//1496 5561//1505 5562//1506
f 5554//1498 5553//1497 5562//1506 5563//1507
f 5482//1428 5554//1498 5563//1507 5483//1429
f 5555//1499 5443//1391 5444//1392 5564//1508
f 5556//1500 5555//1499 5564//1508 5565//1509
f 5557//2554 5556//1500 5565//1509 5566//1510
f 5558//1502 5557//2554 5566//1510 5567//1511
f 5559//1503 5558//1502 5567//1511 5568//1512
f 5560//1504 5559//1503 5568//1512 5569//1513
f 5561//1505 5560//1504 5569//1513 5570//1514
f 5562//1506 5561//1505 5570//1514 5571//1515
f 5563//1507 5562//1506 5571//1515 5572//1516
f 5483//1429 5563//1507 5572//1516 5484//1430
f 5564//1508 5444//1392 5445//1392 5573//1517
f 5565//1509 5564//1508 5573//1517 5574//1518
f 5566//1510 5565//1509 5574//1518 5575//1519
f 5567//1511 5566//1510 5575//1519 5576//1520
f 5568//1512 5567//1511 5576//1520 5577//1521
f 5569//1513 5568//1512 5577//1521 5578//1513
f 5570//1514 5569//1513 5578//1513 5579//1522
f 5571//1515 5570//1514 5579//1522 5580//1523
f 5572//1516 5571//1515 5580//1523 5581//1524
f 5484//1430 5572//1516 5581//1524 5485//2551
f 5573//1517 5445//1392 5446//1392 5582//1508
f 5574//1518 5573//1517 5582//1508 5583//1509
f 5575//1519 5574//1518 5583//1509 5584//1510
f 5576//1520 5575//1519 5584//1510 5585//1511
f 5577//1521 5576//1520 5585//1511 5586//1512
f 5578//1513 5577//1521 5586//1512 5587//1513
f 5579//1522 5578//1513 5587//1513 5588//1514
f 5580//1523 5579//1522 5588//1514 5589//1515
f 5581//1524 5580//1523 5589//1515 5590//1516
f 5485//2551 5581//1524 5590//1516 5486//1430
f 5582//1508 5446//1392 5447//1393 5591//1525
f 5583//1509 5582//1508 5591//1525 5592//1526
f 5584//1510 5583//1509 5592//1526 5593//2555
f 5585//1511 5584//1510 5593//2555 5594//1528
f 5586//1512 5585//1511 5594//1528 5595//1529
f 5587//1513 5586//1512 5595//1529 5596//1530
f 5588//1514 5587//1513 5596//1530 5597//1531
f 5589//1515 5588//1514 5597//1531 5598//1532
f 5590//1516 5589//1515 5598//1532 5599//1533
f 5486//1430 5590//1516 5599//1533 5487//1431
f 5591//1525 5447//1393 5448//1394 5600//1534
f 5592//1526 5591//1525 5600//1534 5601//1535
f 5593//2555 5592//1526 5601//1535 5602//1536
f 5594//1528 5593//2555 5602//1536 5603//1537
f 5595//1529 5594//1528 5603//1537 5604//1538
f 5596//1530 5595//1529 5604//1538 5605//1539
f 5597//1531 5596//1530 5605//1539 5606//1540
f 5598//1532 5597//1531 5606//1540 5607//1541
f 5599//1533 5598//1532 5607//1541 5608//1542
f 5487//1431 5599//1533 5608//1542 5488//1432
f 5600//1534 5448//1394 5449//2548 5609//1543
f 5601//1535 5600//1534 5609//1543 5610//1544
f 5602//1536 5601//1535 5610//1544 5611//1545
f 5603//1537 5602//1536 5611//1545 5612//1546
f 5604//1538 5603//1537 5612//1546 5613//1547
f 5605//1539 5604//1538 5613//1547 5614//1548
f 5606//1540 5605//1539 5614//1548 5615//2556
f 5607//1541 5606//1540 5615//2556 5616//1550
f 5608//1542 5607//1541 5616//1550 5617//1551
f 5488//1432 5608//1542 5617//1551 5489//1433
f 5609//1543 5449//2548 5450//1396 5618//1552
f 5610//1544 5609//1543 5618//1552 5619//1553
f 5611//1545 5610//1544 5619//1553 5620//1554
f 5612//1546 5611//1545 5620//1554 5621//1555
f 5613//1547 5612//1546 5621//1555 5622//1556
f 5614//1548 5613//1547 5622//1556 5623//1557
f 5615//2556 5614//1548 5623//1557 5624//1558
f 5616//1550 5615//2556 5624//1558 5625//1559
f 5617//1551 5616//1550 5625//1559 5626//1560
f 5489//1433 5617//1551 5626//1560 5490//1434
f 5618//1552 5450//1396 5451//1397 5627//1561
f 5619//1553 5618//1552 5627//1561 5628//1562
f 5620//1554 5619//1553 5628//1562 5629//1563
f 5621//1555 5620//1554 5629//1563 5630//1564
f 5622//1556 5621//1555 5630//1564 5631//1565
f 5623//1557 5622//1556 5631//1565 5632//1566
f 5624//1558 5623//1557 5632//1566 5633//1567
f 5625//1559 5624//1558 5633//1567 5634//1568
f 5626//1560 5625//1559 5634//1568 5635//1569
f 5490//1434 5626//1560 5635//1569 5491//1435
f 5627//1561 5451//1397 5452//1398 5636//1570
f 5628//1562 5627//1561 5636//1570 5637//1571
f 5629//1563 5628//1562 5637//1571 5638//1572
f 5630//1564 5629//1563 5638//1572 5639//1573
f 5631//1565 5630//1564 5639//1573 5640//1574
f 5632//1566 5631//1565 5640//1574 5641//1575
f 5633//1567 5632//1566 5641//1575 5642//1576
f 5634//1568 5633//1567 5642//1576 5643//1577
f 5635//1569 5634//1568 5643//1577 5644//1578
f 5491//1435 5635//1569 5644//1578 5492//1436
f 5636//1570 5452//1398 5453//2398 5645//1579
f 5637//1571 5636//1570 5645//1579 5646//1580
f 5638//1572 5637//1571 5646//1580 5647//1581
f 5639//1573 5638//1572 5647//1581 5648//1582
f 5640//1574 5639//1573 5648//1582 5649//1583
f 5641//1575 5640//1574 5649//1583 5650//1584
f 5642//1576 5641//1575 5650//1584 5651//1585
f 5643//1577 5642//1576 5651//1585 5652//2475
f 5644//1578 5643//1577 5652//2475 5653//1587
f 5492//1436 5644//1578 5653//1587 5493//1437
f 5654//1588 5454//1400 5455//1401 5663//1589
f 5655//1590 5654//1588 5663//1589 5664//1591
f 5656//1592 5655//1590 5664//1591 5665//1593
f 5657//1594 5656//1592 5665//1593 5666//1595
f 5658//1596 5657//1594 5666//1595 5667//1597
f 5659//1598 5658//1596 5667//1597 5668//1599
f 5660//1600 5659//1598 5668//1599 5669//1601
f 5661//1602 5660//1600 5669//1601 5670//1603
f 5662//1604 5661//1602 5670//1603 5671//1605
f 5494//2411 5662//1604 5671//1605 5495//1439
f 5663//1589 5455//1401 5456//1402 5672//1606
f 5664//1591 5663//1589 5672//1606 5673//1607
f 5665//1593 5664//1591 5673//1607 5674//1608
f 5666//1595 5665//1593 5674//1608 5675//2557
f 5667//1597 5666//1595 5675//2557 5676//2558
f 5668//1599 5667//1597 5676//2558 5677//1611
f 5669//1601 5668//1599 5677//1611 5678//1612
f 5670//1603 5669//1601 5678//1612 5679//1613
f 5671//1605 5670//1603 5679//1613 5680//1614
f 5495//1439 5671//1605 5680//1614 5496//1440
f 5672//1606 5456//1402 5457//1403 5681//1615
f 5673//1607 5672//1606 5681//1615 5682//1616
f 5674//1608 5673//1607 5682//1616 5683//1617
f 5675//2557 5674//1608 5683//1617 5684//1618
f 5676//2558 5675//2557 5684//1618 5685//1619
f 5677//1611 5676//2558 5685//1619 5686//2559
f 5678//1612 5677//1611 5686//2559 5687//1621
f 5679//1613 5678//1612 5687//1621 5688//1622
f 5680//1614 5679//1613 5688//1622 5689//1623
f 5496//1440 5680//1614 5689//1623 5497//1441
f 5681//1615 5457//1403 5458//1404 5690//1624
f 5682//1616 5681//1615 5690//1624 5691//1625
f 5683//1617 5682//1616 5691//1625 5692//1626
f 5684//1618 5683//1617 5692//1626 5693//1627
f 5685//1619 5684//1618 5693//1627 5694//1628
f 5686//2559 5685//1619 5694//1628 5695//1629
f 5687//1621 5686//2559 5695//1629 5696//1630
f 5688//1622 5687//1621 5696//1630 5697//1631
f 5689//1623 5688//1622 5697//1631 5698//1632
f 5497//1441 5689//1623 5698//1632 5498//1442
f 5690//1624 5458//1404 5459//1405 5699//1633
f 5691//1625 5690//1624 5699//1633 5700//1634
f 5692//1626 5691//1625 5700//1634 5701//1635
f 5693//1627 5692//1626 5701//1635 5702//1636
f 5694//1628 5693//1627 5702//1636 5703//1637
f 5695//1629 5694//1628 5703//1637 5704//1638
f 5696//1630 5695//1629 5704//1638 5705//1639
f 5697//1631 5696//1630 5705//1639 5706//1640
f 5698//1632 5697//1631 5706//1640 5707//1641
f 5498//1442 5698//1632 5707//1641 5499//1443
f 5699//1633 5459//1405 5460//1406 5708//1642
f 5700//1634 5699//1633 5708//1642 5709//1643
f 5701//1635 5700//1634 5709//1643 5710//1644
f 5702//1636 5701//1635 5710//1644 5711//1645
f 5703//1637 5702//1636 5711//1645 5712//1646
f 5704//1638 5703//1637 5712//1646 5713//1647
f 5705//1639 5704//1638 5713//1647 5714//1648
f 5706//1640 5705//1639 5714//1648 5715//1649
f 5707//1641 5706//1640 5715//1649 5716//1650
f 5499//1443 5707//1641 5716//1650 5500//2552
f 5708//1642 5460//1406 5461//1407 5717//1651
f 5709//1643 5708//1642 5717//1651 5718//1652
f 5710//1644 5709//1643 5718//1652 5719//1653
f 5711//1645 5710//1644 5719//1653 5720//1654
f 5712//1646 5711//1645 5720//1654 5721//1655
f 5713//1647 5712//1646 5721//1655 5722//1656
f 5714//1648 5713//1647 5722//1656 5723//1657
f 5715//1649 5714//1648 5723//1657 5724//1658
f 5716//1650 5715//1649 5724//1658 5725//1659
f 5500//2552 5716//1650 5725//1659 5501//1445
f 5717//1651 5461//1407 5462//1408 5726//1660
f 5718//1652 5717//1651 5726//1660 5727//1661
f 5719//1653 5718//1652 5727//1661 5728//1662
f 5720//1654 5719//1653 5728//1662 5729//1663
f 5721//1655 5720//1654 5729//1663 5730//1664
f 5722//1656 5721//1655 5730//1664 5731//1665
f 5723//1657 5722//1656 5731//1665 5732//1666
f 5724//1658 5723//1657 5732//1666 5733//1667
f 5725//1659 5724//1658 5733//1667 5734//1668
f 5501//1445 5725//1659 5734//1668 5502//1446
f 5726//1660 5462//1408 5463//1409 5735//1669
f 5727//1661 5726//1660 5735//1669 5736//2499
f 5728//1662 5727//1661 5736//2499 5737//1671
f 5729//1663 5728//1662 5737//1671 5738//1672
f 5730//1664 5729//1663 5738//1672 5739//1673
f 5731//1665 5730//1664 5739//1673 5740//1674
f 5732//1666 5731//1665 5740//1674 5741//1675
f 5733//1667 5732//1666 5741//1675 5742//1676
f 5734//1668 5733//1667 5742//1676 5743//1677
f 5502//1446 5734//1668 5743//1677 5503//1447
f 5735//1669 5463//1409 5464//1410 5744//1678
f 5736//2499 5735//1669 5744//1678 5745//1679
f 5737//1671 5736//2499 5745//1679 5746//1680
f 5738//1672 5737//1671 5746//1680 5747//1681
f 5739//1673 5738//1672 5747//1681 5748//1682
f 5740//1674 5739//1673 5748//1682 5749//1683
f 5741//1675 5740//1674 5749//1683 5750//1684
f 5742//1676 5741//1675 5750//1684 5751//1685
f 5743//1677 5742//1676 5751//1685 5752//1686
f 5503//1447 5743//1677 5752//1686 5504//1448
f 5744//1678 5464//1410 5465//1411 5753//1687
f 5745//1679 5744//1678 5753//1687 5754//1688
f 5746//1680 5745//1679 5754//1688 5755//1689
f 5747//1681 5746//1680 5755//1689 5756//1690
f 5748//1682 5747//1681 5756//1690 5757//1691
f 5749//1683 5748//1682 5757//1691 5758//1692
f 5750//1684 5749//1683 5758//1692 5759//1693
f 5751//1685 5750//1684 5759//1693 5760//1694
f 5752//1686 5751//1685 5760//1694 5761//1695
f 5504//1448 5752//1686 5761//1695 5505//1449
f 5753//1687 5465//1411 5466//1412 5762//1696
f 5754//1688 5753//1687 5762//1696 5763//1697
f 5755//1689 5754//1688 5763//1697 5764//1698
f 5756//1690 5755//1689 5764//1698 5765//1699
f 5757//1691 5756//1690 5765//1699 5766//1700
f 5758//1692 5757//1691 5766//1700 5767//1701
f 5759//1693 5758//1692 5767//1701 5768//1702
f 5760//1694 5759//1693 5768//1702 5769//1703
f 5761//1695 5760//1694 5769//1703 5770//1704
f 5505//1449 5761//1695 5770//1704 5506//1450
f 5762//1696 5466//1412 5467//1413 5771//1705
f 5763//1697 5762//1696 5771//1705 5772//1706
f 5764//1698 5763//1697 5772//1706 5773//1707
f 5765//1699 5764//1698 5773//1707 5774//1708
f 5766//1700 5765//1699 5774//1708 5775//1709
f 5767//1701 5766//1700 5775//1709 5776//1710
f 5768//1702 5767//1701 5776//1710 5777//1711
f 5769//1703 5768//1702 5777//1711 5778//1712
f 5770//1704 5769//1703 5778//1712 5779//1713
f 5506//1450 5770//1704 5779//1713 5507//1451
f 5771//1705 5467//1413 5468//1414 5780//1714
f 5772//1706 5771//1705 5780//1714 5781//1715
f 5773//1707 5772//1706 5781//1715 5782//1716
f 5774//1708 5773//1707 5782//1716 5783//1717
f 5775//1709 5774//1708 5783//1717 5784//1718
f 5776//1710 5775//1709 5784//1718 5785//1719
f 5777//1711 5776//1710 5785//1719 5786//1720
f 5778//1712 5777//1711 5786//1720 5787//1721
f 5779//1713 5778//1712 5787//1721 5788//1722
f 5507//1451 5779//1713 5788//1722 5508//1452
f 5780//1714 5468//1414 5469//1415 5789//1723
f 5781//1715 5780//1714 5789//1723 5790//1724
f 5782//1716 5781//1715 5790//1724 5791//1725
f 5783//1717 5782//1716 5791//1725 5792//1726
f 5784//1718 5783//1717 5792//1726 5793//1727
f 5785//1719 5784//1718 5793//1727 5794//1728
f 5786//1720 5785//1719 5794//1728 5795//1729
f 5787//1721 5786//1720 5795//1729 5796//1730
f 5788//1722 5787//1721 5796//1730 5797//1731
f 5508//1452 5788//1722 5797//1731 5509//1453
f 5789//1723 5469//1415 5470//1416 5798//1732
f 5790//1724 5789//1723 5798//1732 5799//1733
f 5791//1725 5790//1724 5799//1733 5800//1734
f 5792//1726 5791//1725 5800//1734 5801//1735
f 5793//1727 5792//1726 5801//1735 5802//1736
f 5794//1728 5793//1727 5802//1736 5803//1737
f 5795//1729 5794//1728 5803//1737 5804//1738
f 5796//1730 5795//1729 5804//1738 5805//1739
f 5797//1731 5796//1730 5805//1739 5806//1740
f 5509//1453 5797//1731 5806//1740 5510//1454
f 5798//1732 5470//1416 5471//1417 5807//1741
f 5799//1733 5798//1732 5807//1741 5808//1742
f 5800//1734 5799//1733 5808//1742 5809//1743
f 5801//1735 5800//1734 5809//1743 5810//1744
f 5802//1736 5801//1735 5810//1744 5811//1745
f 5803//1737 5802//1736 5811//1745 5812//1746
f 5804//1738 5803//1737 5812//1746 5813//1747
f 5805//1739 5804//1738 5813//1747 5814//1748
f 5806//1740 5805//1739 5814//1748 5815//1749
f 5510//1454 5806//1740 5815//1749 5511//2553
f 5807//1741 5471//1417 5472//2549 5816//2560
f 5808//1742 5807//1741 5816//2560 5817//1751
f 5809//1743 5808//1742 5817//1751 5818//1752
f 5810//1744 5809//1743 5818//1752 5819//1753
f 5811//1745 5810//1744 5819//1753 5820//1754
f 5812//1746 5811//1745 5820//1754 5821//1755
f 5813//1747 5812//1746 5821//1755 5822//1756
f 5814//1748 5813//1747 5822//1756 5823//1757
f 5815//1749 5814//1748 5823//1757 5824//1758
f 5511//2553 5815//1749 5824//1758 5512//1456
f 5816//2560 5472//2549 5473//1419 5825//1759
f 5817//1751 5816//2560 5825//1759 5826//1760
f 5818//1752 5817//1751 5826//1760 5827//1761
f 5819//1753 5818//1752 5827//1761 5828//1762
f 5820//1754 5819//1753 5828//1762 5829//1763
f 5821//1755 5820//1754 5829//1763 5830//1764
f 5822//1756 5821//1755 5830//1764 5831//1765
f 5823//1757 5822//1756 5831//1765 5832//1766
f 5824//1758 5823//1757 5832//1766 5833//1767
f 5512//1456 5824//1758 5833//1767 5513//1457
f 5825//1759 5473//1419 5474//1420 5834//1768
f 5826//1760 5825//1759 5834//1768 5835//2496
f 5827//1761 5826//1760 5835//2496 5836//2561
f 5828//1762 5827//1761 5836//2561 5837//1771
f 5829//1763 5828//1762 5837//1771 5838//1772
f 5830//1764 5829//1763 5838//1772 5839//1773
f 5831//1765 5830//1764 5839//1773 5840//1774
f 5832//1766 5831//1765 5840//1774 5841//1775
f 5833//1767 5832//1766 5841//1775 5842//1776
f 5513//1457 5833//1767 5842//1776 5514//1458
f 5834//1768 5474//1420 5475//2550 5843//1777
f 5835//2496 5834//1768 5843//1777 5844//1778
f 5836//2561 5835//2496 5844//1778 5845//1779
f 5837//1771 5836//2561 5845//1779 5846//1780
f 5838//1772 5837//1771 5846//1780 5847//1781
f 5839//1773 5838//1772 5847//1781 5848//1782
f 5840//1774 5839//1773 5848//1782 5849//1783
f 5841//1775 5840//1774 5849//1783 5850//1784
f 5842//1776 5841//1775 5850//1784 5851//1785
f 5514//1458 5842//1776 5851//1785 5515//1459
f 5843//1777 5475//2550 5476//1422 5852//2562
f 5844//1778 5843//1777 5852//2562 5853//1787
f 5845//1779 5844//1778 5853//1787 5854//1788
f 5846//1780 5845//1779 5854//1788 5855//1789
f 5847//1781 5846//1780 5855//1789 5856//1790
f 5848//1782 5847//1781 5856//1790 5857//1791
f 5849//1783 5848//1782 5857//1791 5858//1792
f 5850//1784 5849//1783 5858//1792 5859//1793
f 5851//1785 5850//1784 5859//1793 5860//1794
f 5515//1459 5851//1785 5860//1794 5516//1460
f 5852//2562 5476//1422 5477//1423 5861//1795
f 5853//1787 5852//2562 5861//1795 5862//1796
f 5854//1788 5853//1787 5862//1796 5863//1797
f 5855//1789 5854//1788 5863//1797 5864//1798
f 5856//1790 5855//1789 5864//1798 5865//1799
f 5857//1791 5856//1790 5865//1799 5866//1800
f 5858//1792 5857//1791 5866//1800 5867//1801
f 5859//1793 5858//1792 5867//1801 5868//1802
f 5860//1794 5859//1793 5868//1802 5869//1803
f 5516//1460 5860//1794 5869//1803 5517//1461
f 5861//1795 5477//1423 5478//1424 5870//1804
f 5862//1796 5861//1795 5870//1804 5871//1805
f 5863//1797 5862//1796 5871//1805 5872//1806
f 5864//1798 5863//1797 5872//1806 5873//1807
f 5865//1799 5864//1798 5873//1807 5874//1808
f 5866//1800 5865//1799 5874//1808 5875//1809
f 5867//1801 5866//1800 5875//1809 5876//2563
f 5868//1802 5867//1801 5876//2563 5877//1811
f 5869//1803 5868//1802 5877//1811 5878//1812
f 5517//1461 5869//1803 5878//1812 5518//1462
f 5880//1813 5879//2564 5890//2565 5891//1816
f 5881//1817 5880//1813 5891//1816 5892//1818
f 5882//1819 5881//1817 5892//1818 5893//1820
f 5883//1821 5882//1819 5893//1820 5894//1822
f 5884//863 5883//1821 5894//1822 5895//1823
f 5885//1824 5884//863 5895//1823 5896//1825
f 5886//1826 5885//1824 5896//1825 5897//1827
f 5887//1828 5886//1826 5897//1827 5898//1829
f 5888//1830 5887//1828 5898//1829 5899//1831
f 5889//1832 5888//1830 5899//1831 5900//1833
f 5891//1816 5890//2565 5901//1834 5902//1835
f 5892//1818 5891//1816 5902//1835 5903//1836
f 5893//1820 5892//1818 5903//1836 5904//1837
f 5894//1822 5893//1820 5904//1837 5905//1838
f 5895//1823 5894//1822 5905//1838 5906//1839
f 5896//1825 5895//1823 5906//1839 5907//1840
f 5897//1827 5896//1825 5907//1840 5908//1841
f 5898//1829 5897//1827 5908//1841 5909//2566
f 5899//1831 5898//1829 5909//2566 5910//1843
f 5900//1833 5899//1831 5910//1843 5911//1844
f 5902//1835 5901//1834 5912//2567 5913//1846
f 5903//1836 5902//1835 5913//1846 5914//1847
f 5904//1837 5903//1836 5914//1847 5915//1848
f 5905//1838 5904//1837 5915//1848 5916//1849
f 5906//1839 5905//1838 5916//1849 5917//1850
f 5907//1840 5906//1839 5917//1850 5918//1851
f 5908//1841 5907//1840 5918//1851 5919//1852
f 5909//2566 5908//1841 5919//1852 5920//1853
f 5910//1843 5909//2566 5920//1853 5921//1854
f 5911//1844 5910//1843 5921//1854 5922//1855
f 5913//1846 5912//2567 5923//2568 5924//1857
f 5914//1847 5913//1846 5924//1857 5925//1858
f 5915//1848 5914//1847 5925//1858 5926//1859
f 5916//1849 5915//1848 5926//1859 5927//1860
f 5917//1850 5916//1849 5927//1860 5928//863
f 5918//1851 5917//1850 5928//863 5929//1861
f 5919//1852 5918//1851 5929//1861 5930//1862
f 5920//1853 5919//1852 5930//1862 5931//1863
f 5921//1854 5920//1853 5931//1863 5932//1864
f 5922//1855 5921//1854 5932//1864 5933//1865
f 5934//1866 5889//1832 5900//1833 5935//1867
f 5935//1867 5900//1833 5911//1844 5936//1868
f 5936//1868 5911//1844 5922//1855 5937//1869
f 5937//1869 5922//1855 5933//1865 5938//1870
f 5879//2564 5939//2569 5940//2570 5890//2565
f 5890//2565 5940//2570 5941//1873 5901//1834
f 5901//1834 5941//1873 5942//2571 5912//2567
f 5912//2567 5942//2571 5943//2572 5923//2568
f 5944//1876 5934//1866 5935//1867 5953//1877
f 5945//1878 5944//1876 5953//1877 5954//1879
f 5946//1880 5945//1878 5954//1879 5955//1881
f 5947//1882 5946//1880 5955//1881 5956//1883
f 5948//925 5947//1882 5956//1883 5957//1884
f 5949//1885 5948//925 5957//1884 5958//1886
f 5950//1887 5949//1885 5958//1886 5959//1888
f 5951//1889 5950//1887 5959//1888 5960//1890
f 5952//1891 5951//1889 5960//1890 5961//1892
f 5939//2569 5952//1891 5961//1892 5940//2570
f 5953//1877 5935//1867 5936//1868 5962//1893
f 5954//1879 5953//1877 5962//1893 5963//2573
f 5955//1881 5954//1879 5963//2573 5964//1895
f 5956//1883 5955//1881 5964//1895 5965//1896
f 5957//1884 5956//1883 5965//1896 5966//1897
f 5958//1886 5957//1884 5966//1897 5967//1898
f 5959//1888 5958//1886 5967//1898 5968//1899
f 5960//1890 5959//1888 5968//1899 5969//1900
f 5961//1892 5960//1890 5969//1900 5970//1901
f 5940//2570 5961//1892 5970//1901 5941//1873
f 5962//1893 5936//1868 5937//1869 5971//1902
f 5963//2573 5962//1893 5971//1902 5972//1903
f 5964//1895 5963//2573 5972//1903 5973//1904
f 5965//1896 5964//1895 5973//1904 5974//1905
f 5966//1897 5965//1896 5974//1905 5975//1906
f 5967//1898 5966//1897 5975//1906 5976//1907
f 5968//1899 5967//1898 5976//1907 5977//1908
f 5969//1900 5968//1899 5977//1908 5978//1909
f 5970//1901 5969//1900 5978//1909 5979//1910
f 5941//1873 5970//1901 5979//1910 5942//2571
f 5971//1902 5937//1869 5938//1870 5980//1911
f 5972//1903 5971//1902 5980//1911 5981//1912
f 5973//1904 5972//1903 5981//1912 5982//1913
f 5974//1905 5973//1904 5982//1913 5983//1914
f 5975//1906 5974//1905 5983//1914 5984//925
f 5976//1907 5975//1906 5984//925 5985//1915
f 5977//1908 5976//1907 5985//1915 5986//1916
f 5978//1909 5977//1908 5986//1916 5987//1917
f 5979//1910 5978//1909 5987//1917 5988//1918
f 5942//2571 5979//1910 5988//1918 5943//2572
f 5990//1 6001//2574 6000//3 5989//2575
f 5991//5 6002//6 6001//2574 5990//1
f 5992//7 6003//8 6002//6 5991//5
f 5993//9 6004//10 6003//8 5992//7
f 5994//11 6005//12 6004//10 5993//9
f 5995//13 6006//14 6005//12 5994//11
f 5996//15 6007//16 6006//14 5995//13
f 5997//17 6008//18 6007//16 5996//15
f 5998//2576 6009//20 6008//18 5997//17
f 5999//21 6010//2577 6009//20 5998//2576
f 6001//2574 6012//2000 6011//24 6000//3
f 6002//6 6013//25 6012//2000 6001//2574
f 6003//8 6014//26 6013//25 6002//6
f 6004//10 6015//27 6014//26 6003//8
f 6005//12 6016//28 6015//27 6004//10
f 6006//14 6017//29 6016//28 6005//12
f 6007//16 6018//2001 6017//29 6006//14
f 6008//18 6019//31 6018//2001 6007//16
f 6009//20 6020//32 6019//31 6008//18
f 6010//2577 6021//33 6020//32 6009//20
f 6012//2000 6023//34 6022//2578 6011//24
f 6013//25 6024//36 6023//34 6012//2000
f 6014//26 6025//37 6024//36 6013//25
f 6015//27 6026//38 6025//37 6014//26
f 6016//28 6027//39 6026//38 6015//27
f 6017//29 6028//40 6027//39 6016//28
f 6018//2001 6029//41 6028//40 6017//29
f 6019//31 6030//42 6029//41 6018//2001
f 6020//32 6031//43 6030//42 6019//31
f 6021//33 6032//44 6031//43 6020//32
f 6023//34 6034//45 6033//1999 6022//2578
f 6024//36 6035//2579 6034//45 6023//34
f 6025//37 6036//48 6035//2579 6024//36
f 6026//38 6037//49 6036//48 6025//37
f 6027//39 6038//50 6037//49 6026//38
f 6028//40 6039//51 6038//50 6027//39
f 6029//41 6040//2580 6039//51 6028//40
f 6030//42 6041//53 6040//2580 6029//41
f 6031//43 6042//54 6041//53 6030//42
f 6032//44 6043//55 6042//54 6031//43
f 6034//45 6045//56 6044//57 6033//1999
f 6035//2579 6046//58 6045//56 6034//45
f 6036//48 6047//59 6046//58 6035//2579
f 6037//49 6048//60 6047//59 6036//48
f 6038//50 6049//61 6048//60 6037//49
f 6039//51 6050//62 6049//61 6038//50
f 6040//2580 6051//63 6050//62 6039//51
f 6041//53 6052//64 6051//63 6040//2580
f 6042//54 6053//65 6052//64 6041//53
f 6043//55 6054//66 6053//65 6042//54
f 6045//56 6056//67 6055//57 6044//57
f 6046//58 6057//68 6056//67 6045//56
f 6047//59 6058//69 6057//68 6046//58
f 6048//60 6059//70 6058//69 6047//59
f 6049//61 6060//71 6059//70 6048//60
f 6050//62 6061//62 6060//71 6049//61
f 6051//63 6062//72 6061//62 6050//62
f 6052//64 6063//73 6062//72 6051//63
f 6053//65 6064//74 6063//73 6052//64
f 6054//66 6065//66 6064//74 6053//65
f 6056//67 6067//56 6066//57 6055//57
f 6057//68 6068//58 6067//56 6056//67
f 6058//69 6069//59 6068//58 6057//68
f 6059//70 6070//60 6069//59 6058//69
f 6060//71 6071//61 6070//60 6059//70
f 6061//62 6072//62 6071//61 6060//71
f 6062//72 6073//63 6072//62 6061//62
f 6063//73 6074//64 6073//63 6062//72
f 6064//74 6075//65 6074//64 6063//73
f 6065//66 6076//66 6075//65 6064//74
f 6067//56 6078//75 6077//76 6066//57
f 6068//58 6079//2581 6078//75 6067//56
f 6069//59 6080//78 6079//2581 6068//58
f 6070//60 6081//79 6080//78 6069//59
f 6071//61 6082//80 6081//79 6070//60
f 6072//62 6083//81 6082//80 6071//61
f 6073//63 6084//2582 6083//81 6072//62
f 6074//64 6085//83 6084//2582 6073//63
f 6075//65 6086//84 6085//83 6074//64
f 6076//66 6087//85 6086//84 6075//65
f 6078//75 6089//86 6088//87 6077//76
f 6079//2581 6090//88 6089//86 6078//75
f 6080//78 6091//89 6090//88 6079//2581
f 6081//79 6092//90 6091//89 6080//78
f 6082//80 6093//91 6092//90 6081//79
f 6083//81 6094//92 6093//91 6082//80
f 6084//2582 6095//93 6094//92 6083//81
f 6085//83 6096//94 6095//93 6084//2582
f 6086//84 6097//95 6096//94 6085//83
f 6087//85 6098//96 6097//95 6086//84
f 6089//86 6100//2583 6099//98 6088//87
f 6090//88 6101//99 6100//2583 6089//86
f 6091//89 6102//100 6101//99 6090//88
f 6092//90 6103//101 6102//100 6091//89
f 6093//91 6104//102 6103//101 6092//90
f 6094//92 6105//103 6104//102 6093//91
f 6095//93 6106//1995 6105//103 6094//92
f 6096//94 6107//105 6106//1995 6095//93
f 6097//95 6108//1996 6107//105 6096//94
f 6098//96 6109//107 6108//1996 6097//95
f 6100//2583 6111//108 6110//109 6099//98
f 6101//99 6112//110 6111//108 6100//2583
f 6102//100 6113//111 6112//110 6101//99
f 6103//101 6114//112 6113//111 6102//100
f 6104//102 6115//113 6114//112 6103//101
f 6105//103 6116//114 6115//113 6104//102
f 6106//1995 6117//115 6116//114 6105//103
f 6107//105 6118//116 6117//115 6106//1995
f 6108//1996 6119//2584 6118//116 6107//105
f 6109//107 6120//118 6119//2584 6108//1996
f 6111//108 6122//119 6121//120 6110//109
f 6112//110 6123//121 6122//119 6111//108
f 6113//111 6124//122 6123//121 6112//110
f 6114//112 6125//123 6124//122 6113//111
f 6115//113 6126//124 6125//123 6114//112
f 6116//114 6127//2585 6126//124 6115//113
f 6117//115 6128//126 6127//2585 6116//114
f 6118//116 6129//127 6128//126 6117//115
f 6119//2584 6130//128 6129//127 6118//116
f 6120//118 6131//129 6130//128 6119//2584
f 6122//119 6133//130 6132//2586 6121//120
f 6123//121 6134//132 6133//130 6122//119
f 6124//122 6135//133 6134//132 6123//121
f 6125//123 6136//134 6135//133 6124//122
f 6126//124 6137//135 6136//134 6125//123
f 6127//2585 6138//136 6137//135 6126//124
f 6128//126 6139//137 6138//136 6127//2585
f 6129//127 6140//138 6139//137 6128//126
f 6130//128 6141//139 6140//138 6129//127
f 6131//129 6142//140 6141//139 6130//128
f 6133//130 6144//141 6143//142 6132//2586
f 6134//132 6145//143 6144//141 6133//130
f 6135//133 6146//144 6145//143 6134//132
f 6136//134 6147//145 6146//144 6135//133
f 6137//135 6148//146 6147//145 6136//134
f 6138//136 6149//147 6148//146 6137//135
f 6139//137 6150//148 6149//147 6138//136
f 6140//138 6151//149 6150//148 6139//137
f 6141//139 6152//150 6151//149 6140//138
f 6142//140 6153//151 6152//150 6141//139
f 6155//152 6166//153 6165//154 6154//155
f 6156//156 6167//157 6166//153 6155//152
f 6157//158 6168//159 6167//157 6156//156
f 6158//160 6169//161 6168//159 6157//158
f 6159//162 6170//163 6169//161 6158//160
f 6160//164 6171//165 6170//163 6159//162
f 6161//166 6172//167 6171//165 6160//164
f 6162//168 6173//169 6172//167 6161//166
f 6163//170 6174//171 6173//169 6162//168
f 6164//172 6175//173 6174//171 6163//170
f 6166//153 6177//174 6176//175 6165//154
f 6167//157 6178//176 6177//174 6166//153
f 6168//159 6179//177 6178//176 6167//157
f 6169//161 6180//178 6179//177 6168//159
f 6170//163 6181//179 6180//178 6169//161
f 6171//165 6182//180 6181//179 6170//163
f 6172//167 6183//181 6182//180 6171//165
f 6173//169 6184//182 6183//181 6172//167
f 6174//171 6185//183 6184//182 6173//169
f 6175//173 6186//184 6185//183 6174//171
f 6177//174 6188//185 6187//186 6176//175
f 6178//176 6189//187 6188//185 6177//174
f 6179//177 6190//188 6189//187 6178//176
f 6180//178 6191//189 6190//188 6179//177
f 6181//179 6192//190 6191//189 6180//178
f 6182//180 6193//191 6192//190 6181//179
f 6183//181 6194//192 6193//191 6182//180
f 6184//182 6195//193 6194//192 6183//181
f 6185//183 6196//194 6195//193 6184//182
f 6186//184 6197//195 6196//194 6185//183
f 6188//185 6199//196 6198//197 6187//186
f 6189//187 6200//198 6199//196 6188//185
f 6190//188 6201//199 6200//198 6189//187
f 6191//189 6202//200 6201//199 6190//188
f 6192//190 6203//201 6202//200 6191//189
f 6193//191 6204//202 6203//201 6192//190
f 6194//192 6205//203 6204//202 6193//191
f 6195//193 6206//204 6205//203 6194//192
f 6196//194 6207//205 6206//204 6195//193
f 6197//195 6208//206 6207//205 6196//194
f 6199//196 6210//207 6209//208 6198//197
f 6200//198 6211//209 6210//207 6199//196
f 6201//199 6212//2090 6211//209 6200//198
f 6202//200 6213//211 6212//2090 6201//199
f 6203//201 6214//212 6213//211 6202//200
f 6204//202 6215//213 6214//212 6203//201
f 6205//203 6216//214 6215//213 6204//202
f 6206//204 6217//215 6216//214 6205//203
f 6207//205 6218//216 6217//215 6206//204
f 6208//206 6219//217 6218//216 6207//205
f 6210//207 6221//218 6220//219 6209//208
f 6211//209 6222//220 6221//218 6210//207
f 6212//2090 6223//2587 6222//220 6211//209
f 6213//211 6224//222 6223//2587 6212//2090
f 6214//212 6225//223 6224//222 6213//211
f 6215//213 6226//224 6225//223 6214//212
f 6216//214 6227//225 6226//224 6215//213
f 6217//215 6228//226 6227//225 6216//214
f 6218//216 6229//227 6228//226 6217//215
f 6219//217 6230//228 6229//227 6218//216
f 6221//218 6232//229 6231//230 6220//219
f 6222//220 6233//231 6232//229 6221//218
f 6223//2587 6234//232 6233//231 6222//220
f 6224//222 6235//233 6234//232 6223//2587
f 6225//223 6236//234 6235//233 6224//222
f 6226//224 6237//235 6236//234 6225//223
f 6227//225 6238//236 6237//235 6226//224
f 6228//226 6239//237 6238//236 6227//225
f 6229//227 6240//238 6239//237 6228//226
f 6230//228 6241//239 6240//238 6229//227
f 6232//229 6243//240 6242//2588 6231//230
f 6233//231 6244//242 6243//240 6232//229
f 6234//232 6245//243 6244//242 6233//231
f 6235//233 6246//244 6245//243 6234//232
f 6236//234 6247//245 6246//244 6235//233
f 6237//235 6248//246 6247//245 6236//234
f 6238//236 6249//247 6248//246 6237//235
f 6239//237 6250//248 6249//247 6238//236
f 6240//238 6251//249 6250//248 6239//237
f 6241//239 6252//250 6251//249 6240//238
f 6243//240 6254//251 6253//252 6242//2588
f 6244//242 6255//253 6254//251 6243//240
f 6245//243 6256//254 6255//253 6244//242
f 6246//244 6257//255 6256//254 6245//243
f 6247//245 6258//256 6257//255 6246//244
f 6248//246 6259//257 6258//256 6247//245
f 6249//247 6260//258 6259//257 6248//246
f 6250//248 6261//259 6260//258 6249//247
f 6251//249 6262//260 6261//259 6250//248
f 6252//250 6263//261 6262//260 6251//249
f 6254//251 6265//262 6264//263 6253//252
f 6255//253 6266//264 6265//262 6254//251
f 6256//254 6267//265 6266//264 6255//253
f 6257//255 6268//266 6267//265 6256//254
f 6258//256 6269//267 6268//266 6257//255
f 6259//257 6270//268 6269//267 6258//256
f 6260//258 6271//269 6270//268 6259//257
f 6261//259 6272//2589 6271//269 6260//258
f 6262//260 6273//271 6272//2589 6261//259
f 6263//261 6274//272 6273//271 6262//260
f 6265//262 6276//273 6275//274 6264//263
f 6266//264 6277//275 6276//273 6265//262
f 6267//265 6278//276 6277//275 6266//264
f 6268//266 6279//277 6278//276 6267//265
f 6269//267 6280//278 6279//277 6268//266
f 6270//268 6281//279 6280//278 6269//267
f 6271//269 6282//280 6281//279 6270//268
f 6272//2589 6283//281 6282//280 6271//269
f 6273//271 6284//2590 6283//281 6272//2589
f 6274//272 6285//283 6284//2590 6273//271
f 6276//273 6287//284 6286//2083 6275//274
f 6277//275 6288//286 6287//284 6276//273
f 6278//276 6289//287 6288//286 6277//275
f 6279//277 6290//288 6289//287 6278//276
f 6280//278 6291//289 6290//288 6279//277
f 6281//279 6292//2591 6291//289 6280//278
f 6282//280 6293//291 6292//2591 6281//279
f 6283//281 6294//292 6293//291 6282//280
f 6284//2590 6295//293 6294//292 6283//281
f 6285//283 6296//294 6295//293 6284//2590
f 6287//284 6298//295 6297//296 6286//2083
f 6288//286 6299//297 6298//295 6287//284
f 6289//287 6300//298 6299//297 6288//286
f 6290//288 6301//299 6300//298 6289//287
f 6291//289 6302//300 6301//299 6290//288
f 6292//2591 6303//301 6302//300 6291//289
f 6293//291 6304//302 6303//301 6292//2591
f 6294//292 6305//303 6304//302 6293//291
f 6295//293 6306//304 6305//303 6294//292
f 6296//294 6307//305 6306//304 6295//293
f 6298//295 6309//306 6308//307 6297//296
f 6299//297 6310//308 6309//306 6298//295
f 6300//298 6311//309 6310//308 6299//297
f 6301//299 6312//310 6311//309 6300//298
f 6302//300 6313//311 6312//310 6301//299
f 6303//301 6314//2592 6313//311 6302//300
f 6304//302 6315//313 6314//2592 6303//301
f 6305//303 6316//314 6315//313 6304//302
f 6306//304 6317//315 6316//314 6305//303
f 6307//305 6318//316 6317//315 6306//304
f 6309//306 6320//317 6319//318 6308//307
f 6310//308 6321//319 6320//317 6309//306
f 6311//309 6322//320 6321//319 6310//308
f 6312//310 6323//321 6322//320 6311//309
f 6313//311 6324//322 6323//321 6312//310
f 6314//2592 6325//323 6324//322 6313//311
f 6315//313 6326//324 6325//323 6314//2592
f 6316//314 6327//325 6326//324 6315//313
f 6317//315 6328//2593 6327//325 6316//314
f 6318//316 6329//327 6328//2593 6317//315
f 6320//317 6331//328 6330//329 6319//318
f 6321//319 6332//2080 6331//328 6320//317
f 6322//320 6333//331 6332//2080 6321//319
f 6323//321 6334//332 6333//331 6322//320
f 6324//322 6335//333 6334//332 6323//321
f 6325//323 6336//334 6335//333 6324//322
f 6326//324 6337//335 6336//334 6325//323
f 6327//325 6338//336 6337//335 6326//324
f 6328//2593 6339//337 6338//336 6327//325
f 6329//327 6340//338 6339//337 6328//2593
f 6331//328 6342//339 6341//340 6330//329
f 6332//2080 6343//341 6342//339 6331//328
f 6333//331 6344//342 6343//341 6332//2080
f 6334//332 6345//343 6344//342 6333//331
f 6335//333 6346//344 6345//343 6334//332
f 6336//334 6347//345 6346//344 6335//333
f 6337//335 6348//346 6347//345 6336//334
f 6338//336 6349//347 6348//346 6337//335
f 6339//337 6350//348 6349//347 6338//336
f 6340//338 6351//349 6350//348 6339//337
f 6342//339 6353//350 6352//351 6341//340
f 6343//341 6354//352 6353//350 6342//339
f 6344//342 6355//353 6354//352 6343//341
f 6345//343 6356//354 6355//353 6344//342
f 6346//344 6357//355 6356//354 6345//343
f 6347//345 6358//356 6357//355 6346//344
f 6348//346 6359//357 6358//356 6347//345
f 6349//347 6360//358 6359//357 6348//346
f 6350//348 6361//359 6360//358 6349//347
f 6351//349 6362//360 6361//359 6350//348
f 6353//350 6364//361 6363//362 6352//351
f 6354//352 6365//363 6364//361 6353//350
f 6355//353 6366//364 6365//363 6354//352
f 6356//354 6367//365 6366//364 6355//353
f 6357//355 6368//366 6367//365 6356//354
f 6358//356 6369//367 6368//366 6357//355
f 6359//357 6370//368 6369//367 6358//356
f 6360//358 6371//369 6370//368 6359//357
f 6361//359 6372//370 6371//369 6360//358
f 6362//360 6373//371 6372//370 6361//359
f 6364//361 6375//372 6374//373 6363//362
f 6365//363 6376//374 6375//372 6364//361
f 6366//364 6377//2074 6376//374 6365//363
f 6367//365 6378//376 6377//2074 6366//364
f 6368//366 6379//377 6378//376 6367//365
f 6369//367 6380//378 6379//377 6368//366
f 6370//368 6381//379 6380//378 6369//367
f 6371//369 6382//380 6381//379 6370//368
f 6372//370 6383//381 6382//380 6371//369
f 6373//371 6384//2075 6383//381 6372//370
f 6375//372 6386//2071 6385//384 6374//373
f 6376//374 6387//385 6386//2071 6375//372
f 6377//2074 6388//386 6387//385 6376//374
f 6378//376 6389//387 6388//386 6377//2074
f 6379//377 6390//388 6389//387 6378//376
f 6380//378 6391//389 6390//388 6379//377
f 6381//379 6392//390 6391//389 6380//378
f 6382//380 6393//391 6392//390 6381//379
f 6383//381 6394//392 6393//391 6382//380
f 6384//2075 6395//2073 6394//392 6383//381
f 6386//2071 6397//394 6396//395 6385//384
f 6387//385 6398//396 6397//394 6386//2071
f 6388//386 6399//397 6398//396 6387//385
f 6389//387 6400//2594 6399//397 6388//386
f 6390//388 6401//399 6400//2594 6389//387
f 6391//389 6402//2069 6401//399 6390//388
f 6392//390 6403//401 6402//2069 6391//389
f 6393//391 6404//2070 6403//401 6392//390
f 6394//392 6405//403 6404//2070 6393//391
f 6395//2073 6406//404 6405//403 6394//392
f 6397//394 6408//2595 6407//406 6396//395
f 6398//396 6409//407 6408//2595 6397//394
f 6399//397 6410//408 6409//407 6398//396
f 6400//2594 6411//409 6410//408 6399//397
f 6401//399 6412//410 6411//409 6400//2594
f 6402//2069 6413//411 6412//410 6401//399
f 6403//401 6414//412 6413//411 6402//2069
f 6404//2070 6415//413 6414//412 6403//401
f 6405//403 6416//414 6415//413 6404//2070
f 6406//404 6417//415 6416//414 6405//403
f 6408//2595 6419//416 6418//417 6407//406
f 6409//407 6420//418 6419//416 6408//2595
f 6410//408 6421//419 6420//418 6409//407
f 6411//409 6422//420 6421//419 6410//408
f 6412//410 6423//421 6422//420 6411//409
f 6413//411 6424//422 6423//421 6412//410
f 6414//412 6425//423 6424//422 6413//411
f 6415//413 6426//424 6425//423 6414//412
f 6416//414 6427//425 6426//424 6415//413
f 6417//415 6428//426 6427//425 6416//414
f 6429//427 6430//428 6010//2577 5999//21
f 6430//428 6431//429 6021//33 6010//2577
f 6431//429 6432//2596 6032//44 6021//33
f 6432//2596 6433//431 6043//55 6032//44
f 6433//431 6434//432 6054//66 6043//55
f 6434//432 6435//432 6065//66 6054//66
f 6435//432 6436//432 6076//66 6065//66
f 6436//432 6437//433 6087//85 6076//66
f 6437//433 6438//434 6098//96 6087//85
f 6438//434 6439//435 6109//107 6098//96
f 6439//435 6440//436 6120//118 6109//107
f 6440//436 6441//437 6131//129 6120//118
f 6441//437 6442//438 6142//140 6131//129
f 6442//438 6443//439 6153//151 6142//140
f 6444//440 6445//441 6175//173 6164//172
f 6445//441 6446//442 6186//184 6175//173
f 6446//442 6447//443 6197//195 6186//184
f 6447//443 6448//444 6208//206 6197//195
f 6448//444 6449//445 6219//217 6208//206
f 6449//445 6450//446 6230//228 6219//217
f 6450//446 6451//447 6241//239 6230//228
f 6451//447 6452//2130 6252//250 6241//239
f 6452//2130 6453//449 6263//261 6252//250
f 6453//449 6454//450 6274//272 6263//261
f 6454//450 6455//451 6285//283 6274//272
f 6455//451 6456//2129 6296//294 6285//283
f 6456//2129 6457//453 6307//305 6296//294
f 6457//453 6458//2597 6318//316 6307//305
f 6458//2597 6459//455 6329//327 6318//316
f 6459//455 6460//456 6340//338 6329//327
f 6460//456 6461//457 6351//349 6340//338
f 6461//457 6462//458 6362//360 6351//349
f 6462//458 6463//2127 6373//371 6362//360
f 6463//2127 6464//460 6384//2075 6373//371
f 6464//460 6465//461 6395//2073 6384//2075
f 6465//461 6466//462 6406//404 6395//2073
f 6466//462 6467//463 6417//415 6406//404
f 6467//463 6468//464 6428//426 6417//415
f 5989//2575 6000//3 6470//465 6469//466
f 6000//3 6011//24 6471//467 6470//465
f 6011//24 6022//2578 6472//468 6471//467
f 6022//2578 6033//1999 6473//469 6472//468
f 6033//1999 6044//57 6474//470 6473//469
f 6044//57 6055//57 6475//470 6474//470
f 6055//57 6066//57 6476//470 6475//470
f 6066//57 6077//76 6477//471 6476//470
f 6077//76 6088//87 6478//472 6477//471
f 6088//87 6099//98 6604//473 6478//472
f 6099//98 6110//109 6479//474 6604//473
f 6110//109 6121//120 6480//475 6479//474
f 6121//120 6132//2586 6481//476 6480//475
f 6132//2586 6143//142 6482//477 6481//476
f 6154//155 6165//154 6484//478 6483//2598
f 6165//154 6176//175 6485//480 6484//478
f 6176//175 6187//186 6486//481 6485//480
f 6187//186 6198//197 6487//482 6486//481
f 6198//197 6209//208 6488//483 6487//482
f 6209//208 6220//219 6704//484 6488//483
f 6220//219 6231//230 6714//485 6704//484
f 6231//230 6242//2588 6489//486 6714//485
f 6242//2588 6253//252 6490//487 6489//486
f 6253//252 6264//263 6491//488 6490//487
f 6264//263 6275//274 6492//489 6491//488
f 6275//274 6286//2083 6493//490 6492//489
f 6286//2083 6297//296 6494//491 6493//490
f 6297//296 6308//307 6495//492 6494//491
f 6308//307 6319//318 6496//493 6495//492
f 6319//318 6330//329 6497//494 6496//493
f 6330//329 6341//340 6498//495 6497//494
f 6341//340 6352//351 6499//496 6498//495
f 6352//351 6363//362 6500//497 6499//496
f 6363//362 6374//373 6501//2141 6500//497
f 6374//373 6385//384 6841//499 6501//2141
f 6385//384 6396//395 6502//500 6841//499
f 6396//395 6407//406 6503//2599 6502//500
f 6407//406 6418//417 6504//502 6503//2599
f 6505//503 6514//504 6430//428 6429//427
f 6506//505 6515//506 6514//504 6505//503
f 6507//507 6516//2600 6515//506 6506//505
f 6508//509 6517//510 6516//2600 6507//507
f 6509//511 6518//512 6517//510 6508//509
f 6510//513 6519//514 6518//512 6509//511
f 6511//515 6520//516 6519//514 6510//513
f 6512//517 6521//518 6520//516 6511//515
f 6513//519 6522//520 6521//518 6512//517
f 6469//466 6470//465 6522//520 6513//519
f 6514//504 6523//521 6431//429 6430//428
f 6515//506 6524//522 6523//521 6514//504
f 6516//2600 6525//523 6524//522 6515//506
f 6517//510 6526//524 6525//523 6516//2600
f 6518//512 6527//525 6526//524 6517//510
f 6519//514 6528//526 6527//525 6518//512
f 6520//516 6529//527 6528//526 6519//514
f 6521//518 6530//528 6529//527 6520//516
f 6522//520 6531//529 6530//528 6521//518
f 6470//465 6471//467 6531//529 6522//520
f 6523//521 6532//530 6432//2596 6431//429
f 6524//522 6533//531 6532//530 6523//521
f 6525//523 6534//532 6533//531 6524//522
f 6526//524 6535//533 6534//532 6525//523
f 6527//525 6536//534 6535//533 6526//524
f 6528//526 6537//535 6536//534 6527//525
f 6529//527 6538//536 6537//535 6528//526
f 6530//528 6539//537 6538//536 6529//527
f 6531//529 6540//538 6539//537 6530//528
f 6471//467 6472//468 6540//538 6531//529
f 6532//530 6541//2167 6433//431 6432//2596
f 6533//531 6542//540 6541//2167 6532//530
f 6534//532 6543//541 6542//540 6533//531
f 6535//533 6544//542 6543//541 6534//532
f 6536//534 6545//543 6544//542 6535//533
f 6537//535 6546//544 6545//543 6536//534
f 6538//536 6547//545 6546//544 6537//535
f 6539//537 6548//546 6547//545 6538//536
f 6540//538 6549//547 6548//546 6539//537
f 6472//468 6473//469 6549//547 6540//538
f 6541//2167 6550//548 6434//432 6433//431
f 6542//540 6551//549 6550//548 6541//2167
f 6543//541 6552//550 6551//549 6542//540
f 6544//542 6553//551 6552//550 6543//541
f 6545//543 6554//552 6553//551 6544//542
f 6546//544 6555//553 6554//552 6545//543
f 6547//545 6556//554 6555//553 6546//544
f 6548//546 6557//555 6556//554 6547//545
f 6549//547 6558//556 6557//555 6548//546
f 6473//469 6474//470 6558//556 6549//547
f 6550//548 6559//557 6435//432 6434//432
f 6551//549 6560//558 6559//557 6550//548
f 6552//550 6561//559 6560//558 6551//549
f 6553//551 6562//560 6561//559 6552//550
f 6554//552 6563//561 6562//560 6553//551
f 6555//553 6564//553 6563//561 6554//552
f 6556//554 6565//562 6564//553 6555//553
f 6557//555 6566//563 6565//562 6556//554
f 6558//556 6567//564 6566//563 6557//555
f 6474//470 6475//470 6567//564 6558//556
f 6559//557 6568//548 6436//432 6435//432
f 6560//558 6569//549 6568//548 6559//557
f 6561//559 6570//550 6569//549 6560//558
f 6562//560 6571//551 6570//550 6561//559
f 6563//561 6572//552 6571//551 6562//560
f 6564//553 6573//553 6572//552 6563//561
f 6565//562 6574//554 6573//553 6564//553
f 6566//563 6575//555 6574//554 6565//562
f 6567//564 6576//556 6575//555 6566//563
f 6475//470 6476//470 6576//556 6567//564
f 6568//548 6577//565 6437//433 6436//432
f 6569//549 6578//566 6577//565 6568//548
f 6570//550 6579//567 6578//566 6569//549
f 6571//551 6580//568 6579//567 6570//550
f 6572//552 6581//569 6580//568 6571//551
f 6573//553 6582//570 6581//569 6572//552
f 6574//554 6583//571 6582//570 6573//553
f 6575//555 6584//572 6583//571 6574//554
f 6576//556 6585//573 6584//572 6575//555
f 6476//470 6477//471 6585//573 6576//556
f 6577//565 6586//574 6438//434 6437//433
f 6578//566 6587//575 6586//574 6577//565
f 6579//567 6588//576 6587//575 6578//566
f 6580//568 6589//577 6588//576 6579//567
f 6581//569 6590//578 6589//577 6580//568
f 6582//570 6591//579 6590//578 6581//569
f 6583//571 6592//580 6591//579 6582//570
f 6584//572 6593//581 6592//580 6583//571
f 6585//573 6594//582 6593//581 6584//572
f 6477//471 6478//472 6594//582 6585//573
f 6586//574 6595//583 6439//435 6438//434
f 6587//575 6596//584 6595//583 6586//574
f 6588//576 6597//585 6596//584 6587//575
f 6589//577 6598//586 6597//585 6588//576
f 6590//578 6599//587 6598//586 6589//577
f 6591//579 6600//588 6599//587 6590//578
f 6592//580 6601//589 6600//588 6591//579
f 6593//581 6602//590 6601//589 6592//580
f 6594//582 6603//591 6602//590 6593//581
f 6478//472 6604//473 6603//591 6594//582
f 6595//583 6605//2601 6440//436 6439//435
f 6596//584 6606//593 6605//2601 6595//583
f 6597//585 6607//594 6606//593 6596//584
f 6598//586 6608//595 6607//594 6597//585
f 6599//587 6609//596 6608//595 6598//586
f 6600//588 6610//597 6609//596 6599//587
f 6601//589 6611//598 6610//597 6600//588
f 6602//590 6612//599 6611//598 6601//589
f 6603//591 6613//600 6612//599 6602//590
f 6604//473 6479//474 6613//600 6603//591
f 6605//2601 6614//2602 6441//437 6440//436
f 6606//593 6615//602 6614//2602 6605//2601
f 6607//594 6616//603 6615//602 6606//593
f 6608//595 6617//604 6616//603 6607//594
f 6609//596 6618//605 6617//604 6608//595
f 6610//597 6619//606 6618//605 6609//596
f 6611//598 6620//607 6619//606 6610//597
f 6612//599 6621//608 6620//607 6611//598
f 6613//600 6622//609 6621//608 6612//599
f 6479//474 6480//475 6622//609 6613//600
f 6614//2602 6623//610 6442//438 6441//437
f 6615//602 6624//611 6623//610 6614//2602
f 6616//603 6625//612 6624//611 6615//602
f 6617//604 6626//613 6625//612 6616//603
f 6618//605 6627//614 6626//613 6617//604
f 6619//606 6628//615 6627//614 6618//605
f 6620//607 6629//616 6628//615 6619//606
f 6621//608 6630//2603 6629//616 6620//607
f 6622//609 6631//618 6630//2603 6621//608
f 6480//475 6481//476 6631//618 6622//609
f 6623//610 6632//619 6443//439 6442//438
f 6624//611 6633//620 6632//619 6623//610
f 6625//612 6634//621 6633//620 6624//611
f 6626//613 6635//622 6634//621 6625//612
f 6627//614 6636//623 6635//622 6626//613
f 6628//615 6637//624 6636//623 6627//614
f 6629//616 6638//625 6637//624 6628//615
f 6630//2603 6639//626 6638//625 6629//616
f 6631//618 6640//627 6639//626 6630//2603
f 6481//476 6482//477 6640//627 6631//618
f 6641//628 6650//629 6445//441 6444//440
f 6642//630 6651//631 6650//629 6641//628
f 6643//632 6652//633 6651//631 6642//630
f 6644//634 6653//635 6652//633 6643//632
f 6645//636 6654//637 6653//635 6644//634
f 6646//638 6655//639 6654//637 6645//636
f 6647//640 6656//641 6655//639 6646//638
f 6648//642 6657//643 6656//641 6647//640
f 6649//644 6658//645 6657//643 6648//642
f 6483//2598 6484//478 6658//645 6649//644
f 6650//629 6659//646 6446//442 6445//441
f 6651//631 6660//647 6659//646 6650//629
f 6652//633 6661//648 6660//647 6651//631
f 6653//635 6662//649 6661//648 6652//633
f 6654//637 6663//650 6662//649 6653//635
f 6655//639 6664//651 6663//650 6654//637
f 6656//641 6665//652 6664//651 6655//639
f 6657//643 6666//653 6665//652 6656//641
f 6658//645 6667//654 6666//653 6657//643
f 6484//478 6485//480 6667//654 6658//645
f 6659//646 6668//655 6447//443 6446//442
f 6660//647 6669//2604 6668//655 6659//646
f 6661//648 6670//657 6669//2604 6660//647
f 6662//649 6671//658 6670//657 6661//648
f 6663//650 6672//659 6671//658 6662//649
f 6664//651 6673//660 6672//659 6663//650
f 6665//652 6674//661 6673//660 6664//651
f 6666//653 6675//662 6674//661 6665//652
f 6667//654 6676//663 6675//662 6666//653
f 6485//480 6486//481 6676//663 6667//654
f 6668//655 6677//664 6448//444 6447//443
f 6669//2604 6678//665 6677//664 6668//655
f 6670//657 6679//666 6678//665 6669//2604
f 6671//658 6680//667 6679//666 6670//657
f 6672//659 6681//668 6680//667 6671//658
f 6673//660 6682//669 6681//668 6672//659
f 6674//661 6683//670 6682//669 6673//660
f 6675//662 6684//671 6683//670 6674//661
f 6676//663 6685//672 6684//671 6675//662
f 6486//481 6487//482 6685//672 6676//663
f 6677//664 6686//673 6449//445 6448//444
f 6678//665 6687//674 6686//673 6677//664
f 6679//666 6688//675 6687//674 6678//665
f 6680//667 6689//676 6688//675 6679//666
f 6681//668 6690//677 6689//676 6680//667
f 6682//669 6691//678 6690//677 6681//668
f 6683//670 6692//679 6691//678 6682//669
f 6684//671 6693//680 6692//679 6683//670
f 6685//672 6694//681 6693//680 6684//671
f 6487//482 6488//483 6694//681 6685//672
f 6686//673 6695//682 6450//446 6449//445
f 6687//674 6696//683 6695//682 6686//673
f 6688//675 6697//2605 6696//683 6687//674
f 6689//676 6698//685 6697//2605 6688//675
f 6690//677 6699//686 6698//685 6689//676
f 6691//678 6700//687 6699//686 6690//677
f 6692//679 6701//688 6700//687 6691//678
f 6693//680 6702//689 6701//688 6692//679
f 6694//681 6703//690 6702//689 6693//680
f 6488//483 6704//484 6703//690 6694//681
f 6695//682 6705//691 6451//447 6450//446
f 6696//683 6706//692 6705//691 6695//682
f 6697//2605 6707//693 6706//692 6696//683
f 6698//685 6708//694 6707//693 6697//2605
f 6699//686 6709//695 6708//694 6698//685
f 6700//687 6710//696 6709//695 6699//686
f 6701//688 6711//697 6710//696 6700//687
f 6702//689 6712//698 6711//697 6701//688
f 6703//690 6713//699 6712//698 6702//689
f 6704//484 6714//485 6713//699 6703//690
f 6705//691 6715//700 6452//2130 6451//447
f 6706//692 6716//701 6715//700 6705//691
f 6707//693 6717//702 6716//701 6706//692
f 6708//694 6718//703 6717//702 6707//693
f 6709//695 6719//704 6718//703 6708//694
f 6710//696 6720//705 6719//704 6709//695
f 6711//697 6721//706 6720//705 6710//696
f 6712//698 6722//707 6721//706 6711//697
f 6713//699 6723//708 6722//707 6712//698
f 6714//485 6489//486 6723//708 6713//699
f 6715//700 6724//709 6453//449 6452//2130
f 6716//701 6725//2231 6724//709 6715//700
f 6717//702 6726//711 6725//2231 6716//701
f 6718//703 6727//712 6726//711 6717//702
f 6719//704 6728//713 6727//712 6718//703
f 6720//705 6729//714 6728//713 6719//704
f 6721//706 6730//715 6729//714 6720//705
f 6722//707 6731//716 6730//715 6721//706
f 6723//708 6732//717 6731//716 6722//707
f 6489//486 6490//487 6732//717 6723//708
f 6724//709 6733//2228 6454//450 6453//449
f 6725//2231 6734//719 6733//2228 6724//709
f 6726//711 6735//720 6734//719 6725//2231
f 6727//712 6736//721 6735//720 6726//711
f 6728//713 6737//722 6736//721 6727//712
f 6729//714 6738//723 6737//722 6728//713
f 6730//715 6739//724 6738//723 6729//714
f 6731//716 6740//725 6739//724 6730//715
f 6732//717 6741//726 6740//725 6731//716
f 6490//487 6491//488 6741//726 6732//717
f 6733//2228 6742//727 6455//451 6454//450
f 6734//719 6743//728 6742//727 6733//2228
f 6735//720 6744//729 6743//728 6734//719
f 6736//721 6745//730 6744//729 6735//720
f 6737//722 6746//731 6745//730 6736//721
f 6738//723 6747//732 6746//731 6737//722
f 6739//724 6748//733 6747//732 6738//723
f 6740//725 6749//734 6748//733 6739//724
f 6741//726 6750//735 6749//734 6740//725
f 6491//488 6492//489 6750//735 6741//726
f 6742//727 6751//736 6456//2129 6455//451
f 6743//728 6752//737 6751//736 6742//727
f 6744//729 6753//738 6752//737 6743//728
f 6745//730 6754//739 6753//738 6744//729
f 6746//731 6755//740 6754//739 6745//730
f 6747//732 6756//741 6755//740 6746//731
f 6748//733 6757//742 6756//741 6747//732
f 6749//734 6758//743 6757//742 6748//733
f 6750//735 6759//744 6758//743 6749//734
f 6492//489 6493//490 6759//744 6750//735
f 6751//736 6760//745 6457//453 6456//2129
f 6752//737 6761//746 6760//745 6751//736
f 6753//738 6762//747 6761//746 6752//737
f 6754//739 6763//748 6762//747 6753//738
f 6755//740 6764//749 6763//748 6754//739
f 6756//741 6765//750 6764//749 6755//740
f 6757//742 6766//751 6765//750 6756//741
f 6758//743 6767//752 6766//751 6757//742
f 6759//744 6768//753 6767//752 6758//743
f 6493//490 6494//491 6768//753 6759//744
f 6760//745 6769//754 6458//2597 6457//453
f 6761//746 6770//755 6769//754 6760//745
f 6762//747 6771//756 6770//755 6761//746
f 6763//748 6772//757 6771//756 6762//747
f 6764//749 6773//758 6772//757 6763//748
f 6765//750 6774//759 6773//758 6764//749
f 6766//751 6775//760 6774//759 6765//750
f 6767//752 6776//761 6775//760 6766//751
f 6768//753 6777//762 6776//761 6767//752
f 6494//491 6495//492 6777//762 6768//753
f 6769//754 6778//763 6459//455 6458//2597
f 6770//755 6779//764 6778//763 6769//754
f 6771//756 6780//765 6779//764 6770//755
f 6772//757 6781//766 6780//765 6771//756
f 6773//758 6782//767 6781//766 6772//757
f 6774//759 6783//768 6782//767 6773//758
f 6775//760 6784//769 6783//768 6774//759
f 6776//761 6785//770 6784//769 6775//760
f 6777//762 6786//771 6785//770 6776//761
f 6495//492 6496//493 6786//771 6777//762
f 6778//763 6787//772 6460//456 6459//455
f 6779//764 6788//773 6787//772 6778//763
f 6780//765 6789//774 6788//773 6779//764
f 6781//766 6790//775 6789//774 6780//765
f 6782//767 6791//776 6790//775 6781//766
f 6783//768 6792//777 6791//776 6782//767
f 6784//769 6793//778 6792//777 6783//768
f 6785//770 6794//2606 6793//778 6784//769
f 6786//771 6795//780 6794//2606 6785//770
f 6496//493 6497//494 6795//780 6786//771
f 6787//772 6796//781 6461//457 6460//456
f 6788//773 6797//782 6796//781 6787//772
f 6789//774 6798//783 6797//782 6788//773
f 6790//775 6799//784 6798//783 6789//774
f 6791//776 6800//785 6799//784 6790//775
f 6792//777 6801//786 6800//785 6791//776
f 6793//778 6802//787 6801//786 6792//777
f 6794//2606 6803//788 6802//787 6793//778
f 6795//780 6804//789 6803//788 6794//2606
f 6497//494 6498//495 6804//789 6795//780
f 6796//781 6805//2607 6462//458 6461//457
f 6797//782 6806//791 6805//2607 6796//781
f 6798//783 6807//792 6806//791 6797//782
f 6799//784 6808//793 6807//792 6798//783
f 6800//785 6809//794 6808//793 6799//784
f 6801//786 6810//795 6809//794 6800//785
f 6802//787 6811//796 6810//795 6801//786
f 6803//788 6812//797 6811//796 6802//787
f 6804//789 6813//798 6812//797 6803//788
f 6498//495 6499//496 6813//798 6804//789
f 6805//2607 6814//799 6463//2127 6462//458
f 6806//791 6815//800 6814//799 6805//2607
f 6807//792 6816//801 6815//800 6806//791
f 6808//793 6817//802 6816//801 6807//792
f 6809//794 6818//803 6817//802 6808//793
f 6810//795 6819//804 6818//803 6809//794
f 6811//796 6820//805 6819//804 6810//795
f 6812//797 6821//806 6820//805 6811//796
f 6813//798 6822//807 6821//806 6812//797
f 6499//496 6500//497 6822//807 6813//798
f 6814//799 6823//808 6464//460 6463//2127
f 6815//800 6824//809 6823//808 6814//799
f 6816//801 6825//810 6824//809 6815//800
f 6817//802 6826//811 6825//810 6816//801
f 6818//803 6827//812 6826//811 6817//802
f 6819//804 6828//813 6827//812 6818//803
f 6820//805 6829//814 6828//813 6819//804
f 6821//806 6830//815 6829//814 6820//805
f 6822//807 6831//816 6830//815 6821//806
f 6500//497 6501//2141 6831//816 6822//807
f 6823//808 6832//817 6465//461 6464//460
f 6824//809 6833//818 6832//817 6823//808
f 6825//810 6834//819 6833//818 6824//809
f 6826//811 6835//820 6834//819 6825//810
f 6827//812 6836//821 6835//820 6826//811
f 6828//813 6837//822 6836//821 6827//812
f 6829//814 6838//823 6837//822 6828//813
f 6830//815 6839//824 6838//823 6829//814
f 6831//816 6840//825 6839//824 6830//815
f 6501//2141 6841//499 6840//825 6831//816
f 6832//817 6842//826 6466//462 6465//461
f 6833//818 6843//827 6842//826 6832//817
f 6834//819 6844//828 6843//827 6833//818
f 6835//820 6845//829 6844//828 6834//819
f 6836//821 6846//830 6845//829 6835//820
f 6837//822 6847//831 6846//830 6836//821
f 6838//823 6848//832 6847//831 6837//822
f 6839//824 6849//833 6848//832 6838//823
f 6840//825 6850//834 6849//833 6839//824
f 6841//499 6502//500 6850//834 6840//825
f 6842//826 6851//835 6467//463 6466//462
f 6843//827 6852//836 6851//835 6842//826
f 6844//828 6853//837 6852//836 6843//827
f 6845//829 6854//838 6853//837 6844//828
f 6846//830 6855//839 6854//838 6845//829
f 6847//831 6856//840 6855//839 6846//830
f 6848//832 6857//841 6856//840 6847//831
f 6849//833 6858//842 6857//841 6848//832
f 6850//834 6859//2608 6858//842 6849//833
f 6502//500 6503//2599 6859//2608 6850//834
f 6851//835 6860//844 6468//464 6467//463
f 6852//836 6861//845 6860//844 6851//835
f 6853//837 6862//846 6861//845 6852//836
f 6854//838 6863//847 6862//846 6853//837
f 6855//839 6864//848 6863//847 6854//838
f 6856//840 6865//2609 6864//848 6855//839
f 6857//841 6866//850 6865//2609 6856//840
f 6858//842 6867//851 6866//850 6857//841
f 6859//2608 6868//852 6867//851 6858//842
f 6503//2599 6504//502 6868//852 6859//2608
f 6870//853 6881//854 6880//855 6869//856
f 6871//857 6882//858 6881//854 6870//853
f 6872//859 6883//860 6882//858 6871//857
f 6873//861 6884//862 6883//860 6872//859
f 6874//863 6885//864 6884//862 6873//861
f 6875//865 6886//866 6885//864 6874//863
f 6876//867 6887//868 6886//866 6875//865
f 6877//869 6888//870 6887//868 6876//867
f 6878//871 6889//872 6888//870 6877//869
f 6879//873 6890//2610 6889//872 6878//871
f 6881//854 6892//875 6891//876 6880//855
f 6882//858 6893//877 6892//875 6881//854
f 6883//860 6894//878 6893//877 6882//858
f 6884//862 6895//879 6894//878 6883//860
f 6885//864 6896//880 6895//879 6884//862
f 6886//866 6897//881 6896//880 6885//864
f 6887//868 6898//882 6897//881 6886//866
f 6888//870 6899//883 6898//882 6887//868
f 6889//872 6900//884 6899//883 6888//870
f 6890//2610 6901//885 6900//884 6889//872
f 6892//875 6903//886 6902//887 6891//876
f 6893//877 6904//888 6903//886 6892//875
f 6894//878 6905//889 6904//888 6893//877
f 6895//879 6906//890 6905//889 6894//878
f 6896//880 6907//891 6906//890 6895//879
f 6897//881 6908//892 6907//891 6896//880
f 6898//882 6909//893 6908//892 6897//881
f 6899//883 6910//894 6909//893 6898//882
f 6900//884 6911//895 6910//894 6899//883
f 6901//885 6912//2611 6911//895 6900//884
f 6903//886 6914//897 6913//898 6902//887
f 6904//888 6915//899 6914//897 6903//886
f 6905//889 6916//900 6915//899 6904//888
f 6906//890 6917//901 6916//900 6905//889
f 6907//891 6918//863 6917//901 6906//890
f 6908//892 6919//902 6918//863 6907//891
f 6909//893 6920//903 6919//902 6908//892
f 6910//894 6921//904 6920//903 6909//893
f 6911//895 6922//905 6921//904 6910//894
f 6912//2611 6923//906 6922//905 6911//895
f 6924//907 6925//2612 6890//2610 6879//873
f 6925//2612 6926//909 6901//885 6890//2610
f 6926//909 6927//2613 6912//2611 6901//885
f 6927//2613 6928//911 6923//906 6912//2611
f 6869//856 6880//855 6930//912 6929//913
f 6880//855 6891//876 6931//914 6930//912
f 6891//876 6902//887 6932//915 6931//914
f 6902//887 6913//898 6933//916 6932//915
f 6934//2614 6943//918 6925//2612 6924//907
f 6935//919 6944//920 6943//918 6934//2614
f 6936//921 6945//922 6944//920 6935//919
f 6937//923 6946//924 6945//922 6936//921
f 6938//925 6947//926 6946//924 6937//923
f 6939//927 6948//928 6947//926 6938//925
f 6940//929 6949//930 6948//928 6939//927
f 6941//931 6950//932 6949//930 6940//929
f 6942//933 6951//934 6950//932 6941//931
f 6929//913 6930//912 6951//934 6942//933
f 6943//918 6952//2615 6926//909 6925//2612
f 6944//920 6953//2616 6952//2615 6943//918
f 6945//922 6954//937 6953//2616 6944//920
f 6946//924 6955//938 6954//937 6945//922
f 6947//926 6956//939 6955//938 6946//924
f 6948//928 6957//940 6956//939 6947//926
f 6949//930 6958//941 6957//940 6948//928
f 6950//932 6959//942 6958//941 6949//930
f 6951//934 6960//943 6959//942 6950//932
f 6930//912 6931//914 6960//943 6951//934
f 6952//2615 6961//944 6927//2613 6926//909
f 6953//2616 6962//945 6961//944 6952//2615
f 6954//937 6963//946 6962//945 6953//2616
f 6955//938 6964//947 6963//946 6954//937
f 6956//939 6965//948 6964//947 6955//938
f 6957//940 6966//949 6965//948 6956//939
f 6958//941 6967//950 6966//949 6957//940
f 6959//942 6968//951 6967//950 6958//941
f 6960//943 6969//952 6968//951 6959//942
f 6931//914 6932//915 6969//952 6960//943
f 6961//944 6970//2617 6928//911 6927//2613
f 6962//945 6971//954 6970//2617 6961//944
f 6963//946 6972//955 6971//954 6962//945
f 6964//947 6973//956 6972//955 6963//946
f 6965//948 6974//925 6973//956 6964//947
f 6966//949 6975//957 6974//925 6965//948
f 6967//950 6976//958 6975//957 6966//949
f 6968//951 6977//959 6976//958 6967//950
f 6969//952 6978//960 6977//959 6968//951
f 6932//915 6933//916 6978//960 6969//952
f 6980//1930 6981//1931 6982//1932 6983//1933 6984//1934 6985//1935 6986//1936 6987//1919 6988//1920 6989//1921 6990//1922 6991//1923 6992//1924 6993//1925 6994//1926 6995//1927 6996//1928 6979//1929
f 7005//1950 7023//1957 7024//1972 7006//1951
f 6990//1922 7008//1952 7009//1949 6991//1923
f 6983//1933 7001//1943 7002//1944 6984//1934
f 6991//1923 7009//1949 7010//1947 6992//1924
f 6984//1934 7002//1944 7003//1956 6985//1935
f 6992//1924 7010//1947 7011//1945 6993//1925
f 6985//1935 7003//1956 7004//1953 6986//1936
f 6993//1925 7011//1945 7012//1941 6994//1926
f 6986//1936 7004//1953 7005//1950 6987//1919
f 6979//1929 6997//1938 6998//1937 6980//1930
f 6994//1926 7012//1941 7013//1942 6995//1927
f 6987//1919 7005//1950 7006//1951 6988//1920
f 6980//1930 6998//1937 6999//1948 6981//1931
f 6995//1927 7013//1942 7014//1955 6996//1928
f 6988//1920 7006//1951 7007//1954 6989//1921
f 6981//1931 6999//1948 7000//1946 6982//1932
f 6996//1928 7014//1955 6997//1938 6979//1929
f 6989//1921 7007//1954 7008//1952 6990//1922
f 6982//1932 7000//1946 7001//1943 6983//1933
f 7016//1940 7015//1939 7032//1964 7031//1965 7030//1966 7029//1967 7028//1968 7027//1969 7026//1970 7025//1971 7024//1972 7023//1957 7022//1958 7021//1959 7020//1960 7019//1961 7018//1962 7017//1963
f 6998//1937 7016//1940 7017//1963 6999//1948
f 7013//1942 7031//1965 7032//1964 7014//1955
f 7006//1951 7024//1972 7025//1971 7007//1954
f 6999//1948 7017//1963 7018//1962 7000//1946
f 7014//1955 7032//1964 7015//1939 6997//1938
f 7007//1954 7025//1971 7026//1970 7008//1952
f 7000//1946 7018//1962 7019//1961 7001//1943
f 7008//1952 7026//1970 7027//1969 7009//1949
f 7001//1943 7019//1961 7020//1960 7002//1944
f 7009//1949 7027//1969 7028//1968 7010//1947
f 7002//1944 7020//1960 7021//1959 7003//1956
f 7010//1947 7028//1968 7029//1967 7011//1945
f 7003//1956 7021//1959 7022//1958 7004//1953
f 7011//1945 7029//1967 7030//1966 7012//1941
f 7004//1953 7022//1958 7023//1957 7005//1950
f 6997//1938 7015//1939 7016//1940 6998//1937
f 7012//1941 7030//1966 7031//1965 7013//1942
f 7038//2255 7049//2256 7048//2257 7037//2258
f 7039//2259 7050//2260 7049//2256 7038//2255
f 7040//2261 7051//2262 7050//2260 7039//2259
f 7041//2263 7052//2264 7051//2262 7040//2261
f 7042//2265 7053//2266 7052//2264 7041//2263
f 7043//2267 7054//2268 7053//2266 7042//2265
f 7044//2269 7055//2270 7054//2268 7043//2267
f 7045//2271 7056//2272 7055//2270 7044//2269
f 7046//2273 7057//2274 7056//2272 7045//2271
f 7047//2275 7058//2276 7057//2274 7046//2273
f 7049//2256 7060//1058 7059//1057 7048//2257
f 7050//2260 7061//1059 7060//1058 7049//2256
f 7051//2262 7062//1060 7061//1059 7050//2260
f 7052//2264 7063//1061 7062//1060 7051//2262
f 7053//2266 7064//1062 7063//1061 7052//2264
f 7054//2268 7065//1063 7064//1062 7053//2266
f 7055//2270 7066//1064 7065//1063 7054//2268
f 7056//2272 7067//1065 7066//1064 7055//2270
f 7057//2274 7068//1066 7067//1065 7056//2272
f 7058//2276 7069//1067 7068//1066 7057//2274
f 7060//1058 7071//1047 7070//1046 7059//1057
f 7061//1059 7072//1048 7071//1047 7060//1058
f 7062//1060 7073//1049 7072//1048 7061//1059
f 7063//1061 7074//1050 7073//1049 7062//1060
f 7064//1062 7075//1051 7074//1050 7063//1061
f 7065//1063 7076//1052 7075//1051 7064//1062
f 7066//1064 7077//1053 7076//1052 7065//1063
f 7067//1065 7078//1054 7077//1053 7066//1064
f 7068//1066 7079//1055 7078//1054 7067//1065
f 7069//1067 7080//1056 7079//1055 7068//1066
f 7071//1047 7082//1036 7081//2529 7070//1046
f 7072//1048 7083//1037 7082//1036 7071//1047
f 7073//1049 7084//1038 7083//1037 7072//1048
f 7074//1050 7085//1039 7084//1038 7073//1049
f 7075//1051 7086//1040 7085//1039 7074//1050
f 7076//1052 7087//1041 7086//1040 7075//1051
f 7077//1053 7088//1042 7087//1041 7076//1052
f 7078//1054 7089//2530 7088//1042 7077//1053
f 7079//1055 7090//1044 7089//2530 7078//1054
f 7080//1056 7091//1045 7090//1044 7079//1055
f 7082//1036 7093//1017 7092//1016 7081//2529
f 7083//1037 7094//1018 7093//1017 7082//1036
f 7084//1038 7095//1019 7094//1018 7083//1037
f 7085//1039 7096//1020 7095//1019 7084//1038
f 7086//1040 7097//1021 7096//1020 7085//1039
f 7087//1041 7098//1022 7097//1021 7086//1040
f 7088//1042 7099//1023 7098//1022 7087//1041
f 7089//2530 7100//1024 7099//1023 7088//1042
f 7090//1044 7101//1025 7100//1024 7089//2530
f 7091//1045 7102//1026 7101//1025 7090//1044
f 7093//1017 7104//1027 7103//2527 7092//1016
f 7094//1018 7105//1028 7104//1027 7093//1017
f 7095//1019 7106//1029 7105//1028 7094//1018
f 7096//1020 7107//2528 7106//1029 7095//1019
f 7097//1021 7108//1031 7107//2528 7096//1020
f 7098//1022 7109//1022 7108//1031 7097//1021
f 7099//1023 7110//1032 7109//1022 7098//1022
f 7100//1024 7111//1033 7110//1032 7099//1023
f 7101//1025 7112//1034 7111//1033 7100//1024
f 7102//1026 7113//1026 7112//1034 7101//1025
f 7104//1027 7115//1017 7114//1016 7103//2527
f 7105//1028 7116//1018 7115//1017 7104//1027
f 7106//1029 7117//1019 7116//1018 7105//1028
f 7107//2528 7118//1020 7117//1019 7106//1029
f 7108//1031 7119//1021 7118//1020 7107//2528
f 7109//1022 7120//1022 7119//1021 7108//1031
f 7110//1032 7121//1023 7120//1022 7109//1022
f 7111//1033 7122//1024 7121//1023 7110//1032
f 7112//1034 7123//1025 7122//1024 7111//1033
f 7113//1026 7124//1026 7123//1025 7112//1034
f 7115//1017 7126//1006 7125//2525 7114//1016
f 7116//1018 7127//1007 7126//1006 7115//1017
f 7117//1019 7128//1008 7127//1007 7116//1018
f 7118//1020 7129//1009 7128//1008 7117//1019
f 7119//1021 7130//1010 7129//1009 7118//1020
f 7120//1022 7131//1011 7130//1010 7119//1021
f 7121//1023 7132//1012 7131//1011 7120//1022
f 7122//1024 7133//2526 7132//1012 7121//1023
f 7123//1025 7134//1014 7133//2526 7122//1024
f 7124//1026 7135//1015 7134//1014 7123//1025
f 7126//1006 7137//995 7136//994 7125//2525
f 7127//1007 7138//996 7137//995 7126//1006
f 7128//1008 7139//997 7138//996 7127//1007
f 7129//1009 7140//998 7139//997 7128//1008
f 7130//1010 7141//999 7140//998 7129//1009
f 7131//1011 7142//1000 7141//999 7130//1010
f 7132//1012 7143//1001 7142//1000 7131//1011
f 7133//2526 7144//1002 7143//1001 7132//1012
f 7134//1014 7145//1003 7144//1002 7133//2526
f 7135//1015 7146//1004 7145//1003 7134//1014
f 7137//995 7148//2278 7147//983 7136//994
f 7138//996 7149//985 7148//2278 7137//995
f 7139//997 7150//986 7149//985 7138//996
f 7140//998 7151//987 7150//986 7139//997
f 7141//999 7152//988 7151//987 7140//998
f 7142//1000 7153//989 7152//988 7141//999
f 7143//1001 7154//990 7153//989 7142//1000
f 7144//1002 7155//991 7154//990 7143//1001
f 7145//1003 7156//992 7155//991 7144//1002
f 7146//1004 7157//993 7156//992 7145//1003
f 7148//2278 7159//2279 7158//2280 7147//983
f 7149//985 7160//2281 7159//2279 7148//2278
f 7150//986 7161//2282 7160//2281 7149//985
f 7151//987 7162//2283 7161//2282 7150//986
f 7152//988 7163//2284 7162//2283 7151//987
f 7153//989 7164//2285 7163//2284 7152//988
f 7154//990 7165//2286 7164//2285 7153//989
f 7155//991 7166//2287 7165//2286 7154//990
f 7156//992 7167//2288 7166//2287 7155//991
f 7157//993 7168//2289 7167//2288 7156//992
f 7159//2279 7170//2290 7169//2291 7158//2280
f 7160//2281 7171//2292 7170//2290 7159//2279
f 7161//2282 7172//2293 7171//2292 7160//2281
f 7162//2283 7173//2294 7172//2293 7161//2282
f 7163//2284 7174//2295 7173//2294 7162//2283
f 7164//2285 7175//2296 7174//2295 7163//2284
f 7165//2286 7176//2297 7175//2296 7164//2285
f 7166//2287 7177//2298 7176//2297 7165//2286
f 7167//2288 7178//2299 7177//2298 7166//2287
f 7168//2289 7179//2300 7178//2299 7167//2288
f 7170//2290 7181//2301 7180//2302 7169//2291
f 7171//2292 7182//2303 7181//2301 7170//2290
f 7172//2293 7183//2618 7182//2303 7171//2292
f 7173//2294 7184//2305 7183//2618 7172//2293
f 7174//2295 7185//2306 7184//2305 7173//2294
f 7175//2296 7186//2307 7185//2306 7174//2295
f 7176//2297 7187//2308 7186//2307 7175//2296
f 7177//2298 7188//2309 7187//2308 7176//2297
f 7178//2299 7189//2310 7188//2309 7177//2298
f 7179//2300 7190//2311 7189//2310 7178//2299
f 7181//2301 7192//1112 7191//1113 7180//2302
f 7182//2303 7193//1116 7192//1112 7181//2301
f 7183//2618 7194//1118 7193//1116 7182//2303
f 7184//2305 7195//1120 7194//1118 7183//2618
f 7185//2306 7196//1122 7195//1120 7184//2305
f 7186//2307 7197//1124 7196//1122 7185//2306
f 7187//2308 7198//1126 7197//1124 7186//2307
f 7188//2309 7199//1128 7198//1126 7187//2308
f 7189//2310 7200//1130 7199//1128 7188//2309
f 7190//2311 7201//1132 7200//1130 7189//2310
f 7203//1102 7214//2312 7213//2313 7202//1101
f 7204//1103 7215//2314 7214//2312 7203//1102
f 7205//1104 7216//2315 7215//2314 7204//1103
f 7206//1105 7217//2316 7216//2315 7205//1104
f 7207//1106 7218//2317 7217//2316 7206//1105
f 7208//1107 7219//2318 7218//2317 7207//1106
f 7209//1108 7220//2319 7219//2318 7208//1107
f 7210//1109 7221//2320 7220//2319 7209//1108
f 7211//2321 7222//2322 7221//2320 7210//1109
f 7212//1111 7223//2323 7222//2322 7211//2321
f 7214//2312 7225//2324 7224//2325 7213//2313
f 7215//2314 7226//2326 7225//2324 7214//2312
f 7216//2315 7227//2327 7226//2326 7215//2314
f 7217//2316 7228//2328 7227//2327 7216//2315
f 7218//2317 7229//2619 7228//2328 7217//2316
f 7219//2318 7230//2330 7229//2619 7218//2317
f 7220//2319 7231//2331 7230//2330 7219//2318
f 7221//2320 7232//2332 7231//2331 7220//2319
f 7222//2322 7233//2333 7232//2332 7221//2320
f 7223//2323 7234//2334 7233//2333 7222//2322
f 7225//2324 7236//2335 7235//2336 7224//2325
f 7226//2326 7237//2337 7236//2335 7225//2324
f 7227//2327 7238//2338 7237//2337 7226//2326
f 7228//2328 7239//2339 7238//2338 7227//2327
f 7229//2619 7240//2340 7239//2339 7228//2328
f 7230//2330 7241//2341 7240//2340 7229//2619
f 7231//2331 7242//2342 7241//2341 7230//2330
f 7232//2332 7243//2343 7242//2342 7231//2331
f 7233//2333 7244//2344 7243//2343 7232//2332
f 7234//2334 7245//2345 7244//2344 7233//2333
f 7236//2335 7247//1355 7246//2346 7235//2336
f 7237//2337 7248//1356 7247//1355 7236//2335
f 7238//2338 7249//2620 7248//1356 7237//2337
f 7239//2339 7250//1358 7249//2620 7238//2338
f 7240//2340 7251//1359 7250//1358 7239//2339
f 7241//2341 7252//1360 7251//1359 7240//2340
f 7242//2342 7253//1361 7252//1360 7241//2341
f 7243//2343 7254//2546 7253//1361 7242//2342
f 7244//2344 7255//1363 7254//2546 7243//2343
f 7245//2345 7256//1364 7255//1363 7244//2344
f 7247//1355 7258//2621 7257//1343 7246//2346
f 7248//1356 7259//1345 7258//2621 7247//1355
f 7249//2620 7260//2622 7259//1345 7248//1356
f 7250//1358 7261//1347 7260//2622 7249//2620
f 7251//1359 7262//1348 7261//1347 7250//1358
f 7252//1360 7263//1349 7262//1348 7251//1359
f 7253//1361 7264//1350 7263//1349 7252//1360
f 7254//2546 7265//1351 7264//1350 7253//1361
f 7255//1363 7266//2347 7265//1351 7254//2546
f 7256//1364 7267//2348 7266//2347 7255//1363
f 7258//2621 7269//1333 7268//1332 7257//1343
f 7259//1345 7270//1334 7269//1333 7258//2621
f 7260//2622 7271//1335 7270//1334 7259//1345
f 7261//1347 7272//1336 7271//1335 7260//2622
f 7262//1348 7273//1337 7272//1336 7261//1347
f 7263//1349 7274//1338 7273//1337 7262//1348
f 7264//1350 7275//1339 7274//1338 7263//1349
f 7265//1351 7276//1340 7275//1339 7264//1350
f 7266//2347 7277//1341 7276//1340 7265//1351
f 7267//2348 7278//1342 7277//1341 7266//2347
f 7269//1333 7280//1322 7279//2623 7268//1332
f 7270//1334 7281//1323 7280//1322 7269//1333
f 7271//1335 7282//1324 7281//1323 7270//1334
f 7272//1336 7283//1325 7282//1324 7271//1335
f 7273//1337 7284//1326 7283//1325 7272//1336
f 7274//1338 7285//1327 7284//1326 7273//1337
f 7275//1339 7286//1328 7285//1327 7274//1338
f 7276//1340 7287//2624 7286//1328 7275//1339
f 7277//1341 7288//1330 7287//2624 7276//1340
f 7278//1342 7289//1331 7288//1330 7277//1341
f 7280//1322 7291//1311 7290//2349 7279//2623
f 7281//1323 7292//1312 7291//1311 7280//1322
f 7282//1324 7293//1313 7292//1312 7281//1323
f 7283//1325 7294//2350 7293//1313 7282//1324
f 7284//1326 7295//1315 7294//2350 7283//1325
f 7285//1327 7296//1316 7295//1315 7284//1326
f 7286//1328 7297//1317 7296//1316 7285//1327
f 7287//2624 7298//1318 7297//1317 7286//1328
f 7288//1330 7299//1319 7298//1318 7287//2624
f 7289//1331 7300//1320 7299//1319 7288//1330
f 7291//1311 7302//1300 7301//1299 7290//2349
f 7292//1312 7303//1301 7302//1300 7291//1311
f 7293//1313 7304//1302 7303//1301 7292//1312
f 7294//2350 7305//1303 7304//1302 7293//1313
f 7295//1315 7306//1304 7305//1303 7294//2350
f 7296//1316 7307//2353 7306//1304 7295//1315
f 7297//1317 7308//1306 7307//2353 7296//1316
f 7298//1318 7309//1307 7308//1306 7297//1317
f 7299//1319 7310//1308 7309//1307 7298//1318
f 7300//1320 7311//1309 7310//1308 7299//1319
f 7302//1300 7313//1289 7312//2354 7301//1299
f 7303//1301 7314//2355 7313//1289 7302//1300
f 7304//1302 7315//1291 7314//2355 7303//1301
f 7305//1303 7316//1292 7315//1291 7304//1302
f 7306//1304 7317//1293 7316//1292 7305//1303
f 7307//2353 7318//1294 7317//1293 7306//1304
f 7308//1306 7319//1295 7318//1294 7307//2353
f 7309//1307 7320//1296 7319//1295 7308//1306
f 7310//1308 7321//1297 7320//1296 7309//1307
f 7311//1309 7322//1298 7321//1297 7310//1308
f 7313//1289 7324//1278 7323//2357 7312//2354
f 7314//2355 7325//1279 7324//1278 7313//1289
f 7315//1291 7326//1280 7325//1279 7314//2355
f 7316//1292 7327//1281 7326//1280 7315//1291
f 7317//1293 7328//1282 7327//1281 7316//1292
f 7318//1294 7329//2625 7328//1282 7317//1293
f 7319//1295 7330//1284 7329//2625 7318//1294
f 7320//1296 7331//1285 7330//1284 7319//1295
f 7321//1297 7332//2626 7331//1285 7320//1296
f 7322//1298 7333//1287 7332//2626 7321//1297
f 7324//1278 7335//1267 7334//1266 7323//2357
f 7325//1279 7336//1268 7335//1267 7324//1278
f 7326//1280 7337//1269 7336//1268 7325//1279
f 7327//1281 7338//1270 7337//1269 7326//1280
f 7328//1282 7339//1271 7338//1270 7327//1281
f 7329//2625 7340//1272 7339//1271 7328//1282
f 7330//1284 7341//1273 7340//1272 7329//2625
f 7331//1285 7342//1274 7341//1273 7330//1284
f 7332//2626 7343//1275 7342//1274 7331//1285
f 7333//1287 7344//1276 7343//1275 7332//2626
f 7335//1267 7346//1256 7345//1255 7334//1266
f 7336//1268 7347//1257 7346//1256 7335//1267
f 7337//1269 7348//1258 7347//1257 7336//1268
f 7338//1270 7349//1259 7348//1258 7337//1269
f 7339//1271 7350//1260 7349//1259 7338//1270
f 7340//1272 7351//1261 7350//1260 7339//1271
f 7341//1273 7352//1262 7351//1261 7340//1272
f 7342//1274 7353//2542 7352//1262 7341//1273
f 7343//1275 7354//1264 7353//2542 7342//1274
f 7344//1276 7355//1265 7354//1264 7343//1275
f 7346//1256 7357//1245 7356//1244 7345//1255
f 7347//1257 7358//1246 7357//1245 7346//1256
f 7348//1258 7359//1247 7358//1246 7347//1257
f 7349//1259 7360//1248 7359//1247 7348//1258
f 7350//1260 7361//1249 7360//1248 7349//1259
f 7351//1261 7362//1250 7361//1249 7350//1260
f 7352//1262 7363//1251 7362//1250 7351//1261
f 7353//2542 7364//1252 7363//1251 7352//1262
f 7354//1264 7365//1253 7364//1252 7353//2542
f 7355//1265 7366//1254 7365//1253 7354//1264
f 7357//1245 7368//1234 7367//2539 7356//1244
f 7358//1246 7369//1235 7368//1234 7357//1245
f 7359//1247 7370//1236 7369//1235 7358//1246
f 7360//1248 7371//1237 7370//1236 7359//1247
f 7361//1249 7372//1238 7371//1237 7360//1248
f 7362//1250 7373//2627 7372//1238 7361//1249
f 7363//1251 7374//1240 7373//2627 7362//1250
f 7364//1252 7375//1241 7374//1240 7363//1251
f 7365//1253 7376//2358 7375//1241 7364//1252
f 7366//1254 7377//1243 7376//2358 7365//1253
f 7368//1234 7379//1223 7378//2359 7367//2539
f 7369//1235 7380//2628 7379//1223 7368//1234
f 7370//1236 7381//1225 7380//2628 7369//1235
f 7371//1237 7382//1226 7381//1225 7370//1236
f 7372//1238 7383//1227 7382//1226 7371//1237
f 7373//2627 7384//1228 7383//1227 7372//1238
f 7374//1240 7385//1229 7384//1228 7373//2627
f 7375//1241 7386//1230 7385//1229 7374//1240
f 7376//2358 7387//1231 7386//1230 7375//1241
f 7377//1243 7388//1232 7387//1231 7376//2358
f 7379//1223 7390//1212 7389//2360 7378//2359
f 7380//2628 7391//1213 7390//1212 7379//1223
f 7381//1225 7392//1214 7391//1213 7380//2628
f 7382//1226 7393//1215 7392//1214 7381//1225
f 7383//1227 7394//1216 7393//1215 7382//1226
f 7384//1228 7395//1217 7394//1216 7383//1227
f 7385//1229 7396//1218 7395//1217 7384//1228
f 7386//1230 7397//1219 7396//1218 7385//1229
f 7387//1231 7398//1220 7397//1219 7386//1230
f 7388//1232 7399//1221 7398//1220 7387//1231
f 7390//1212 7401//1201 7400//1200 7389//2360
f 7391//1213 7402//1202 7401//1201 7390//1212
f 7392//1214 7403//2538 7402//1202 7391//1213
f 7393//1215 7404//2362 7403//2538 7392//1214
f 7394//1216 7405//1205 7404//2362 7393//1215
f 7395//1217 7406//1206 7405//1205 7394//1216
f 7396//1218 7407//1207 7406//1206 7395//1217
f 7397//1219 7408//2363 7407//1207 7396//1218
f 7398//1220 7409//2629 7408//2363 7397//1219
f 7399//1221 7410//1210 7409//2629 7398//1220
f 7401//1201 7412//1190 7411//1189 7400//1200
f 7402//1202 7413//1191 7412//1190 7401//1201
f 7403//2538 7414//1192 7413//1191 7402//1202
f 7404//2362 7415//1193 7414//1192 7403//2538
f 7405//1205 7416//1194 7415//1193 7404//2362
f 7406//1206 7417//1195 7416//1194 7405//1205
f 7407//1207 7418//1196 7417//1195 7406//1206
f 7408//2363 7419//1197 7418//1196 7407//1207
f 7409//2629 7420//1198 7419//1197 7408//2363
f 7410//1210 7421//2364 7420//1198 7409//2629
f 7412//1190 7423//1179 7422//1178 7411//1189
f 7413//1191 7424//1180 7423//1179 7412//1190
f 7414//1192 7425//1181 7424//1180 7413//1191
f 7415//1193 7426//1182 7425//1181 7414//1192
f 7416//1194 7427//1183 7426//1182 7415//1193
f 7417//1195 7428//1184 7427//1183 7416//1194
f 7418//1196 7429//1185 7428//1184 7417//1195
f 7419//1197 7430//1186 7429//1185 7418//1196
f 7420//1198 7431//1187 7430//1186 7419//1197
f 7421//2364 7432//1188 7431//1187 7420//1198
f 7423//1179 7434//1168 7433//1167 7422//1178
f 7424//1180 7435//1169 7434//1168 7423//1179
f 7425//1181 7436//1170 7435//1169 7424//1180
f 7426//1182 7437//1171 7436//1170 7425//1181
f 7427//1183 7438//1172 7437//1171 7426//1182
f 7428//1184 7439//1173 7438//1172 7427//1183
f 7429//1185 7440//1174 7439//1173 7428//1184
f 7430//1186 7441//1175 7440//1174 7429//1185
f 7431//1187 7442//1176 7441//1175 7430//1186
f 7432//1188 7443//1177 7442//1176 7431//1187
f 7434//1168 7445//1157 7444//2630 7433//1167
f 7435//1169 7446//1158 7445//1157 7434//1168
f 7436//1170 7447//1159 7446//1158 7435//1169
f 7437//1171 7448//1160 7447//1159 7436//1170
f 7438//1172 7449//1161 7448//1160 7437//1171
f 7439//1173 7450//2535 7449//1161 7438//1172
f 7440//1174 7451//1163 7450//2535 7439//1173
f 7441//1175 7452//2368 7451//1163 7440//1174
f 7442//1176 7453//1165 7452//2368 7441//1175
f 7443//1177 7454//1166 7453//1165 7442//1176
f 7445//1157 7456//2631 7455//2370 7444//2630
f 7446//1158 7457//2371 7456//2631 7445//1157
f 7447//1159 7458//2372 7457//2371 7446//1158
f 7448//1160 7459//2373 7458//2372 7447//1159
f 7449//1161 7460//2374 7459//2373 7448//1160
f 7450//2535 7461//2375 7460//2374 7449//1161
f 7451//1163 7462//2376 7461//2375 7450//2535
f 7452//2368 7463//2377 7462//2376 7451//1163
f 7453//1165 7464//2632 7463//2377 7452//2368
f 7454//1166 7465//2379 7464//2632 7453//1165
f 7456//2631 7467//2380 7466//2381 7455//2370
f 7457//2371 7468//2382 7467//2380 7456//2631
f 7458//2372 7469//2383 7468//2382 7457//2371
f 7459//2373 7470//2384 7469//2383 7458//2372
f 7460//2374 7471//2385 7470//2384 7459//2373
f 7461//2375 7472//2633 7471//2385 7460//2374
f 7462//2376 7473//2634 7472//2633 7461//2375
f 7463//2377 7474//2388 7473//2634 7462//2376
f 7464//2632 7475//2389 7474//2388 7463//2377
f 7465//2379 7476//2390 7475//2389 7464//2632
f 7477//2391 7478//2392 7058//2276 7047//2275
f 7478//2392 7479//1395 7069//1067 7058//2276
f 7479//1395 7480//2635 7080//1056 7069//1067
f 7480//2635 7481//1393 7091//1045 7080//1056
f 7481//1393 7482//1392 7102//1026 7091//1045
f 7482//1392 7483//1392 7113//1026 7102//1026
f 7483//1392 7484//1392 7124//1026 7113//1026
f 7484//1392 7485//1391 7135//1015 7124//1026
f 7485//1391 7486//2393 7146//1004 7135//1015
f 7486//2393 7487//1389 7157//993 7146//1004
f 7487//1389 7488//2394 7168//2289 7157//993
f 7488//2394 7489//2395 7179//2300 7168//2289
f 7489//2395 7490//2396 7190//2311 7179//2300
f 7490//2396 7491//1400 7201//1132 7190//2311
f 7492//2398 7493//2399 7223//2323 7212//1111
f 7493//2399 7494//2400 7234//2334 7223//2323
f 7494//2400 7495//2401 7245//2345 7234//2334
f 7495//2401 7496//1422 7256//1364 7245//2345
f 7496//1422 7497//1421 7267//2348 7256//1364
f 7497//1421 7498//1420 7278//1342 7267//2348
f 7498//1420 7499//1419 7289//1331 7278//1342
f 7499//1419 7500//2549 7300//1320 7289//1331
f 7500//2549 7501//1417 7311//1309 7300//1320
f 7501//1417 7502//1416 7322//1298 7311//1309
f 7502//1416 7503//1415 7333//1287 7322//1298
f 7503//1415 7504//1414 7344//1276 7333//1287
f 7504//1414 7505//1413 7355//1265 7344//1276
f 7505//1413 7506//1412 7366//1254 7355//1265
f 7506//1412 7507//1411 7377//1243 7366//1254
f 7507//1411 7508//1410 7388//1232 7377//1243
f 7508//1410 7509//1409 7399//1221 7388//1232
f 7509//1409 7510//1408 7410//1210 7399//1221
f 7510//1408 7511//1407 7421//2364 7410//1210
f 7511//1407 7512//1406 7432//1188 7421//2364
f 7512//1406 7513//1405 7443//1177 7432//1188
f 7513//1405 7514//1404 7454//1166 7443//1177
f 7514//1404 7515//2404 7465//2379 7454//1166
f 7515//2404 7516//2405 7476//2390 7465//2379
f 7037//2258 7048//2257 7518//2406 7517//2407
f 7048//2257 7059//1057 7519//1433 7518//2406
f 7059//1057 7070//1046 7520//1432 7519//1433
f 7070//1046 7081//2529 7521//1431 7520//1432
f 7081//2529 7092//1016 7522//1430 7521//1431
f 7092//1016 7103//2527 7523//2551 7522//1430
f 7103//2527 7114//1016 7524//1430 7523//2551
f 7114//1016 7125//2525 7525//1429 7524//1430
f 7125//2525 7136//994 7526//1428 7525//1429
f 7136//994 7147//983 7527//1427 7526//1428
f 7147//983 7158//2280 7528//2408 7527//1427
f 7158//2280 7169//2291 7529//2409 7528//2408
f 7169//2291 7180//2302 7530//2410 7529//2409
f 7180//2302 7191//1113 7531//2411 7530//2410
f 7202//1101 7213//2313 7533//2412 7532//2413
f 7213//2313 7224//2325 7534//2636 7533//2412
f 7224//2325 7235//2336 7535//2415 7534//2636
f 7235//2336 7246//2346 7536//1460 7535//2415
f 7246//2346 7257//1343 7537//1459 7536//1460
f 7257//1343 7268//1332 7538//2637 7537//1459
f 7268//1332 7279//2623 7539//1457 7538//2637
f 7279//2623 7290//2349 7540//2416 7539//1457
f 7290//2349 7301//1299 7541//1455 7540//2416
f 7301//1299 7312//2354 7542//1454 7541//1455
f 7312//2354 7323//2357 7543//1453 7542//1454
f 7323//2357 7334//1266 7544//1452 7543//1453
f 7334//1266 7345//1255 7545//1451 7544//1452
f 7345//1255 7356//1244 7546//1450 7545//1451
f 7356//1244 7367//2539 7547//1449 7546//1450
f 7367//2539 7378//2359 7548//1448 7547//1449
f 7378//2359 7389//2360 7549//1447 7548//1448
f 7389//2360 7400//1200 7550//2638 7549//1447
f 7400//1200 7411//1189 7551//1445 7550//2638
f 7411//1189 7422//1178 7552//1444 7551//1445
f 7422//1178 7433//1167 7553//1443 7552//1444
f 7433//1167 7444//2630 7554//1442 7553//1443
f 7444//2630 7455//2370 7555//2418 7554//1442
f 7455//2370 7466//2381 7556//2419 7555//2418
f 7557//2420 7566//2421 7478//2392 7477//2391
f 7558//2422 7567//2423 7566//2421 7557//2420
f 7559//2424 7568//2425 7567//2423 7558//2422
f 7560//2426 7569//2427 7568//2425 7559//2424
f 7561//2428 7570//2429 7569//2427 7560//2426
f 7562//2430 7571//2431 7570//2429 7561//2428
f 7563//2432 7572//2433 7571//2431 7562//2430
f 7564//2434 7573//2435 7572//2433 7563//2432
f 7565//2436 7574//2437 7573//2435 7564//2434
f 7517//2407 7518//2406 7574//2437 7565//2436
f 7566//2421 7575//1543 7479//1395 7478//2392
f 7567//2423 7576//1544 7575//1543 7566//2421
f 7568//2425 7577//1545 7576//1544 7567//2423
f 7569//2427 7578//1546 7577//1545 7568//2425
f 7570//2429 7579//1547 7578//1546 7569//2427
f 7571//2431 7580//1548 7579//1547 7570//2429
f 7572//2433 7581//1549 7580//1548 7571//2431
f 7573//2435 7582//1550 7581//1549 7572//2433
f 7574//2437 7583//1551 7582//1550 7573//2435
f 7518//2406 7519//1433 7583//1551 7574//2437
f 7575//1543 7584//1534 7480//2635 7479//1395
f 7576//1544 7585//1535 7584//1534 7575//1543
f 7577//1545 7586//1536 7585//1535 7576//1544
f 7578//1546 7587//1537 7586//1536 7577//1545
f 7579//1547 7588//1538 7587//1537 7578//1546
f 7580//1548 7589//1539 7588//1538 7579//1547
f 7581//1549 7590//1540 7589//1539 7580//1548
f 7582//1550 7591//1541 7590//1540 7581//1549
f 7583//1551 7592//1542 7591//1541 7582//1550
f 7519//1433 7520//1432 7592//1542 7583//1551
f 7584//1534 7593//1525 7481//1393 7480//2635
f 7585//1535 7594//1526 7593//1525 7584//1534
f 7586//1536 7595//2555 7594//1526 7585//1535
f 7587//1537 7596//1528 7595//2555 7586//1536
f 7588//1538 7597//1529 7596//1528 7587//1537
f 7589//1539 7598//1530 7597//1529 7588//1538
f 7590//1540 7599//1531 7598//1530 7589//1539
f 7591//1541 7600//1532 7599//1531 7590//1540
f 7592//1542 7601//1533 7600//1532 7591//1541
f 7520//1432 7521//1431 7601//1533 7592//1542
f 7593//1525 7602//1508 7482//1392 7481//1393
f 7594//1526 7603//1509 7602//1508 7593//1525
f 7595//2555 7604//1510 7603//1509 7594//1526
f 7596//1528 7605//1511 7604//1510 7595//2555
f 7597//1529 7606//1512 7605//1511 7596//1528
f 7598//1530 7607//1513 7606//1512 7597//1529
f 7599//1531 7608//1514 7607//1513 7598//1530
f 7600//1532 7609//1515 7608//1514 7599//1531
f 7601//1533 7610//1516 7609//1515 7600//1532
f 7521//1431 7522//1430 7610//1516 7601//1533
f 7602//1508 7611//1517 7483//1392 7482//1392
f 7603//1509 7612//1518 7611//1517 7602//1508
f 7604//1510 7613//1519 7612//1518 7603//1509
f 7605//1511 7614//1520 7613//1519 7604//1510
f 7606//1512 7615//1521 7614//1520 7605//1511
f 7607//1513 7616//1513 7615//1521 7606//1512
f 7608//1514 7617//1522 7616//1513 7607//1513
f 7609//1515 7618//1523 7617//1522 7608//1514
f 7610//1516 7619//1524 7618//1523 7609//1515
f 7522//1430 7523//2551 7619//1524 7610//1516
f 7611//1517 7620//1508 7484//1392 7483//1392
f 7612//1518 7621//1509 7620//1508 7611//1517
f 7613//1519 7622//1510 7621//1509 7612//1518
f 7614//1520 7623//1511 7622//1510 7613//1519
f 7615//1521 7624//1512 7623//1511 7614//1520
f 7616//1513 7625//1513 7624//1512 7615//1521
f 7617//1522 7626//1514 7625//1513 7616//1513
f 7618//1523 7627//1515 7626//1514 7617//1522
f 7619//1524 7628//1516 7627//1515 7618//1523
f 7523//2551 7524//1430 7628//1516 7619//1524
f 7620//1508 7629//1499 7485//1391 7484//1392
f 7621//1509 7630//1500 7629//1499 7620//1508
f 7622//1510 7631//2554 7630//1500 7621//1509
f 7623//1511 7632//1502 7631//2554 7622//1510
f 7624//1512 7633//1503 7632//1502 7623//1511
f 7625//1513 7634//1504 7633//1503 7624//1512
f 7626//1514 7635//1505 7634//1504 7625//1513
f 7627//1515 7636//1506 7635//1505 7626//1514
f 7628//1516 7637//1507 7636//1506 7627//1515
f 7524//1430 7525//1429 7637//1507 7628//1516
f 7629//1499 7638//1490 7486//2393 7485//1391
f 7630//1500 7639//1491 7638//1490 7629//1499
f 7631//2554 7640//1492 7639//1491 7630//1500
f 7632//1502 7641//1493 7640//1492 7631//2554
f 7633//1503 7642//1494 7641//1493 7632//1502
f 7634//1504 7643//1495 7642//1494 7633//1503
f 7635//1505 7644//1496 7643//1495 7634//1504
f 7636//1506 7645//1497 7644//1496 7635//1505
f 7637//1507 7646//1498 7645//1497 7636//1506
f 7525//1429 7526//1428 7646//1498 7637//1507
f 7638//1490 7647//1481 7487//1389 7486//2393
f 7639//1491 7648//1482 7647//1481 7638//1490
f 7640//1492 7649//1483 7648//1482 7639//1491
f 7641//1493 7650//1484 7649//1483 7640//1492
f 7642//1494 7651//1485 7650//1484 7641//1493
f 7643//1495 7652//1486 7651//1485 7642//1494
f 7644//1496 7653//2639 7652//1486 7643//1495
f 7645//1497 7654//1488 7653//2639 7644//1496
f 7646//1498 7655//2439 7654//1488 7645//1497
f 7526//1428 7527//1427 7655//2439 7646//1498
f 7647//1481 7656//2440 7488//2394 7487//1389
f 7648//1482 7657//2441 7656//2440 7647//1481
f 7649//1483 7658//2442 7657//2441 7648//1482
f 7650//1484 7659//2443 7658//2442 7649//1483
f 7651//1485 7660//2444 7659//2443 7650//1484
f 7652//1486 7661//2445 7660//2444 7651//1485
f 7653//2639 7662//2446 7661//2445 7652//1486
f 7654//1488 7663//2447 7662//2446 7653//2639
f 7655//2439 7664//2448 7663//2447 7654//1488
f 7527//1427 7528//2408 7664//2448 7655//2439
f 7656//2440 7665//2449 7489//2395 7488//2394
f 7657//2441 7666//2450 7665//2449 7656//2440
f 7658//2442 7667//2451 7666//2450 7657//2441
f 7659//2443 7668//2452 7667//2451 7658//2442
f 7660//2444 7669//2453 7668//2452 7659//2443
f 7661//2445 7670//2454 7669//2453 7660//2444
f 7662//2446 7671//2455 7670//2454 7661//2445
f 7663//2447 7672//2456 7671//2455 7662//2446
f 7664//2448 7673//2457 7672//2456 7663//2447
f 7528//2408 7529//2409 7673//2457 7664//2448
f 7665//2449 7674//2640 7490//2396 7489//2395
f 7666//2450 7675//2459 7674//2640 7665//2449
f 7667//2451 7676//2460 7675//2459 7666//2450
f 7668//2452 7677//2461 7676//2460 7667//2451
f 7669//2453 7678//2462 7677//2461 7668//2452
f 7670//2454 7679//2463 7678//2462 7669//2453
f 7671//2455 7680//2464 7679//2463 7670//2454
f 7672//2456 7681//2465 7680//2464 7671//2455
f 7673//2457 7682//2466 7681//2465 7672//2456
f 7529//2409 7530//2410 7682//2466 7673//2457
f 7674//2640 7683//1588 7491//1400 7490//2396
f 7675//2459 7684//1590 7683//1588 7674//2640
f 7676//2460 7685//1592 7684//1590 7675//2459
f 7677//2461 7686//1594 7685//1592 7676//2460
f 7678//2462 7687//1596 7686//1594 7677//2461
f 7679//2463 7688//1598 7687//1596 7678//2462
f 7680//2464 7689//1600 7688//1598 7679//2463
f 7681//2465 7690//1602 7689//1600 7680//2464
f 7682//2466 7691//1604 7690//1602 7681//2465
f 7530//2410 7531//2411 7691//1604 7682//2466
f 7692//1579 7701//2468 7493//2399 7492//2398
f 7693//1580 7702//2469 7701//2468 7692//1579
f 7694//1581 7703//2641 7702//2469 7693//1580
f 7695//1582 7704//2471 7703//2641 7694//1581
f 7696//1583 7705//2472 7704//2471 7695//1582
f 7697//1584 7706//2473 7705//2472 7696//1583
f 7698//1585 7707//2474 7706//2473 7697//1584
f 7699//2475 7708//2476 7707//2474 7698//1585
f 7700//1587 7709//2477 7708//2476 7699//2475
f 7532//2413 7533//2412 7709//2477 7700//1587
f 7701//2468 7710//2478 7494//2400 7493//2399
f 7702//2469 7711//2479 7710//2478 7701//2468
f 7703//2641 7712//2480 7711//2479 7702//2469
f 7704//2471 7713//2481 7712//2480 7703//2641
f 7705//2472 7714//2642 7713//2481 7704//2471
f 7706//2473 7715//2483 7714//2642 7705//2472
f 7707//2474 7716//2484 7715//2483 7706//2473
f 7708//2476 7717//2485 7716//2484 7707//2474
f 7709//2477 7718//2486 7717//2485 7708//2476
f 7533//2412 7534//2636 7718//2486 7709//2477
f 7710//2478 7719//2487 7495//2401 7494//2400
f 7711//2479 7720//2488 7719//2487 7710//2478
f 7712//2480 7721//2489 7720//2488 7711//2479
f 7713//2481 7722//2490 7721//2489 7712//2480
f 7714//2642 7723//2491 7722//2490 7713//2481
f 7715//2483 7724//2643 7723//2491 7714//2642
f 7716//2484 7725//2493 7724//2643 7715//2483
f 7717//2485 7726//2494 7725//2493 7716//2484
f 7718//2486 7727//2495 7726//2494 7717//2485
f 7534//2636 7535//2415 7727//2495 7718//2486
f 7719//2487 7728//1786 7496//1422 7495//2401
f 7720//2488 7729//1787 7728//1786 7719//2487
f 7721//2489 7730//1788 7729//1787 7720//2488
f 7722//2490 7731//1789 7730//1788 7721//2489
f 7723//2491 7732//1790 7731//1789 7722//2490
f 7724//2643 7733//1791 7732//1790 7723//2491
f 7725//2493 7734//1792 7733//1791 7724//2643
f 7726//2494 7735//1793 7734//1792 7725//2493
f 7727//2495 7736//1794 7735//1793 7726//2494
f 7535//2415 7536//1460 7736//1794 7727//2495
f 7728//1786 7737//1777 7497//1421 7496//1422
f 7729//1787 7738//1778 7737//1777 7728//1786
f 7730//1788 7739//1779 7738//1778 7729//1787
f 7731//1789 7740//1780 7739//1779 7730//1788
f 7732//1790 7741//1781 7740//1780 7731//1789
f 7733//1791 7742//1782 7741//1781 7732//1790
f 7734//1792 7743//1783 7742//1782 7733//1791
f 7735//1793 7744//1784 7743//1783 7734//1792
f 7736//1794 7745//1785 7744//1784 7735//1793
f 7536//1460 7537//1459 7745//1785 7736//1794
f 7737//1777 7746//1768 7498//1420 7497//1421
f 7738//1778 7747//2496 7746//1768 7737//1777
f 7739//1779 7748//1770 7747//2496 7738//1778
f 7740//1780 7749//1771 7748//1770 7739//1779
f 7741//1781 7750//1772 7749//1771 7740//1780
f 7742//1782 7751//1773 7750//1772 7741//1781
f 7743//1783 7752//1774 7751//1773 7742//1782
f 7744//1784 7753//1775 7752//1774 7743//1783
f 7745//1785 7754//1776 7753//1775 7744//1784
f 7537//1459 7538//2637 7754//1776 7745//1785
f 7746//1768 7755//1759 7499//1419 7498//1420
f 7747//2496 7756//1760 7755//1759 7746//1768
f 7748//1770 7757//1761 7756//1760 7747//2496
f 7749//1771 7758//1762 7757//1761 7748//1770
f 7750//1772 7759//1763 7758//1762 7749//1771
f 7751//1773 7760//1764 7759//1763 7750//1772
f 7752//1774 7761//1765 7760//1764 7751//1773
f 7753//1775 7762//1766 7761//1765 7752//1774
f 7754//1776 7763//1767 7762//1766 7753//1775
f 7538//2637 7539//1457 7763//1767 7754//1776
f 7755//1759 7764//1750 7500//2549 7499//1419
f 7756//1760 7765//1751 7764//1750 7755//1759
f 7757//1761 7766//1752 7765//1751 7756//1760
f 7758//1762 7767//1753 7766//1752 7757//1761
f 7759//1763 7768//1754 7767//1753 7758//1762
f 7760//1764 7769//1755 7768//1754 7759//1763
f 7761//1765 7770//1756 7769//1755 7760//1764
f 7762//1766 7771//1757 7770//1756 7761//1765
f 7763//1767 7772//1758 7771//1757 7762//1766
f 7539//1457 7540//2416 7772//1758 7763//1767
f 7764//1750 7773//1741 7501//1417 7500//2549
f 7765//1751 7774//1742 7773//1741 7764//1750
f 7766//1752 7775//1743 7774//1742 7765//1751
f 7767//1753 7776//1744 7775//1743 7766//1752
f 7768//1754 7777//1745 7776//1744 7767//1753
f 7769//1755 7778//1746 7777//1745 7768//1754
f 7770//1756 7779//1747 7778//1746 7769//1755
f 7771//1757 7780//1748 7779//1747 7770//1756
f 7772//1758 7781//1749 7780//1748 7771//1757
f 7540//2416 7541//1455 7781//1749 7772//1758
f 7773//1741 7782//1732 7502//1416 7501//1417
f 7774//1742 7783//1733 7782//1732 7773//1741
f 7775//1743 7784//1734 7783//1733 7774//1742
f 7776//1744 7785//1735 7784//1734 7775//1743
f 7777//1745 7786//1736 7785//1735 7776//1744
f 7778//1746 7787//1737 7786//1736 7777//1745
f 7779//1747 7788//1738 7787//1737 7778//1746
f 7780//1748 7789//1739 7788//1738 7779//1747
f 7781//1749 7790//1740 7789//1739 7780//1748
f 7541//1455 7542//1454 7790//1740 7781//1749
f 7782//1732 7791//1723 7503//1415 7502//1416
f 7783//1733 7792//1724 7791//1723 7782//1732
f 7784//1734 7793//1725 7792//1724 7783//1733
f 7785//1735 7794//1726 7793//1725 7784//1734
f 7786//1736 7795//1727 7794//1726 7785//1735
f 7787//1737 7796//1728 7795//1727 7786//1736
f 7788//1738 7797//1729 7796//1728 7787//1737
f 7789//1739 7798//1730 7797//1729 7788//1738
f 7790//1740 7799//1731 7798//1730 7789//1739
f 7542//1454 7543//1453 7799//1731 7790//1740
f 7791//1723 7800//1714 7504//1414 7503//1415
f 7792//1724 7801//1715 7800//1714 7791//1723
f 7793//1725 7802//1716 7801//1715 7792//1724
f 7794//1726 7803//1717 7802//1716 7793//1725
f 7795//1727 7804//1718 7803//1717 7794//1726
f 7796//1728 7805//1719 7804//1718 7795//1727
f 7797//1729 7806//1720 7805//1719 7796//1728
f 7798//1730 7807//1721 7806//1720 7797//1729
f 7799//1731 7808//1722 7807//1721 7798//1730
f 7543//1453 7544//1452 7808//1722 7799//1731
f 7800//1714 7809//1705 7505//1413 7504//1414
f 7801//1715 7810//1706 7809//1705 7800//1714
f 7802//1716 7811//1707 7810//1706 7801//1715
f 7803//1717 7812//1708 7811//1707 7802//1716
f 7804//1718 7813//1709 7812//1708 7803//1717
f 7805//1719 7814//1710 7813//1709 7804//1718
f 7806//1720 7815//1711 7814//1710 7805//1719
f 7807//1721 7816//1712 7815//1711 7806//1720
f 7808//1722 7817//1713 7816//1712 7807//1721
f 7544//1452 7545//1451 7817//1713 7808//1722
f 7809//1705 7818//1696 7506//1412 7505//1413
f 7810//1706 7819//1697 7818//1696 7809//1705
f 7811//1707 7820//1698 7819//1697 7810//1706
f 7812//1708 7821//1699 7820//1698 7811//1707
f 7813//1709 7822//1700 7821//1699 7812//1708
f 7814//1710 7823//1701 7822//1700 7813//1709
f 7815//1711 7824//1702 7823//1701 7814//1710
f 7816//1712 7825//1703 7824//1702 7815//1711
f 7817//1713 7826//1704 7825//1703 7816//1712
f 7545//1451 7546//1450 7826//1704 7817//1713
f 7818//1696 7827//1687 7507//1411 7506//1412
f 7819//1697 7828//1688 7827//1687 7818//1696
f 7820//1698 7829//1689 7828//1688 7819//1697
f 7821//1699 7830//1690 7829//1689 7820//1698
f 7822//1700 7831//1691 7830//1690 7821//1699
f 7823//1701 7832//1692 7831//1691 7822//1700
f 7824//1702 7833//1693 7832//1692 7823//1701
f 7825//1703 7834//1694 7833//1693 7824//1702
f 7826//1704 7835//1695 7834//1694 7825//1703
f 7546//1450 7547//1449 7835//1695 7826//1704
f 7827//1687 7836//1678 7508//1410 7507//1411
f 7828//1688 7837//1679 7836//1678 7827//1687
f 7829//1689 7838//1680 7837//1679 7828//1688
f 7830//1690 7839//1681 7838//1680 7829//1689
f 7831//1691 7840//1682 7839//1681 7830//1690
f 7832//1692 7841//1683 7840//1682 7831//1691
f 7833//1693 7842//1684 7841//1683 7832//1692
f 7834//1694 7843//1685 7842//1684 7833//1693
f 7835//1695 7844//1686 7843//1685 7834//1694
f 7547//1449 7548//1448 7844//1686 7835//1695
f 7836//1678 7845//1669 7509//1409 7508//1410
f 7837//1679 7846//2499 7845//1669 7836//1678
f 7838//1680 7847//1671 7846//2499 7837//1679
f 7839//1681 7848//1672 7847//1671 7838//1680
f 7840//1682 7849//1673 7848//1672 7839//1681
f 7841//1683 7850//1674 7849//1673 7840//1682
f 7842//1684 7851//1675 7850//1674 7841//1683
f 7843//1685 7852//1676 7851//1675 7842//1684
f 7844//1686 7853//1677 7852//1676 7843//1685
f 7548//1448 7549//1447 7853//1677 7844//1686
f 7845//1669 7854//2500 7510//1408 7509//1409
f 7846//2499 7855//1661 7854//2500 7845//1669
f 7847//1671 7856//1662 7855//1661 7846//2499
f 7848//1672 7857//1663 7856//1662 7847//1671
f 7849//1673 7858//1664 7857//1663 7848//1672
f 7850//1674 7859//1665 7858//1664 7849//1673
f 7851//1675 7860//1666 7859//1665 7850//1674
f 7852//1676 7861//1667 7860//1666 7851//1675
f 7853//1677 7862//1668 7861//1667 7852//1676
f 7549//1447 7550//2638 7862//1668 7853//1677
f 7854//2500 7863//1651 7511//1407 7510//1408
f 7855//1661 7864//1652 7863//1651 7854//2500
f 7856//1662 7865//1653 7864//1652 7855//1661
f 7857//1663 7866//1654 7865//1653 7856//1662
f 7858//1664 7867//1655 7866//1654 7857//1663
f 7859//1665 7868//1656 7867//1655 7858//1664
f 7860//1666 7869//1657 7868//1656 7859//1665
f 7861//1667 7870//1658 7869//1657 7860//1666
f 7862//1668 7871//1659 7870//1658 7861//1667
f 7550//2638 7551//1445 7871//1659 7862//1668
f 7863//1651 7872//2644 7512//1406 7511//1407
f 7864//1652 7873//1643 7872//2644 7863//1651
f 7865//1653 7874//2501 7873//1643 7864//1652
f 7866//1654 7875//1645 7874//2501 7865//1653
f 7867//1655 7876//1646 7875//1645 7866//1654
f 7868//1656 7877//1647 7876//1646 7867//1655
f 7869//1657 7878//1648 7877//1647 7868//1656
f 7870//1658 7879//1649 7878//1648 7869//1657
f 7871//1659 7880//1650 7879//1649 7870//1658
f 7551//1445 7552//1444 7880//1650 7871//1659
f 7872//2644 7881//1633 7513//1405 7512//1406
f 7873//1643 7882//1634 7881//1633 7872//2644
f 7874//2501 7883//1635 7882//1634 7873//1643
f 7875//1645 7884//1636 7883//1635 7874//2501
f 7876//1646 7885//1637 7884//1636 7875//1645
f 7877//1647 7886//1638 7885//1637 7876//1646
f 7878//1648 7887//1639 7886//1638 7877//1647
f 7879//1649 7888//1640 7887//1639 7878//1648
f 7880//1650 7889//1641 7888//1640 7879//1649
f 7552//1444 7553//1443 7889//1641 7880//1650
f 7881//1633 7890//2502 7514//1404 7513//1405
f 7882//1634 7891//1625 7890//2502 7881//1633
f 7883//1635 7892//1626 7891//1625 7882//1634
f 7884//1636 7893//1627 7892//1626 7883//1635
f 7885//1637 7894//1628 7893//1627 7884//1636
f 7886//1638 7895//1629 7894//1628 7885//1637
f 7887//1639 7896//1630 7895//1629 7886//1638
f 7888//1640 7897//1631 7896//1630 7887//1639
f 7889//1641 7898//1632 7897//1631 7888//1640
f 7553//1443 7554//1442 7898//1632 7889//1641
f 7890//2502 7899//2503 7515//2404 7514//1404
f 7891//1625 7900//2504 7899//2503 7890//2502
f 7892//1626 7901//2505 7900//2504 7891//1625
f 7893//1627 7902//2506 7901//2505 7892//1626
f 7894//1628 7903//2507 7902//2506 7893//1627
f 7895//1629 7904//2508 7903//2507 7894//1628
f 7896//1630 7905//2509 7904//2508 7895//1629
f 7897//1631 7906//2510 7905//2509 7896//1630
f 7898//1632 7907//2511 7906//2510 7897//1631
f 7554//1442 7555//2418 7907//2511 7898//1632
f 7899//2503 7908//2512 7516//2405 7515//2404
f 7900//2504 7909//2513 7908//2512 7899//2503
f 7901//2505 7910//2514 7909//2513 7900//2504
f 7902//2506 7911//2515 7910//2514 7901//2505
f 7903//2507 7912//2516 7911//2515 7902//2506
f 7904//2508 7913//2517 7912//2516 7903//2507
f 7905//2509 7914//2645 7913//2517 7904//2508
f 7906//2510 7915//2519 7914//2645 7905//2509
f 7907//2511 7916//2520 7915//2519 7906//2510
f 7555//2418 7556//2419 7916//2520 7907//2511
f 7918//1857 7929//1846 7928//2567 7917//2568
f 7919//1858 7930//1847 7929//1846 7918//1857
f 7920//1859 7931//1848 7930//1847 7919//1858
f 7921//1860 7932//1849 7931//1848 7920//1859
f 7922//863 7933//1850 7932//1849 7921//1860
f 7923//1861 7934//1851 7933//1850 7922//863
f 7924//1862 7935//1852 7934//1851 7923//1861
f 7925//1863 7936//1853 7935//1852 7924//1862
f 7926//1864 7937//1854 7936//1853 7925//1863
f 7927//1865 7938//1855 7937//1854 7926//1864
f 7929//1846 7940//1835 7939//1834 7928//2567
f 7930//1847 7941//1836 7940//1835 7929//1846
f 7931//1848 7942//1837 7941//1836 7930//1847
f 7932//1849 7943//1838 7942//1837 7931//1848
f 7933//1850 7944//1839 7943//1838 7932//1849
f 7934//1851 7945//1840 7944//1839 7933//1850
f 7935//1852 7946//1841 7945//1840 7934//1851
f 7936//1853 7947//2566 7946//1841 7935//1852
f 7937//1854 7948//1843 7947//2566 7936//1853
f 7938//1855 7949//1844 7948//1843 7937//1854
f 7940//1835 7951//1816 7950//2565 7939//1834
f 7941//1836 7952//1818 7951//1816 7940//1835
f 7942//1837 7953//1820 7952//1818 7941//1836
f 7943//1838 7954//1822 7953//1820 7942//1837
f 7944//1839 7955//1823 7954//1822 7943//1838
f 7945//1840 7956//1825 7955//1823 7944//1839
f 7946//1841 7957//1827 7956//1825 7945//1840
f 7947//2566 7958//1829 7957//1827 7946//1841
f 7948//1843 7959//1831 7958//1829 7947//2566
f 7949//1844 7960//1833 7959//1831 7948//1843
f 7951//1816 7962//1813 7961//2564 7950//2565
f 7952//1818 7963//1817 7962//1813 7951//1816
f 7953//1820 7964//1819 7963//1817 7952//1818
f 7954//1822 7965//1821 7964//1819 7953//1820
f 7955//1823 7966//863 7965//1821 7954//1822
f 7956//1825 7967//1824 7966//863 7955//1823
f 7957//1827 7968//1826 7967//1824 7956//1825
f 7958//1829 7969//1828 7968//1826 7957//1827
f 7959//1831 7970//1830 7969//1828 7958//1829
f 7960//1833 7971//1832 7970//1830 7959//1831
f 7972//1870 7973//1869 7938//1855 7927//1865
f 7973//1869 7974//1868 7949//1844 7938//1855
f 7974//1868 7975//1867 7960//1833 7949//1844
f 7975//1867 7976//1866 7971//1832 7960//1833
f 7917//2568 7928//2567 7978//1874 7977//2572
f 7928//2567 7939//1834 7979//1873 7978//1874
f 7939//1834 7950//2565 7980//2570 7979//1873
f 7950//2565 7961//2564 7981//2569 7980//2570
f 7982//1911 7991//1902 7973//1869 7972//1870
f 7983//1912 7992//1903 7991//1902 7982//1911
f 7984//1913 7993//1904 7992//1903 7983//1912
f 7985//1914 7994//1905 7993//1904 7984//1913
f 7986//925 7995//1906 7994//1905 7985//1914
f 7987//1915 7996//1907 7995//1906 7986//925
f 7988//1916 7997//1908 7996//1907 7987//1915
f 7989//1917 7998//1909 7997//1908 7988//1916
f 7990//1918 7999//1910 7998//1909 7989//1917
f 7977//2572 7978//1874 7999//1910 7990//1918
f 7991//1902 8000//1893 7974//1868 7973//1869
f 7992//1903 8001//2573 8000//1893 7991//1902
f 7993//1904 8002//1895 8001//2573 7992//1903
f 7994//1905 8003//1896 8002//1895 7993//1904
f 7995//1906 8004//1897 8003//1896 7994//1905
f 7996//1907 8005//1898 8004//1897 7995//1906
f 7997//1908 8006//1899 8005//1898 7996//1907
f 7998//1909 8007//1900 8006//1899 7997//1908
f 7999//1910 8008//1901 8007//1900 7998//1909
f 7978//1874 7979//1873 8008//1901 7999//1910
f 8000//1893 8009//1877 7975//1867 7974//1868
f 8001//2573 8010//1879 8009//1877 8000//1893
f 8002//1895 8011//1881 8010//1879 8001//2573
f 8003//1896 8012//1883 8011//1881 8002//1895
f 8004//1897 8013//1884 8012//1883 8003//1896
f 8005//1898 8014//1886 8013//1884 8004//1897
f 8006//1899 8015//1888 8014//1886 8005//1898
f 8007//1900 8016//1890 8015//1888 8006//1899
f 8008//1901 8017//1892 8016//1890 8007//1900
f 7979//1873 7980//2570 8017//1892 8008//1901
f 8009//1877 8018//1876 7976//1866 7975//1867
f 8010//1879 8019//1878 8018//1876 8009//1877
f 8011//1881 8020//1880 8019//1878 8010//1879
f 8012//1883 8021//1882 8020//1880 8011//1881
f 8013//1884 8022//925 8021//1882 8012//1883
f 8014//1886 8023//1885 8022//925 8013//1884
f 8015//1888 8024//1887 8023//1885 8014//1886
f 8016//1890 8025//1889 8024//1887 8015//1888
f 8017//1892 8026//1891 8025//1889 8016//1890
f 7980//2570 7981//2569 8026//1891 8017//1892
f 8028//1973 8027//1974 8038//1975 8039//1976
f 8029//1977 8028//1973 8039//1976 8040//1978
f 8030//1979 8029//1977 8040//1978 8041//1980
f 8031//1981 8030//1979 8041//1980 8042//1982
f 8032//1983 8031//1981 8042//1982 8043//1984
f 8033//1985 8032//1983 8043//1984 8044//1986
f 8034//1987 8033//1985 8044//1986 8045//1988
f 8035//1989 8034//1987 8045//1988 8046//1990
f 8036//2646 8035//1989 8046//1990 8047//1992
f 8037//1993 8036//2646 8047//1992 8048//1994
f 8039//1976 8038//1975 8049//98 8050//2583
f 8040//1978 8039//1976 8050//2583 8051//99
f 8041//1980 8040//1978 8051//99 8052//100
f 8042//1982 8041//1980 8052//100 8053//101
f 8043//1984 8042//1982 8053//101 8054//102
f 8044//1986 8043//1984 8054//102 8055//103
f 8045//1988 8044//1986 8055//103 8056//1995
f 8046//1990 8045//1988 8056//1995 8057//105
f 8047//1992 8046//1990 8057//105 8058//1996
f 8048//1994 8047//1992 8058//1996 8059//107
f 8050//2583 8049//98 8060//87 8061//86
f 8051//99 8050//2583 8061//86 8062//88
f 8052//100 8051//99 8062//88 8063//89
f 8053//101 8052//100 8063//89 8064//90
f 8054//102 8053//101 8064//90 8065//91
f 8055//103 8054//102 8065//91 8066//92
f 8056//1995 8055//103 8066//92 8067//93
f 8057//105 8056//1995 8067//93 8068//94
f 8058//1996 8057//105 8068//94 8069//95
f 8059//107 8058//1996 8069//95 8070//96
f 8061//86 8060//87 8071//76 8072//75
f 8062//88 8061//86 8072//75 8073//2581
f 8063//89 8062//88 8073//2581 8074//78
f 8064//90 8063//89 8074//78 8075//79
f 8065//91 8064//90 8075//79 8076//80
f 8066//92 8065//91 8076//80 8077//81
f 8067//93 8066//92 8077//81 8078//2582
f 8068//94 8067//93 8078//2582 8079//83
f 8069//95 8068//94 8079//83 8080//84
f 8070//96 8069//95 8080//84 8081//85
f 8072//75 8071//76 8082//57 8083//56
f 8073//2581 8072//75 8083//56 8084//58
f 8074//78 8073//2581 8084//58 8085//59
f 8075//79 8074//78 8085//59 8086//60
f 8076//80 8075//79 8086//60 8087//61
f 8077//81 8076//80 8087//61 8088//62
f 8078//2582 8077//81 8088//62 8089//63
f 8079//83 8078//2582 8089//63 8090//64
f 8080//84 8079//83 8090//64 8091//65
f 8081//85 8080//84 8091//65 8092//66
f 8083//56 8082//57 8093//57 8094//67
f 8084//58 8083//56 8094//67 8095//68
f 8085//59 8084//58 8095//68 8096//69
f 8086//60 8085//59 8096//69 8097//70
f 8087//61 8086//60 8097//70 8098//71
f 8088//62 8087//61 8098//71 8099//62
f 8089//63 8088//62 8099//62 8100//72
f 8090//64 8089//63 8100//72 8101//73
f 8091//65 8090//64 8101//73 8102//74
f 8092//66 8091//65 8102//74 8103//66
f 8094//67 8093//57 8104//57 8105//56
f 8095//68 8094//67 8105//56 8106//58
f 8096//69 8095//68 8106//58 8107//59
f 8097//70 8096//69 8107//59 8108//60
f 8098//71 8097//70 8108//60 8109//61
f 8099//62 8098//71 8109//61 8110//62
f 8100//72 8099//62 8110//62 8111//63
f 8101//73 8100//72 8111//63 8112//64
f 8102//74 8101//73 8112//64 8113//65
f 8103//66 8102//74 8113//65 8114//66
f 8105//56 8104//57 8115//1999 8116//45
f 8106//58 8105//56 8116//45 8117//2579
f 8107//59 8106//58 8117//2579 8118//48
f 8108//60 8107//59 8118//48 8119//49
f 8109//61 8108//60 8119//49 8120//50
f 8110//62 8109//61 8120//50 8121//51
f 8111//63 8110//62 8121//51 8122//2580
f 8112//64 8111//63 8122//2580 8123//53
f 8113//65 8112//64 8123//53 8124//54
f 8114//66 8113//65 8124//54 8125//55
f 8116//45 8115//1999 8126//2578 8127//34
f 8117//2579 8116//45 8127//34 8128//36
f 8118//48 8117//2579 8128//36 8129//37
f 8119//49 8118//48 8129//37 8130//38
f 8120//50 8119//49 8130//38 8131//39
f 8121//51 8120//50 8131//39 8132//40
f 8122//2580 8121//51 8132//40 8133//41
f 8123//53 8122//2580 8133//41 8134//42
f 8124//54 8123//53 8134//42 8135//43
f 8125//55 8124//54 8135//43 8136//44
f 8127//34 8126//2578 8137//24 8138//2000
f 8128//36 8127//34 8138//2000 8139//2647
f 8129//37 8128//36 8139//2647 8140//26
f 8130//38 8129//37 8140//26 8141//27
f 8131//39 8130//38 8141//27 8142//28
f 8132//40 8131//39 8142//28 8143//29
f 8133//41 8132//40 8143//29 8144//2001
f 8134//42 8133//41 8144//2001 8145//31
f 8135//43 8134//42 8145//31 8146//32
f 8136//44 8135//43 8146//32 8147//33
f 8138//2000 8137//24 8148//2002 8149//2003
f 8139//2647 8138//2000 8149//2003 8150//2004
f 8140//26 8139//2647 8150//2004 8151//2005
f 8141//27 8140//26 8151//2005 8152//2006
f 8142//28 8141//27 8152//2006 8153//2007
f 8143//29 8142//28 8153//2007 8154//2008
f 8144//2001 8143//29 8154//2008 8155//2009
f 8145//31 8144//2001 8155//2009 8156//2010
f 8146//32 8145//31 8156//2010 8157//2648
f 8147//33 8146//32 8157//2648 8158//2012
f 8149//2003 8148//2002 8159//2013 8160//2014
f 8150//2004 8149//2003 8160//2014 8161//2015
f 8151//2005 8150//2004 8161//2015 8162//2016
f 8152//2006 8151//2005 8162//2016 8163//2017
f 8153//2007 8152//2006 8163//2017 8164//2018
f 8154//2008 8153//2007 8164//2018 8165//2019
f 8155//2009 8154//2008 8165//2019 8166//2020
f 8156//2010 8155//2009 8166//2020 8167//2021
f 8157//2648 8156//2010 8167//2021 8168//2022
f 8158//2012 8157//2648 8168//2022 8169//2023
f 8160//2014 8159//2013 8170//2649 8171//2025
f 8161//2015 8160//2014 8171//2025 8172//2026
f 8162//2016 8161//2015 8172//2026 8173//2027
f 8163//2017 8162//2016 8173//2027 8174//2028
f 8164//2018 8163//2017 8174//2028 8175//2029
f 8165//2019 8164//2018 8175//2029 8176//2030
f 8166//2020 8165//2019 8176//2030 8177//2650
f 8167//2021 8166//2020 8177//2650 8178//2032
f 8168//2022 8167//2021 8178//2032 8179//2033
f 8169//2023 8168//2022 8179//2033 8180//2034
f 8171//2025 8170//2649 8181//155 8182//152
f 8172//2026 8171//2025 8182//152 8183//156
f 8173//2027 8172//2026 8183//156 8184//158
f 8174//2028 8173//2027 8184//158 8185//160
f 8175//2029 8174//2028 8185//160 8186//162
f 8176//2030 8175//2029 8186//162 8187//164
f 8177//2650 8176//2030 8187//164 8188//166
f 8178//2032 8177//2650 8188//166 8189//168
f 8179//2033 8178//2032 8189//168 8190//170
f 8180//2034 8179//2033 8190//170 8191//172
f 8193//141 8192//142 8203//2035 8204//2036
f 8194//143 8193//141 8204//2036 8205//2037
f 8195//144 8194//143 8205//2037 8206//2038
f 8196//145 8195//144 8206//2038 8207//2039
f 8197//146 8196//145 8207//2039 8208//2040
f 8198//147 8197//146 8208//2040 8209//2041
f 8199//148 8198//147 8209//2041 8210//2042
f 8200//149 8199//148 8210//2042 8211//2043
f 8201//150 8200//149 8211//2043 8212//2044
f 8202//151 8201//150 8212//2044 8213//2651
f 8204//2036 8203//2035 8214//2046 8215//2047
f 8205//2037 8204//2036 8215//2047 8216//2652
f 8206//2038 8205//2037 8216//2652 8217//2049
f 8207//2039 8206//2038 8217//2049 8218//2050
f 8208//2040 8207//2039 8218//2050 8219//2653
f 8209//2041 8208//2040 8219//2653 8220//2052
f 8210//2042 8209//2041 8220//2052 8221//2053
f 8211//2043 8210//2042 8221//2053 8222//2054
f 8212//2044 8211//2043 8222//2054 8223//2055
f 8213//2651 8212//2044 8223//2055 8224//2056
f 8215//2047 8214//2046 8225//2057 8226//2058
f 8216//2652 8215//2047 8226//2058 8227//2059
f 8217//2049 8216//2652 8227//2059 8228//2060
f 8218//2050 8217//2049 8228//2060 8229//2061
f 8219//2653 8218//2050 8229//2061 8230//2062
f 8220//2052 8219//2653 8230//2062 8231//2063
f 8221//2053 8220//2052 8231//2063 8232//2064
f 8222//2054 8221//2053 8232//2064 8233//2065
f 8223//2055 8222//2054 8233//2065 8234//2066
f 8224//2056 8223//2055 8234//2066 8235//2067
f 8226//2058 8225//2057 8236//2068 8237//394
f 8227//2059 8226//2058 8237//394 8238//396
f 8228//2060 8227//2059 8238//396 8239//2654
f 8229//2061 8228//2060 8239//2654 8240//398
f 8230//2062 8229//2061 8240//398 8241//399
f 8231//2063 8230//2062 8241//399 8242//2069
f 8232//2064 8231//2063 8242//2069 8243//401
f 8233//2065 8232//2064 8243//401 8244//2070
f 8234//2066 8233//2065 8244//2070 8245//403
f 8235//2067 8234//2066 8245//403 8246//404
f 8237//394 8236//2068 8247//384 8248//2071
f 8238//396 8237//394 8248//2071 8249//385
f 8239//2654 8238//396 8249//385 8250//2655
f 8240//398 8239//2654 8250//2655 8251//387
f 8241//399 8240//398 8251//387 8252//388
f 8242//2069 8241//399 8252//388 8253//389
f 8243//401 8242//2069 8253//389 8254//390
f 8244//2070 8243//401 8254//390 8255//391
f 8245//403 8244//2070 8255//391 8256//392
f 8246//404 8245//403 8256//392 8257//2073
f 8248//2071 8247//384 8258//373 8259//372
f 8249//385 8248//2071 8259//372 8260//374
f 8250//2655 8249//385 8260//374 8261//2074
f 8251//387 8250//2655 8261//2074 8262//376
f 8252//388 8251//387 8262//376 8263//377
f 8253//389 8252//388 8263//377 8264//378
f 8254//390 8253//389 8264//378 8265//379
f 8255//391 8254//390 8265//379 8266//380
f 8256//392 8255//391 8266//380 8267//381
f 8257//2073 8256//392 8267//381 8268//2075
f 8259//372 8258//373 8269//362 8270//361
f 8260//374 8259//372 8270//361 8271//363
f 8261//2074 8260//374 8271//363 8272//364
f 8262//376 8261//2074 8272//364 8273//365
f 8263//377 8262//376 8273//365 8274//366
f 8264//378 8263//377 8274//366 8275//367
f 8265//379 8264//378 8275//367 8276//368
f 8266//380 8265//379 8276//368 8277//369
f 8267//381 8266//380 8277//369 8278//370
f 8268//2075 8267//381 8278//370 8279//2656
f 8270//361 8269//362 8280//2076 8281//350
f 8271//363 8270//361 8281//350 8282//352
f 8272//364 8271//363 8282//352 8283//353
f 8273//365 8272//364 8283//353 8284//2077
f 8274//366 8273//365 8284//2077 8285//355
f 8275//367 8274//366 8285//355 8286//356
f 8276//368 8275//367 8286//356 8287//357
f 8277//369 8276//368 8287//357 8288//2078
f 8278//370 8277//369 8288//2078 8289//359
f 8279//2656 8278//370 8289//359 8290//360
f 8281//350 8280//2076 8291//2657 8292//339
f 8282//352 8281//350 8292//339 8293//341
f 8283//353 8282//352 8293//341 8294//342
f 8284//2077 8283//353 8294//342 8295//343
f 8285//355 8284//2077 8295//343 8296//344
f 8286//356 8285//355 8296//344 8297//2079
f 8287//357 8286//356 8297//2079 8298//346
f 8288//2078 8287//357 8298//346 8299//347
f 8289//359 8288//2078 8299//347 8300//348
f 8290//360 8289//359 8300//348 8301//349
f 8292//339 8291//2657 8302//2658 8303//328
f 8293//341 8292//339 8303//328 8304//330
f 8294//342 8293//341 8304//330 8305//331
f 8295//343 8294//342 8305//331 8306//332
f 8296//344 8295//343 8306//332 8307//333
f 8297//2079 8296//344 8307//333 8308//334
f 8298//346 8297//2079 8308//334 8309//335
f 8299//347 8298//346 8309//335 8310//2081
f 8300//348 8299//347 8310//2081 8311//337
f 8301//349 8300//348 8311//337 8312//338
f 8303//328 8302//2658 8313//318 8314//317
f 8304//330 8303//328 8314//317 8315//319
f 8305//331 8304//330 8315//319 8316//320
f 8306//332 8305//331 8316//320 8317//321
f 8307//333 8306//332 8317//321 8318//322
f 8308//334 8307//333 8318//322 8319//2659
f 8309//335 8308//334 8319//2659 8320//324
f 8310//2081 8309//335 8320//324 8321//2660
f 8311//337 8310//2081 8321//2660 8322//2593
f 8312//338 8311//337 8322//2593 8323//327
f 8314//317 8313//318 8324//2082 8325//306
f 8315//319 8314//317 8325//306 8326//308
f 8316//320 8315//319 8326//308 8327//309
f 8317//321 8316//320 8327//309 8328//310
f 8318//322 8317//321 8328//310 8329//311
f 8319//2659 8318//322 8329//311 8330//2592
f 8320//324 8319//2659 8330//2592 8331//313
f 8321//2660 8320//324 8331//313 8332//314
f 8322//2593 8321//2660 8332//314 8333//315
f 8323//327 8322//2593 8333//315 8334//316
f 8325//306 8324//2082 8335//296 8336//295
f 8326//308 8325//306 8336//295 8337//297
f 8327//309 8326//308 8337//297 8338//298
f 8328//310 8327//309 8338//298 8339//299
f 8329//311 8328//310 8339//299 8340//300
f 8330//2592 8329//311 8340//300 8341//301
f 8331//313 8330//2592 8341//301 8342//302
f 8332//314 8331//313 8342//302 8343//303
f 8333//315 8332//314 8343//303 8344//304
f 8334//316 8333//315 8344//304 8345//305
f 8336//295 8335//296 8346//2083 8347//284
f 8337//297 8336//295 8347//284 8348//286
f 8338//298 8337//297 8348//286 8349//287
f 8339//299 8338//298 8349//287 8350//288
f 8340//300 8339//299 8350//288 8351//289
f 8341//301 8340//300 8351//289 8352//2591
f 8342//302 8341//301 8352//2591 8353//291
f 8343//303 8342//302 8353//291 8354//292
f 8344//304 8343//303 8354//292 8355//293
f 8345//305 8344//304 8355//293 8356//294
f 8347//284 8346//2083 8357//2084 8358//273
f 8348//286 8347//284 8358//273 8359//275
f 8349//287 8348//286 8359//275 8360//276
f 8350//288 8349//287 8360//276 8361//277
f 8351//289 8350//288 8361//277 8362//278
f 8352//2591 8351//289 8362//278 8363//279
f 8353//291 8352//2591 8363//279 8364//280
f 8354//292 8353//291 8364//280 8365//2661
f 8355//293 8354//292 8365//2661 8366//282
f 8356//294 8355//293 8366//282 8367//283
f 8358//273 8357//2084 8368//2662 8369//262
f 8359//275 8358//273 8369//262 8370//2086
f 8360//276 8359//275 8370//2086 8371//265
f 8361//277 8360//276 8371//265 8372//266
f 8362//278 8361//277 8372//266 8373//267
f 8363//279 8362//278 8373//267 8374//268
f 8364//280 8363//279 8374//268 8375//269
f 8365//2661 8364//280 8375//269 8376//270
f 8366//282 8365//2661 8376//270 8377//271
f 8367//283 8366//282 8377//271 8378//272
f 8369//262 8368//2662 8379//2087 8380//251
f 8370//2086 8369//262 8380//251 8381//253
f 8371//265 8370//2086 8381//253 8382//254
f 8372//266 8371//265 8382//254 8383//255
f 8373//267 8372//266 8383//255 8384//256
f 8374//268 8373//267 8384//256 8385//257
f 8375//269 8374//268 8385//257 8386//258
f 8376//270 8375//269 8386//258 8387//259
f 8377//271 8376//270 8387//259 8388//260
f 8378//272 8377//271 8388//260 8389//261
f 8380//251 8379//2087 8390//2588 8391//240
f 8381//253 8380//251 8391//240 8392//242
f 8382//254 8381//253 8392//242 8393//243
f 8383//255 8382//254 8393//243 8394//244
f 8384//256 8383//255 8394//244 8395//245
f 8385//257 8384//256 8395//245 8396//246
f 8386//258 8385//257 8396//246 8397//247
f 8387//259 8386//258 8397//247 8398//248
f 8388//260 8387//259 8398//248 8399//249
f 8389//261 8388//260 8399//249 8400//250
f 8391//240 8390//2588 8401//230 8402//229
f 8392//242 8391//240 8402//229 8403//231
f 8393//243 8392//242 8403//231 8404//232
f 8394//244 8393//243 8404//232 8405//233
f 8395//245 8394//244 8405//233 8406//234
f 8396//246 8395//245 8406//234 8407//235
f 8397//247 8396//246 8407//235 8408//236
f 8398//248 8397//247 8408//236 8409//237
f 8399//249 8398//248 8409//237 8410//238
f 8400//250 8399//249 8410//238 8411//239
f 8402//229 8401//230 8412//219 8413//218
f 8403//231 8402//229 8413//218 8414//220
f 8404//232 8403//231 8414//220 8415//221
f 8405//233 8404//232 8415//221 8416//222
f 8406//234 8405//233 8416//222 8417//223
f 8407//235 8406//234 8417//223 8418//224
f 8408//236 8407//235 8418//224 8419//225
f 8409//237 8408//236 8419//225 8420//226
f 8410//238 8409//237 8420//226 8421//227
f 8411//239 8410//238 8421//227 8422//228
f 8413//218 8412//219 8423//208 8424//2089
f 8414//220 8413//218 8424//2089 8425//209
f 8415//221 8414//220 8425//209 8426//2090
f 8416//222 8415//221 8426//2090 8427//211
f 8417//223 8416//222 8427//211 8428//212
f 8418//224 8417//223 8428//212 8429//213
f 8419//225 8418//224 8429//213 8430//214
f 8420//226 8419//225 8430//214 8431//215
f 8421//227 8420//226 8431//215 8432//2091
f 8422//228 8421//227 8432//2091 8433//217
f 8424//2089 8423//208 8434//2092 8435//196
f 8425//209 8424//2089 8435//196 8436//198
f 8426//2090 8425//209 8436//198 8437//199
f 8427//211 8426//2090 8437//199 8438//2663
f 8428//212 8427//211 8438//2663 8439//201
f 8429//213 8428//212 8439//201 8440//202
f 8430//214 8429//213 8440//202 8441//203
f 8431//215 8430//214 8441//203 8442//204
f 8432//2091 8431//215 8442//204 8443//205
f 8433//217 8432//2091 8443//205 8444//206
f 8435//196 8434//2092 8445//2095 8446//2664
f 8436//198 8435//196 8446//2664 8447//2097
f 8437//199 8436//198 8447//2097 8448//2098
f 8438//2663 8437//199 8448//2098 8449//2099
f 8439//201 8438//2663 8449//2099 8450//2100
f 8440//202 8439//201 8450//2100 8451//2101
f 8441//203 8440//202 8451//2101 8452//2102
f 8442//204 8441//203 8452//2102 8453//2103
f 8443//205 8442//204 8453//2103 8454//2665
f 8444//206 8443//205 8454//2665 8455//2105
f 8446//2664 8445//2095 8456//2106 8457//2107
f 8447//2097 8446//2664 8457//2107 8458//2666
f 8448//2098 8447//2097 8458//2666 8459//2109
f 8449//2099 8448//2098 8459//2109 8460//2110
f 8450//2100 8449//2099 8460//2110 8461//2111
f 8451//2101 8450//2100 8461//2111 8462//2112
f 8452//2102 8451//2101 8462//2112 8463//2113
f 8453//2103 8452//2102 8463//2113 8464//2114
f 8454//2665 8453//2103 8464//2114 8465//2115
f 8455//2105 8454//2665 8465//2115 8466//2116
f 8467//2117 8037//1993 8048//1994 8468//2118
f 8468//2118 8048//1994 8059//107 8469//435
f 8469//435 8059//107 8070//96 8470//434
f 8470//434 8070//96 8081//85 8471//433
f 8471//433 8081//85 8092//66 8472//432
f 8472//432 8092//66 8103//66 8473//432
f 8473//432 8103//66 8114//66 8474//432
f 8474//432 8114//66 8125//55 8475//431
f 8475//431 8125//55 8136//44 8476//2596
f 8476//2596 8136//44 8147//33 8477//429
f 8477//429 8147//33 8158//2012 8478//2120
f 8478//2120 8158//2012 8169//2023 8479//2121
f 8479//2121 8169//2023 8180//2034 8480//2122
f 8480//2122 8180//2034 8191//172 8481//2667
f 8482//439 8202//151 8213//2651 8483//2123
f 8483//2123 8213//2651 8224//2056 8484//2124
f 8484//2124 8224//2056 8235//2067 8485//2125
f 8485//2125 8235//2067 8246//404 8486//462
f 8486//462 8246//404 8257//2073 8487//2126
f 8487//2126 8257//2073 8268//2075 8488//460
f 8488//460 8268//2075 8279//2656 8489//2127
f 8489//2127 8279//2656 8290//360 8490//458
f 8490//458 8290//360 8301//349 8491//457
f 8491//457 8301//349 8312//338 8492//456
f 8492//456 8312//338 8323//327 8493//455
f 8493//455 8323//327 8334//316 8494//454
f 8494//454 8334//316 8345//305 8495//453
f 8495//453 8345//305 8356//294 8496//2668
f 8496//2668 8356//294 8367//283 8497//451
f 8497//451 8367//283 8378//272 8498//450
f 8498//450 8378//272 8389//261 8499//449
f 8499//449 8389//261 8400//250 8500//2130
f 8500//2130 8400//250 8411//239 8501//447
f 8501//447 8411//239 8422//228 8502//446
f 8502//446 8422//228 8433//217 8503//445
f 8503//445 8433//217 8444//206 8504//444
f 8504//444 8444//206 8455//2105 8505//2131
f 8505//2131 8455//2105 8466//2116 8506//2132
f 8027//1974 8507//2133 8508//2134 8038//1975
f 8038//1975 8508//2134 8509//473 8049//98
f 8049//98 8509//473 8510//472 8060//87
f 8060//87 8510//472 8511//471 8071//76
f 8071//76 8511//471 8512//470 8082//57
f 8082//57 8512//470 8513//470 8093//57
f 8093//57 8513//470 8514//470 8104//57
f 8104//57 8514//470 8515//469 8115//1999
f 8115//1999 8515//469 8516//468 8126//2578
f 8126//2578 8516//468 8642//467 8137//24
f 8137//24 8642//467 8517//2135 8148//2002
f 8148//2002 8517//2135 8518//2136 8159//2013
f 8159//2013 8518//2136 8519//2137 8170//2649
f 8170//2649 8519//2137 8520//479 8181//155
f 8192//142 8521//477 8522//2138 8203//2035
f 8203//2035 8522//2138 8523//2139 8214//2046
f 8214//2046 8523//2139 8524//2140 8225//2057
f 8225//2057 8524//2140 8525//500 8236//2068
f 8236//2068 8525//500 8526//499 8247//384
f 8247//384 8526//499 8742//2141 8258//373
f 8258//373 8742//2141 8752//497 8269//362
f 8269//362 8752//497 8527//2142 8280//2076
f 8280//2076 8527//2142 8528//495 8291//2657
f 8291//2657 8528//495 8529//494 8302//2658
f 8302//2658 8529//494 8530//493 8313//318
f 8313//318 8530//493 8531//492 8324//2082
f 8324//2082 8531//492 8532//491 8335//296
f 8335//296 8532//491 8533//490 8346//2083
f 8346//2083 8533//490 8534//489 8357//2084
f 8357//2084 8534//489 8535//488 8368//2662
f 8368//2662 8535//488 8536//487 8379//2087
f 8379//2087 8536//487 8537//486 8390//2588
f 8390//2588 8537//486 8538//485 8401//230
f 8401//230 8538//485 8539//2143 8412//219
f 8412//219 8539//2143 8879//483 8423//208
f 8423//208 8879//483 8540//482 8434//2092
f 8434//2092 8540//482 8541//2669 8445//2095
f 8445//2095 8541//2669 8542//2145 8456//2106
f 8543//2146 8467//2117 8468//2118 8552//2147
f 8544//2148 8543//2146 8552//2147 8553//2149
f 8545//2150 8544//2148 8553//2149 8554//2151
f 8546//2152 8545//2150 8554//2151 8555//2153
f 8547//2154 8546//2152 8555//2153 8556//2155
f 8548//2156 8547//2154 8556//2155 8557//2157
f 8549//2158 8548//2156 8557//2157 8558//2159
f 8550//2160 8549//2158 8558//2159 8559//2161
f 8551//2162 8550//2160 8559//2161 8560//2163
f 8507//2133 8551//2162 8560//2163 8508//2134
f 8552//2147 8468//2118 8469//435 8561//583
f 8553//2149 8552//2147 8561//583 8562//584
f 8554//2151 8553//2149 8562//584 8563//585
f 8555//2153 8554//2151 8563//585 8564//586
f 8556//2155 8555//2153 8564//586 8565//587
f 8557//2157 8556//2155 8565//587 8566//588
f 8558//2159 8557//2157 8566//588 8567//589
f 8559//2161 8558//2159 8567//589 8568//590
f 8560//2163 8559//2161 8568//590 8569//591
f 8508//2134 8560//2163 8569//591 8509//473
f 8561//583 8469//435 8470//434 8570//574
f 8562//584 8561//583 8570//574 8571//575
f 8563//585 8562//584 8571//575 8572//576
f 8564//586 8563//585 8572//576 8573//577
f 8565//587 8564//586 8573//577 8574//2165
f 8566//588 8565//587 8574//2165 8575//579
f 8567//589 8566//588 8575//579 8576//580
f 8568//590 8567//589 8576//580 8577//581
f 8569//591 8568//590 8577//581 8578//582
f 8509//473 8569//591 8578//582 8510//472
f 8570//574 8470//434 8471//433 8579//565
f 8571//575 8570//574 8579//565 8580//566
f 8572//576 8571//575 8580//566 8581//567
f 8573//577 8572//576 8581//567 8582//568
f 8574//2165 8573//577 8582//568 8583//569
f 8575//579 8574//2165 8583//569 8584//570
f 8576//580 8575//579 8584//570 8585//571
f 8577//581 8576//580 8585//571 8586//572
f 8578//582 8577//581 8586//572 8587//573
f 8510//472 8578//582 8587//573 8511//471
f 8579//565 8471//433 8472//432 8588//548
f 8580//566 8579//565 8588//548 8589//549
f 8581//567 8580//566 8589//549 8590//550
f 8582//568 8581//567 8590//550 8591//551
f 8583//569 8582//568 8591//551 8592//552
f 8584//570 8583//569 8592//552 8593//553
f 8585//571 8584//570 8593//553 8594//554
f 8586//572 8585//571 8594//554 8595//555
f 8587//573 8586//572 8595//555 8596//556
f 8511//471 8587//573 8596//556 8512//470
f 8588//548 8472//432 8473//432 8597//557
f 8589//549 8588//548 8597//557 8598//558
f 8590//550 8589//549 8598//558 8599//559
f 8591//551 8590//550 8599//559 8600//560
f 8592//552 8591//551 8600//560 8601//561
f 8593//553 8592//552 8601//561 8602//553
f 8594//554 8593//553 8602//553 8603//562
f 8595//555 8594//554 8603//562 8604//563
f 8596//556 8595//555 8604//563 8605//564
f 8512//470 8596//556 8605//564 8513//470
f 8597//557 8473//432 8474//432 8606//548
f 8598//558 8597//557 8606//548 8607//549
f 8599//559 8598//558 8607//549 8608//550
f 8600//560 8599//559 8608//550 8609//551
f 8601//561 8600//560 8609//551 8610//552
f 8602//553 8601//561 8610//552 8611//553
f 8603//562 8602//553 8611//553 8612//554
f 8604//563 8603//562 8612//554 8613//555
f 8605//564 8604//563 8613//555 8614//556
f 8513//470 8605//564 8614//556 8514//470
f 8606//548 8474//432 8475//431 8615//2167
f 8607//549 8606//548 8615//2167 8616//540
f 8608//550 8607//549 8616//540 8617//541
f 8609//551 8608//550 8617//541 8618//542
f 8610//552 8609//551 8618//542 8619//543
f 8611//553 8610//552 8619//543 8620//544
f 8612//554 8611//553 8620//544 8621//545
f 8613//555 8612//554 8621//545 8622//546
f 8614//556 8613//555 8622//546 8623//547
f 8514//470 8614//556 8623//547 8515//469
f 8615//2167 8475//431 8476//2596 8624//530
f 8616//540 8615//2167 8624//530 8625//531
f 8617//541 8616//540 8625//531 8626//532
f 8618//542 8617//541 8626//532 8627//533
f 8619//543 8618//542 8627//533 8628//2168
f 8620//544 8619//543 8628//2168 8629//535
f 8621//545 8620//544 8629//535 8630//536
f 8622//546 8621//545 8630//536 8631//537
f 8623//547 8622//546 8631//537 8632//538
f 8515//469 8623//547 8632//538 8516//468
f 8624//530 8476//2596 8477//429 8633//521
f 8625//531 8624//530 8633//521 8634//522
f 8626//532 8625//531 8634//522 8635//523
f 8627//533 8626//532 8635//523 8636//524
f 8628//2168 8627//533 8636//524 8637//525
f 8629//535 8628//2168 8637//525 8638//526
f 8630//536 8629//535 8638//526 8639//2169
f 8631//537 8630//536 8639//2169 8640//528
f 8632//538 8631//537 8640//528 8641//529
f 8516//468 8632//538 8641//529 8642//467
f 8633//521 8477//429 8478//2120 8643//2670
f 8634//522 8633//521 8643//2670 8644//2172
f 8635//523 8634//522 8644//2172 8645//2173
f 8636//524 8635//523 8645//2173 8646//2174
f 8637//525 8636//524 8646//2174 8647//2175
f 8638//526 8637//525 8647//2175 8648//2176
f 8639//2169 8638//526 8648//2176 8649//2177
f 8640//528 8639//2169 8649//2177 8650//2178
f 8641//529 8640//528 8650//2178 8651//2179
f 8642//467 8641//529 8651//2179 8517//2135
f 8643//2670 8478//2120 8479//2121 8652//2180
f 8644//2172 8643//2670 8652//2180 8653//2181
f 8645//2173 8644//2172 8653//2181 8654//2182
f 8646//2174 8645//2173 8654//2182 8655//2183
f 8647//2175 8646//2174 8655//2183 8656//2184
f 8648//2176 8647//2175 8656//2184 8657//2185
f 8649//2177 8648//2176 8657//2185 8658//2186
f 8650//2178 8649//2177 8658//2186 8659//2187
f 8651//2179 8650//2178 8659//2187 8660//2671
f 8517//2135 8651//2179 8660//2671 8518//2136
f 8652//2180 8479//2121 8480//2122 8661//2189
f 8653//2181 8652//2180 8661//2189 8662//2190
f 8654//2182 8653//2181 8662//2190 8663//2191
f 8655//2183 8654//2182 8663//2191 8664//2192
f 8656//2184 8655//2183 8664//2192 8665//2193
f 8657//2185 8656//2184 8665//2193 8666//2194
f 8658//2186 8657//2185 8666//2194 8667//2195
f 8659//2187 8658//2186 8667//2195 8668//2196
f 8660//2671 8659//2187 8668//2196 8669//2197
f 8518//2136 8660//2671 8669//2197 8519//2137
f 8661//2189 8480//2122 8481//2667 8670//628
f 8662//2190 8661//2189 8670//628 8671//2672
f 8663//2191 8662//2190 8671//2672 8672//632
f 8664//2192 8663//2191 8672//632 8673//2673
f 8665//2193 8664//2192 8673//2673 8674//636
f 8666//2194 8665//2193 8674//636 8675//638
f 8667//2195 8666//2194 8675//638 8676//640
f 8668//2196 8667//2195 8676//640 8677//642
f 8669//2197 8668//2196 8677//642 8678//644
f 8519//2137 8669//2197 8678//644 8520//479
f 8679//619 8482//439 8483//2123 8688//2198
f 8680//620 8679//619 8688//2198 8689//2199
f 8681//621 8680//620 8689//2199 8690//2200
f 8682//2674 8681//621 8690//2200 8691//2201
f 8683//623 8682//2674 8691//2201 8692//2202
f 8684//624 8683//623 8692//2202 8693//2203
f 8685//625 8684//624 8693//2203 8694//2204
f 8686//626 8685//625 8694//2204 8695//2206
f 8687//627 8686//626 8695//2206 8696//2207
f 8521//477 8687//627 8696//2207 8522//2138
f 8688//2198 8483//2123 8484//2124 8697//2208
f 8689//2199 8688//2198 8697//2208 8698//2209
f 8690//2200 8689//2199 8698//2209 8699//2210
f 8691//2201 8690//2200 8699//2210 8700//2211
f 8692//2202 8691//2201 8700//2211 8701//2675
f 8693//2203 8692//2202 8701//2675 8702//2213
f 8694//2204 8693//2203 8702//2213 8703//2214
f 8695//2206 8694//2204 8703//2214 8704//2215
f 8696//2207 8695//2206 8704//2215 8705//2216
f 8522//2138 8696//2207 8705//2216 8523//2139
f 8697//2208 8484//2124 8485//2125 8706//2217
f 8698//2209 8697//2208 8706//2217 8707//2676
f 8699//2210 8698//2209 8707//2676 8708//2219
f 8700//2211 8699//2210 8708//2219 8709//2220
f 8701//2675 8700//2211 8709//2220 8710//2221
f 8702//2213 8701//2675 8710//2221 8711//2222
f 8703//2214 8702//2213 8711//2222 8712//2223
f 8704//2215 8703//2214 8712//2223 8713//2224
f 8705//2216 8704//2215 8713//2224 8714//2225
f 8523//2139 8705//2216 8714//2225 8524//2140
f 8706//2217 8485//2125 8486//462 8715//826
f 8707//2676 8706//2217 8715//826 8716//827
f 8708//2219 8707//2676 8716//827 8717//828
f 8709//2220 8708//2219 8717//828 8718//829
f 8710//2221 8709//2220 8718//829 8719//830
f 8711//2222 8710//2221 8719//830 8720//831
f 8712//2223 8711//2222 8720//831 8721//832
f 8713//2224 8712//2223 8721//832 8722//833
f 8714//2225 8713//2224 8722//833 8723//834
f 8524//2140 8714//2225 8723//834 8525//500
f 8715//826 8486//462 8487//2126 8724//817
f 8716//827 8715//826 8724//817 8725//818
f 8717//828 8716//827 8725//818 8726//819
f 8718//829 8717//828 8726//819 8727//820
f 8719//830 8718//829 8727//820 8728//821
f 8720//831 8719//830 8728//821 8729//822
f 8721//832 8720//831 8729//822 8730//823
f 8722//833 8721//832 8730//823 8731//824
f 8723//834 8722//833 8731//824 8732//825
f 8525//500 8723//834 8732//825 8526//499
f 8724//817 8487//2126 8488//460 8733//808
f 8725//818 8724//817 8733//808 8734//809
f 8726//819 8725//818 8734//809 8735//810
f 8727//820 8726//819 8735//810 8736//811
f 8728//821 8727//820 8736//811 8737//812
f 8729//822 8728//821 8737//812 8738//813
f 8730//823 8729//822 8738//813 8739//814
f 8731//824 8730//823 8739//814 8740//815
f 8732//825 8731//824 8740//815 8741//816
f 8526//499 8732//825 8741//816 8742//2141
f 8733//808 8488//460 8489//2127 8743//799
f 8734//809 8733//808 8743//799 8744//800
f 8735//810 8734//809 8744//800 8745//801
f 8736//811 8735//810 8745//801 8746//802
f 8737//812 8736//811 8746//802 8747//803
f 8738//813 8737//812 8747//803 8748//804
f 8739//814 8738//813 8748//804 8749//805
f 8740//815 8739//814 8749//805 8750//806
f 8741//816 8740//815 8750//806 8751//807
f 8742//2141 8741//816 8751//807 8752//497
f 8743//799 8489//2127 8490//458 8753//2226
f 8744//800 8743//799 8753//2226 8754//791
f 8745//801 8744//800 8754//791 8755//792
f 8746//802 8745//801 8755//792 8756//793
f 8747//803 8746//802 8756//793 8757//794
f 8748//804 8747//803 8757//794 8758//795
f 8749//805 8748//804 8758//795 8759//796
f 8750//806 8749//805 8759//796 8760//797
f 8751//807 8750//806 8760//797 8761//798
f 8752//497 8751//807 8761//798 8527//2142
f 8753//2226 8490//458 8491//457 8762//781
f 8754//791 8753//2226 8762//781 8763//2677
f 8755//792 8754//791 8763//2677 8764//783
f 8756//793 8755//792 8764//783 8765//784
f 8757//794 8756//793 8765//784 8766//785
f 8758//795 8757//794 8766//785 8767//786
f 8759//796 8758//795 8767//786 8768//787
f 8760//797 8759//796 8768//787 8769//788
f 8761//798 8760//797 8769//788 8770//789
f 8527//2142 8761//798 8770//789 8528//495
f 8762//781 8491//457 8492//456 8771//772
f 8763//2677 8762//781 8771//772 8772//773
f 8764//783 8763//2677 8772//773 8773//774
f 8765//784 8764//783 8773//774 8774//775
f 8766//785 8765//784 8774//775 8775//776
f 8767//786 8766//785 8775//776 8776//777
f 8768//787 8767//786 8776//777 8777//778
f 8769//788 8768//787 8777//778 8778//779
f 8770//789 8769//788 8778//779 8779//780
f 8528//495 8770//789 8779//780 8529//494
f 8771//772 8492//456 8493//455 8780//763
f 8772//773 8771//772 8780//763 8781//764
f 8773//774 8772//773 8781//764 8782//765
f 8774//775 8773//774 8782//765 8783//766
f 8775//776 8774//775 8783//766 8784//767
f 8776//777 8775//776 8784//767 8785//768
f 8777//778 8776//777 8785//768 8786//769
f 8778//779 8777//778 8786//769 8787//770
f 8779//780 8778//779 8787//770 8788//771
f 8529//494 8779//780 8788//771 8530//493
f 8780//763 8493//455 8494//454 8789//754
f 8781//764 8780//763 8789//754 8790//755
f 8782//765 8781//764 8790//755 8791//756
f 8783//766 8782//765 8791//756 8792//757
f 8784//767 8783//766 8792//757 8793//758
f 8785//768 8784//767 8793//758 8794//759
f 8786//769 8785//768 8794//759 8795//760
f 8787//770 8786//769 8795//760 8796//761
f 8788//771 8787//770 8796//761 8797//762
f 8530//493 8788//771 8797//762 8531//492
f 8789//754 8494//454 8495//453 8798//745
f 8790//755 8789//754 8798//745 8799//746
f 8791//756 8790//755 8799//746 8800//747
f 8792//757 8791//756 8800//747 8801//748
f 8793//758 8792//757 8801//748 8802//749
f 8794//759 8793//758 8802//749 8803//750
f 8795//760 8794//759 8803//750 8804//751
f 8796//761 8795//760 8804//751 8805//752
f 8797//762 8796//761 8805//752 8806//753
f 8531//492 8797//762 8806//753 8532//491
f 8798//745 8495//453 8496//2668 8807//736
f 8799//746 8798//745 8807//736 8808//737
f 8800//747 8799//746 8808//737 8809//738
f 8801//748 8800//747 8809//738 8810//739
f 8802//749 8801//748 8810//739 8811//740
f 8803//750 8802//749 8811//740 8812//741
f 8804//751 8803//750 8812//741 8813//742
f 8805//752 8804//751 8813//742 8814//743
f 8806//753 8805//752 8814//743 8815//744
f 8532//491 8806//753 8815//744 8533//490
f 8807//736 8496//2668 8497//451 8816//727
f 8808//737 8807//736 8816//727 8817//728
f 8809//738 8808//737 8817//728 8818//729
f 8810//739 8809//738 8818//729 8819//730
f 8811//740 8810//739 8819//730 8820//731
f 8812//741 8811//740 8820//731 8821//732
f 8813//742 8812//741 8821//732 8822//733
f 8814//743 8813//742 8822//733 8823//734
f 8815//744 8814//743 8823//734 8824//735
f 8533//490 8815//744 8824//735 8534//489
f 8816//727 8497//451 8498//450 8825//2228
f 8817//728 8816//727 8825//2228 8826//719
f 8818//729 8817//728 8826//719 8827//720
f 8819//730 8818//729 8827//720 8828//721
f 8820//731 8819//730 8828//721 8829//722
f 8821//732 8820//731 8829//722 8830//723
f 8822//733 8821//732 8830//723 8831//724
f 8823//734 8822//733 8831//724 8832//725
f 8824//735 8823//734 8832//725 8833//726
f 8534//489 8824//735 8833//726 8535//488
f 8825//2228 8498//450 8499//449 8834//709
f 8826//719 8825//2228 8834//709 8835//2231
f 8827//720 8826//719 8835//2231 8836//711
f 8828//721 8827//720 8836//711 8837//712
f 8829//722 8828//721 8837//712 8838//713
f 8830//723 8829//722 8838//713 8839//714
f 8831//724 8830//723 8839//714 8840//715
f 8832//725 8831//724 8840//715 8841//716
f 8833//726 8832//725 8841//716 8842//717
f 8535//488 8833//726 8842//717 8536//487
f 8834//709 8499//449 8500//2130 8843//2678
f 8835//2231 8834//709 8843//2678 8844//701
f 8836//711 8835//2231 8844//701 8845//702
f 8837//712 8836//711 8845//702 8846//703
f 8838//713 8837//712 8846//703 8847//704
f 8839//714 8838//713 8847//704 8848//705
f 8840//715 8839//714 8848//705 8849//706
f 8841//716 8840//715 8849//706 8850//707
f 8842//717 8841//716 8850//707 8851//708
f 8536//487 8842//717 8851//708 8537//486
f 8843//2678 8500//2130 8501//447 8852//691
f 8844//701 8843//2678 8852//691 8853//692
f 8845//702 8844//701 8853//692 8854//693
f 8846//703 8845//702 8854//693 8855//694
f 8847//704 8846//703 8855//694 8856//695
f 8848//705 8847//704 8856//695 8857//696
f 8849//706 8848//705 8857//696 8858//697
f 8850//707 8849//706 8858//697 8859//698
f 8851//708 8850//707 8859//698 8860//699
f 8537//486 8851//708 8860//699 8538//485
f 8852//691 8501//447 8502//446 8861//2679
f 8853//692 8852//691 8861//2679 8862//683
f 8854//693 8853//692 8862//683 8863//684
f 8855//694 8854//693 8863//684 8864//685
f 8856//695 8855//694 8864//685 8865//686
f 8857//696 8856//695 8865//686 8866//687
f 8858//697 8857//696 8866//687 8867//688
f 8859//698 8858//697 8867//688 8868//689
f 8860//699 8859//698 8868//689 8869//690
f 8538//485 8860//699 8869//690 8539//2143
f 8861//2679 8502//446 8503//445 8870//673
f 8862//683 8861//2679 8870//673 8871//674
f 8863//684 8862//683 8871//674 8872//675
f 8864//685 8863//684 8872//675 8873//676
f 8865//686 8864//685 8873//676 8874//677
f 8866//687 8865//686 8874//677 8875//678
f 8867//688 8866//687 8875//678 8876//679
f 8868//689 8867//688 8876//679 8877//680
f 8869//690 8868//689 8877//680 8878//681
f 8539//2143 8869//690 8878//681 8879//483
f 8870//673 8503//445 8504//444 8880//664
f 8871//674 8870//673 8880//664 8881//665
f 8872//675 8871//674 8881//665 8882//666
f 8873//676 8872//675 8882//666 8883//667
f 8874//677 8873//676 8883//667 8884//668
f 8875//678 8874//677 8884//668 8885//669
f 8876//679 8875//678 8885//669 8886//670
f 8877//680 8876//679 8886//670 8887//671
f 8878//681 8877//680 8887//671 8888//672
f 8879//483 8878//681 8888//672 8540//482
f 8880//664 8504//444 8505//2131 8889//2232
f 8881//665 8880//664 8889//2232 8890//2233
f 8882//666 8881//665 8890//2233 8891//2234
f 8883//667 8882//666 8891//2234 8892//2235
f 8884//668 8883//667 8892//2235 8893//2680
f 8885//669 8884//668 8893//2680 8894//2237
f 8886//670 8885//669 8894//2237 8895//2238
f 8887//671 8886//670 8895//2238 8896//2239
f 8888//672 8887//671 8896//2239 8897//2240
f 8540//482 8888//672 8897//2240 8541//2669
f 8889//2232 8505//2131 8506//2132 8898//2241
f 8890//2233 8889//2232 8898//2241 8899//2242
f 8891//2234 8890//2233 8899//2242 8900//2243
f 8892//2235 8891//2234 8900//2243 8901//2244
f 8893//2680 8892//2235 8901//2244 8902//2245
f 8894//2237 8893//2680 8902//2245 8903//2681
f 8895//2238 8894//2237 8903//2681 8904//2247
f 8896//2239 8895//2238 8904//2247 8905//2248
f 8897//2240 8896//2239 8905//2248 8906//2249
f 8541//2669 8897//2240 8906//2249 8542//2145
f 8908//897 8907//898 8918//887 8919//886
f 8909//899 8908//897 8919//886 8920//888
f 8910//900 8909//899 8920//888 8921//889
f 8911//901 8910//900 8921//889 8922//890
f 8912//863 8911//901 8922//890 8923//891
f 8913//902 8912//863 8923//891 8924//892
f 8914//903 8913//902 8924//892 8925//893
f 8915//904 8914//903 8925//893 8926//894
f 8916//905 8915//904 8926//894 8927//895
f 8917//906 8916//905 8927//895 8928//2611
f 8919//886 8918//887 8929//876 8930//875
f 8920//888 8919//886 8930//875 8931//877
f 8921//889 8920//888 8931//877 8932//878
f 8922//890 8921//889 8932//878 8933//879
f 8923//891 8922//890 8933//879 8934//880
f 8924//892 8923//891 8934//880 8935//881
f 8925//893 8924//892 8935//881 8936//882
f 8926//894 8925//893 8936//882 8937//883
f 8927//895 8926//894 8937//883 8938//884
f 8928//2611 8927//895 8938//884 8939//885
f 8930//875 8929//876 8940//855 8941//2251
f 8931//877 8930//875 8941//2251 8942//858
f 8932//878 8931//877 8942//858 8943//860
f 8933//879 8932//878 8943//860 8944//862
f 8934//880 8933//879 8944//862 8945//864
f 8935//881 8934//880 8945//864 8946//866
f 8936//882 8935//881 8946//866 8947//868
f 8937//883 8936//882 8947//868 8948//870
f 8938//884 8937//883 8948//870 8949//872
f 8939//885 8938//884 8949//872 8950//2610
f 8941//2251 8940//855 8951//856 8952//853
f 8942//858 8941//2251 8952//853 8953//857
f 8943//860 8942//858 8953//857 8954//859
f 8944//862 8943//860 8954//859 8955//861
f 8945//864 8944//862 8955//861 8956//863
f 8946//866 8945//864 8956//863 8957//865
f 8947//868 8946//866 8957//865 8958//867
f 8948//870 8947//868 8958//867 8959//869
f 8949//872 8948//870 8959//869 8960//871
f 8950//2610 8949//872 8960//871 8961//873
f 8962//911 8917//906 8928//2611 8963//2613
f 8963//2613 8928//2611 8939//885 8964//909
f 8964//909 8939//885 8950//2610 8965//2612
f 8965//2612 8950//2610 8961//873 8966//907
f 8907//898 8967//916 8968//915 8918//887
f 8918//887 8968//915 8969//914 8929//876
f 8929//876 8969//914 8970//912 8940//855
f 8940//855 8970//912 8971//913 8951//856
f 8972//2617 8962//911 8963//2613 8981//944
f 8973//954 8972//2617 8981//944 8982//945
f 8974//955 8973//954 8982//945 8983//946
f 8975//956 8974//955 8983//946 8984//947
f 8976//925 8975//956 8984//947 8985//948
f 8977//957 8976//925 8985//948 8986//949
f 8978//958 8977//957 8986//949 8987//950
f 8979//959 8978//958 8987//950 8988//951
f 8980//2253 8979//959 8988//951 8989//2682
f 8967//916 8980//2253 8989//2682 8968//915
f 8981//944 8963//2613 8964//909 8990//2615
f 8982//945 8981//944 8990//2615 8991//2616
f 8983//946 8982//945 8991//2616 8992//937
f 8984//947 8983//946 8992//937 8993//938
f 8985//948 8984//947 8993//938 8994//939
f 8986//949 8985//948 8994//939 8995//940
f 8987//950 8986//949 8995//940 8996//941
f 8988//951 8987//950 8996//941 8997//942
f 8989//2682 8988//951 8997//942 8998//943
f 8968//915 8989//2682 8998//943 8969//914
f 8990//2615 8964//909 8965//2612 8999//918
f 8991//2616 8990//2615 8999//918 9000//920
f 8992//937 8991//2616 9000//920 9001//922
f 8993//938 8992//937 9001//922 9002//924
f 8994//939 8993//938 9002//924 9003//926
f 8995//940 8994//939 9003//926 9004//928
f 8996//941 8995//940 9004//928 9005//930
f 8997//942 8996//941 9005//930 9006//932
f 8998//943 8997//942 9006//932 9007//2254
f 8969//914 8998//943 9007//2254 8970//912
f 8999//918 8965//2612 8966//907 9008//2614
f 9000//920 8999//918 9008//2614 9009//919
f 9001//922 9000//920 9009//919 9010//921
f 9002//924 9001//922 9010//921 9011//923
f 9003//926 9002//924 9011//923 9012//925
f 9004//928 9003//926 9012//925 9013//927
f 9005//930 9004//928 9013//927 9014//929
f 9006//932 9005//930 9014//929 9015//931
f 9007//2254 9006//932 9015//931 9016//933
f 8970//912 9007//2254 9016//933 8971//913
f 9018//1928 9017//1929 9034//1930 9033//1931 9032//1932 9031//1933 9030//1934 9029//1935 9028//1936 9027//1919 9026//1920 9025//1921 9024//1922 9023//1923 9022//1924 9021//1925 9020//1926 9019//1927
f 9043//1954 9044//1951 9062//1972 9061//1971
f 9028//1936 9029//1935 9047//1956 9046//1953
f 9021//1925 9022//1924 9040//1947 9039//1945
f 9029//1935 9030//1934 9048//1944 9047//1956
f 9022//1924 9023//1923 9041//1949 9040//1947
f 9030//1934 9031//1933 9049//1943 9048//1944
f 9023//1923 9024//1922 9042//1952 9041//1949
f 9031//1933 9032//1932 9050//1946 9049//1943
f 9024//1922 9025//1921 9043//1954 9042//1952
f 9017//1929 9018//1928 9036//1955 9035//1938
f 9032//1932 9033//1931 9051//1948 9050//1946
f 9025//1921 9026//1920 9044//1951 9043//1954
f 9018//1928 9019//1927 9037//1942 9036//1955
f 9033//1931 9034//1930 9052//1937 9051//1948
f 9026//1920 9027//1919 9045//1950 9044//1951
f 9019//1927 9020//1926 9038//1941 9037//1942
f 9034//1930 9017//1929 9035//1938 9052//1937
f 9027//1919 9028//1936 9046//1953 9045//1950
f 9020//1926 9021//1925 9039//1945 9038//1941
f 9054//1964 9055//1965 9056//1966 9057//1967 9058//1968 9059//1969 9060//1970 9061//1971 9062//1972 9063//1957 9064//1958 9065//1959 9066//1960 9067//1961 9068//1962 9069//1963 9070//1940 9053//1939
f 9036//1955 9037//1942 9055//1965 9054//1964
f 9051//1948 9052//1937 9070//1940 9069//1963
f 9044//1951 9045//1950 9063//1957 9062//1972
f 9037//1942 9038//1941 9056//1966 9055//1965
f 9052//1937 9035//1938 9053//1939 9070//1940
f 9045//1950 9046//1953 9064//1958 9063//1957
f 9038//1941 9039//1945 9057//1967 9056//1966
f 9046//1953 9047//1956 9065//1959 9064//1958
f 9039//1945 9040//1947 9058//1968 9057//1967
f 9047//1956 9048//1944 9066//1960 9065//1959
f 9040//1947 9041//1949 9059//1969 9058//1968
f 9048//1944 9049//1943 9067//1961 9066//1960
f 9041//1949 9042//1952 9060//1970 9059//1969
f 9049//1943 9050//1946 9068//1962 9067//1961
f 9042//1952 9043//1954 9061//1971 9060//1970
f 9035//1938 9036//1955 9054//1964 9053//1939
f 9050//1946 9051//1948 9069//1963 9068//1962
usemtl Material.002
f 1//2683 2498//2684 4940//925 2441//2685
f 2497//2686 4939//2687 4940//925 2498//2684
f 4997//2688 2441//2685 4940//925 7034//2689
f 7033//2690 7034//2689 4940//925 4939//2687
f 4939//2687 9075//2691 9074//2692 7033//2690
f 7033//2690 9074//2692 9071//2693 7034//2689
f 2441//2685 4997//2688 9072//2694 9073//2695
f 4997//2688 7034//2689 9071//2693 9072//2694
f 4939//2687 2497//2686 9078//2696 9075//2691
f 2497//2686 2498//2684 9076//2697 9078//2696
f 2441//2685 9073//2695 9077//2698 1//2683
f 1//2683 9077//2698 9076//2697 2498//2684
usemtl Material.003
f 9077//2698 2//2699 2500//2700 9076//2697
f 9073//2695 2442//2701 2//2699 9077//2698
f 2//2699 2442//2701 4942//863 2500//2700
f 9078//2696 9076//2697 2500//2700 2499//2702
f 9075//2691 9078//2696 2499//2702 4941//2703
f 2499//2702 2500//2700 4942//863 4941//2703
f 9072//2694 9071//2693 7036//2704 4998//2705
f 9073//2695 9072//2694 4998//2705 2442//2701
f 4998//2705 7036//2704 4942//863 2442//2701
f 9074//2692 7035//2706 7036//2704 9071//2693
f 9075//2691 4941//2703 7035//2706 9074//2692
f 7035//2706 4941//2703 4942//863 7036//2704
usemtl Material.004
f 2366//2707 2365//2708 2397//2709 2398//2710
f 2401//2711 2400//2712 2432//2713 2433//2714
f 2353//2715 2352//2716 2384//2717 2385//2718
f 2367//2719 2366//2707 2398//2710 2399//2720
f 2354//2721 2353//2715 2385//2718 2386//2722
f 2368//2723 2367//2719 2399//2720 2400//2712
f 2355//2724 2354//2721 2386//2722 2387//2725
f 2369//2726 2368//2723 2400//2712 2401//2711
f 2356//2727 2355//2724 2387//2725 2388//2728
f 2370//2729 2369//2726 2401//2711 2402//2730
f 2357//2731 2356//2727 2388//2728 2389//2732
f 2371//2733 2370//2729 2402//2730 2403//2734
f 2358//2735 2357//2731 2389//2732 2390//2736
f 2372//2737 2371//2733 2403//2734 2404//2738
f 2359//2739 2358//2735 2390//2736 2391//2740
f 2346//2741 2345//2742 2377//2743 2378//2744
f 2373//2745 2372//2737 2404//2738 2405//2746
f 2360//2747 2359//2739 2391//2740 2392//2748
f 2347//2749 2346//2741 2378//2744 2379//2750
f 2374//2751 2373//2745 2405//2746 2406//2752
f 2361//2753 2360//2747 2392//2748 2393//2754
f 2348//2755 2347//2749 2379//2750 2380//2756
f 2375//2757 2374//2751 2406//2752 2407//2758
f 2362//2759 2361//2753 2393//2754 2394//2760
f 2349//2761 2348//2755 2380//2756 2381//2762
f 2376//2763 2375//2757 2407//2758 2408//2764
f 2363//2765 2362//2759 2394//2760 2395//2766
f 2350//2767 2349//2761 2381//2762 2382//2768
f 2345//2742 2376//2763 2408//2764 2377//2743
f 2364//2769 2363//2765 2395//2766 2396//2770
f 2351//2771 2350//2767 2382//2768 2383//2772
f 2365//2708 2364//2769 2396//2770 2397//2709
f 2352//2716 2351//2771 2383//2772 2384//2717
f 2388//2728 2387//2725 2419//2773 2420//2774
f 2402//2730 2401//2711 2433//2714 2434//2775
f 2389//2732 2388//2728 2420//2774 2421//2776
f 2403//2734 2402//2730 2434//2775 2435//2777
f 2390//2736 2389//2732 2421//2776 2422//2778
f 2404//2738 2403//2734 2435//2777 2436//2779
f 2391//2740 2390//2736 2422//2778 2423//2780
f 2378//2744 2377//2743 2409//2781 2410//2782
f 2405//2746 2404//2738 2436//2779 2437//2783
f 2392//2748 2391//2740 2423//2780 2424//2784
f 2379//2750 2378//2744 2410//2782 2411//2785
f 2406//2752 2405//2746 2437//2783 2438//2786
f 2393//2754 2392//2748 2424//2784 2425//2787
f 2380//2756 2379//2750 2411//2785 2412//2788
f 2407//2758 2406//2752 2438//2786 2439//2789
f 2394//2760 2393//2754 2425//2787 2426//2790
f 2381//2762 2380//2756 2412//2788 2413//2791
f 2408//2764 2407//2758 2439//2789 2440//2792
f 2395//2766 2394//2760 2426//2790 2427//2793
f 2382//2768 2381//2762 2413//2791 2414//2794
f 2377//2743 2408//2764 2440//2792 2409//2781
f 2396//2770 2395//2766 2427//2793 2428//2795
f 2383//2772 2382//2768 2414//2794 2415//2796
f 2397//2709 2396//2770 2428//2795 2429//2797
f 2384//2717 2383//2772 2415//2796 2416//2798
f 2398//2710 2397//2709 2429//2797 2430//2799
f 2385//2718 2384//2717 2416//2798 2417//2800
f 2399//2720 2398//2710 2430//2799 2431//2801
f 2386//2722 2385//2718 2417//2800 2418//2802
f 2400//2712 2399//2720 2431//2801 2432//2713
f 2387//2725 2386//2722 2418//2802 2419//2773
f 2346//2741 2347//2749 2348//2755 2349//2761 2350//2767 2351//2771 2352//2716 2353//2715 2354//2721 2355//2724 2356//2727 2357//2731 2358//2735 2359//2739 2360//2747 2361//2753 2362//2759 2363//2765 2364//2769 2365//2708 2366//2707 2367//2719 2368//2723 2369//2726 2370//2729 2371//2733 2372//2737 2373//2745 2374//2751 2375//2757 2376//2763 2345//2742
f 4864//2727 4896//2728 4895//2732 4863//2731
f 4899//2718 4931//2800 4930//2802 4898//2722
f 4851//2726 4883//2711 4882//2730 4850//2729
f 4865//2724 4897//2725 4896//2728 4864//2727
f 4852//2723 4884//2712 4883//2711 4851//2726
f 4866//2721 4898//2722 4897//2725 4865//2724
f 4853//2719 4885//2720 4884//2712 4852//2723
f 4867//2715 4899//2718 4898//2722 4866//2721
f 4854//2707 4886//2710 4885//2720 4853//2719
f 4868//2716 4900//2717 4899//2718 4867//2715
f 4855//2708 4887//2709 4886//2710 4854//2707
f 4869//2771 4901//2772 4900//2717 4868//2716
f 4856//2769 4888//2770 4887//2709 4855//2708
f 4870//2767 4902//2768 4901//2772 4869//2771
f 4857//2765 4889//2766 4888//2770 4856//2769
f 4844//2763 4876//2764 4875//2743 4843//2742
f 4871//2761 4903//2762 4902//2768 4870//2767
f 4858//2759 4890//2760 4889//2766 4857//2765
f 4845//2757 4877//2758 4876//2764 4844//2763
f 4872//2755 4904//2756 4903//2762 4871//2761
f 4859//2753 4891//2754 4890//2760 4858//2759
f 4846//2751 4878//2752 4877//2758 4845//2757
f 4873//2749 4905//2750 4904//2756 4872//2755
f 4860//2747 4892//2748 4891//2754 4859//2753
f 4847//2745 4879//2746 4878//2752 4846//2751
f 4874//2741 4906//2744 4905//2750 4873//2749
f 4861//2739 4893//2740 4892//2748 4860//2747
f 4848//2737 4880//2738 4879//2746 4847//2745
f 4843//2742 4875//2743 4906//2744 4874//2741
f 4862//2735 4894//2736 4893//2740 4861//2739
f 4849//2733 4881//2734 4880//2738 4848//2737
f 4863//2731 4895//2732 4894//2736 4862//2735
f 4850//2729 4882//2730 4881//2734 4849//2733
f 4886//2710 4918//2799 4917//2801 4885//2720
f 4900//2717 4932//2798 4931//2800 4899//2718
f 4887//2709 4919//2797 4918//2799 4886//2710
f 4901//2772 4933//2796 4932//2798 4900//2717
f 4888//2770 4920//2795 4919//2797 4887//2709
f 4902//2768 4934//2794 4933//2796 4901//2772
f 4889//2766 4921//2793 4920//2795 4888//2770
f 4876//2764 4908//2792 4907//2781 4875//2743
f 4903//2762 4935//2791 4934//2794 4902//2768
f 4890//2760 4922//2790 4921//2793 4889//2766
f 4877//2758 4909//2789 4908//2792 4876//2764
f 4904//2756 4936//2788 4935//2791 4903//2762
f 4891//2754 4923//2787 4922//2790 4890//2760
f 4878//2752 4910//2786 4909//2789 4877//2758
f 4905//2750 4937//2785 4936//2788 4904//2756
f 4892//2748 4924//2784 4923//2787 4891//2754
f 4879//2746 4911//2783 4910//2786 4878//2752
f 4906//2744 4938//2782 4937//2785 4905//2750
f 4893//2740 4925//2780 4924//2784 4892//2748
f 4880//2738 4912//2779 4911//2783 4879//2746
f 4875//2743 4907//2781 4938//2782 4906//2744
f 4894//2736 4926//2778 4925//2780 4893//2740
f 4881//2734 4913//2777 4912//2779 4880//2738
f 4895//2732 4927//2776 4926//2778 4894//2736
f 4882//2730 4914//2775 4913//2777 4881//2734
f 4896//2728 4928//2774 4927//2776 4895//2732
f 4883//2711 4915//2714 4914//2775 4882//2730
f 4897//2725 4929//2773 4928//2774 4896//2728
f 4884//2712 4916//2713 4915//2714 4883//2711
f 4898//2722 4930//2802 4929//2773 4897//2725
f 4885//2720 4917//2801 4916//2713 4884//2712
f 4844//2763 4843//2742 4874//2741 4873//2749 4872//2755 4871//2761 4870//2767 4869//2771 4868//2716 4867//2715 4866//2721 4865//2724 4864//2727 4863//2731 4862//2735 4861//2739 4860//2747 4859//2753 4858//2759 4857//2765 4856//2769 4855//2708 4854//2707 4853//2719 4852//2723 4851//2726 4850//2729 4849//2733 4848//2737 4847//2745 4846//2751 4845//2757
f 9100//2803 9132//2804 9131//2805 9099//2806
f 9135//2807 9167//2808 9166//2809 9134//2810
f 9087//2811 9119//2812 9118//2813 9086//2814
f 9101//2815 9133//2816 9132//2804 9100//2803
f 9088//2817 9120//2818 9119//2812 9087//2811
f 9102//2819 9134//2810 9133//2816 9101//2815
f 9089//2820 9121//2821 9120//2818 9088//2817
f 9103//2822 9135//2807 9134//2810 9102//2819
f 9090//2823 9122//2824 9121//2821 9089//2820
f 9104//2825 9136//2826 9135//2807 9103//2822
f 9091//2827 9123//2828 9122//2824 9090//2823
f 9105//2829 9137//2830 9136//2826 9104//2825
f 9092//2831 9124//2832 9123//2828 9091//2827
f 9106//2833 9138//2834 9137//2830 9105//2829
f 9093//2835 9125//2836 9124//2832 9092//2831
f 9080//2837 9112//2838 9111//2839 9079//2840
f 9107//2841 9139//2842 9138//2834 9106//2833
f 9094//2843 9126//2844 9125//2836 9093//2835
f 9081//2845 9113//2846 9112//2838 9080//2837
f 9108//2847 9140//2848 9139//2842 9107//2841
f 9095//2849 9127//2850 9126//2844 9094//2843
f 9082//2851 9114//2852 9113//2846 9081//2845
f 9109//2853 9141//2854 9140//2848 9108//2847
f 9096//2855 9128//2856 9127//2850 9095//2849
f 9083//2857 9115//2858 9114//2852 9082//2851
f 9110//2859 9142//2860 9141//2854 9109//2853
f 9097//2861 9129//2862 9128//2856 9096//2855
f 9084//2863 9116//2864 9115//2858 9083//2857
f 9079//2840 9111//2839 9142//2860 9110//2859
f 9098//2865 9130//2866 9129//2862 9097//2861
f 9085//2867 9117//2868 9116//2864 9084//2863
f 9099//2806 9131//2805 9130//2866 9098//2865
f 9086//2814 9118//2813 9117//2868 9085//2867
f 9122//2824 9154//2869 9153//2870 9121//2821
f 9136//2826 9168//2871 9167//2808 9135//2807
f 9123//2828 9155//2872 9154//2869 9122//2824
f 9137//2830 9169//2873 9168//2871 9136//2826
f 9124//2832 9156//2874 9155//2872 9123//2828
f 9138//2834 9170//2875 9169//2873 9137//2830
f 9125//2836 9157//2876 9156//2874 9124//2832
f 9112//2838 9144//2877 9143//2878 9111//2839
f 9139//2842 9171//2879 9170//2875 9138//2834
f 9126//2844 9158//2880 9157//2876 9125//2836
f 9113//2846 9145//2881 9144//2877 9112//2838
f 9140//2848 9172//2882 9171//2879 9139//2842
f 9127//2850 9159//2883 9158//2880 9126//2844
f 9114//2852 9146//2884 9145//2881 9113//2846
f 9141//2854 9173//2885 9172//2882 9140//2848
f 9128//2856 9160//2886 9159//2883 9127//2850
f 9115//2858 9147//2887 9146//2884 9114//2852
f 9142//2860 9174//2888 9173//2885 9141//2854
f 9129//2862 9161//2889 9160//2886 9128//2856
f 9116//2864 9148//2890 9147//2887 9115//2858
f 9111//2839 9143//2878 9174//2888 9142//2860
f 9130//2866 9162//2891 9161//2889 9129//2862
f 9117//2868 9149//2892 9148//2890 9116//2864
f 9131//2805 9163//2893 9162//2891 9130//2866
f 9118//2813 9150//2894 9149//2892 9117//2868
f 9132//2804 9164//2895 9163//2893 9131//2805
f 9119//2812 9151//2896 9150//2894 9118//2813
f 9133//2816 9165//2897 9164//2895 9132//2804
f 9120//2818 9152//2898 9151//2896 9119//2812
f 9134//2810 9166//2809 9165//2897 9133//2816
f 9121//2821 9153//2870 9152//2898 9120//2818
f 9080//2837 9079//2840 9110//2859 9109//2853 9108//2847 9107//2841 9106//2833 9105//2829 9104//2825 9103//2822 9102//2819 9101//2815 9100//2803 9099//2806 9098//2865 9097//2861 9096//2855 9095//2849 9094//2843 9093//2835 9092//2831 9091//2827 9090//2823 9089//2820 9088//2817 9087//2811 9086//2814 9085//2867 9084//2863 9083//2857 9082//2851 9081//2845
f 9196//2823 9195//2827 9227//2828 9228//2824
f 9231//2812 9230//2818 9262//2898 9263//2896
f 9183//2822 9182//2825 9214//2826 9215//2807
f 9197//2820 9196//2823 9228//2824 9229//2821
f 9184//2819 9183//2822 9215//2807 9216//2810
f 9198//2817 9197//2820 9229//2821 9230//2818
f 9185//2815 9184//2819 9216//2810 9217//2816
f 9199//2811 9198//2817 9230//2818 9231//2812
f 9186//2803 9185//2815 9217//2816 9218//2804
f 9200//2814 9199//2811 9231//2812 9232//2813
f 9187//2806 9186//2803 9218//2804 9219//2805
f 9201//2867 9200//2814 9232//2813 9233//2868
f 9188//2865 9187//2806 9219//2805 9220//2866
f 9202//2863 9201//2867 9233//2868 9234//2864
f 9189//2861 9188//2865 9220//2866 9221//2862
f 9176//2859 9175//2840 9207//2839 9208//2860
f 9203//2857 9202//2863 9234//2864 9235//2858
f 9190//2855 9189//2861 9221//2862 9222//2856
f 9177//2853 9176//2859 9208//2860 9209//2854
f 9204//2851 9203//2857 9235//2858 9236//2852
f 9191//2849 9190//2855 9222//2856 9223//2850
f 9178//2847 9177//2853 9209//2854 9210//2848
f 9205//2845 9204//2851 9236//2852 9237//2846
f 9192//2843 9191//2849 9223//2850 9224//2844
f 9179//2841 9178//2847 9210//2848 9211//2842
f 9206//2837 9205//2845 9237//2846 9238//2838
f 9193//2835 9192//2843 9224//2844 9225//2836
f 9180//2833 9179//2841 9211//2842 9212//2834
f 9175//2840 9206//2837 9238//2838 9207//2839
f 9194//2831 9193//2835 9225//2836 9226//2832
f 9181//2829 9180//2833 9212//2834 9213//2830
f 9195//2827 9194//2831 9226//2832 9227//2828
f 9182//2825 9181//2829 9213//2830 9214//2826
f 9218//2804 9217//2816 9249//2897 9250//2895
f 9232//2813 9231//2812 9263//2896 9264//2894
f 9219//2805 9218//2804 9250//2895 9251//2893
f 9233//2868 9232//2813 9264//2894 9265//2892
f 9220//2866 9219//2805 9251//2893 9252//2891
f 9234//2864 9233//2868 9265//2892 9266//2890
f 9221//2862 9220//2866 9252//2891 9253//2889
f 9208//2860 9207//2839 9239//2878 9240//2888
f 9235//2858 9234//2864 9266//2890 9267//2887
f 9222//2856 9221//2862 9253//2889 9254//2886
f 9209//2854 9208//2860 9240//2888 9241//2885
f 9236//2852 9235//2858 9267//2887 9268//2884
f 9223//2850 9222//2856 9254//2886 9255//2883
f 9210//2848 9209//2854 9241//2885 9242//2882
f 9237//2846 9236//2852 9268//2884 9269//2881
f 9224//2844 9223//2850 9255//2883 9256//2880
f 9211//2842 9210//2848 9242//2882 9243//2879
f 9238//2838 9237//2846 9269//2881 9270//2877
f 9225//2836 9224//2844 9256//2880 9257//2876
f 9212//2834 9211//2842 9243//2879 9244//2875
f 9207//2839 9238//2838 9270//2877 9239//2878
f 9226//2832 9225//2836 9257//2876 9258//2874
f 9213//2830 9212//2834 9244//2875 9245//2873
f 9227//2828 9226//2832 9258//2874 9259//2872
f 9214//2826 9213//2830 9245//2873 9246//2871
f 9228//2824 9227//2828 9259//2872 9260//2869
f 9215//2807 9214//2826 9246//2871 9247//2808
f 9229//2821 9228//2824 9260//2869 9261//2870
f 9216//2810 9215//2807 9247//2808 9248//2809
f 9230//2818 9229//2821 9261//2870 9262//2898
f 9217//2816 9216//2810 9248//2809 9249//2897
f 9176//2859 9177//2853 9178//2847 9179//2841 9180//2833 9181//2829 9182//2825 9183//2822 9184//2819 9185//2815 9186//2803 9187//2806 9188//2865 9189//2861 9190//2855 9191//2849 9192//2843 9193//2835 9194//2831 9195//2827 9196//2823 9197//2820 9198//2817 9199//2811 9200//2814 9201//2867 9202//2863 9203//2857 9204//2851 9205//2845 9206//2837 9175//2840
f 2433//2714 2432//2713 9166//2809 9167//2808
f 4925//2780 4926//2778 9258//2874 9257//2876
f 2434//2775 2433//2714 9167//2808 9168//2871
f 4926//2778 4927//2776 9259//2872 9258//2874
f 2435//2777 2434//2775 9168//2871 9169//2873
f 4927//2776 4928//2774 9260//2869 9259//2872
f 2436//2779 2435//2777 9169//2873 9170//2875
f 2410//2782 2409//2781 9143//2878 9144//2877
f 4928//2774 4929//2773 9261//2870 9260//2869
f 2437//2783 2436//2779 9170//2875 9171//2879
f 2411//2785 2410//2782 9144//2877 9145//2881
f 4929//2773 4930//2802 9262//2898 9261//2870
f 2438//2786 2437//2783 9171//2879 9172//2882
f 2412//2788 2411//2785 9145//2881 9146//2884
f 4930//2802 4931//2800 9263//2896 9262//2898
f 2439//2789 2438//2786 9172//2882 9173//2885
f 2413//2791 2412//2788 9146//2884 9147//2887
f 4931//2800 4932//2798 9264//2894 9263//2896
f 2440//2792 2439//2789 9173//2885 9174//2888
f 2414//2794 2413//2791 9147//2887 9148//2890
f 4932//2798 4933//2796 9265//2892 9264//2894
f 2409//2781 2440//2792 9174//2888 9143//2878
f 2415//2796 2414//2794 9148//2890 9149//2892
f 4933//2796 4934//2794 9266//2890 9265//2892
f 4907//2781 4908//2792 9240//2888 9239//2878
f 2416//2798 2415//2796 9149//2892 9150//2894
f 4934//2794 4935//2791 9267//2887 9266//2890
f 4908//2792 4909//2789 9241//2885 9240//2888
f 2417//2800 2416//2798 9150//2894 9151//2896
f 4935//2791 4936//2788 9268//2884 9267//2887
f 4909//2789 4910//2786 9242//2882 9241//2885
f 2418//2802 2417//2800 9151//2896 9152//2898
f 4936//2788 4937//2785 9269//2881 9268//2884
f 4910//2786 4911//2783 9243//2879 9242//2882
f 2419//2773 2418//2802 9152//2898 9153//2870
f 4937//2785 4938//2782 9270//2877 9269//2881
f 4911//2783 4912//2779 9244//2875 9243//2879
f 2420//2774 2419//2773 9153//2870 9154//2869
f 4938//2782 4907//2781 9239//2878 9270//2877
f 4912//2779 4913//2777 9245//2873 9244//2875
f 2421//2776 2420//2774 9154//2869 9155//2872
f 4913//2777 4914//2775 9246//2871 9245//2873
f 2422//2778 2421//2776 9155//2872 9156//2874
f 4914//2775 4915//2714 9247//2808 9246//2871
f 2423//2780 2422//2778 9156//2874 9157//2876
f 4915//2714 4916//2713 9248//2809 9247//2808
f 2424//2784 2423//2780 9157//2876 9158//2880
f 4916//2713 4917//2801 9249//2897 9248//2809
f 2425//2787 2424//2784 9158//2880 9159//2883
f 4917//2801 4918//2799 9250//2895 9249//2897
f 2426//2790 2425//2787 9159//2883 9160//2886
f 4918//2799 4919//2797 9251//2893 9250//2895
f 2427//2793 2426//2790 9160//2886 9161//2889
f 4919//2797 4920//2795 9252//2891 9251//2893
f 2428//2795 2427//2793 9161//2889 9162//2891
f 4920//2795 4921//2793 9253//2889 9252//2891
f 2429//2797 2428//2795 9162//2891 9163//2893
f 4921//2793 4922//2790 9254//2886 9253//2889
f 2430//2799 2429//2797 9163//2893 9164//2895
f 4922//2790 4923//2787 9255//2883 9254//2886
f 2431//2801 2430//2799 9164//2895 9165//2897
f 4923//2787 4924//2784 9256//2880 9255//2883
f 2432//2713 2431//2801 9165//2897 9166//2809
f 4924//2784 4925//2780 9257//2876 9256//2880
usemtl Material.005
f 101//2899 58//2900 57//2901 100//2902
f 105//2903 45//2904 44//2905 104//2906
f 107//2907 59//2908 58//2900 101//2899
f 109//2909 46//2910 45//2904 105//2903
f 111//2911 60//2912 59//2908 107//2907
f 113//2913 47//2914 46//2910 109//2909
f 115//2915 61//2916 60//2912 111//2911
f 117//2917 48//2918 47//2914 113//2913
f 119//2919 62//2920 61//2916 115//2915
f 121//2921 49//2922 48//2918 117//2917
f 125//2923 36//2924 35//2925 124//2926
f 127//2927 63//2928 62//2920 119//2919
f 129//2929 50//2930 49//2922 121//2921
f 131//2931 37//2932 36//2924 125//2923
f 133//2933 64//2934 63//2928 127//2927
f 135//2935 51//2936 50//2930 129//2929
f 137//2937 38//2938 37//2932 131//2931
f 139//2939 65//2940 64//2934 133//2933
f 141//2941 52//2942 51//2936 135//2935
f 143//2943 39//2944 38//2938 137//2937
f 145//2945 66//2946 65//2940 139//2939
f 147//2947 53//2948 52//2942 141//2941
f 149//2949 40//2950 39//2944 143//2943
f 124//2926 35//2925 66//2946 145//2945
f 151//2951 54//2952 53//2948 147//2947
f 153//2953 41//2954 40//2950 149//2949
f 155//2955 55//2956 54//2952 151//2951
f 157//2957 42//2958 41//2954 153//2953
f 159//2959 56//2960 55//2956 155//2955
f 161//2961 43//2962 42//2958 157//2957
f 100//2902 57//2901 56//2960 159//2959
f 104//2906 44//2905 43//2962 161//2961
f 57//2901 168//2963 88//2963 56//2960
f 183//2695 173//2685 70//2964 85//2965
f 97//2697 87//2963 74//2966 78//2967
f 181//2691 175//2687 72//2968 89//2969
f 93//2970 82//2971 68//2972 84//2973
f 179//863 174//2703 71//2974 80//2975
f 177//925 173//2685 68//2972 82//2971
f 175//2687 176//925 81//2976 72//2968
f 176//925 177//925 82//2971 81//2976
f 172//2701 178//863 79//2977 67//2978
f 178//863 179//863 80//2975 79//2977
f 89//2969 72//2968 81//2976 91//2979
f 91//2979 81//2976 82//2971 93//2970
f 85//2965 95//2697 77//2967 70//2964
f 95//2697 97//2697 78//2967 163//2967 77//2967
f 76//2980 167//2980 75//2980 98//2697 96//2697
f 96//2697 98//2697 97//2697 95//2697
f 69//2981 76//2980 96//2697 86//2965
f 86//2965 96//2697 95//2697 85//2965 164//2965 166//2965 165//2965
f 80//2975 92//2982 94//2983 79//2977
f 92//2982 91//2979 93//2970 94//2983
f 71//2974 90//2984 92//2982 80//2975
f 90//2984 89//2969 91//2979 92//2982
f 79//2977 94//2983 83//2985 67//2978
f 94//2983 93//2970 84//2973 83//2985
f 174//2703 180//2691 90//2984 71//2974
f 180//2691 181//2691 89//2969 90//2984
f 75//2980 73//2986 88//2963 98//2697
f 98//2697 88//2963 168//2963 169//2963 170//2963 171//2963 87//2963 97//2697
f 172//2701 182//2695 86//2965 69//2981
f 182//2695 183//2695 85//2965 164//2965 166//2965 165//2965 86//2965
f 12//2987 103//2988 162//2989 11//2990
f 103//2988 104//2906 161//2961 162//2989
f 25//2991 99//2992 160//2993 24//2994
f 99//2992 100//2902 159//2959 160//2993
f 11//2990 162//2989 158//2995 10//2996
f 162//2989 161//2961 157//2957 158//2995
f 24//2994 160//2993 156//2997 23//2998
f 160//2993 159//2959 155//2955 156//2997
f 10//2996 158//2995 154//2999 9//3000
f 158//2995 157//2957 153//2953 154//2999
f 23//2998 156//2997 152//3001 22//3002
f 156//2997 155//2955 151//2951 152//3001
f 9//3000 154//2999 150//3003 8//3004
f 154//2999 153//2953 149//2949 150//3003
f 22//3002 152//3001 148//3005 21//3006
f 152//3001 151//2951 147//2947 148//3005
f 3//3007 123//3008 146//3009 34//3010
f 123//3008 124//2926 145//2945 146//3009
f 8//3004 150//3003 144//3011 7//3012
f 150//3003 149//2949 143//2943 144//3011
f 21//3006 148//3005 142//3013 20//3014
f 148//3005 147//2947 141//2941 142//3013
f 34//3010 146//3009 140//3015 33//3016
f 146//3009 145//2945 139//2939 140//3015
f 7//3012 144//3011 138//3017 6//3018
f 144//3011 143//2943 137//2937 138//3017
f 20//3014 142//3013 136//3019 19//3020
f 142//3013 141//2941 135//2935 136//3019
f 33//3016 140//3015 134//3021 32//3022
f 140//3015 139//2939 133//2933 134//3021
f 6//3018 138//3017 132//3023 5//3024
f 138//3017 137//2937 131//2931 132//3023
f 19//3020 136//3019 130//3025 18//3026
f 136//3019 135//2935 129//2929 130//3025
f 32//3022 134//3021 128//3027 31//3028
f 134//3021 133//2933 127//2927 128//3027
f 5//3024 132//3023 126//3029 4//3030
f 132//3023 131//2931 125//2923 126//3029
f 18//3026 130//3025 122//3031 17//3032
f 130//3025 129//2929 121//2921 122//3031
f 31//3028 128//3027 120//3033 30//3034
f 128//3027 127//2927 119//2919 120//3033
f 4//3030 126//3029 123//3008 3//3007
f 126//3029 125//2923 124//2926 123//3008
f 17//3032 122//3031 118//3035 16//3036
f 122//3031 121//2921 117//2917 118//3035
f 30//3034 120//3033 116//3037 29//3038
f 120//3033 119//2919 115//2915 116//3037
f 16//3036 118//3035 114//3039 15//3040
f 118//3035 117//2917 113//2913 114//3039
f 29//3038 116//3037 112//3041 28//3042
f 116//3037 115//2915 111//2911 112//3041
f 15//3040 114//3039 110//3043 14//3044
f 114//3039 113//2913 109//2909 110//3043
f 28//3042 112//3041 108//3045 27//3046
f 112//3041 111//2911 107//2907 108//3045
f 14//3044 110//3043 106//3047 13//3048
f 110//3043 109//2909 105//2903 106//3047
f 27//3046 108//3045 102//3049 26//3050
f 108//3045 107//2907 101//2899 102//3049
f 13//3048 106//3047 103//2988 12//2987
f 106//3047 105//2903 104//2906 103//2988
f 26//3050 102//3049 99//2992 25//2991
f 102//3049 101//2899 100//2902 99//2992
f 70//2964 85//2965 164//2965 166//2965 165//2965 86//2965 69//2981 76//2980 167//2980 75//2980 73//2986 88//2963 168//2963 169//2963 170//2963 171//2963 87//2963 74//2966 78//2967 163//2967 77//2967
f 44//2905 165//2965 166//2965 43//2962
f 58//2900 168//2963 57//2901
f 45//2904 165//2965 44//2905
f 59//2908 169//2963 168//2963 58//2900
f 46//2910 86//2965 165//2965 45//2904
f 60//2912 170//2963 169//2963 59//2908
f 47//2914 86//2965 46//2910
f 61//2916 170//2963 60//2912
f 48//2918 86//2965 47//2914
f 62//2920 171//2963 170//2963 61//2916
f 49//2922 86//2965 48//2918
f 36//2924 70//2964 77//2967 163//2967 35//2925
f 63//2928 87//2963 171//2963 62//2920
f 50//2930 69//2981 86//2965 49//2922
f 37//2932 85//2965 70//2964 36//2924
f 64//2934 87//2963 63//2928
f 51//2936 167//2980 76//2980 69//2981 50//2930
f 38//2938 85//2965 37//2932
f 65//2940 87//2963 64//2934
f 52//2942 73//2986 75//2980 167//2980 51//2936
f 39//2944 85//2965 38//2938
f 66//2946 74//2966 87//2963 65//2940
f 53//2948 88//2963 73//2986 52//2942
f 40//2950 164//2965 85//2965 39//2944
f 35//2925 163//2967 78//2967 74//2966 66//2946
f 54//2952 88//2963 53//2948
f 41//2954 164//2965 40//2950
f 55//2956 88//2963 54//2952
f 42//2958 166//2965 164//2965 41//2954
f 56//2960 88//2963 55//2956
f 43//2962 166//2965 42//2958
f 83//2985 84//2973 183//2695 182//2695
f 67//2978 83//2985 182//2695 172//2701
f 88//2963 168//2963 169//2963 170//2963 171//2963 87//2963 181//2691 180//2691
f 73//2986 88//2963 180//2691 174//2703
f 76//2980 167//2980 75//2980 179//863 178//863
f 69//2981 76//2980 178//863 172//2701
f 78//2967 163//2967 77//2967 177//925 176//925
f 74//2966 78//2967 176//925 175//2687
f 77//2967 70//2964 173//2685 177//925
f 75//2980 73//2986 174//2703 179//863
f 87//2963 74//2966 175//2687 181//2691
f 84//2973 68//2972 173//2685 183//2695
f 282//2899 239//2900 238//2901 281//2902
f 286//2903 226//2904 225//2905 285//2906
f 288//2907 240//2908 239//2900 282//2899
f 290//2909 227//2910 226//2904 286//2903
f 292//2911 241//2912 240//2908 288//2907
f 294//2913 228//2914 227//2910 290//2909
f 296//2915 242//2916 241//2912 292//2911
f 298//2917 229//2918 228//2914 294//2913
f 300//2919 243//2920 242//2916 296//2915
f 302//2921 230//2922 229//2918 298//2917
f 306//2923 217//2924 216//2925 305//2926
f 308//2927 244//2928 243//2920 300//2919
f 310//2929 231//2930 230//2922 302//2921
f 312//2931 218//2932 217//2924 306//2923
f 314//2933 245//2934 244//2928 308//2927
f 316//2935 232//2936 231//2930 310//2929
f 318//2937 219//2938 218//2932 312//2931
f 320//2939 246//2940 245//2934 314//2933
f 322//2941 233//2942 232//2936 316//2935
f 324//2943 220//2944 219//2938 318//2937
f 326//2945 247//2946 246//2940 320//2939
f 328//2947 234//2948 233//2942 322//2941
f 330//2949 221//2950 220//2944 324//2943
f 305//2926 216//2925 247//2946 326//2945
f 332//2951 235//2952 234//2948 328//2947
f 334//2953 222//2954 221//2950 330//2949
f 336//2955 236//2956 235//2952 332//2951
f 338//2957 223//2958 222//2954 334//2953
f 340//2959 237//2960 236//2956 336//2955
f 342//2961 224//2962 223//2958 338//2957
f 281//2902 238//2901 237//2960 340//2959
f 285//2906 225//2905 224//2962 342//2961
f 238//2901 349//2963 269//2963 237//2960
f 364//2695 354//2685 251//2964 266//2965
f 278//2697 268//2963 255//2966 259//2967
f 362//2691 356//2687 253//2968 270//2969
f 274//2970 263//2971 249//2972 265//2973
f 360//863 355//2703 252//2974 261//2975
f 358//925 354//2685 249//2972 263//2971
f 356//2687 357//925 262//2976 253//2968
f 357//925 358//925 263//2971 262//2976
f 353//2701 359//863 260//2977 248//2978
f 359//863 360//863 261//2975 260//2977
f 270//2969 253//2968 262//2976 272//2979
f 272//2979 262//2976 263//2971 274//2970
f 266//2965 276//2697 258//2967 251//2964
f 276//2697 278//2697 259//2967 344//2967 258//2967
f 257//2980 348//2980 256//2980 279//2697 277//2697
f 277//2697 279//2697 278//2697 276//2697
f 250//2981 257//2980 277//2697 267//2965
f 267//2965 277//2697 276//2697 266//2965 345//2965 347//2965 346//2965
f 261//2975 273//2982 275//2983 260//2977
f 273//2982 272//2979 274//2970 275//2983
f 252//2974 271//2984 273//2982 261//2975
f 271//2984 270//2969 272//2979 273//2982
f 260//2977 275//2983 264//2985 248//2978
f 275//2983 274//2970 265//2973 264//2985
f 355//2703 361//2691 271//2984 252//2974
f 361//2691 362//2691 270//2969 271//2984
f 256//2980 254//2986 269//2963 279//2697
f 279//2697 269//2963 349//2963 350//2963 351//2963 352//2963 268//2963 278//2697
f 353//2701 363//2695 267//2965 250//2981
f 363//2695 364//2695 266//2965 345//2965 347//2965 346//2965 267//2965
f 193//2987 284//2988 343//2989 192//2990
f 284//2988 285//2906 342//2961 343//2989
f 206//2991 280//2992 341//2993 205//2994
f 280//2992 281//2902 340//2959 341//2993
f 192//2990 343//2989 339//2995 191//2996
f 343//2989 342//2961 338//2957 339//2995
f 205//2994 341//2993 337//2997 204//2998
f 341//2993 340//2959 336//2955 337//2997
f 191//2996 339//2995 335//2999 190//3000
f 339//2995 338//2957 334//2953 335//2999
f 204//2998 337//2997 333//3001 203//3002
f 337//2997 336//2955 332//2951 333//3001
f 190//3000 335//2999 331//3003 189//3004
f 335//2999 334//2953 330//2949 331//3003
f 203//3002 333//3001 329//3005 202//3006
f 333//3001 332//2951 328//2947 329//3005
f 184//3007 304//3008 327//3009 215//3010
f 304//3008 305//2926 326//2945 327//3009
f 189//3004 331//3003 325//3011 188//3012
f 331//3003 330//2949 324//2943 325//3011
f 202//3006 329//3005 323//3013 201//3014
f 329//3005 328//2947 322//2941 323//3013
f 215//3010 327//3009 321//3015 214//3016
f 327//3009 326//2945 320//2939 321//3015
f 188//3012 325//3011 319//3017 187//3018
f 325//3011 324//2943 318//2937 319//3017
f 201//3014 323//3013 317//3019 200//3020
f 323//3013 322//2941 316//2935 317//3019
f 214//3016 321//3015 315//3021 213//3022
f 321//3015 320//2939 314//2933 315//3021
f 187//3018 319//3017 313//3023 186//3024
f 319//3017 318//2937 312//2931 313//3023
f 200//3020 317//3019 311//3025 199//3026
f 317//3019 316//2935 310//2929 311//3025
f 213//3022 315//3021 309//3027 212//3028
f 315//3021 314//2933 308//2927 309//3027
f 186//3024 313//3023 307//3029 185//3030
f 313//3023 312//2931 306//2923 307//3029
f 199//3026 311//3025 303//3031 198//3032
f 311//3025 310//2929 302//2921 303//3031
f 212//3028 309//3027 301//3033 211//3034
f 309//3027 308//2927 300//2919 301//3033
f 185//3030 307//3029 304//3008 184//3007
f 307//3029 306//2923 305//2926 304//3008
f 198//3032 303//3031 299//3035 197//3036
f 303//3031 302//2921 298//2917 299//3035
f 211//3034 301//3033 297//3037 210//3038
f 301//3033 300//2919 296//2915 297//3037
f 197//3036 299//3035 295//3039 196//3040
f 299//3035 298//2917 294//2913 295//3039
f 210//3038 297//3037 293//3041 209//3042
f 297//3037 296//2915 292//2911 293//3041
f 196//3040 295//3039 291//3043 195//3044
f 295//3039 294//2913 290//2909 291//3043
f 209//3042 293//3041 289//3045 208//3046
f 293//3041 292//2911 288//2907 289//3045
f 195//3044 291//3043 287//3047 194//3048
f 291//3043 290//2909 286//2903 287//3047
f 208//3046 289//3045 283//3049 207//3050
f 289//3045 288//2907 282//2899 283//3049
f 194//3048 287//3047 284//2988 193//2987
f 287//3047 286//2903 285//2906 284//2988
f 207//3050 283//3049 280//2992 206//2991
f 283//3049 282//2899 281//2902 280//2992
f 251//2964 266//2965 345//2965 347//2965 346//2965 267//2965 250//2981 257//2980 348//2980 256//2980 254//2986 269//2963 349//2963 350//2963 351//2963 352//2963 268//2963 255//2966 259//2967 344//2967 258//2967
f 225//2905 346//2965 347//2965 224//2962
f 239//2900 349//2963 238//2901
f 226//2904 346//2965 225//2905
f 240//2908 350//2963 349//2963 239//2900
f 227//2910 267//2965 346//2965 226//2904
f 241//2912 351//2963 350//2963 240//2908
f 228//2914 267//2965 227//2910
f 242//2916 351//2963 241//2912
f 229//2918 267//2965 228//2914
f 243//2920 352//2963 351//2963 242//2916
f 230//2922 267//2965 229//2918
f 217//2924 251//2964 258//2967 344//2967 216//2925
f 244//2928 268//2963 352//2963 243//2920
f 231//2930 250//2981 267//2965 230//2922
f 218//2932 266//2965 251//2964 217//2924
f 245//2934 268//2963 244//2928
f 232//2936 348//2980 257//2980 250//2981 231//2930
f 219//2938 266//2965 218//2932
f 246//2940 268//2963 245//2934
f 233//2942 254//2986 256//2980 348//2980 232//2936
f 220//2944 266//2965 219//2938
f 247//2946 255//2966 268//2963 246//2940
f 234//2948 269//2963 254//2986 233//2942
f 221//2950 345//2965 266//2965 220//2944
f 216//2925 344//2967 259//2967 255//2966 247//2946
f 235//2952 269//2963 234//2948
f 222//2954 345//2965 221//2950
f 236//2956 269//2963 235//2952
f 223//2958 347//2965 345//2965 222//2954
f 237//2960 269//2963 236//2956
f 224//2962 347//2965 223//2958
f 264//2985 265//2973 364//2695 363//2695
f 248//2978 264//2985 363//2695 353//2701
f 269//2963 349//2963 350//2963 351//2963 352//2963 268//2963 362//2691 361//2691
f 254//2986 269//2963 361//2691 355//2703
f 257//2980 348//2980 256//2980 360//863 359//863
f 250//2981 257//2980 359//863 353//2701
f 259//2967 344//2967 258//2967 358//925 357//925
f 255//2966 259//2967 357//925 356//2687
f 258//2967 251//2964 354//2685 358//925
f 256//2980 254//2986 355//2703 360//863
f 268//2963 255//2966 356//2687 362//2691
f 265//2973 249//2972 354//2685 364//2695
f 2599//2906 2598//2903 2555//2904 2556//2905
f 2603//2902 2602//2899 2542//2900 2543//2901
f 2605//2961 2599//2906 2556//2905 2557//2962
f 2607//2959 2603//2902 2543//2901 2544//2960
f 2609//2957 2605//2961 2557//2962 2558//2958
f 2611//2955 2607//2959 2544//2960 2545//2956
f 2613//2953 2609//2957 2558//2958 2559//2954
f 2615//2951 2611//2955 2545//2956 2546//2952
f 2617//2949 2613//2953 2559//2954 2560//2950
f 2619//2947 2615//2951 2546//2952 2547//2948
f 2623//2945 2622//2926 2533//2925 2534//2946
f 2625//2943 2617//2949 2560//2950 2561//2944
f 2627//2941 2619//2947 2547//2948 2548//2942
f 2629//2939 2623//2945 2534//2946 2535//2940
f 2631//2937 2625//2943 2561//2944 2562//2938
f 2633//2935 2627//2941 2548//2942 2549//2936
f 2635//2933 2629//2939 2535//2940 2536//2934
f 2637//2931 2631//2937 2562//2938 2563//2932
f 2639//2929 2633//2935 2549//2936 2550//2930
f 2641//2927 2635//2933 2536//2934 2537//2928
f 2643//2923 2637//2931 2563//2932 2564//2924
f 2645//2921 2639//2929 2550//2930 2551//2922
f 2647//2919 2641//2927 2537//2928 2538//2920
f 2622//2926 2643//2923 2564//2924 2533//2925
f 2649//2917 2645//2921 2551//2922 2552//2918
f 2651//2915 2647//2919 2538//2920 2539//2916
f 2653//2913 2649//2917 2552//2918 2553//2914
f 2655//2911 2651//2915 2539//2916 2540//2912
f 2657//2909 2653//2913 2553//2914 2554//2910
f 2659//2907 2655//2911 2540//2912 2541//2908
f 2598//2903 2657//2909 2554//2910 2555//2904
f 2602//2899 2659//2907 2541//2908 2542//2900
f 2555//2904 2554//2910 2586//2965 2666//2965
f 2681//2691 2583//2963 2568//3051 2671//2687
f 2595//2697 2576//2967 2572//3052 2585//2965
f 2679//2695 2587//2973 2570//2972 2673//2685
f 2591//2979 2582//2969 2566//2968 2580//2976
f 2677//863 2578//2977 2569//2978 2672//2701
f 2675//925 2580//2976 2566//2968 2671//2687
f 2673//2685 2570//2972 2579//2971 2674//925
f 2674//925 2579//2971 2580//2976 2675//925
f 2670//2703 2565//2974 2577//2975 2676//863
f 2676//863 2577//2975 2578//2977 2677//863
f 2587//2973 2589//2970 2579//2971 2570//2972
f 2589//2970 2591//2979 2580//2976 2579//2971
f 2583//2963 2568//3051 2575//2967 2593//2697
f 2593//2697 2575//2967 2661//2967 2576//2967 2595//2697
f 2574//2980 2594//2697 2596//2697 2573//2980 2665//2980
f 2594//2697 2593//2697 2595//2697 2596//2697
f 2567//3053 2584//2963 2594//2697 2574//2980
f 2584//2963 2663//2963 2664//2963 2662//2963 2583//2963 2593//2697 2594//2697
f 2578//2977 2577//2975 2592//2982 2590//2983
f 2590//2983 2592//2982 2591//2979 2589//2970
f 2569//2978 2578//2977 2590//2983 2588//2985
f 2588//2985 2590//2983 2589//2970 2587//2973
f 2577//2975 2565//2974 2581//2984 2592//2982
f 2592//2982 2581//2984 2582//2969 2591//2979
f 2672//2701 2569//2978 2588//2985 2678//2695
f 2678//2695 2588//2985 2587//2973 2679//2695
f 2573//2980 2596//2697 2586//2965 2571//3054
f 2596//2697 2595//2697 2585//2965 2669//2965 2668//2965 2667//2965 2666//2965 2586//2965
f 2670//2703 2567//3053 2584//2963 2680//2691
f 2680//2691 2584//2963 2663//2963 2664//2963 2662//2963 2583//2963 2681//2691
f 2510//3050 2509//3046 2660//3045 2601//3049
f 2601//3049 2660//3045 2659//2907 2602//2899
f 2523//3048 2522//3044 2658//3043 2597//3047
f 2597//3047 2658//3043 2657//2909 2598//2903
f 2509//3046 2508//3042 2656//3041 2660//3045
f 2660//3045 2656//3041 2655//2911 2659//2907
f 2522//3044 2521//3040 2654//3039 2658//3043
f 2658//3043 2654//3039 2653//2913 2657//2909
f 2508//3042 2507//3038 2652//3037 2656//3041
f 2656//3041 2652//3037 2651//2915 2655//2911
f 2521//3040 2520//3036 2650//3035 2654//3039
f 2654//3039 2650//3035 2649//2917 2653//2913
f 2507//3038 2506//3034 2648//3033 2652//3037
f 2652//3037 2648//3033 2647//2919 2651//2915
f 2520//3036 2519//3032 2646//3031 2650//3035
f 2650//3035 2646//3031 2645//2921 2649//2917
f 2501//3007 2532//3030 2644//3029 2621//3008
f 2621//3008 2644//3029 2643//2923 2622//2926
f 2506//3034 2505//3028 2642//3027 2648//3033
f 2648//3033 2642//3027 2641//2927 2647//2919
f 2519//3032 2518//3026 2640//3025 2646//3031
f 2646//3031 2640//3025 2639//2929 2645//2921
f 2532//3030 2531//3024 2638//3023 2644//3029
f 2644//3029 2638//3023 2637//2931 2643//2923
f 2505//3028 2504//3022 2636//3021 2642//3027
f 2642//3027 2636//3021 2635//2933 2641//2927
f 2518//3026 2517//3020 2634//3019 2640//3025
f 2640//3025 2634//3019 2633//2935 2639//2929
f 2531//3024 2530//3018 2632//3017 2638//3023
f 2638//3023 2632//3017 2631//2937 2637//2931
f 2504//3022 2503//3016 2630//3015 2636//3021
f 2636//3021 2630//3015 2629//2939 2635//2933
f 2517//3020 2516//3014 2628//3013 2634//3019
f 2634//3019 2628//3013 2627//2941 2633//2935
f 2530//3018 2529//3012 2626//3011 2632//3017
f 2632//3017 2626//3011 2625//2943 2631//2937
f 2503//3016 2502//3010 2624//3009 2630//3015
f 2630//3015 2624//3009 2623//2945 2629//2939
f 2516//3014 2515//3006 2620//3005 2628//3013
f 2628//3013 2620//3005 2619//2947 2627//2941
f 2529//3012 2528//3004 2618//3003 2626//3011
f 2626//3011 2618//3003 2617//2949 2625//2943
f 2502//3010 2501//3007 2621//3008 2624//3009
f 2624//3009 2621//3008 2622//2926 2623//2945
f 2515//3006 2514//3002 2616//3001 2620//3005
f 2620//3005 2616//3001 2615//2951 2619//2947
f 2528//3004 2527//3000 2614//2999 2618//3003
f 2618//3003 2614//2999 2613//2953 2617//2949
f 2514//3002 2513//2998 2612//2997 2616//3001
f 2616//3001 2612//2997 2611//2955 2615//2951
f 2527//3000 2526//2996 2610//2995 2614//2999
f 2614//2999 2610//2995 2609//2957 2613//2953
f 2513//2998 2512//2994 2608//2993 2612//2997
f 2612//2997 2608//2993 2607//2959 2611//2955
f 2526//2996 2525//2990 2606//2989 2610//2995
f 2610//2995 2606//2989 2605//2961 2609//2957
f 2512//2994 2511//2991 2604//2992 2608//2993
f 2608//2993 2604//2992 2603//2902 2607//2959
f 2525//2990 2524//2987 2600//2988 2606//2989
f 2606//2989 2600//2988 2599//2906 2605//2961
f 2511//2991 2510//3050 2601//3049 2604//2992
f 2604//2992 2601//3049 2602//2899 2603//2902
f 2524//2987 2523//3048 2597//3047 2600//2988
f 2600//2988 2597//3047 2598//2903 2599//2906
f 2568//3051 2575//2967 2661//2967 2576//2967 2572//3052 2585//2965 2669//2965 2668//2965 2667//2965 2666//2965 2586//2965 2571//3054 2573//2980 2665//2980 2574//2980 2567//3053 2584//2963 2663//2963 2664//2963 2662//2963 2583//2963
f 2542//2900 2541//2908 2664//2963 2663//2963
f 2556//2905 2555//2904 2666//2965
f 2543//2901 2542//2900 2663//2963
f 2557//2962 2556//2905 2666//2965 2667//2965
f 2544//2960 2543//2901 2663//2963 2584//2963
f 2558//2958 2557//2962 2667//2965 2668//2965
f 2545//2956 2544//2960 2584//2963
f 2559//2954 2558//2958 2668//2965
f 2546//2952 2545//2956 2584//2963
f 2560//2950 2559//2954 2668//2965 2669//2965
f 2547//2948 2546//2952 2584//2963
f 2534//2946 2533//2925 2661//2967 2575//2967 2568//3051
f 2561//2944 2560//2950 2669//2965 2585//2965
f 2548//2942 2547//2948 2584//2963 2567//3053
f 2535//2940 2534//2946 2568//3051 2583//2963
f 2562//2938 2561//2944 2585//2965
f 2549//2936 2548//2942 2567//3053 2574//2980 2665//2980
f 2536//2934 2535//2940 2583//2963
f 2563//2932 2562//2938 2585//2965
f 2550//2930 2549//2936 2665//2980 2573//2980 2571//3054
f 2537//2928 2536//2934 2583//2963
f 2564//2924 2563//2932 2585//2965 2572//3052
f 2551//2922 2550//2930 2571//3054 2586//2965
f 2538//2920 2537//2928 2583//2963 2662//2963
f 2533//2925 2564//2924 2572//3052 2576//2967 2661//2967
f 2552//2918 2551//2922 2586//2965
f 2539//2916 2538//2920 2662//2963
f 2553//2914 2552//2918 2586//2965
f 2540//2912 2539//2916 2662//2963 2664//2963
f 2554//2910 2553//2914 2586//2965
f 2541//2908 2540//2912 2664//2963
f 2581//2984 2680//2691 2681//2691 2582//2969
f 2565//2974 2670//2703 2680//2691 2581//2984
f 2586//2965 2678//2695 2679//2695 2585//2965 2669//2965 2668//2965 2667//2965 2666//2965
f 2571//3054 2672//2701 2678//2695 2586//2965
f 2574//2980 2676//863 2677//863 2573//2980 2665//2980
f 2567//3053 2670//2703 2676//863 2574//2980
f 2576//2967 2674//925 2675//925 2575//2967 2661//2967
f 2572//3052 2673//2685 2674//925 2576//2967
f 2575//2967 2675//925 2671//2687 2568//3051
f 2573//2980 2677//863 2672//2701 2571//3054
f 2585//2965 2679//2695 2673//2685 2572//3052
f 2582//2969 2681//2691 2671//2687 2566//2968
f 2780//2906 2779//2903 2736//2904 2737//2905
f 2784//2902 2783//2899 2723//2900 2724//2901
f 2786//2961 2780//2906 2737//2905 2738//2962
f 2788//2959 2784//2902 2724//2901 2725//2960
f 2790//2957 2786//2961 2738//2962 2739//2958
f 2792//2955 2788//2959 2725//2960 2726//2956
f 2794//2953 2790//2957 2739//2958 2740//2954
f 2796//2951 2792//2955 2726//2956 2727//2952
f 2798//2949 2794//2953 2740//2954 2741//2950
f 2800//2947 2796//2951 2727//2952 2728//2948
f 2804//2945 2803//2926 2714//2925 2715//2946
f 2806//2943 2798//2949 2741//2950 2742//2944
f 2808//2941 2800//2947 2728//2948 2729//2942
f 2810//2939 2804//2945 2715//2946 2716//2940
f 2812//2937 2806//2943 2742//2944 2743//2938
f 2814//2935 2808//2941 2729//2942 2730//2936
f 2816//2933 2810//2939 2716//2940 2717//2934
f 2818//2931 2812//2937 2743//2938 2744//2932
f 2820//2929 2814//2935 2730//2936 2731//2930
f 2822//2927 2816//2933 2717//2934 2718//2928
f 2824//2923 2818//2931 2744//2932 2745//2924
f 2826//2921 2820//2929 2731//2930 2732//2922
f 2828//2919 2822//2927 2718//2928 2719//2920
f 2803//2926 2824//2923 2745//2924 2714//2925
f 2830//2917 2826//2921 2732//2922 2733//2918
f 2832//2915 2828//2919 2719//2920 2720//2916
f 2834//2913 2830//2917 2733//2918 2734//2914
f 2836//2911 2832//2915 2720//2916 2721//2912
f 2838//2909 2834//2913 2734//2914 2735//2910
f 2840//2907 2836//2911 2721//2912 2722//2908
f 2779//2903 2838//2909 2735//2910 2736//2904
f 2783//2899 2840//2907 2722//2908 2723//2900
f 2736//2904 2735//2910 2767//2965 2847//2965
f 2862//2691 2764//2963 2749//3051 2852//2687
f 2776//2697 2757//2967 2753//3052 2766//2965
f 2860//2695 2768//2973 2751//2972 2854//2685
f 2772//2979 2763//2969 2747//2968 2761//2976
f 2858//863 2759//2977 2750//2978 2853//2701
f 2856//925 2761//2976 2747//2968 2852//2687
f 2854//2685 2751//2972 2760//2971 2855//925
f 2855//925 2760//2971 2761//2976 2856//925
f 2851//2703 2746//2974 2758//2975 2857//863
f 2857//863 2758//2975 2759//2977 2858//863
f 2768//2973 2770//2970 2760//2971 2751//2972
f 2770//2970 2772//2979 2761//2976 2760//2971
f 2764//2963 2749//3051 2756//2967 2774//2697
f 2774//2697 2756//2967 2842//2967 2757//2967 2776//2697
f 2755//2980 2775//2697 2777//2697 2754//2980 2846//2980
f 2775//2697 2774//2697 2776//2697 2777//2697
f 2748//3053 2765//2963 2775//2697 2755//2980
f 2765//2963 2844//2963 2845//2963 2843//2963 2764//2963 2774//2697 2775//2697
f 2759//2977 2758//2975 2773//2982 2771//2983
f 2771//2983 2773//2982 2772//2979 2770//2970
f 2750//2978 2759//2977 2771//2983 2769//2985
f 2769//2985 2771//2983 2770//2970 2768//2973
f 2758//2975 2746//2974 2762//2984 2773//2982
f 2773//2982 2762//2984 2763//2969 2772//2979
f 2853//2701 2750//2978 2769//2985 2859//2695
f 2859//2695 2769//2985 2768//2973 2860//2695
f 2754//2980 2777//2697 2767//2965 2752//3054
f 2777//2697 2776//2697 2766//2965 2850//2965 2849//2965 2848//2965 2847//2965 2767//2965
f 2851//2703 2748//3053 2765//2963 2861//2691
f 2861//2691 2765//2963 2844//2963 2845//2963 2843//2963 2764//2963 2862//2691
f 2691//3050 2690//3046 2841//3045 2782//3049
f 2782//3049 2841//3045 2840//2907 2783//2899
f 2704//3048 2703//3044 2839//3043 2778//3047
f 2778//3047 2839//3043 2838//2909 2779//2903
f 2690//3046 2689//3042 2837//3041 2841//3045
f 2841//3045 2837//3041 2836//2911 2840//2907
f 2703//3044 2702//3040 2835//3039 2839//3043
f 2839//3043 2835//3039 2834//2913 2838//2909
f 2689//3042 2688//3038 2833//3037 2837//3041
f 2837//3041 2833//3037 2832//2915 2836//2911
f 2702//3040 2701//3036 2831//3035 2835//3039
f 2835//3039 2831//3035 2830//2917 2834//2913
f 2688//3038 2687//3034 2829//3033 2833//3037
f 2833//3037 2829//3033 2828//2919 2832//2915
f 2701//3036 2700//3032 2827//3031 2831//3035
f 2831//3035 2827//3031 2826//2921 2830//2917
f 2682//3007 2713//3030 2825//3029 2802//3008
f 2802//3008 2825//3029 2824//2923 2803//2926
f 2687//3034 2686//3028 2823//3027 2829//3033
f 2829//3033 2823//3027 2822//2927 2828//2919
f 2700//3032 2699//3026 2821//3025 2827//3031
f 2827//3031 2821//3025 2820//2929 2826//2921
f 2713//3030 2712//3024 2819//3023 2825//3029
f 2825//3029 2819//3023 2818//2931 2824//2923
f 2686//3028 2685//3022 2817//3021 2823//3027
f 2823//3027 2817//3021 2816//2933 2822//2927
f 2699//3026 2698//3020 2815//3019 2821//3025
f 2821//3025 2815//3019 2814//2935 2820//2929
f 2712//3024 2711//3018 2813//3017 2819//3023
f 2819//3023 2813//3017 2812//2937 2818//2931
f 2685//3022 2684//3016 2811//3015 2817//3021
f 2817//3021 2811//3015 2810//2939 2816//2933
f 2698//3020 2697//3014 2809//3013 2815//3019
f 2815//3019 2809//3013 2808//2941 2814//2935
f 2711//3018 2710//3012 2807//3011 2813//3017
f 2813//3017 2807//3011 2806//2943 2812//2937
f 2684//3016 2683//3010 2805//3009 2811//3015
f 2811//3015 2805//3009 2804//2945 2810//2939
f 2697//3014 2696//3006 2801//3005 2809//3013
f 2809//3013 2801//3005 2800//2947 2808//2941
f 2710//3012 2709//3004 2799//3003 2807//3011
f 2807//3011 2799//3003 2798//2949 2806//2943
f 2683//3010 2682//3007 2802//3008 2805//3009
f 2805//3009 2802//3008 2803//2926 2804//2945
f 2696//3006 2695//3002 2797//3001 2801//3005
f 2801//3005 2797//3001 2796//2951 2800//2947
f 2709//3004 2708//3000 2795//2999 2799//3003
f 2799//3003 2795//2999 2794//2953 2798//2949
f 2695//3002 2694//2998 2793//2997 2797//3001
f 2797//3001 2793//2997 2792//2955 2796//2951
f 2708//3000 2707//2996 2791//2995 2795//2999
f 2795//2999 2791//2995 2790//2957 2794//2953
f 2694//2998 2693//2994 2789//2993 2793//2997
f 2793//2997 2789//2993 2788//2959 2792//2955
f 2707//2996 2706//2990 2787//2989 2791//2995
f 2791//2995 2787//2989 2786//2961 2790//2957
f 2693//2994 2692//2991 2785//2992 2789//2993
f 2789//2993 2785//2992 2784//2902 2788//2959
f 2706//2990 2705//2987 2781//2988 2787//2989
f 2787//2989 2781//2988 2780//2906 2786//2961
f 2692//2991 2691//3050 2782//3049 2785//2992
f 2785//2992 2782//3049 2783//2899 2784//2902
f 2705//2987 2704//3048 2778//3047 2781//2988
f 2781//2988 2778//3047 2779//2903 2780//2906
f 2749//3051 2756//2967 2842//2967 2757//2967 2753//3052 2766//2965 2850//2965 2849//2965 2848//2965 2847//2965 2767//2965 2752//3054 2754//2980 2846//2980 2755//2980 2748//3053 2765//2963 2844//2963 2845//2963 2843//2963 2764//2963
f 2723//2900 2722//2908 2845//2963 2844//2963
f 2737//2905 2736//2904 2847//2965
f 2724//2901 2723//2900 2844//2963
f 2738//2962 2737//2905 2847//2965 2848//2965
f 2725//2960 2724//2901 2844//2963 2765//2963
f 2739//2958 2738//2962 2848//2965 2849//2965
f 2726//2956 2725//2960 2765//2963
f 2740//2954 2739//2958 2849//2965
f 2727//2952 2726//2956 2765//2963
f 2741//2950 2740//2954 2849//2965 2850//2965
f 2728//2948 2727//2952 2765//2963
f 2715//2946 2714//2925 2842//2967 2756//2967 2749//3051
f 2742//2944 2741//2950 2850//2965 2766//2965
f 2729//2942 2728//2948 2765//2963 2748//3053
f 2716//2940 2715//2946 2749//3051 2764//2963
f 2743//2938 2742//2944 2766//2965
f 2730//2936 2729//2942 2748//3053 2755//2980 2846//2980
f 2717//2934 2716//2940 2764//2963
f 2744//2932 2743//2938 2766//2965
f 2731//2930 2730//2936 2846//2980 2754//2980 2752//3054
f 2718//2928 2717//2934 2764//2963
f 2745//2924 2744//2932 2766//2965 2753//3052
f 2732//2922 2731//2930 2752//3054 2767//2965
f 2719//2920 2718//2928 2764//2963 2843//2963
f 2714//2925 2745//2924 2753//3052 2757//2967 2842//2967
f 2733//2918 2732//2922 2767//2965
f 2720//2916 2719//2920 2843//2963
f 2734//2914 2733//2918 2767//2965
f 2721//2912 2720//2916 2843//2963 2845//2963
f 2735//2910 2734//2914 2767//2965
f 2722//2908 2721//2912 2845//2963
f 2762//2984 2861//2691 2862//2691 2763//2969
f 2746//2974 2851//2703 2861//2691 2762//2984
f 2767//2965 2859//2695 2860//2695 2766//2965 2850//2965 2849//2965 2848//2965 2847//2965
f 2752//3054 2853//2701 2859//2695 2767//2965
f 2755//2980 2857//863 2858//863 2754//2980 2846//2980
f 2748//3053 2851//2703 2857//863 2755//2980
f 2757//2967 2855//925 2856//925 2756//2967 2842//2967
f 2753//3052 2854//2685 2855//925 2757//2967
f 2756//2967 2856//925 2852//2687 2749//3051
f 2754//2980 2858//863 2853//2701 2752//3054
f 2766//2965 2860//2695 2854//2685 2753//3052
f 2763//2969 2862//2691 2852//2687 2747//2968
